motif_id	tf_name	tf_class	tf_family	jaspar_cluster	auc_roc	auc_prc	p_value_roc	p_value_prc	p_value_roc_adj	p_value_prc_adj
MA0988.2	PHYPADRAFT_143875	Basic helix-loop-helix factors (bHLH)	NA	cluster_07	0.5746704761672687	0.6025055924150453	0.000999000999000999	0.000999000999000999	0.003929060630091558	0.004917662982179111
MA2382.1	e_gw1.209.40.1	Basic helix-loop-helix factors (bHLH)	bHLH	cluster_07	0.5746573784706359	0.6025021379249843	0.000999000999000999	0.000999000999000999	0.003929060630091558	0.004917662982179111
MA2080.1	PK20225.1	Basic helix-loop-helix factors (bHLH)	bHLH	cluster_07	0.5714651956633423	0.6014462189388613	0.000999000999000999	0.000999000999000999	0.003929060630091558	0.004917662982179111
MA1061.2	SPT	Basic helix-loop-helix factors (bHLH)	bHLH	cluster_07	0.5713949859174373	0.5611106428837281	0.000999000999000999	0.000999000999000999	0.003929060630091558	0.004917662982179111
MA0569.2	MYC4	Basic helix-loop-helix factors (bHLH)	bHLH	cluster_07	0.5706570982408471	0.5582793624938066	0.000999000999000999	0.000999000999000999	0.003929060630091558	0.004917662982179111
MA0958.1	BHLH13	Basic helix-loop-helix factors (bHLH)	bHLH	cluster_07	0.5696699989643681	0.5453213210956294	0.000999000999000999	0.000999000999000999	0.003929060630091558	0.004917662982179111
MA0562.1	PIF5	Basic helix-loop-helix factors (bHLH)	bHLH	cluster_07	0.568822456153176	0.5546046296026897	0.000999000999000999	0.000999000999000999	0.003929060630091558	0.004917662982179111
MA1351.3	GBF3	Basic leucine zipper factors (bZIP)	Group G	cluster_07	0.5670545717053195	0.5492249250491148	0.000999000999000999	0.000999000999000999	0.003929060630091558	0.004917662982179111
MA1025.2	HBI1	Basic helix-loop-helix factors (bHLH)	bHLH	cluster_07	0.5666671235630609	0.5552162676916628	0.000999000999000999	0.000999000999000999	0.003929060630091558	0.004917662982179111
MA2057.1	PK01630.1	Basic helix-loop-helix factors (bHLH)	bHLH	cluster_07	0.5665408170932053	0.5561514872641885	0.000999000999000999	0.000999000999000999	0.003929060630091558	0.004917662982179111
MA2067.1	PK09702.1	Basic helix-loop-helix factors (bHLH)	bHLH	cluster_07	0.5658946132930455	0.5405849922226519	0.000999000999000999	0.000999000999000999	0.003929060630091558	0.004917662982179111
MA0966.2	BIM3	Basic helix-loop-helix factors (bHLH)	bHLH	cluster_07	0.565806990717896	0.59790479096166	0.000999000999000999	0.000999000999000999	0.003929060630091558	0.004917662982179111
MA0560.2	PIF3	Basic helix-loop-helix factors (bHLH)	bHLH	cluster_07	0.5656571794668728	0.556501510210633	0.000999000999000999	0.000999000999000999	0.003929060630091558	0.004917662982179111
MA0960.1	BHLH104	Basic helix-loop-helix factors (bHLH)	bHLH	cluster_07	0.5653136949109858	0.5388505847854996	0.000999000999000999	0.000999000999000999	0.003929060630091558	0.004917662982179111
MA0561.1	PIF4	Basic helix-loop-helix factors (bHLH)	bHLH	cluster_07	0.5641374912935853	0.5440095121251349	0.000999000999000999	0.000999000999000999	0.003929060630091558	0.004917662982179111
MA0581.2	LEC2	B3	LAV	cluster_29	0.5641105851725952	0.6299788111680443	0.000999000999000999	0.000999000999000999	0.003929060630091558	0.004917662982179111
MA1811.2	GLYMA-13G317000	Basic leucine zipper factors (bZIP)	Group A	cluster_07	0.5640454012870258	0.5534487075888015	0.000999000999000999	0.000999000999000999	0.003929060630091558	0.004917662982179111
MA0566.1	MYC2	Basic helix-loop-helix factors (bHLH)	bHLH	cluster_07	0.5635622079670541	0.5428366718234034	0.000999000999000999	0.000999000999000999	0.003929060630091558	0.004917662982179111
MA2397.1	ILR3	Basic helix-loop-helix factors (bHLH)	NA	cluster_07	0.563528549932684	0.5955103324256409	0.000999000999000999	0.000999000999000999	0.003929060630091558	0.004917662982179111
MA2061.1	PK06517.1	Basic helix-loop-helix factors (bHLH)	bHLH	cluster_07	0.5630900309268092	0.552060894314608	0.000999000999000999	0.000999000999000999	0.003929060630091558	0.004917662982179111
MA0957.1	BHLH3	Basic helix-loop-helix factors (bHLH)	bHLH	cluster_07	0.5630128662024599	0.5427134636851634	0.000999000999000999	0.000999000999000999	0.003929060630091558	0.004917662982179111
MA2060.1	PK05451.1	Basic helix-loop-helix factors (bHLH)	bHLH	cluster_07	0.562855186180204	0.5395829851568431	0.000999000999000999	0.000999000999000999	0.003929060630091558	0.004917662982179111
MA2406.1	PK03576.1	Basic helix-loop-helix factors (bHLH)	bHLH	cluster_07	0.562186899054326	0.5518221586935877	0.000999000999000999	0.000999000999000999	0.003929060630091558	0.004917662982179111
MA1816.2	O11	Basic helix-loop-helix factors (bHLH)	bHLH	cluster_07	0.5619812449106819	0.5961435203313155	0.000999000999000999	0.000999000999000999	0.003929060630091558	0.004917662982179111
MA2087.1	PK24205.1	Basic leucine zipper factors (bZIP)	Group A	cluster_07	0.5619503790209419	0.5406072194421402	0.000999000999000999	0.000999000999000999	0.003929060630091558	0.004917662982179111
MA1808.2	GLYMA-06G314400	Basic leucine zipper factors (bZIP)	Group A	cluster_07	0.5618098072303342	0.546242724155555	0.000999000999000999	0.000999000999000999	0.003929060630091558	0.004917662982179111
MA1425.2	HYH	Basic leucine zipper factors (bZIP)	Group H	cluster_07	0.5617542181690436	0.5753447400623193	0.000999000999000999	0.000999000999000999	0.003929060630091558	0.004917662982179111
MA1361.2	bHLH18	Basic helix-loop-helix factors (bHLH)	bHLH	cluster_07	0.5613119932257502	0.5469039145880255	0.000999000999000999	0.000999000999000999	0.003929060630091558	0.004917662982179111
MA0959.1	AIB	Basic helix-loop-helix factors (bHLH)	bHLH	cluster_07	0.5611988352187925	0.5419001260309411	0.000999000999000999	0.000999000999000999	0.003929060630091558	0.004917662982179111
MA0931.2	ABI5	Basic leucine zipper factors (bZIP)	Group A	cluster_07	0.5610314080734606	0.5522105645287949	0.000999000999000999	0.000999000999000999	0.003929060630091558	0.004917662982179111
MA2384.1	estExt_Genewise1.C_2060077	Basic leucine zipper factors (bZIP)	bZIP	cluster_07	0.5607678803865546	0.5656465396513692	0.000999000999000999	0.000999000999000999	0.003929060630091558	0.004917662982179111
MA1364.2	BHLH72	Basic helix-loop-helix factors (bHLH)	bHLH	cluster_07	0.5605356754857824	0.5392493791767811	0.000999000999000999	0.000999000999000999	0.003929060630091558	0.004917662982179111
MA1011.2	PHYPADRAFT_72483	Basic helix-loop-helix factors (bHLH)	NA	cluster_07	0.5604558201493339	0.5957069398801005	0.000999000999000999	0.000999000999000999	0.003929060630091558	0.004917662982179111
MA0956.2	BEE2	Basic helix-loop-helix factors (bHLH)	bHLH	cluster_07	0.56008705399297	0.5961189316687925	0.000999000999000999	0.000999000999000999	0.003929060630091558	0.004917662982179111
MA1672.2	GBF2	Basic leucine zipper factors (bZIP)	Group G	cluster_07	0.5599269371899449	0.5442292115628443	0.000999000999000999	0.000999000999000999	0.003929060630091558	0.004917662982179111
MA1362.2	bHLH77	Basic helix-loop-helix factors (bHLH)	bHLH	cluster_07	0.5598995234062949	0.5364769710482287	0.000999000999000999	0.000999000999000999	0.003929060630091558	0.004917662982179111
MA2077.1	PK18474.1	Basic helix-loop-helix factors (bHLH)	bHLH	cluster_07	0.5597187954992657	0.5519856931110965	0.000999000999000999	0.000999000999000999	0.003929060630091558	0.004917662982179111
MA0110.4	ATHB-5	Homeo domain factors	HD-ZIP	cluster_09	0.5595061863771769	0.5810891705656813	0.000999000999000999	0.000999000999000999	0.003929060630091558	0.004917662982179111
MA1740.2	BHLH49	Basic helix-loop-helix factors (bHLH)	bHLH	cluster_07	0.5589673532296482	0.5512310820076525	0.000999000999000999	0.000999000999000999	0.003929060630091558	0.004917662982179111
MA1021.2	PHYPADRAFT_48267	Basic helix-loop-helix factors (bHLH)	NA	cluster_07	0.5581599157686113	0.5481447670423881	0.000999000999000999	0.000999000999000999	0.003929060630091558	0.004917662982179111
MA1359.3	BPE	Basic helix-loop-helix factors (bHLH)	bHLH	cluster_07	0.5581129062062773	0.5949645716250183	0.000999000999000999	0.000999000999000999	0.003929060630091558	0.004917662982179111
MA1360.3	bHLH74	Basic helix-loop-helix factors (bHLH)	bHLH	cluster_07	0.558035183053002	0.5955224626472865	0.000999000999000999	0.000999000999000999	0.003929060630091558	0.004917662982179111
MA2389.1	GBF1	Basic leucine zipper factors (bZIP)	NA	cluster_07	0.5579754311578972	0.5455626499026276	0.000999000999000999	0.000999000999000999	0.003929060630091558	0.004917662982179111
MA2393.1	PHYPA_008731	Basic helix-loop-helix factors (bHLH)	NA	cluster_07	0.55785679039421	0.5519110902443823	0.000999000999000999	0.000999000999000999	0.003929060630091558	0.004917662982179111
MA2014.2	BAM8	Basic helix-loop-helix factors (bHLH)	BES/BZR	cluster_07	0.5577038824009598	0.5387304695178852	0.000999000999000999	0.000999000999000999	0.003929060630091558	0.004917662982179111
MA2064.1	PK07858.1	Basic helix-loop-helix factors (bHLH)	bHLH	cluster_07	0.5575469638726944	0.5500875035315941	0.000999000999000999	0.000999000999000999	0.003929060630091558	0.004917662982179111
MA1412.2	TSAR2	Basic helix-loop-helix factors (bHLH)	bHLH	cluster_07	0.5574079150700677	0.5359694202710485	0.000999000999000999	0.000999000999000999	0.003929060630091558	0.004917662982179111
MA1745.2	BZIP63	Basic leucine zipper factors (bZIP)	Group C	cluster_07	0.557319937131056	0.5552407974113255	0.000999000999000999	0.000999000999000999	0.003929060630091558	0.004917662982179111
MA0941.2	ABF2	Basic leucine zipper factors (bZIP)	Group A	cluster_07	0.557235411298134	0.5655425697787142	0.000999000999000999	0.000999000999000999	0.003929060630091558	0.004917662982179111
MA1207.2	GT-3a	Tryptophan cluster factors	Trihelix	cluster_07	0.5568991355520222	0.5415231675186305	0.000999000999000999	0.000999000999000999	0.003929060630091558	0.004917662982179111
MA0568.2	MYC3	Basic helix-loop-helix factors (bHLH)	bHLH	cluster_07	0.5568985771230959	0.5952110992413515	0.000999000999000999	0.000999000999000999	0.003929060630091558	0.004917662982179111
MA0570.3	ABF1	Basic leucine zipper factors (bZIP)	Group A	cluster_07	0.5567947601090878	0.5352375128533702	0.000999000999000999	0.000999000999000999	0.003929060630091558	0.004917662982179111
MA1411.2	TSAR1	Basic helix-loop-helix factors (bHLH)	bHLH	cluster_07	0.5566862725986038	0.5387974495391217	0.000999000999000999	0.000999000999000999	0.003929060630091558	0.004917662982179111
MA0964.3	BIM1	Basic helix-loop-helix factors (bHLH)	bHLH	cluster_07	0.5564622410666602	0.5435140586464892	0.000999000999000999	0.000999000999000999	0.003929060630091558	0.004917662982179111
MA2052.2	ZAT6	C2H2 zinc finger factors	C2H2	cluster_09	0.5563876654218779	0.5799117661880557	0.000999000999000999	0.000999000999000999	0.003929060630091558	0.004917662982179111
MA0128.1	EmBP-1	Basic leucine zipper factors (bZIP)	Group G	cluster_07	0.5560530141962788	0.5538054039226481	0.000999000999000999	0.000999000999000999	0.003929060630091558	0.004917662982179111
MA2092.1	PK27149.1	Basic leucine zipper factors (bZIP)	Group S	cluster_07	0.5559599596306657	0.5535667583651442	0.000999000999000999	0.000999000999000999	0.003929060630091558	0.004917662982179111
MA1074.2	UNE10	Basic helix-loop-helix factors (bHLH)	bHLH	cluster_07	0.5558335516282772	0.5502332045207033	0.000999000999000999	0.000999000999000999	0.003929060630091558	0.004917662982179111
MA1333.2	BEH3	Basic helix-loop-helix factors (bHLH)	BES/BZR	cluster_07	0.555664296897369	0.5328322643390406	0.000999000999000999	0.000999000999000999	0.003929060630091558	0.004917662982179111
MA0552.2	PIF1	Basic helix-loop-helix factors (bHLH)	bHLH	cluster_07	0.5555344875551576	0.5936072991480272	0.000999000999000999	0.000999000999000999	0.003929060630091558	0.004917662982179111
MA2422.1	OsbZIP42	Basic leucine zipper factors (bZIP)	Group A	cluster_07	0.5551518622081701	0.5425113324351144	0.000999000999000999	0.000999000999000999	0.003929060630091558	0.004917662982179111
MA1024.2	HAT1	Homeo domain factors	HD-ZIP	cluster_09	0.5548101544715942	0.5790112589520048	0.000999000999000999	0.000999000999000999	0.003929060630091558	0.004917662982179111
MA1338.3	DPBF3	Basic leucine zipper factors (bZIP)	Group A	cluster_07	0.5541031834510103	0.5325517070745128	0.000999000999000999	0.000999000999000999	0.003929060630091558	0.004917662982179111
MA0965.3	BIM2	Basic helix-loop-helix factors (bHLH)	bHLH	cluster_07	0.5539392084117671	0.5909615021259556	0.000999000999000999	0.000999000999000999	0.003929060630091558	0.004917662982179111
MA2071.1	PK15505.1	Basic helix-loop-helix factors (bHLH)	bHLH	cluster_07	0.5533746875336326	0.5362172596989476	0.000999000999000999	0.000999000999000999	0.003929060630091558	0.004917662982179111
MA0968.3	BZIP68	Basic leucine zipper factors (bZIP)	Group G	cluster_07	0.5533228551760262	0.5377517879322142	0.000999000999000999	0.000999000999000999	0.003929060630091558	0.004917662982179111
MA2342.1	URI	Basic helix-loop-helix factors (bHLH)	bHLH	cluster_07	0.5531276588831826	0.5905796466236546	0.000999000999000999	0.000999000999000999	0.003929060630091558	0.004917662982179111
MA2086.1	PK23964.1	Basic leucine zipper factors (bZIP)	Group G	cluster_07	0.5529107853947485	0.548112398838186	0.000999000999000999	0.000999000999000999	0.003929060630091558	0.004917662982179111
MA1344.2	BZIP28	Basic leucine zipper factors (bZIP)	Group B	cluster_07	0.5523582453553927	0.5385521761417574	0.000999000999000999	0.000999000999000999	0.003929060630091558	0.004917662982179111
MA1349.2	BZIP16	Basic leucine zipper factors (bZIP)	Group G	cluster_07	0.5515499448678364	0.5316321301929734	0.000999000999000999	0.000999000999000999	0.003929060630091558	0.004917662982179111
MA1192.2	DIV1	Tryptophan cluster factors	MYB-related	cluster_05	0.5509472985239223	0.5476225107080789	0.000999000999000999	0.000999000999000999	0.003929060630091558	0.004917662982179111
MA1406.2	ATHB-4	Homeo domain factors	HD-ZIP	cluster_09	0.5507538790503864	0.5525120807263522	0.000999000999000999	0.000999000999000999	0.003929060630091558	0.004917662982179111
MA0962.2	bHLH34	Basic helix-loop-helix factors (bHLH)	bHLH	cluster_07	0.5505702066999286	0.5403288533968542	0.000999000999000999	0.000999000999000999	0.003929060630091558	0.004917662982179111
MA1211.2	ATHB-X	Homeo domain factors	HD-ZIP	cluster_09	0.549807748150584	0.5436168617318048	0.000999000999000999	0.000999000999000999	0.003929060630091558	0.004917662982179111
MA2407.1	PK24978.1	Basic leucine zipper factors (bZIP)	Group A	cluster_07	0.5493593297228363	0.5599302282637377	0.000999000999000999	0.000999000999000999	0.003929060630091558	0.004917662982179111
MA0550.3	BZR1	Basic helix-loop-helix factors (bHLH)	BES/BZR	cluster_07	0.5489989400003653	0.5313901854022378	0.000999000999000999	0.000999000999000999	0.003929060630091558	0.004917662982179111
MA2075.1	PK18009.1	Basic leucine zipper factors (bZIP)	Group A	cluster_07	0.5488829898487776	0.5736226085630747	0.000999000999000999	0.000999000999000999	0.003929060630091558	0.004917662982179111
MA1331.2	BEH4	Basic helix-loop-helix factors (bHLH)	BES/BZR	cluster_07	0.5488497887108013	0.52975186499148	0.000999000999000999	0.000999000999000999	0.003929060630091558	0.004917662982179111
MA1363.1	LRL2	Basic helix-loop-helix factors (bHLH)	bHLH	cluster_07	0.5485738232887215	0.5301929897553692	0.000999000999000999	0.000999000999000999	0.003929060630091558	0.004917662982179111
MA2423.1	OsbZIP69	Basic leucine zipper factors (bZIP)	Group A	cluster_14	0.548411320471191	0.5304239364838936	0.000999000999000999	0.000999000999000999	0.003929060630091558	0.004917662982179111
MA0954.3	ATHB-7	Homeo domain factors	HD-ZIP	cluster_09	0.5482171395036674	0.5421975707756477	0.000999000999000999	0.000999000999000999	0.003929060630091558	0.004917662982179111
MA2424.1	OsbZIP77	Basic leucine zipper factors (bZIP)	Group A	cluster_14	0.5478504547642106	0.5327825536741366	0.000999000999000999	0.000999000999000999	0.003929060630091558	0.004917662982179111
MA2066.1	PK09021.1	Basic leucine zipper factors (bZIP)	Group D	cluster_14	0.5472914166428063	0.5355067363414981	0.000999000999000999	0.000999000999000999	0.003929060630091558	0.004917662982179111
MA2401.1	Os05g0437700	Basic leucine zipper factors (bZIP)	NA	cluster_07	0.5470208832111897	0.5510725750195121	0.000999000999000999	0.000999000999000999	0.003929060630091558	0.004917662982179111
MA0564.2	ABI3	B3	LAV	cluster_29	0.5468710211939007	0.5704423205330116	0.000999000999000999	0.000999000999000999	0.003929060630091558	0.004917662982179111
MA2375.1	BMY2	Basic helix-loop-helix factors (bHLH)	BES/BZR	cluster_07	0.5460309410238134	0.5311121050206509	0.000999000999000999	0.000999000999000999	0.003929060630091558	0.004917662982179111
MA0129.1	TGA1A	Basic leucine zipper factors (bZIP)	Group D	cluster_14	0.5457900043252859	0.5662580980725429	0.000999000999000999	0.000999000999000999	0.003929060630091558	0.004917662982179111
MA1332.2	BEH2	Basic helix-loop-helix factors (bHLH)	BES/BZR	cluster_07	0.5456178559172145	0.5281236378976629	0.000999000999000999	0.000999000999000999	0.003929060630091558	0.004917662982179111
MA2105.1	GLYMA-13G317000	Basic leucine zipper factors (bZIP)	Group A	cluster_07	0.5452384288449863	0.6284561690506902	0.000999000999000999	0.000999000999000999	0.003929060630091558	0.004917662982179111
MA1210.3	HAT22	Homeo domain factors	HD-ZIP	cluster_09	0.5452058369022004	0.5392479356239979	0.000999000999000999	0.000999000999000999	0.003929060630091558	0.004917662982179111
MA1659.2	ABF4	Basic leucine zipper factors (bZIP)	Group A	cluster_07	0.5452022324973144	0.5473087755087661	0.000999000999000999	0.000999000999000999	0.003929060630091558	0.004917662982179111
MA1056.2	SPL11	C3H(C),C2HC zinc fingers factors	SBP	cluster_28	0.5451197373150332	0.5274524641257292	0.000999000999000999	0.000999000999000999	0.003929060630091558	0.004917662982179111
MA0935.1	NAC025	GCM domain factors	NAC	cluster_20	0.5445069884841794	0.5374554406985509	0.000999000999000999	0.001998001998001998	0.003929060630091558	0.008612856070483189
MA2031.2	AT5G04760	Tryptophan cluster factors	MYB-related	cluster_05	0.5442870182535189	0.5554424450095674	0.000999000999000999	0.000999000999000999	0.003929060630091558	0.004917662982179111
MA0950.1	ATHB-12	Homeo domain factors	HD-ZIP	cluster_09	0.5441523353497691	0.5679328620400312	0.000999000999000999	0.000999000999000999	0.003929060630091558	0.004917662982179111
MA0549.2	BZR2	Basic helix-loop-helix factors (bHLH)	BES/BZR	cluster_07	0.5437867674681653	0.5319803173420427	0.000999000999000999	0.000999000999000999	0.003929060630091558	0.004917662982179111
MA1033.1	OJ1058_F05.8	Basic leucine zipper factors (bZIP)	Group A	cluster_07	0.5437309753418094	0.54720493555394	0.000999000999000999	0.000999000999000999	0.003929060630091558	0.004917662982179111
MA0930.3	ABF3	Basic leucine zipper factors (bZIP)	Group A	cluster_07	0.5436246707807649	0.5567263610672347	0.000999000999000999	0.000999000999000999	0.003929060630091558	0.004917662982179111
MA2106.1	Zm00001d024644	Tryptophan cluster factors	MYB-related	cluster_05	0.5435519227215597	0.5432268682688635	0.000999000999000999	0.000999000999000999	0.003929060630091558	0.004917662982179111
MA1198.2	HAT2	Homeo domain factors	HD-ZIP	cluster_09	0.5434788700647575	0.5916906064674525	0.000999000999000999	0.000999000999000999	0.003929060630091558	0.004917662982179111
MA1803.2	VIP1	Basic leucine zipper factors (bZIP)	Group I	cluster_12	0.5430536518205812	0.5399725693728408	0.000999000999000999	0.000999000999000999	0.003929060630091558	0.004917662982179111
MA1398.3	KUA1	Tryptophan cluster factors	MYB-related	cluster_05	0.5426411759091726	0.5476374779271743	0.000999000999000999	0.000999000999000999	0.003929060630091558	0.004917662982179111
MA1321.2	SPL13A	C3H(C),C2HC zinc fingers factors	SBP	cluster_28	0.5425887851226413	0.5338113169525927	0.000999000999000999	0.000999000999000999	0.003929060630091558	0.004917662982179111
MA2391.1	Lg3	Homeo domain factors	TALE-type HD	cluster_14	0.5424451673560724	0.5347810437494978	0.000999000999000999	0.001998001998001998	0.003929060630091558	0.008612856070483189
MA1186.2	YAB4	Tryptophan cluster factors	MYB-related	cluster_05	0.5421080285834385	0.5391357863464237	0.000999000999000999	0.000999000999000999	0.003929060630091558	0.004917662982179111
MA0937.1	NAC055	GCM domain factors	NAC	cluster_20	0.5414896446970573	0.5361785287030222	0.000999000999000999	0.000999000999000999	0.003929060630091558	0.004917662982179111
MA2076.1	PK18401.1	Basic helix-loop-helix factors (bHLH)	bHLH	cluster_07	0.5404431996556015	0.5289658825413154	0.000999000999000999	0.000999000999000999	0.003929060630091558	0.004917662982179111
MA1341.2	BZIP53	Basic leucine zipper factors (bZIP)	Group S	cluster_14	0.5398048138604097	0.5289473193457614	0.000999000999000999	0.000999000999000999	0.003929060630091558	0.004917662982179111
MA1681.2	SRM1	Tryptophan cluster factors	MYB-related	cluster_05	0.5395575313786287	0.5366939962711279	0.000999000999000999	0.000999000999000999	0.003929060630091558	0.004917662982179111
MA1340.2	BZIP3	Basic leucine zipper factors (bZIP)	Group S	cluster_14	0.5395377833011477	0.5253431419969978	0.000999000999000999	0.001998001998001998	0.003929060630091558	0.008612856070483189
MA2454.1	SPL8D1	C3H(C),C2HC zinc-fingers like factors	SBP	cluster_33	0.539510420283765	0.5280928664540646	0.000999000999000999	0.000999000999000999	0.003929060630091558	0.004917662982179111
MA1334.2	BZIP11	Basic leucine zipper factors (bZIP)	Group S	cluster_14	0.5392505477680102	0.5277726052117891	0.000999000999000999	0.000999000999000999	0.003929060630091558	0.004917662982179111
MA1835.2	TFLG2-Zm00001d042777	Basic leucine zipper factors (bZIP)	Group D	cluster_28	0.5376698385429676	0.5297598808139976	0.000999000999000999	0.001998001998001998	0.003929060630091558	0.008612856070483189
MA0551.2	HY5	Basic leucine zipper factors (bZIP)	Group H	cluster_07	0.5374477361291328	0.5218013687823011	0.000999000999000999	0.002997002997002997	0.003929060630091558	0.011848255371571434
MA1194.2	AT3G10580	Tryptophan cluster factors	MYB-related	cluster_05	0.5374362121867461	0.5367787511971948	0.000999000999000999	0.000999000999000999	0.003929060630091558	0.004917662982179111
MA2091.1	PK27109.1	Basic leucine zipper factors (bZIP)	Group I	cluster_12	0.5371052668985667	0.5374388001341511	0.000999000999000999	0.000999000999000999	0.003929060630091558	0.004917662982179111
MA1787.2	NAC047	GCM domain factors	NAC	cluster_20	0.5368486434238383	0.5261161966059658	0.000999000999000999	0.003996003996003996	0.003929060630091558	0.015244755244755244
MA2413.1	ZmbZIP96	Basic leucine zipper factors (bZIP)	D	cluster_07	0.5367026904090333	0.5263649639596513	0.000999000999000999	0.000999000999000999	0.003929060630091558	0.004917662982179111
MA1214.2	ATHB-40	Homeo domain factors	HD-ZIP	cluster_09	0.5366438015404505	0.5241000412789953	0.000999000999000999	0.000999000999000999	0.003929060630091558	0.004917662982179111
MA1786.2	NAC019	GCM domain factors	NAC	cluster_20	0.5363871780657247	0.5301248955597154	0.000999000999000999	0.000999000999000999	0.003929060630091558	0.004917662982179111
MA0096.1	bZIP910	Basic leucine zipper factors (bZIP)	Group S	cluster_14	0.5360533898666472	0.5752618643994486	0.000999000999000999	0.000999000999000999	0.003929060630091558	0.004917662982179111
MA1193.2	AT2G38090	Tryptophan cluster factors	MYB-related	cluster_05	0.5353263154047186	0.5343311795296326	0.000999000999000999	0.000999000999000999	0.003929060630091558	0.004917662982179111
MA0951.1	ATHB-16	Homeo domain factors	HD-ZIP	cluster_09	0.5352866161846915	0.6038935787119423	0.000999000999000999	0.002997002997002997	0.003929060630091558	0.011848255371571434
MA0952.1	ATHB-51	Homeo domain factors	HD-ZIP	cluster_09	0.5350968518823114	0.5537871376192078	0.000999000999000999	0.000999000999000999	0.003929060630091558	0.004917662982179111
MA1743.2	BZIP2	Basic leucine zipper factors (bZIP)	Group S	cluster_14	0.534778648926903	0.5218645929004377	0.000999000999000999	0.000999000999000999	0.003929060630091558	0.004917662982179111
MA0008.4	HAT5	Homeo domain factors	HD-ZIP	cluster_09	0.5345952304077749	0.5386795379086418	0.000999000999000999	0.000999000999000999	0.003929060630091558	0.004917662982179111
MA1308.2	WRKY70	GCM domain factors	WRKY	cluster_10	0.534379169179597	0.5290544173075676	0.000999000999000999	0.000999000999000999	0.003929060630091558	0.004917662982179111
MA0963.1	bHLH78	Basic helix-loop-helix factors (bHLH)	bHLH	cluster_07	0.5343773415940202	0.5337527559068297	0.000999000999000999	0.002997002997002997	0.003929060630091558	0.011848255371571434
MA1213.3	ZHD3	Homeo domain factors	PLINC	cluster_09	0.5342838808982784	0.5338560597518271	0.000999000999000999	0.001998001998001998	0.003929060630091558	0.008612856070483189
MA2392.1	GRMZM2G135447	Homeo domain factors	TALE-type HD	cluster_14	0.5340418273418992	0.5391386744815859	0.000999000999000999	0.000999000999000999	0.003929060630091558	0.004917662982179111
MA0577.4	SPL3	C3H(C),C2HC zinc fingers factors	SBP	cluster_28	0.5338694251024976	0.529846511201486	0.000999000999000999	0.000999000999000999	0.003929060630091558	0.004917662982179111
MA2447.1	SPL5B	C3H(C),C2HC zinc-fingers like factors	SBP	cluster_33	0.5335894491454006	0.5679967517295367	0.000999000999000999	0.000999000999000999	0.003929060630091558	0.004917662982179111
MA1212.2	ATHB-13	Homeo domain factors	HD-ZIP	cluster_09	0.5335696503016533	0.5794210468455814	0.000999000999000999	0.000999000999000999	0.003929060630091558	0.004917662982179111
MA1070.3	TGA7	Basic leucine zipper factors (bZIP)	Group D	cluster_14	0.53344177007755	0.5207342900427314	0.000999000999000999	0.001998001998001998	0.003929060630091558	0.008612856070483189
MA0565.3	FUS3	B3	LAV	cluster_29	0.5332828208986445	0.5910152371740413	0.001998001998001998	0.000999000999000999	0.007329209252286175	0.004917662982179111
MA1083.3	WRKY30	GCM domain factors	WRKY	cluster_10	0.5332557624788559	0.5266994609888118	0.000999000999000999	0.001998001998001998	0.003929060630091558	0.008612856070483189
MA1799.2	SPL10	C3H(C),C2HC zinc fingers factors	SBP	cluster_28	0.5331303698017885	0.5393559007566172	0.000999000999000999	0.000999000999000999	0.003929060630091558	0.004917662982179111
MA1744.2	BZIP30	Basic leucine zipper factors (bZIP)	Group I	cluster_12	0.5322085559434098	0.5354070196698589	0.000999000999000999	0.000999000999000999	0.003929060630091558	0.004917662982179111
MA2355.1	PK06791.1	C3H(C),C2HC zinc-fingers like factors	SBP	cluster_28	0.5320300109858199	0.55406201949933	0.000999000999000999	0.002997002997002997	0.003929060630091558	0.011848255371571434
MA1084.1	WRKY38	GCM domain factors	WRKY	cluster_10	0.532000718850327	0.5194576018056528	0.000999000999000999	0.04395604395604396	0.003929060630091558	0.11292411292411295
MA1827.2	Zm00001d044785	Tryptophan cluster factors	GARP_G2-like	cluster_05	0.5319820368644319	0.5600797221590528	0.000999000999000999	0.000999000999000999	0.003929060630091558	0.004917662982179111
MA1195.2	AT5G56840	Tryptophan cluster factors	MYB-related	cluster_05	0.5319618826568212	0.5356673897214762	0.000999000999000999	0.000999000999000999	0.003929060630091558	0.004917662982179111
MA0097.1	bZIP911	Basic leucine zipper factors (bZIP)	Group S	cluster_14	0.5319468050758142	0.5233721453538965	0.000999000999000999	0.000999000999000999	0.003929060630091558	0.004917662982179111
MA1337.2	BZIP44	Basic leucine zipper factors (bZIP)	Group S	cluster_14	0.5318792351757451	0.5237281741078383	0.001998001998001998	0.001998001998001998	0.007329209252286175	0.008612856070483189
MA1791.1	NAC087	GCM domain factors	NAC	cluster_16	0.5317295254572523	0.522911774516597	0.000999000999000999	0.000999000999000999	0.003929060630091558	0.004917662982179111
MA1057.2	SPL12	C3H(C),C2HC zinc fingers factors	SBP	cluster_28	0.5317114526665486	0.5392541062854183	0.000999000999000999	0.002997002997002997	0.003929060630091558	0.011848255371571434
MA1343.2	BZIP52	Basic leucine zipper factors (bZIP)	Group I	cluster_12	0.5316785561261687	0.5390691327381575	0.000999000999000999	0.000999000999000999	0.003929060630091558	0.004917662982179111
MA1345.2	BZIP48	Basic leucine zipper factors (bZIP)	Group S	cluster_14	0.5315310801233807	0.5248838282246137	0.000999000999000999	0.001998001998001998	0.003929060630091558	0.008612856070483189
MA1189.2	AT5G61620	Tryptophan cluster factors	MYB-related	cluster_05	0.531516408672503	0.5322142568094658	0.000999000999000999	0.000999000999000999	0.003929060630091558	0.004917662982179111
MA1209.2	ATHB-20	Homeo domain factors	HD-ZIP	cluster_09	0.531493513086528	0.5790878726676724	0.000999000999000999	0.000999000999000999	0.003929060630091558	0.004917662982179111
MA1047.3	TGA5	Basic leucine zipper factors (bZIP)	Group D	cluster_14	0.5314533062038408	0.5248339394203069	0.000999000999000999	0.000999000999000999	0.003929060630091558	0.004917662982179111
MA1825.2	Zm00001d044409	Tryptophan cluster factors	MYB-related	cluster_05	0.531256993053144	0.6597169324118778	0.000999000999000999	0.000999000999000999	0.003929060630091558	0.004917662982179111
MA2046.2	NAC035	GCM domain factors	NAC	cluster_20	0.5311311942459483	0.5214693555212087	0.000999000999000999	0.007992007992007992	0.003929060630091558	0.026284060766819387
MA1215.2	ATHB-53	Homeo domain factors	HD-ZIP	cluster_09	0.5309277230517429	0.5341552591649125	0.000999000999000999	0.000999000999000999	0.003929060630091558	0.004917662982179111
MA1348.1	TGA9	Basic leucine zipper factors (bZIP)	Group D	cluster_14	0.5308110114061642	0.5173709512637316	0.000999000999000999	0.008991008991008992	0.003929060630091558	0.02882411705941118
MA1322.3	SPL9	C3H(C),C2HC zinc fingers factors	SBP	cluster_28	0.5305493620711017	0.5315390753874799	0.000999000999000999	0.003996003996003996	0.003929060630091558	0.015244755244755244
MA0967.1	BZIP60	Basic leucine zipper factors (bZIP)	Group K	cluster_14	0.5305066676413783	0.5258656028032742	0.001998001998001998	0.003996003996003996	0.007329209252286175	0.015244755244755244
MA1785.2	NAC018	GCM domain factors	NAC	cluster_20	0.5304935191784809	0.5193060357053177	0.000999000999000999	0.004995004995004995	0.003929060630091558	0.01789290521684888
MA0588.2	TGA1	Basic leucine zipper factors (bZIP)	Group D	cluster_14	0.5302411093038317	0.532286068592992	0.000999000999000999	0.000999000999000999	0.003929060630091558	0.004917662982179111
MA1824.2	Zm00001d005692	Homeo domain factors	HD-ZIP	cluster_09	0.5297116679155167	0.5508326489771941	0.000999000999000999	0.001998001998001998	0.003929060630091558	0.008612856070483189
MA1400.2	AT1G19000	Tryptophan cluster factors	MYB-related	cluster_05	0.529447937163547	0.5348262337290842	0.000999000999000999	0.000999000999000999	0.003929060630091558	0.004917662982179111
MA1822.2	Zm00001d018571	Basic leucine zipper factors (bZIP)	NA	cluster_28	0.5294460588117035	0.5241514347587044	0.000999000999000999	0.004995004995004995	0.003929060630091558	0.01789290521684888
MA2361.1	PRUPE_ppa000682mg	C3H(C),C2HC zinc-fingers like factors	SBP	cluster_28	0.5291823788259997	0.5531974244300529	0.000999000999000999	0.003996003996003996	0.003929060630091558	0.015244755244755244
MA1336.2	TGA3	Basic leucine zipper factors (bZIP)	Group D	cluster_14	0.5291642552690317	0.5179754325617891	0.001998001998001998	0.016983016983016984	0.007329209252286175	0.049647670337325506
MA1060.2	SPL7	C3H(C),C2HC zinc fingers factors	SBP	cluster_28	0.5289399191394916	0.5479874686382735	0.000999000999000999	0.001998001998001998	0.003929060630091558	0.008612856070483189
MA1068.3	TGA2	Basic leucine zipper factors (bZIP)	Group D	cluster_14	0.5288157956190745	0.5178522497103502	0.000999000999000999	0.007992007992007992	0.003929060630091558	0.026284060766819387
MA1397.2	AT1G74840	Tryptophan cluster factors	MYB-related	cluster_05	0.5288141203322955	0.5363819461117211	0.000999000999000999	0.000999000999000999	0.003929060630091558	0.004917662982179111
MA0978.1	DREB1E	AP2/EREBP	ERF/DREB	cluster_15	0.5286971548553873	0.5239474887764305	0.000999000999000999	0.002997002997002997	0.003929060630091558	0.011848255371571434
MA1188.1	At3g11280	Tryptophan cluster factors	Myb-related	cluster_05	0.5285665332529212	0.5287132482829243	0.000999000999000999	0.001998001998001998	0.003929060630091558	0.008612856070483189
MA1417.2	O2	Basic leucine zipper factors (bZIP)	Group C	cluster_14	0.5284860179550132	0.5198409894630267	0.001998001998001998	0.005994005994005994	0.007329209252286175	0.02097902097902098
MA1055.3	SPL1	C3H(C),C2HC zinc fingers factors	SBP	cluster_28	0.52813598455081	0.5226334842693978	0.000999000999000999	0.002997002997002997	0.003929060630091558	0.011848255371571434
MA2072.1	PK16335.1	Basic leucine zipper factors (bZIP)	Group D	cluster_12	0.5280863351426429	0.5334921846682465	0.000999000999000999	0.000999000999000999	0.003929060630091558	0.004917662982179111
MA1303.2	WRKY22	GCM domain factors	WRKY	cluster_10	0.5280691761447287	0.5243029351568134	0.000999000999000999	0.002997002997002997	0.003929060630091558	0.011848255371571434
MA1807.2	ZHD10	Homeo domain factors	PLINC	cluster_09	0.5280391225152451	0.6033955190465277	0.000999000999000999	0.008991008991008992	0.003929060630091558	0.02882411705941118
MA1350.1	BZIP42	Basic leucine zipper factors (bZIP)	Group S	cluster_14	0.527846819899563	0.5199745291665241	0.000999000999000999	0.003996003996003996	0.003929060630091558	0.015244755244755244
MA1307.3	WRKY31	GCM domain factors	WRKY	cluster_10	0.527841337142834	0.514338391965564	0.001998001998001998	0.06493506493506493	0.007329209252286175	0.15678941311852704
MA2045.2	NAC031	GCM domain factors	NAC	cluster_16	0.5277780823753737	0.528538954713667	0.000999000999000999	0.000999000999000999	0.003929060630091558	0.004917662982179111
MA1094.3	WRKY8	GCM domain factors	WRKY	cluster_10	0.5277012222486192	0.5209441598790955	0.000999000999000999	0.002997002997002997	0.003929060630091558	0.011848255371571434
MA1328.1	ZHD9	Homeo domain factors	PLINC	cluster_06	0.5276145134662601	0.5135653435636608	0.000999000999000999	0.028971028971028972	0.003929060630091558	0.07922901471288568
MA0580.1	DYT1	Basic helix-loop-helix factors (bHLH)	bHLH	cluster_07	0.5275284138790919	0.522688921342559	0.000999000999000999	0.002997002997002997	0.003929060630091558	0.011848255371571434
MA1305.2	WRKY55	GCM domain factors	WRKY	cluster_10	0.5274736370780556	0.5294193687285862	0.003996003996003996	0.001998001998001998	0.013796158592538684	0.008612856070483189
MA1320.2	SPL15	C3H(C),C2HC zinc fingers factors	SBP	cluster_28	0.5273402740972237	0.5249661757127845	0.001998001998001998	0.004995004995004995	0.007329209252286175	0.01789290521684888
MA1810.2	GLYMA-08G357600	B3	LAV	cluster_29	0.5273353497694196	0.5335076730146062	0.000999000999000999	0.001998001998001998	0.003929060630091558	0.008612856070483189
MA1302.2	WRKY65	GCM domain factors	WRKY	cluster_10	0.5271822387111051	0.5232824643186311	0.000999000999000999	0.001998001998001998	0.003929060630091558	0.008612856070483189
MA1291.1	TCP7	TCP	NA	cluster_01	0.5270874073261801	0.5155818628376687	0.000999000999000999	0.016983016983016984	0.003929060630091558	0.049647670337325506
MA1675.2	NAC029	GCM domain factors	NAC	cluster_20	0.5270110548620882	0.5212916652347555	0.000999000999000999	0.012987012987012988	0.003929060630091558	0.039636363636363636
MA1757.2	HDG7	Homeo domain factors	HD-ZIP	cluster_09	0.5269750615794819	0.5237305907228412	0.001998001998001998	0.002997002997002997	0.007329209252286175	0.011848255371571434
MA1746.1	BZIP69	Basic leucine zipper factors (bZIP)	Group I	cluster_12	0.5268914495393462	0.5281436909095746	0.000999000999000999	0.000999000999000999	0.003929060630091558	0.004917662982179111
MA1793.2	NID1	Tryptophan cluster factors	MYB-related	cluster_05	0.5268344897888733	0.6482768586441235	0.000999000999000999	0.000999000999000999	0.003929060630091558	0.004917662982179111
MA1314.2	WRKY14	GCM domain factors	WRKY	cluster_10	0.5267885463181259	0.5235431747347304	0.000999000999000999	0.000999000999000999	0.003929060630091558	0.004917662982179111
MA1691.2	ARF27	B3	ARF	cluster_22	0.5266796019112484	0.524089476046543	0.000999000999000999	0.004995004995004995	0.003929060630091558	0.01789290521684888
MA2055.1	PK00315.1	Basic leucine zipper factors (bZIP)	Group I	cluster_12	0.5265599965885064	0.5327192139286259	0.001998001998001998	0.000999000999000999	0.007329209252286175	0.004917662982179111
MA0939.1	NAC079	GCM domain factors	NAC	cluster_20	0.5265111086743302	0.5209641617652228	0.000999000999000999	0.029970029970029972	0.003929060630091558	0.08137769703606003
MA2359.1	PK23829.1	Tryptophan cluster factors	MYB-related	cluster_05	0.5263977983685755	0.5888973347137091	0.002997002997002997	0.002997002997002997	0.010685576106136853	0.011848255371571434
MA0586.3	SPL14	C3H(C),C2HC zinc fingers factors	SBP	cluster_28	0.5263323098854102	0.5256517732123751	0.000999000999000999	0.004995004995004995	0.003929060630091558	0.01789290521684888
MA2033.2	NAC038	GCM domain factors	NAC	cluster_16	0.5262416921005673	0.526463858285984	0.001998001998001998	0.001998001998001998	0.007329209252286175	0.008612856070483189
MA2015.2	NAC002	GCM domain factors	NAC	cluster_20	0.5262408290740441	0.5181397595859559	0.000999000999000999	0.04195804195804196	0.003929060630091558	0.1088911088911089
MA1739.2	BHLH122	Basic helix-loop-helix factors (bHLH)	bHLH	cluster_07	0.5260513693692598	0.5740122693190063	0.000999000999000999	0.000999000999000999	0.003929060630091558	0.004917662982179111
MA2410.1	ZmbZIP54	Basic leucine zipper factors (bZIP)	S	cluster_14	0.525886988199889	0.521368636675516	0.002997002997002997	0.008991008991008992	0.010685576106136853	0.02882411705941118
MA1059.3	SPL5	C3H(C),C2HC zinc fingers factors	SBP	cluster_28	0.5257364662211417	0.5197642967489498	0.000999000999000999	0.003996003996003996	0.003929060630091558	0.015244755244755244
MA1369.2	HDG1	Homeo domain factors	HD-ZIP	cluster_09	0.5255871626327798	0.5195235421259969	0.000999000999000999	0.004995004995004995	0.003929060630091558	0.01789290521684888
MA1306.2	WRKY11	GCM domain factors	WRKY	cluster_10	0.5252949520055719	0.5215041853328877	0.000999000999000999	0.004995004995004995	0.003929060630091558	0.01789290521684888
MA1788.1	NAC054	GCM domain factors	NAC	cluster_16	0.52528987537897	0.5221139974159517	0.001998001998001998	0.000999000999000999	0.007329209252286175	0.004917662982179111
MA1076.3	WRKY15	GCM domain factors	WRKY	cluster_10	0.5252184980089468	0.5296038616322783	0.000999000999000999	0.002997002997002997	0.003929060630091558	0.011848255371571434
MA1358.2	bHLH130	Basic helix-loop-helix factors (bHLH)	bHLH	cluster_07	0.5251993591266577	0.5302397413626584	0.000999000999000999	0.000999000999000999	0.003929060630091558	0.004917662982179111
MA2377.1	cassava45561.m1	TCP	NA	cluster_01	0.5251633150777834	0.5175257796081708	0.002997002997002997	0.007992007992007992	0.010685576106136853	0.026284060766819387
MA1318.2	WRKY27	GCM domain factors	WRKY	cluster_10	0.5250862518859667	0.5208355258499019	0.003996003996003996	0.005994005994005994	0.013796158592538684	0.02097902097902098
MA1375.2	ANL2	Homeo domain factors	HD-ZIP	cluster_09	0.5250127930990371	0.5186997969384785	0.000999000999000999	0.004995004995004995	0.003929060630091558	0.01789290521684888
MA1329.3	ZHD1	Homeo domain factors	PLINC	cluster_09	0.5248293238136434	0.5309555566011771	0.003996003996003996	0.007992007992007992	0.013796158592538684	0.026284060766819387
MA1834.2	Zm00001d034298	Basic helix-loop-helix factors (bHLH)	bHLH	cluster_07	0.5245061457641645	0.5181135648126073	0.000999000999000999	0.06793206793206794	0.003929060630091558	0.16248328474033805
MA1299.2	WRKY17	GCM domain factors	WRKY	cluster_10	0.5244488814160942	0.52054718103435	0.002997002997002997	0.005994005994005994	0.010685576106136853	0.02097902097902098
MA2103.1	AT4G09450	Tryptophan cluster factors	MYB-related	cluster_05	0.5238548653374028	0.6476449373995665	0.001998001998001998	0.001998001998001998	0.007329209252286175	0.008612856070483189
MA1742.2	BZIP18	Basic leucine zipper factors (bZIP)	Group I	cluster_12	0.5237709994659381	0.5267006838627388	0.001998001998001998	0.000999000999000999	0.007329209252286175	0.004917662982179111
MA2452.1	SPL8A	C3H(C),C2HC zinc-fingers like factors	SBP	cluster_33	0.5234999076053958	0.5202658559674102	0.003996003996003996	0.012987012987012988	0.013796158592538684	0.039636363636363636
MA1038.2	MYB3	Tryptophan cluster factors	MYB	cluster_02	0.5231559153868491	0.5228523056047855	0.006993006993006993	0.01098901098901099	0.022139686040100977	0.03464717101080737
MA0938.3	NAC058	GCM domain factors	NAC	cluster_16	0.5231308876177028	0.5239830975626845	0.003996003996003996	0.000999000999000999	0.013796158592538684	0.004917662982179111
MA1346.2	TGA10	Basic leucine zipper factors (bZIP)	Group D	cluster_14	0.5230686989418278	0.5149899820327822	0.003996003996003996	0.023976023976023976	0.013796158592538684	0.0675044512682889
MA1792.1	NAC098	GCM domain factors	NAC	cluster_16	0.522755115716625	0.5239526626939035	0.004995004995004995	0.000999000999000999	0.01686366730614518	0.004917662982179111
MA1043.2	NAC083	GCM domain factors	NAC	cluster_20	0.5227257728148677	0.5349589766600489	0.001998001998001998	0.023976023976023976	0.007329209252286175	0.0675044512682889
MA2358.1	PK22320.1	C3H(C),C2HC zinc-fingers like factors	SBP	cluster_28	0.5226168284079901	0.5348182975370858	0.004995004995004995	0.015984015984015984	0.01686366730614518	0.04745449103425757
MA0953.2	ATHB-6	Homeo domain factors	HD-ZIP	cluster_09	0.5224469137156235	0.6340370758139587	0.000999000999000999	0.006993006993006993	0.003929060630091558	0.024034524034524034
MA1669.2	DREB1B	AP2/EREBP	ERF/DREB	cluster_15	0.522411478861942	0.5188204158438187	0.005994005994005994	0.014985014985014986	0.0196284402292986	0.04519196218800962
MA1045.2	NAC043	GCM domain factors	NAC	cluster_32	0.522395233656816	0.5260966065522852	0.003996003996003996	0.006993006993006993	0.013796158592538684	0.024034524034524034
MA1317.2	WRKY50	GCM domain factors	WRKY	cluster_10	0.5223307604989713	0.5368489348024226	0.002997002997002997	0.007992007992007992	0.010685576106136853	0.026284060766819387
MA1079.3	WRKY21	GCM domain factors	WRKY	cluster_10	0.5222884214331123	0.5197442682118066	0.006993006993006993	0.007992007992007992	0.022139686040100977	0.026284060766819387
MA1196.2	AT5G05790	Tryptophan cluster factors	MYB-related	cluster_05	0.5222687241218971	0.5200854003783166	0.005994005994005994	0.004995004995004995	0.0196284402292986	0.01789290521684888
MA1298.2	WRKY29	GCM domain factors	WRKY	cluster_10	0.5222352691525882	0.5235427921456214	0.005994005994005994	0.008991008991008992	0.0196284402292986	0.02882411705941118
MA1687.1	ARF14	B3	ARF	cluster_01	0.5220845441087784	0.5119953319069316	0.005994005994005994	0.05194805194805195	0.0196284402292986	0.12868949232585597
MA0990.2	HDG11	Homeo domain factors	HD-ZIP	cluster_09	0.5218687367119293	0.5185705016701218	0.005994005994005994	0.016983016983016984	0.0196284402292986	0.049647670337325506
MA1777.2	MYB74	Tryptophan cluster factors	MYB	cluster_02	0.5216681591948882	0.5158963127422493	0.008991008991008992	0.015984015984015984	0.02800057085771372	0.04745449103425757
MA1075.1	WRKY12	GCM domain factors	WRKY	cluster_10	0.5216588689682058	0.5143686940449801	0.004995004995004995	0.12487512487512488	0.01686366730614518	0.26175747329593485
MA1063.2	TCP19	TCP	NA	cluster_01	0.5216515586258982	0.5150898067730952	0.006993006993006993	0.027972027972027972	0.022139686040100977	0.0770493044861276
MA2428.1	SPL13B	C3H(C),C2HC zinc-fingers like factors	SBP	cluster_38	0.5215588086578822	0.5207635847597895	0.008991008991008992	0.001998001998001998	0.02800057085771372	0.008612856070483189
MA1316.2	WRKY71	GCM domain factors	WRKY	cluster_10	0.5212072014994323	0.5191122389914362	0.006993006993006993	0.008991008991008992	0.022139686040100977	0.02882411705941118
MA0578.1	SPL8	C3H(C),C2HC zinc fingers factors	SBP	cluster_40	0.5211562829346148	0.5107989012644499	0.005994005994005994	0.08091908091908091	0.0196284402292986	0.1888111888111888
MA1339.1	BZIP43	Basic leucine zipper factors (bZIP)	Group S	cluster_14	0.5209635741888045	0.5126245667055397	0.004995004995004995	0.04295704295704296	0.01686366730614518	0.11110584330923313
MA1218.2	DREB1D	AP2/EREBP	ERF/DREB	cluster_15	0.5209115387661362	0.516489961423437	0.006993006993006993	0.022977022977022976	0.022139686040100977	0.06541592735622585
MA1315.2	WRKY24	GCM domain factors	WRKY	cluster_10	0.5207870598818564	0.5184039598666581	0.011988011988011988	0.011988011988011988	0.03615356975040769	0.037031794116814364
MA2444.1	SPL4A	C3H(C),C2HC zinc-fingers like factors	SBP	cluster_38	0.5206702974700139	0.5219334009896265	0.008991008991008992	0.000999000999000999	0.02800057085771372	0.004917662982179111
MA1327.3	ATHB-23	Homeo domain factors	HD-ZIP	cluster_09	0.5205816088032766	0.6743228851315621	0.002997002997002997	0.002997002997002997	0.010685576106136853	0.011848255371571434
MA1081.3	WRKY25	GCM domain factors	WRKY	cluster_10	0.5205078454187504	0.50926010412738	0.00999000999000999	0.23276723276723277	0.030368038336165824	0.41495653878831446
MA1748.2	DREB1F	AP2/EREBP	ERF/DREB	cluster_15	0.52039077840931	0.5292390793095106	0.006993006993006993	0.04995004995004995	0.022139686040100977	0.12454865396041867
MA2453.1	SPL8B	C3H(C),C2HC zinc-fingers like factors	SBP	cluster_33	0.5201016137580642	0.5184333895567382	0.005994005994005994	0.013986013986013986	0.0196284402292986	0.04251525367063216
MA1741.1	BRN2	GCM domain factors	NAC	cluster_16	0.5200914605048581	0.5181515775164893	0.004995004995004995	0.005994005994005994	0.01686366730614518	0.02097902097902098
MA1313.2	WRKY7	GCM domain factors	WRKY	cluster_10	0.5200863838782587	0.5186766339460865	0.013986013986013986	0.007992007992007992	0.041043571812802576	0.026284060766819387
MA1670.2	DREB1C	AP2/EREBP	ERF/DREB	cluster_15	0.520034399221855	0.519356329878935	0.013986013986013986	0.026973026973026972	0.041043571812802576	0.07456673761021587
MA1087.3	WRKY45	GCM domain factors	WRKY	cluster_10	0.5200062239442143	0.5167417719383426	0.00999000999000999	0.030969030969030968	0.030368038336165824	0.0837920944303923
MA2439.1	SPL2A	C3H(C),C2HC zinc-fingers like factors	SBP	cluster_38	0.5200032795007867	0.5208380389298496	0.01098901098901099	0.004995004995004995	0.03327228327228327	0.01789290521684888
MA2006.2	NAC020	GCM domain factors	NAC	cluster_16	0.5199215965787599	0.5262566137033916	0.00999000999000999	0.000999000999000999	0.030368038336165824	0.004917662982179111
MA1174.2	MYB56	Tryptophan cluster factors	MYB	cluster_11	0.5197580784359125	0.5151818114209261	0.007992007992007992	0.026973026973026972	0.025197942553314454	0.07456673761021587
MA0955.2	POPTR_0002s00440g	C3H(C),C2HC zinc fingers factors	SBP	cluster_28	0.5197299539245367	0.5479524419859618	0.00999000999000999	0.011988011988011988	0.030368038336165824	0.037031794116814364
MA2425.1	SPL11A	C3H(C),C2HC zinc-fingers like factors	SBP	cluster_38	0.5195076484456406	0.5204787491074835	0.00999000999000999	0.001998001998001998	0.030368038336165824	0.008612856070483189
MA1428.2	TCP8	TCP	NA	cluster_01	0.519180662926208	0.512493207931601	0.00999000999000999	0.04695304695304695	0.030368038336165824	0.11902051436935158
MA2369.1	ZHD14	Homeo domain factors	PLINC	cluster_04	0.5188704810408296	0.520782613633232	0.014985014985014986	0.002997002997002997	0.04347363662953017	0.011848255371571434
MA2437.1	SPL19B	C3H(C),C2HC zinc-fingers like factors	SBP	cluster_38	0.5186553843717064	0.5234900480722688	0.012987012987012988	0.000999000999000999	0.03885918003565063	0.004917662982179111
MA2430.1	SPL14B	C3H(C),C2HC zinc-fingers like factors	SBP	cluster_38	0.518605785729806	0.5209139304126499	0.013986013986013986	0.001998001998001998	0.041043571812802576	0.008612856070483189
MA1780.2	MYB92	Tryptophan cluster factors	MYB	cluster_02	0.5185758336328543	0.5516483051998144	0.017982017982017984	0.006993006993006993	0.050628338451216684	0.024034524034524034
MA1290.1	TCP17	TCP	NA	cluster_01	0.5184928815541796	0.5084437774835145	0.016983016983016984	0.15484515484515485	0.04853199235221708	0.311733121759507
MA2364.1	VIT_15s0048g01150	TCP	NA	cluster_01	0.5183828202894496	0.5123910950534218	0.006993006993006993	0.056943056943056944	0.022139686040100977	0.13970274098891464
MA1335.1	TGA4	Basic leucine zipper factors (bZIP)	Group D	cluster_14	0.5183076354494738	0.507974855747362	0.02097902097902098	0.16783216783216784	0.05799635147461235	0.33175115040400016
MA1772.2	MYB43	Tryptophan cluster factors	MYB	cluster_02	0.5181976249510101	0.5127220086526562	0.013986013986013986	0.03996003996003996	0.041043571812802576	0.10441613181339209
MA0590.1	LFY	LEAFY	NA	cluster_42	0.5180248673477473	0.5193853135765776	0.01998001998001998	0.004995004995004995	0.05584159430313276	0.01789290521684888
MA1382.2	FAR1	GCM domain factors	FRS/FRF	cluster_07	0.5180146125620112	0.5007238130904785	0.014985014985014986	0.5054945054945055	0.04347363662953017	0.7402923372213199
MA2376.1	CAMTA5	GCM domain factors	CAMTA	cluster_07	0.5178155580329484	0.5182616086112102	0.02197802197802198	0.011988011988011988	0.0598901098901099	0.037031794116814364
MA1300.2	WRKY6	GCM domain factors	WRKY	cluster_10	0.5177952007602755	0.5250155867562375	0.017982017982017984	0.015984015984015984	0.050628338451216684	0.04745449103425757
MA1206.2	ARF2	B3	ARF	cluster_17	0.5177947438638814	0.5614294307391863	0.014985014985014986	0.06393606393606394	0.04347363662953017	0.1553605630038751
MA1069.3	TGA6	Basic leucine zipper factors (bZIP)	Group D	cluster_14	0.5175865006406708	0.512189147062688	0.02097902097902098	0.06393606393606394	0.05799635147461235	0.1553605630038751
MA1778.2	MYB80	Tryptophan cluster factors	MYB	cluster_02	0.5175347190493301	0.5130850869059711	0.015984015984015984	0.03896103896103896	0.04602190262567621	0.10250783699059561
MA0557.2	FHY3	GCM domain factors	FRS/FRF	cluster_07	0.5174763886096744	0.5071043165140005	0.023976023976023976	0.2937062937062937	0.06464207170920952	0.49036740065186457
MA1695.2	ARF36	B3	ARF	cluster_01	0.5174616156262636	0.5074094286617135	0.013986013986013986	0.16883116883116883	0.041043571812802576	0.33200562324273664
MA1693.2	ARF34	B3	ARF	cluster_22	0.5173868369164162	0.511513813826564	0.017982017982017984	0.11288711288711288	0.050628338451216684	0.2419462559911998
MA1766.2	MYB17	Tryptophan cluster factors	MYB	cluster_02	0.5173301817635385	0.5189191575801598	0.016983016983016984	0.003996003996003996	0.04853199235221708	0.015244755244755244
MA2443.1	SPL3D	C3H(C),C2HC zinc-fingers like factors	SBP	cluster_38	0.5172191051734885	0.5200055627565299	0.02097902097902098	0.001998001998001998	0.05799635147461235	0.008612856070483189
MA2446.1	SPL5A	C3H(C),C2HC zinc-fingers like factors	SBP	cluster_38	0.5172155515348679	0.5212783591268791	0.02197802197802198	0.001998001998001998	0.0598901098901099	0.008612856070483189
MA0971.2	DREB1A	AP2/EREBP	ERF/DREB	cluster_15	0.5171762076787021	0.5145094165799696	0.025974025974025976	0.04795204795204795	0.069052898321191	0.12075053659212076
MA1805.2	WRKY53	GCM domain factors	WRKY	cluster_10	0.5171532105601956	0.536261275932239	0.015984015984015984	0.055944055944055944	0.04602190262567621	0.1376945635010151
MA1050.1	OsI_08196	TCP	NA	cluster_01	0.5170519318594873	0.5107630935094754	0.012987012987012988	0.07092907092907093	0.03885918003565063	0.16859464523015924
MA1019.2	Glyma19g26560.1	TCP	NA	cluster_01	0.5170494443124518	0.5104294114320777	0.030969030969030968	0.08791208791208792	0.08092250215537886	0.19904131476831774
MA2390.1	GLYMA19G26560	Basic leucine zipper factors (bZIP)	NA	cluster_01	0.5170115219117363	0.5116725827537513	0.017982017982017984	0.07192807192807193	0.050628338451216684	0.17043825739477914
MA1389.2	PHL1	Tryptophan cluster factors	GARP_G2-like	cluster_04	0.51688815988531	0.5081826827850295	0.024975024975024976	0.12687312687312688	0.06662917502078342	0.2644923382628301
MA1067.1	TCP5	TCP	NA	cluster_01	0.5167090564987928	0.5137221781765647	0.027972027972027972	0.04795204795204795	0.07359537014709429	0.12075053659212076
MA1773.2	MYB51	Tryptophan cluster factors	MYB	cluster_02	0.5166645344834941	0.5177933628701661	0.022977022977022976	0.004995004995004995	0.06238956772764602	0.01789290521684888
MA2083.1	PK21166.1	Tryptophan cluster factors	MYB	cluster_02	0.5166487461747621	0.5183498115259023	0.01898101898101898	0.008991008991008992	0.053244549568078975	0.02882411705941118
MA1026.3	ATHB-15	Homeo domain factors	HD-ZIP	cluster_09	0.5164865479548282	0.5102374916439588	0.023976023976023976	0.09090909090909091	0.06464207170920952	0.20401069518716577
MA1769.2	MYB39	Tryptophan cluster factors	MYB	cluster_02	0.5162767309773728	0.5131148578757966	0.03496503496503497	0.055944055944055944	0.08922515611478822	0.1376945635010151
MA1027.2	KAN1	Tryptophan cluster factors	GARP_G2-like	cluster_04	0.5162669838542968	0.7082775959516471	0.006993006993006993	0.006993006993006993	0.022139686040100977	0.024034524034524034
MA1781.2	MYB94	Tryptophan cluster factors	MYB	cluster_02	0.516200378513279	0.51103948443243	0.029970029970029972	0.059940059940059943	0.07858121260183117	0.14658418504572351
MA1660.2	NAC013	GCM domain factors	NAC	cluster_16	0.5161809350333934	0.5217819944346838	0.027972027972027972	0.002997002997002997	0.07359537014709429	0.011848255371571434
MA1311.3	WRKY28	GCM domain factors	WRKY	cluster_10	0.516093667822107	0.5341901786181252	0.026973026973026972	0.16683316683316685	0.07145979020979021	0.3306330033602761
MA1829.2	Zm00001d035604	Tryptophan cluster factors	MYB	cluster_02	0.5160056898830957	0.5507060748919054	0.02197802197802198	0.005994005994005994	0.0598901098901099	0.02097902097902098
MA1752.2	ERF025	AP2/EREBP	ERF/DREB	cluster_15	0.5158625290129212	0.520872095528665	0.02197802197802198	0.01098901098901099	0.0598901098901099	0.03464717101080737
MA1734.1	AT1G19040	GCM domain factors	NAC	cluster_16	0.5156767244792915	0.514863140837716	0.03396603396603397	0.015984015984015984	0.08725954180499636	0.04745449103425757
MA2411.1	ZmbZIP57	Basic leucine zipper factors (bZIP)	S	cluster_14	0.515560520496372	0.5109955984126331	0.03496503496503497	0.08591408591408592	0.08922515611478822	0.19626481303128013
MA1312.2	WRKY47	GCM domain factors	WRKY	cluster_10	0.5154136029225118	0.5114206129578792	0.03896103896103896	0.1048951048951049	0.0987617034128662	0.2286713286713287
MA1282.2	TCP13	TCP	NA	cluster_01	0.5154108107778822	0.5054832705429376	0.024975024975024976	0.22577422577422576	0.06662917502078342	0.4053311394487865
MA1301.2	WRKY33	GCM domain factors	WRKY	cluster_10	0.515368116348159	0.513664969025081	0.024975024975024976	0.03996003996003996	0.06662917502078342	0.10441613181339209
MA1770.2	MYB40	Tryptophan cluster factors	MYB	cluster_02	0.5153020694360685	0.5109167768281541	0.04795204795204795	0.09490509490509491	0.11917723969841235	0.21173271173271174
MA2051.2	NAC68	GCM domain factors	NAC	cluster_07	0.5149826480902743	0.5283142473350052	0.03296703296703297	0.00999000999000999	0.08526727509778358	0.03175990675990676
MA1762.2	MYB10	Tryptophan cluster factors	MYB	cluster_02	0.5146624144842241	0.5152853328526263	0.054945054945054944	0.025974025974025976	0.13142030383409695	0.07232913072329132
MA1775.2	MYB61	Tryptophan cluster factors	MYB	cluster_02	0.5146601807685202	0.5194963925391178	0.03396603396603397	0.022977022977022976	0.08725954180499636	0.06541592735622585
MA1181.2	MYB113	Tryptophan cluster factors	MYB	cluster_11	0.5145628618365613	0.5172829664071437	0.053946053946053944	0.011988011988011988	0.12984491848845162	0.037031794116814364
MA1706.2	AT1G14600	Tryptophan cluster factors	GARP_G2-like	cluster_04	0.5145297114648502	0.534867060415386	0.04395604395604396	0.03196803196803197	0.10996216897856242	0.08558459084774873
MA0961.2	bHLH112	Basic helix-loop-helix factors (bHLH)	bHLH	cluster_07	0.5145145831175768	0.5430458340115804	0.03596403596403597	0.1028971028971029	0.09146853146853148	0.22495842266615904
MA1686.1	ARF13	B3	ARF	cluster_01	0.514236536278589	0.5060169232900361	0.054945054945054944	0.1938061938061938	0.13142030383409695	0.36876340616988995
MA1287.2	TCP21	TCP	NA	cluster_01	0.5141701340026361	0.507650977889333	0.05194805194805195	0.15784215784215785	0.12543153049482164	0.3160985995631665
MA1036.1	MYB111	Tryptophan cluster factors	Myb	cluster_02	0.5141568840072045	0.5147153776495025	0.03296703296703297	0.0939060939060939	0.08526727509778358	0.21011832742038017
MA2016.2	GRF6	C3H zinc finger factors	GRF	cluster_22	0.5141005334519233	0.5356389756685195	0.05094905094905095	0.22277722277722278	0.124596557288865	0.4018416571608061
MA1357.2	bHLH80	Basic helix-loop-helix factors (bHLH)	bHLH	cluster_07	0.5140041790790191	0.5184945002000115	0.04995004995004995	0.01898101898101898	0.1229415745544778	0.05506660639740487
MA2023.2	PHL4	Tryptophan cluster factors	GARP_G2-like	cluster_04	0.5139922997727692	0.5150482017939615	0.03996003996003996	0.022977022977022976	0.10095864400500162	0.06541592735622585
MA2344.1	REV	Homeo domain factors	HD-ZIP	cluster_09	0.5137422759126236	0.51198101602645	0.04395604395604396	0.04495504495504495	0.10996216897856242	0.11471805786187056
MA1157.2	NUC	C2H2 zinc finger factors	IDD	cluster_08	0.5137389761053347	0.5065733127106719	0.04895104895104895	0.2037962037962038	0.12087265485323738	0.37741869780704734
MA1378.1	AIL6	AP2/EREBP	AP2	cluster_31	0.5136621667448468	0.5115359225085467	0.04195804195804196	0.04995004995004995	0.10565671951810567	0.12454865396041867
MA2352.1	PC-MYB1	Tryptophan cluster factors	MYB	cluster_11	0.513594495312243	0.5052413125420965	0.058941058941058944	0.2857142857142857	0.13923228474312066	0.4791208791208791
MA2009.2	NAC010	GCM domain factors	NAC	cluster_16	0.5135423583570421	0.5163583638140047	0.04895104895104895	0.00999000999000999	0.12087265485323738	0.03175990675990676
MA0998.2	ERF096	AP2/EREBP	ERF/DREB	cluster_24	0.513526671580841	0.5264345000721995	0.060939060939060936	0.06693306693306693	0.14306616460462612	0.16110388034678255
MA1309.1	WRKY3	GCM domain factors	WRKY	cluster_10	0.5135010346165023	0.511214003308738	0.04795204795204795	0.08691308691308691	0.11917723969841235	0.19736513486513488
MA1384.1	PHL7	Tryptophan cluster factors	GARP_G2-like	cluster_04	0.5134108229617874	0.5124600258515343	0.05194805194805195	0.05194805194805195	0.12543153049482164	0.12868949232585597
MA1296.2	WRKY46	GCM domain factors	WRKY	cluster_10	0.513332541379584	0.5128639941548595	0.05194805194805195	0.04695304695304695	0.12543153049482164	0.11902051436935158
MA1768.2	MYB30	Tryptophan cluster factors	MYB	cluster_02	0.5133143162900821	0.5162805496073819	0.05194805194805195	0.007992007992007992	0.12543153049482164	0.026284060766819387
MA1694.2	ARF35	B3	ARF	cluster_17	0.5132842626605988	0.5109417364196911	0.06493506493506493	0.08591408591408592	0.15151515151515152	0.19626481303128013
MA2449.1	SPL6A	C3H(C),C2HC zinc-fingers like factors	SBP	cluster_38	0.5131592761136601	0.5104629582426555	0.058941058941058944	0.08091908091908091	0.13923228474312066	0.1888111888111888
MA1180.2	MYB3R4	Tryptophan cluster factors	MYB	cluster_11	0.5131356697999617	0.5032012450251795	0.06493506493506493	0.33466533466533466	0.15151515151515152	0.5419285355994217
MA2079.1	PK19717.1	TCP	NA	cluster_01	0.5130540884104678	0.5076321945766149	0.058941058941058944	0.16283716283716285	0.13923228474312066	0.32355405011655014
MA2414.1	EREB127	AP2/EREBP	ERF/DREB	cluster_15	0.5130296698365115	0.5191268117488305	0.058941058941058944	0.023976023976023976	0.13923228474312066	0.0675044512682889
MA1288.2	TCP22	TCP	NA	cluster_01	0.5130251516388362	0.5079321271850842	0.05094905094905095	0.12187812187812187	0.124596557288865	0.25688675964919055
MA0054.1	myb.Ph3	Tryptophan cluster factors	Myb	cluster_11	0.5129095060848441	0.516183359682291	0.060939060939060936	0.04395604395604396	0.14306616460462612	0.11292411292411295
MA1774.2	MYB60	Tryptophan cluster factors	MYB	cluster_02	0.5126983184182039	0.5065748071963071	0.07592407592407592	0.2057942057942058	0.17189931729991076	0.3792777271038141
MA2350.1	OsFBH1	Basic helix-loop-helix factors (bHLH)	bHLH	cluster_07	0.5124385474349836	0.5419121450135361	0.07292707292707293	0.14985014985014986	0.1660995720697213	0.30408421365868177
MA2041.2	MYB13	Tryptophan cluster factors	MYB	cluster_02	0.5123389440210533	0.5162284903225304	0.07292707292707293	0.017982017982017984	0.1660995720697213	0.05236747984839588
MA2409.1	ZmbZIP25	Basic leucine zipper factors (bZIP)	D	cluster_14	0.5123247802328345	0.5110075553829171	0.06993006993006994	0.08491508491508491	0.16071278119470891	0.19626481303128013
MA1197.2	CAMTA1	GCM domain factors	CAMTA	cluster_07	0.5122959957600017	0.5019311176196414	0.06693306693306693	0.3806193806193806	0.1552277509724318	0.5987888400259535
MA2404.1	OsTRBF3	Tryptophan cluster factors	MYB-related	cluster_02	0.5122657898317198	0.5406516528809566	0.07192807192807193	0.08291708291708291	0.16480816480816482	0.19288333617601908
MA1310.2	WRKY42	GCM domain factors	WRKY	cluster_10	0.5120226194174876	0.5224342841782973	0.06693306693306693	0.03396603396603397	0.1552277509724318	0.08998640248640248
MA1297.2	WRKY26	GCM domain factors	WRKY	cluster_10	0.5119641366790328	0.5119826543501933	0.08091908091908091	0.06793206793206794	0.1815919374742904	0.16248328474033805
MA2433.1	SPL15D	C3H(C),C2HC zinc-fingers like factors	SBP	cluster_38	0.5119017957043617	0.5156275640956477	0.06993006993006994	0.014985014985014986	0.16071278119470891	0.04519196218800962
MA2396.1	IDD1	C2H2 zinc finger factors	IDD	cluster_08	0.5117394959518962	0.5059309657012397	0.06993006993006994	0.22777222777222778	0.16071278119470891	0.40795823894415445
MA1096.1	ARALYDRAFT_496250	TCP	NA	cluster_01	0.511665834099904	0.508038120994837	0.07492507492507493	0.1938061938061938	0.17014235764235766	0.36876340616988995
MA0932.1	AHL12	A.T hook factors	AHL	cluster_09	0.5116656310348396	0.5652090594854173	0.09290709290709291	0.23576423576423577	0.2031177991063378	0.41834444625142303
MA1037.2	MYB24	Tryptophan cluster factors	MYB	cluster_02	0.5116451214633682	0.5467834366297984	0.09290709290709291	0.025974025974025976	0.2031177991063378	0.07232913072329132
MA0573.2	ATHB-9	Homeo domain factors	HD-ZIP	cluster_09	0.5115983657323648	0.5084458109772121	0.07992007992007992	0.12887112887112886	0.1804113046716597	0.26647336403433963
MA0582.2	RAV1	B3	RAV	cluster_17	0.5115890247394167	0.6248153878014816	0.0899100899100899	0.04895104895104895	0.1988446336272423	0.1228606919396393
MA1040.1	MYB46	Tryptophan cluster factors	Myb	cluster_02	0.5113835736608372	0.5197875500325274	0.08091908091908091	0.04495504495504495	0.1815919374742904	0.11471805786187056
MA1049.2	ERF094	AP2/EREBP	ERF/DREB	cluster_24	0.5113530123686931	0.5112390997105206	0.1048951048951049	0.1838161838161838	0.22545060573229586	0.3559689041922544
MA1828.2	Zm00001d038683	TCP	NA	cluster_01	0.5112706187189432	0.5103219407889581	0.09090909090909091	0.1968031968031968	0.20047293746715714	0.3698542836473871
MA1093.2	WRKY75	GCM domain factors	WRKY	cluster_10	0.5112392959328098	0.5345570522058839	0.0999000999000999	0.1108891108891109	0.2165448188175461	0.23833349748842705
MA2435.1	SPL16D	C3H(C),C2HC zinc-fingers like factors	SBP	cluster_38	0.511182234649804	0.513798990752679	0.08691308691308691	0.03396603396603397	0.19277524800780615	0.08998640248640248
MA1172.2	MYB3R5	Tryptophan cluster factors	MYB	cluster_11	0.5111662432760093	0.5032159653919246	0.08591408591408592	0.31368631368631367	0.19111500744153806	0.5158246925488305
MA2434.1	SPL16A	C3H(C),C2HC zinc-fingers like factors	SBP	cluster_38	0.5111215181956456	0.5074692031517097	0.09290709290709291	0.15484515484515485	0.2031177991063378	0.311733121759507
MA2030.2	MYB96	Tryptophan cluster factors	MYB	cluster_02	0.5110045527187363	0.5102199836243873	0.1038961038961039	0.07492507492507493	0.22393425783256296	0.17699019247006864
MA0936.1	NAC046	GCM domain factors	NAC	cluster_20	0.510964904264976	0.5162198377356737	0.1088911088911089	0.10589410589410589	0.23207797788803375	0.23019146096069174
MA1304.2	WRKY59	GCM domain factors	WRKY	cluster_10	0.5108361610143501	0.5145854605803256	0.08491508491508491	0.07892107892107893	0.1894450578661105	0.18585426918760253
MA0976.3	CRF4	AP2/EREBP	ERF/DREB	cluster_24	0.5107056409444154	0.5035569137739371	0.0989010989010989	0.32867132867132864	0.21499013806706116	0.5381464029532699
MA2008.2	MYB99	Tryptophan cluster factors	MYB	cluster_02	0.5106480212324825	0.5103173114209607	0.12187812187812187	0.1938061938061938	0.2540792540792541	0.36876340616988995
MA2374.1	AHL13	A.T hook factors	AHL	cluster_09	0.5105826342818502	0.6018556772243497	0.11388611388611389	0.11988011988011989	0.24137529137529137	0.2540792540792541
MA1383.2	KAN2	Tryptophan cluster factors	GARP_G2-like	cluster_04	0.510479527995565	0.5087777921363991	0.11588411588411589	0.2947052947052947	0.24291093521862755	0.4909610040614407
MA2354.1	PK06182.1	Tryptophan cluster factors	MYB	cluster_02	0.5103419006483865	0.5095581959409847	0.0989010989010989	0.14985014985014986	0.21499013806706116	0.30408421365868177
MA1175.2	MYB81	Tryptophan cluster factors	MYB	cluster_11	0.5103381439447011	0.5071035143433011	0.12287712287712288	0.3276723276723277	0.25546388216687943	0.5376644860515828
MA2440.1	SPL2B	C3H(C),C2HC zinc-fingers like factors	SBP	cluster_38	0.5103116439538389	0.512991713346746	0.11488511488511488	0.03896103896103896	0.2421473554070239	0.10250783699059561
MA1030.2	P0510F09.23	Tryptophan cluster factors	MYB	cluster_02	0.5102228537545715	0.5602508660863336	0.12887112887112886	0.3126873126873127	0.26432438529212726	0.5152924828950747
MA1776.2	MYB67	Tryptophan cluster factors	MYB	cluster_02	0.5101657417052998	0.509510815999196	0.1068931068931069	0.17682317682317683	0.22909955213326	0.34505392305903815
MA1764.2	MYB116	Tryptophan cluster factors	MYB	cluster_02	0.5100827388603585	0.5096748727694679	0.11488511488511488	0.0979020979020979	0.2421473554070239	0.21714912993982763
MA2412.1	ZmbZIP72	Basic leucine zipper factors (bZIP)	S	cluster_14	0.5100553250767096	0.5103522967388922	0.1038961038961039	0.09090909090909091	0.22393425783256296	0.20401069518716577
MA2018.2	NAC69	GCM domain factors	NAC	cluster_20	0.5100302973075601	0.5185930239832685	0.11588411588411589	0.06893106893106893	0.24291093521862755	0.16435751748251748
MA2005.2	NAC016	GCM domain factors	NAC	cluster_16	0.5100190271965043	0.5086244398025044	0.12187812187812187	0.12787212787212787	0.2540792540792541	0.26584859282406964
MA1795.2	RAP2-4	AP2/EREBP	ERF/DREB	cluster_15	0.5099111996474789	0.5021596427597483	0.1258741258741259	0.44655344655344653	0.2609835816357556	0.6707092120477947
MA1202.1	AGL55	MADS box factors	Type I	cluster_43	0.5098971373917918	0.6399127631122769	0.08491508491508491	0.1998001998001998	0.1894450578661105	0.3727324020722554
MA1223.2	ERF035	AP2/EREBP	ERF/DREB	cluster_15	0.5098932283893086	0.5094845669933729	0.12787212787212787	0.11488511488511488	0.2636930636930637	0.24553877495053963
MA0944.2	ARF8	B3	ARF	cluster_17	0.5098922130639879	0.5587458207848968	0.1108891108891109	0.0989010989010989	0.2356779710540156	0.21872909698996654
MA1054.2	ARALYDRAFT_897773	TCP	NA	cluster_01	0.509845203501654	0.5038575440617417	0.13186813186813187	0.33266733266733267	0.26759410801963995	0.5400535634578189
MA1097.1	ARALYDRAFT_493022	TCP	NA	cluster_01	0.5096976767326019	0.5016264097675458	0.14385614385614387	0.45754245754245754	0.2880898628930125	0.684519402166461
MA1289.2	TCP3	TCP	NA	cluster_01	0.5096964075759516	0.5070388937675856	0.13086913086913088	0.19080919080919082	0.26698702367151567	0.3667189233939864
MA1092.2	WRKY63	GCM domain factors	WRKY	cluster_10	0.5096906709878911	0.5762961568060366	0.14385614385614387	0.18181818181818182	0.2880898628930125	0.3529956049040019
MA1039.1	MYB4	Tryptophan cluster factors	Myb	cluster_02	0.5096464028039224	0.5204520571754446	0.1088911088911089	0.016983016983016984	0.23207797788803375	0.049647670337325506
MA1048.1	ERF018	AP2/EREBP	ERF/DREB	cluster_15	0.5093095686288849	0.5091426449399189	0.13086913086913088	0.33666333666333664	0.26698702367151567	0.5419285355994217
MA1042.1	MYB59	Tryptophan cluster factors	Myb	cluster_02	0.5092252966272922	0.5258650300618213	0.15384615384615385	0.004995004995004995	0.30294064909449525	0.01789290521684888
MA1698.2	ARF7	B3	ARF	cluster_17	0.5091165552854782	0.5099525763068554	0.13486513486513488	0.1008991008991009	0.2722277722277723	0.22250293059541615
MA2429.1	SPL13D	C3H(C),C2HC zinc-fingers like factors	SBP	cluster_38	0.509092085945258	0.5184519351290061	0.12687312687312688	0.007992007992007992	0.26234199404931113	0.026284060766819387
MA1241.2	ERF043	AP2/EREBP	ERF/DREB	cluster_15	0.5090774144943782	0.5092627128817441	0.14585414585414586	0.1088911088911089	0.29132647457254784	0.23470032792066695
MA0949.2	ARR2	Tryptophan cluster factors	GARP_ARR-B	cluster_13	0.5089886242951104	0.508921036668386	0.14685314685314685	0.4075924075924076	0.2925560079607077	0.6295404999858442
MA0948.2	ARR18	Tryptophan cluster factors	GARP_ARR-B	cluster_13	0.5089761865599356	0.5216224419937946	0.13386613386613386	0.08691308691308691	0.2709280109810614	0.19736513486513488
MA1158.2	MGP	C2H2 zinc finger factors	IDD	cluster_08	0.5089394317833356	0.5067751339637111	0.15084915084915085	0.20279720279720279	0.2989555898646808	0.37740064813235547
MA1414.2	E2FA	Fork head/winged helix factors	E2F	cluster_44	0.508917196158821	0.5279433919917278	0.14085914085914086	0.12687312687312688	0.28357658172961603	0.2644923382628301
MA1001.4	ERF076	AP2/EREBP	ERF/DREB	cluster_24	0.5089000371609055	0.5016306649841937	0.12887112887112886	0.4145854145854146	0.26432438529212726	0.6364761998564815
MA1035.1	TCP4	TCP	NA	cluster_01	0.5088624701240525	0.5055488726090681	0.14885114885114886	0.2757242757242757	0.29576413170163174	0.4675058275058275
MA0584.2	SEP1	MADS box factors	Type II	cluster_23	0.508856276639597	0.5101541449510306	0.15784215784215785	0.08091908091908091	0.3056689503390011	0.1888111888111888
MA1330.2	ZHD6	Homeo domain factors	PLINC	cluster_09	0.508700881099313	0.49870497291670984	0.15684315684315683	0.6073926073926074	0.30528400171257314	0.8395662308705787
MA1809.2	GLYMA-07G038400	C3H zinc finger factors	GRF	cluster_22	0.5085589386195232	0.519365277764715	0.17482517482517482	0.1088911088911089	0.33181992137216015	0.23470032792066695
MA0943.2	ARF5	B3	ARF	cluster_15	0.5085322863298628	0.5164294171685611	0.15184815184815184	0.08591408591408592	0.3001558027464763	0.19626481303128013
MA2362.1	TEIL	EIL	NA	cluster_26	0.5083978572574436	0.5119728645972031	0.15484515484515485	0.3306693306693307	0.30294064909449525	0.5391040583348276
MA1167.2	EFM	Tryptophan cluster factors	GARP_G2-like	cluster_04	0.508331150383894	0.5112600930418258	0.17682317682317683	0.12487512487512488	0.3323056254090737	0.26175747329593485
MA1293.2	MYB57	Tryptophan cluster factors	MYB	cluster_02	0.5082879990577786	0.5157578792024418	0.16283716283716285	0.022977022977022976	0.3137493819312001	0.06541592735622585
MA0576.2	RAX3	Tryptophan cluster factors	MYB	cluster_02	0.5082878975252464	0.5060902872133476	0.17582417582417584	0.21078921078921078	0.3323056254090737	0.3856886518757022
MA0946.1	ARR11	Tryptophan cluster factors	GARP_ARR-B	cluster_13	0.5082405833653164	0.5131451002290213	0.16183816183816183	0.1068931068931069	0.31261396831017085	0.23170295613477432
MA1085.3	WRKY40	GCM domain factors	WRKY	cluster_10	0.5082359636351083	0.6665166765697709	0.13186813186813187	0.16883116883116883	0.26759410801963995	0.33200562324273664
MA2450.1	SPL7A	C3H(C),C2HC zinc-fingers like factors	SBP	cluster_38	0.5081938784005793	0.5058631172831408	0.16483516483516483	0.1998001998001998	0.3160030923850019	0.3727324020722554
MA1227.3	ERF027	AP2/EREBP	ERF/DREB	cluster_15	0.5081878879811883	0.5220779154505166	0.1798201798201798	0.0959040959040959	0.3362813656931304	0.21333768272543782
MA1756.2	GRF9	C3H zinc finger factors	GRF	cluster_22	0.5081244809149298	0.5329249858901504	0.19480519480519481	0.3756243756243756	0.3598943429451904	0.5933776368558977
MA1295.2	WRKY20	GCM domain factors	WRKY	cluster_10	0.5080802634972272	0.5107146046236953	0.17082917082917082	0.19480519480519481	0.32504403327345965	0.3688247236634334
MA1292.2	MYB27	Tryptophan cluster factors	MYB	cluster_02	0.508056961781125	0.513355221192281	0.15784215784215785	0.04195804195804196	0.3056689503390011	0.1088911088911089
MA0980.3	RAP2-10	AP2/EREBP	ERF/DREB	cluster_15	0.5079596428491653	0.5139153634104493	0.18281718281718282	0.14585414585414586	0.3410501478961137	0.29835579969628223
MA1749.1	E2FC	Fork head/winged helix factors	E2F	cluster_27	0.5079372549258513	0.5093788653914513	0.15484515484515485	0.1018981018981019	0.30294064909449525	0.2234145165179648
MA1066.1	TCP23	TCP	NA	cluster_01	0.5078899915321867	0.5041406346323681	0.15684315684315683	0.3126873126873127	0.30528400171257314	0.5152924828950747
MA1023.1	PHYPADRAFT_28324	AP2/EREBP	ERF/DREB	cluster_15	0.5078410020854781	0.5105181301497557	0.17682317682317683	0.17482517482517482	0.3323056254090737	0.34202976510668814
MA1098.1	ARALYDRAFT_484486	TCP	NA	cluster_01	0.5078133344704978	0.5078490163394497	0.16483516483516483	0.21578421578421578	0.3160030923850019	0.3929435719411853
MA1095.1	ARALYDRAFT_495258	TCP	NA	cluster_01	0.5078133344704978	0.5078490163394497	0.2007992007992008	0.2597402597402597	0.36829276492738033	0.45143922137088416
MA2426.1	SPL11B	C3H(C),C2HC zinc-fingers like factors	SBP	cluster_38	0.5077343929268379	0.5184789033812566	0.1928071928071928	0.007992007992007992	0.3570676895919614	0.026284060766819387
MA2063.1	PK07402.1	AP2/EREBP	NA	cluster_15	0.5076841343234787	0.5314963510134927	0.18581418581418582	0.26873126873126874	0.3449543157572355	0.46180621180621184
MA0001.3	AGL3	MADS box factors	Type II	cluster_23	0.5076337741875873	0.507453774855055	0.17682317682317683	0.25274725274725274	0.3323056254090737	0.4433244916003537
MA1408.2	FaEOBII	Tryptophan cluster factors	MYB-related	cluster_02	0.5076068680665975	0.522623355405716	0.18581418581418582	0.02197802197802198	0.3449543157572355	0.06351981351981352
MA1032.2	DREB1G	AP2/EREBP	ERF/DREB	cluster_15	0.5075836678830261	0.5128320867597779	0.17082917082917082	0.06493506493506493	0.32504403327345965	0.15678941311852704
MA2024.2	MYB63	Tryptophan cluster factors	MYB	cluster_02	0.5074622349747084	0.5074626530409054	0.17082917082917082	0.14085914085914086	0.32504403327345965	0.28969144063483687
MA1089.2	WRKY57	GCM domain factors	WRKY	cluster_10	0.5074282215764753	0.6663021665781683	0.15484515484515485	0.17282717282717283	0.30294064909449525	0.33899005878440325
MA1390.3	HHO2	Tryptophan cluster factors	GARP_G2-like	cluster_04	0.5074158853738326	0.5236712887731143	0.2007992007992008	0.17882117882117882	0.36829276492738033	0.3480626516340802
MA1164.2	HHO5	Tryptophan cluster factors	GARP_G2-like	cluster_04	0.5073928882553259	0.5349275295363369	0.1958041958041958	0.4435564435564436	0.3608661869531435	0.6675218272851409
MA2432.1	SPL15B	C3H(C),C2HC zinc-fingers like factors	SBP	cluster_52	0.507098697743744	0.6191416025125793	0.17882117882117882	0.13286713286713286	0.3352347897802443	0.273993573993574
MA1662.2	AT3G10030	Tryptophan cluster factors	Trihelix	cluster_11	0.5069564506663577	0.5284150600258943	0.2077922077922078	0.11988011988011989	0.378390106313734	0.2540792540792541
MA1008.2	PHYPADRAFT_182268	AP2/EREBP	ERF/DREB	cluster_15	0.5069267016344707	0.518684972702564	0.21678321678321677	0.23976023976023977	0.3873667316290267	0.4234654234654235
MA2365.1	VIT_17s0000g10420	Tryptophan cluster factors	Trihelix	cluster_18	0.5068938050940902	0.520740551767197	0.22877122877122877	0.16083916083916083	0.40499407784790614	0.32041848490934655
MA2367.1	WIP5	C2H2 zinc finger factors	C2H2	cluster_05	0.5066957658903491	0.5063364399598467	0.22377622377622378	0.21178821178821178	0.3970726947471133	0.38658948706795593
MA1377.2	PLT1	AP2/EREBP	AP2	cluster_31	0.5066531729931585	0.5059271376835256	0.2137862137862138	0.19480519480519481	0.3838091320444262	0.3688247236634334
MA2455.1	SPL9D	C3H(C),C2HC zinc-fingers like factors	SBP	cluster_38	0.5066432228050186	0.5188520030001057	0.23176823176823177	0.012987012987012988	0.4084045284969072	0.039636363636363636
MA1169.1	MYB105	Tryptophan cluster factors	Myb	cluster_11	0.5065862630545442	0.5068024888098078	0.21578421578421578	0.19080919080919082	0.3864867526839358	0.3667189233939864
MA1697.2	ARF4	B3	ARF	cluster_17	0.5065733176567102	0.5034568533241294	0.23076923076923078	0.5394605394605395	0.40758547008547014	0.779561347743166
MA2386.1	estExt_gwp_gw1.C_550163	AP2/EREBP	ERF/DREB	cluster_15	0.5065727084615181	0.5183280846329515	0.2097902097902098	0.23176823176823177	0.3802136106174111	0.414143233815365
MA1286.2	TCP24	TCP	NA	cluster_01	0.5065321969812346	0.5033264732145308	0.21178821178821178	0.3906093906093906	0.3829251317402976	0.6094784561042229
MA1285.2	TCP9	TCP	NA	cluster_01	0.5065001634673757	0.5023436640687513	0.20679320679320679	0.35664335664335667	0.3774718104861645	0.5692863621733916
MA1168.2	MYR2	Tryptophan cluster factors	GARP_G2-like	cluster_04	0.5063946711665882	0.524360380082741	0.2137862137862138	0.14485514485514486	0.3838091320444262	0.29710880517332133
MA2082.1	PK20392.1	Homeo domain factors	HD-ZIP	cluster_09	0.5063649729009672	0.7397514590451573	0.03196803196803197	0.03196803196803197	0.08324781021026754	0.08558459084774873
MA2445.1	SPL4D	C3H(C),C2HC zinc-fingers like factors	SBP	cluster_38	0.5062629327062688	0.5018610493471459	0.2177822177822178	0.4115884115884116	0.3882425985229724	0.6331491089555605
MA2399.1	LjSGA_053525.1	TCP	NA	cluster_01	0.506164344617659	0.5028415719334587	0.22377622377622378	0.4045954045954046	0.3970726947471133	0.6261790947389325
MA1784.1	NAC011	GCM domain factors	NAC	cluster_16	0.5061146952094903	0.514209647467342	0.24075924075924077	0.025974025974025976	0.42132867132867136	0.07232913072329132
MA1692.2	ARF29	B3	ARF	cluster_15	0.5060828647606975	0.5151202754373041	0.24475524475524477	0.08591408591408592	0.4244278448823904	0.19626481303128013
MA1326.2	ZHD5	Homeo domain factors	PLINC	cluster_09	0.506053674157737	0.5246906610486157	0.2127872127872128	0.4165834165834166	0.3838091320444262	0.6382593310304153
MA2403.1	DVH24_040989	Tryptophan cluster factors	Trihelix	cluster_18	0.5060006741760127	0.6470193096802342	0.2097902097902098	0.24775224775224775	0.3802136106174111	0.4355644355644355
MA1229.2	ERF034	AP2/EREBP	ERF/DREB	cluster_15	0.505994277626494	0.5053389974590837	0.23476523476523475	0.2817182817182817	0.4127324288614611	0.47555541803329415
MA2026.2	MYB108	Tryptophan cluster factors	MYB	cluster_02	0.5059736665224909	0.5066139898541143	0.24775224775224775	0.21078921078921078	0.4286507143650001	0.3856886518757022
MA2368.1	WRKY51	GCM domain factors	WRKY	cluster_10	0.5058800027616849	0.6181150387386009	0.20679320679320679	0.42357642357642356	0.3774718104861645	0.6438024127267155
MA1231.3	ERF15	AP2/EREBP	ERF/DREB	cluster_24	0.5058321301728285	0.5072160696676781	0.24075924075924077	0.26573426573426573	0.42132867132867136	0.4576867827432161
MA1080.1	WRKY23	GCM domain factors	WRKY	cluster_10	0.5057769980079321	0.5102489173310591	0.24275724275724275	0.1958041958041958	0.42288533384423793	0.36888543555210224
MA1230.2	ERF037	AP2/EREBP	ERF/DREB	cluster_15	0.5057557269424701	0.506791539416809	0.26173826173826176	0.21878121878121878	0.44253538955525706	0.3965084796438716
MA1685.2	ARF10	B3	ARF	cluster_01	0.505750091886941	0.5012734664020384	0.24475524475524477	0.42957042957042957	0.4244278448823904	0.6503219003219003
MA1086.2	WRKY43	GCM domain factors	WRKY	cluster_10	0.5056973965028134	0.6036673614788877	0.24975024975024976	0.37162837162837165	0.4301567506985114	0.5882830862083974
MA2418.1	IG1	Other C4 zinc finger-type factors	LBD	cluster_24	0.5056717087722084	0.5070844128282747	0.2597402597402597	0.2077922077922078	0.4413848957278801	0.3820372398685652
MA2388.1	GATA1	Other C4 zinc finger-type factors	C4-GATA-related	cluster_13	0.5056266790942481	0.5030815551315783	0.24175824175824176	0.33666333666333664	0.4221087836648478	0.5419285355994217
MA1090.2	WRKY60	GCM domain factors	WRKY	cluster_10	0.5056160181783845	0.5265650392367713	0.2627372627372627	0.5514485514485514	0.44253538955525706	0.7864584014116724
MA1771.2	MYB41	Tryptophan cluster factors	MYB	cluster_02	0.5055915996044288	0.5100775323768506	0.24975024975024976	0.1018981018981019	0.4301567506985114	0.2234145165179648
MA1323.2	GATA19	Other C4 zinc finger-type factors	C4-GATA-related	cluster_13	0.5054926561519578	0.5075530655119421	0.2597402597402597	0.2807192807192807	0.4413848957278801	0.47491975873350595
MA2415.1	EREB138	AP2/EREBP	ERF/DREB	cluster_24	0.5053973678706384	0.50497874336579	0.25774225774225773	0.23976023976023977	0.4409357458684813	0.4234654234654235
MA1797.1	RAV2	B3	RAV	cluster_17	0.5053899052295346	0.5183211019300549	0.2547452547452547	0.1888111888111888	0.43777168777168773	0.364716296361866
MA1374.2	IDD7	C2H2 zinc finger factors	IDD	cluster_08	0.5052885757625597	0.5001653635778628	0.2817182817182817	0.47152847152847155	0.4652620107165562	0.7040630602274438
MA0970.2	CAMTA3	GCM domain factors	CAMTA	cluster_07	0.5052601974198553	0.5141985458348024	0.26673326673326675	0.6713286713286714	0.448276393210314	0.8954961122793291
MA2104.1	IDD11	C2H2 zinc finger factors	IDD	cluster_08	0.5051453641261198	0.5039565749387447	0.26073926073926074	0.3086913086913087	0.44209790209790206	0.512024931590149
MA2438.1	SPL1D	C3H(C),C2HC zinc-fingers like factors	SBP	cluster_38	0.5051290173884603	0.5134801440339536	0.25874125874125875	0.03296703296703297	0.4413848957278801	0.0879505110274341
MA2427.1	SPL12B	C3H(C),C2HC zinc-fingers like factors	SBP	cluster_38	0.50508515533462	0.5143525772408023	0.25574425574425574	0.028971028971028972	0.43850082501767895	0.07922901471288568
MA2451.1	SPL7B	C3H(C),C2HC zinc-fingers like factors	SBP	cluster_38	0.5050285509480085	0.5165367868348159	0.2807192807192807	0.011988011988011988	0.4652620107165562	0.037031794116814364
MA1813.2	EIL4	EIL	NA	cluster_46	0.5050194637863918	0.5102603974083082	0.2727272727272727	0.42157842157842157	0.45734265734265733	0.6433286713286713
MA1091.1	WRKY62	GCM domain factors	WRKY	cluster_10	0.5049932176268598	0.5093850482935114	0.2817182817182817	0.35664335664335667	0.4652620107165562	0.5692863621733916
MA2395.1	PHYPA_011264	AP2/EREBP	ERF/DREB	cluster_15	0.5049851457905629	0.5086705632958108	0.2947052947052947	0.27472527472527475	0.48047038431653816	0.4668494089429502
MA0574.1	MYB15	Tryptophan cluster factors	Myb	cluster_02	0.5049663115058697	0.5047181993288686	0.2757242757242757	0.25374625374625376	0.4603449067344035	0.44405594405594406
MA1284.2	TCP1	TCP	NA	cluster_01	0.5049301151581969	0.49561294712272336	0.27472527472527475	0.7182817182817183	0.4596828609986505	0.9336438689079234
MA1370.2	IDD5	C2H2 zinc finger factors	IDD	cluster_08	0.5049212818279089	0.5016780813357297	0.2857142857142857	0.4205794205794206	0.46881720430107526	0.6430903765573105
MA1765.2	MYB121	Tryptophan cluster factors	MYB	cluster_02	0.5048347761106136	0.5114310016139423	0.2857142857142857	0.0899100899100899	0.46881720430107526	0.20296271775561714
MA1294.2	MYB62	Tryptophan cluster factors	MYB	cluster_02	0.5048333546551647	0.5110804698881893	0.28471528471528473	0.15184815184815184	0.46881720430107526	0.30732132588896516
MA0587.2	TCP16	TCP	NA	cluster_01	0.5046893815247342	0.5078442564260973	0.3106893106893107	0.27372627372627373	0.4969726290481008	0.46619005994005996
MA1178.3	MYB3R1	Tryptophan cluster factors	MYB	cluster_11	0.5045334783217889	0.5068769407798259	0.27672327672327673	0.25674325674325676	0.4610040614407427	0.44724909793402945
MA2049.2	NAC053	GCM domain factors	NAC	cluster_25	0.5044988049620979	0.6270427398641641	0.2627372627372627	0.3946053946053946	0.44253538955525706	0.6144569715998288
MA1041.1	MYB55	Tryptophan cluster factors	Myb	cluster_02	0.5044890578390218	0.5040968824034423	0.2947052947052947	0.36663336663336665	0.48047038431653816	0.5827942890442891
MA1263.2	ERF055	AP2/EREBP	ERF/DREB	cluster_15	0.5044623040168299	0.49527561290354916	0.3076923076923077	0.7772227772227772	0.494251012145749	0.954945215814781
MA2360.1	PK28565.1	Tryptophan cluster factors	MYB	cluster_11	0.5044023998229271	0.5037085985086353	0.2907092907092907	0.5484515484515484	0.475989675560491	0.7851191960009971
MA1163.3	PHL11	Tryptophan cluster factors	GARP_G2-like	cluster_04	0.5043410234073104	0.5099006752727206	0.3096903096903097	0.11788211788211789	0.49641534935652587	0.2512403797319998
MA2436.1	SPL18A	C3H(C),C2HC zinc-fingers like factors	SBP	cluster_38	0.504296298326945	0.5101872637981981	0.32367632367632365	0.08591408591408592	0.5134408211331287	0.19626481303128013
MA1283.2	TCP14	TCP	NA	cluster_01	0.5042329420269549	0.49775352660062744	0.2997002997002997	0.5964035964035964	0.4871200985850667	0.8303940584962484
MA1064.2	TCP2	TCP	NA	cluster_01	0.504211670961493	0.5073927712206201	0.3006993006993007	0.36363636363636365	0.4871200985850667	0.5792370468779654
MA1078.2	WRKY2	GCM domain factors	WRKY	cluster_10	0.504191059857489	0.5259600553264382	0.2787212787212787	0.5414585414585414	0.46332099273275745	0.7809341601794432
MA1220.2	TINY	AP2/EREBP	ERF/DREB	cluster_15	0.504133744743153	0.5038359351831186	0.3076923076923077	0.32967032967032966	0.494251012145749	0.5386262559710097
MA1051.1	RAP2-3	AP2/EREBP	ERF/DREB	cluster_24	0.5041104937933155	0.4998099594505422	0.33266733266733267	0.5884115884115884	0.525517960300569	0.8252905183052242
MA2441.1	SPL3A	C3H(C),C2HC zinc-fingers like factors	SBP	cluster_38	0.5040595752284983	0.5059370597487615	0.3146853146853147	0.1938061938061938	0.5023114960353454	0.36876340616988995
MA1677.2	NAC078	GCM domain factors	NAC	cluster_25	0.503922303245183	0.5753154646127457	0.3046953046953047	0.39760239760239763	0.4925477065307574	0.6166069702655069
MA2349.1	OsCCA1	Tryptophan cluster factors	MYB-related	cluster_13	0.5038304670699536	0.6163253261957737	0.32167832167832167	0.35364635364635366	0.5113344988344988	0.5668743021684198
MA1009.1	ARF3	B3	ARF	cluster_15	0.5037406107790993	0.5091303411253024	0.30569430569430567	0.2037962037962038	0.49311787578172356	0.37741869780704734
MA0571.2	ANT	AP2/EREBP	AP2	cluster_31	0.5037236548462495	0.500876859214883	0.33666333666333664	0.43456543456543456	0.5307316650291857	0.6565810427196566
MA1396.2	GATA6	Other C4 zinc finger-type factors	C4-GATA-related	cluster_13	0.503719999675096	0.5030172164024442	0.34865134865134867	0.3856143856143856	0.5440101820469919	0.6029175742290497
MA1020.1	GT-1	Tryptophan cluster factors	Trihelix	cluster_18	0.5037067496796648	0.5187287003446941	0.35664335664335667	0.24375624375624375	0.5508479374876136	0.42952890066054034
MA2035.2	NAC075	GCM domain factors	NAC	cluster_16	0.50357318363377	0.5034597960180173	0.34165834165834164	0.3106893106893107	0.5363895363895363	0.5142211367807897
MA0942.2	ARF1	B3	ARF	cluster_15	0.503569477696349	0.5246342425101427	0.3006993006993007	0.15684315684315683	0.4871200985850667	0.31492454913507545
MA1783.1	NAC005	GCM domain factors	NAC	cluster_16	0.5035542478165421	0.5020169222946069	0.35264735264735264	0.38461538461538464	0.5480039308959879	0.6025904280524403
MA1391.3	MYB33	Tryptophan cluster factors	MYB	cluster_11	0.5034616501473234	0.5012983858790014	0.32967032967032966	0.48151848151848153	0.5218640280880944	0.7175753933566433
MA1007.1	PHYPADRAFT_173530	AP2/EREBP	ERF/DREB	cluster_15	0.5034306827250521	0.5047816959452931	0.3546453546453546	0.39760239760239763	0.5499886292569219	0.6166069702655069
MA2007.2	MYB107	Tryptophan cluster factors	MYB	cluster_02	0.5034239815779376	0.5102583704516224	0.3596403596403596	0.42357642357642356	0.5532370854951499	0.6438024127267155
MA2042.2	MYB58	Tryptophan cluster factors	MYB	cluster_02	0.5033801702903629	0.5101882852770012	0.3516483516483517	0.12887112887112886	0.5475667189952905	0.26647336403433963
MA2059.1	PK05432.1	GCM domain factors	WRKY	cluster_10	0.5033777842758598	0.565103812144871	0.3436563436563437	0.5834165834165834	0.538418460389713	0.8197916264214608
MA2025.2	MYB93	Tryptophan cluster factors	MYB	cluster_02	0.5033774289119977	0.5179393792197908	0.3156843156843157	0.2047952047952048	0.5028541395973546	0.37835046309622583
MA0995.3	ERF039	AP2/EREBP	ERF/DREB	cluster_15	0.5033407249016658	0.5179942777822393	0.3646353646353646	0.1978021978021978	0.5586682393911309	0.37081837081837077
MA1325.2	GATA14	Other C4 zinc finger-type factors	C4-GATA-related	cluster_13	0.5032020314629011	0.5099146734772232	0.3386613386613387	0.1958041958041958	0.5327806214404153	0.36888543555210224
MA1324.1	GATA20	Other C4 zinc finger-type factors	C4-GATA-related	cluster_13	0.503101818853779	0.5055316795507837	0.3596403596403596	0.37662337662337664	0.5532370854951499	0.5937265214124718
MA1232.2	ERF054	AP2/EREBP	ERF/DREB	cluster_15	0.5031016665549805	0.4963059375746992	0.36163836163836166	0.7672327672327672	0.5551912875856538	0.9503224048678593
MA2043.2	NAC004	GCM domain factors	NAC	cluster_25	0.5030905487427225	0.626640534205782	0.34565434565434566	0.4255744255744256	0.5404390691275938	0.6455532539031545
MA2448.1	SPL5D	C3H(C),C2HC zinc-fingers like factors	SBP	cluster_38	0.5029394175687831	0.5139621981058534	0.37462537462537465	0.029970029970029972	0.568268709421791	0.08137769703606003
MA1233.3	ERF021	AP2/EREBP	ERF/DREB	cluster_15	0.5028225028581411	0.49958059053549764	0.38161838161838163	0.6093906093906094	0.5777278277278277	0.8408047648553978
MA2442.1	SPL3B	C3H(C),C2HC zinc-fingers like factors	SBP	cluster_38	0.5028180354267308	0.5141359192970686	0.3826173826173826	0.03196803196803197	0.5780931939347781	0.08558459084774873
MA2431.1	SPL15A	C3H(C),C2HC zinc-fingers like factors	SBP	cluster_38	0.5027743764379536	0.5073378225514356	0.35664335664335667	0.15884115884115885	0.5508479374876136	0.31726650313037746
MA1077.2	WRKY18	GCM domain factors	WRKY	cluster_10	0.502610096801116	0.6167837085778052	0.3726273726273726	0.5424575424575424	0.5674943818656394	0.7809341601794432
MA1823.2	Zm00001d027846	Other C4 zinc finger-type factors	DOF	cluster_25	0.5026019234322869	0.6560824592690918	0.36663336663336665	0.2627372627372627	0.5606037249323823	0.45457716886288313
MA0005.3	AG	MADS box factors	Type II	cluster_23	0.5023773334714154	0.495441694395572	0.3946053946053946	0.7312687312687313	0.5903606197723845	0.9409073220203069
MA1028.1	KAN4	Tryptophan cluster factors	GARP_G2-like	cluster_04	0.5023528641311965	0.5098416452568083	0.3906093906093906	0.5034965034965035	0.5866830020373327	0.7387842926304465
MA1006.2	ERF6	AP2/EREBP	ERF/DREB	cluster_15	0.5023109311954645	0.5066335480776578	0.3866133866133866	0.25674325674325676	0.5818264575661025	0.44724909793402945
MA1044.2	NAC92	GCM domain factors	NAC	cluster_20	0.5022836189443458	0.5080380349850595	0.3936063936063936	0.2707292707292707	0.5900229436575212	0.4631534384897613
MA2088.1	PK24580.1	AP2/EREBP	ERF/DREB	cluster_15	0.502278136187616	0.5051595660575889	0.4075924075924076	0.3356643356643357	0.6074082167832168	0.5419285355994217
MA0575.2	MYB77	Tryptophan cluster factors	MYB	cluster_11	0.5022037636078975	0.4963890163243312	0.4245754245754246	0.7302697302697303	0.6278121103702499	0.9409073220203069
MA2372.1	AZF1	C2H2 zinc finger factors	NA	cluster_19	0.5021905643787326	0.5081034580050158	0.37162837162837165	0.2177822177822178	0.5671048951048951	0.39563769563769563
MA1796.1	RAP2-7	AP2/EREBP	AP2	cluster_36	0.5020244571563177	0.5041810832606544	0.37462537462537465	0.33266733266733267	0.568268709421791	0.5400535634578189
MA2400.1	LjTCP20	TCP	NA	cluster_01	0.5019091161999218	0.5062315444973244	0.38461538461538464	0.26573426573426573	0.5799635147461235	0.4576867827432161
MA0986.1	DREB2C	AP2/EREBP	ERF/DREB	cluster_15	0.501837434232302	0.5050942735571264	0.4115884115884116	0.43756243756243757	0.6121675595359806	0.6598026479449404
MA1424.2	ERF019	AP2/EREBP	ERF/DREB	cluster_15	0.5017818451710108	0.4995248878131466	0.4205794205794206	0.5654345654345654	0.6243231476694512	0.8019081290456754
MA0969.2	CAMTA2	GCM domain factors	CAMTA	cluster_07	0.5017310281387259	0.5131715037289466	0.4035964035964036	0.7122877122877123	0.6026302464658628	0.9287333826582973
MA0123.1	abi4	AP2/EREBP	ERF/DREB	cluster_24	0.5014667389578288	0.5044472226372944	0.42157842157842157	0.2707292707292707	0.624590943037545	0.4631534384897613
MA1393.3	MYB70	Tryptophan cluster factors	MYB	cluster_11	0.5013972907059152	0.5385764021977789	0.44455544455544455	0.22377622377622378	0.6522996234534696	0.40269164797466683
MA1256.2	RAP2-12	AP2/EREBP	ERF/DREB	cluster_24	0.5013303807673019	0.49277821402650407	0.44655344655344653	0.8581418581418582	0.6539736654899803	1.0
MA2089.1	PK25870.1	GCM domain factors	WRKY	cluster_10	0.5013267763624142	0.5559883385086483	0.43456543456543456	0.5994005994005994	0.6401031401031401	0.8329179910998092
MA1156.2	JKD	C2H2 zinc finger factors	IDD	cluster_08	0.5011308693418449	0.5020859698976883	0.46253746253746253	0.4115884115884116	0.6722211122211122	0.6331491089555605
MA1259.2	ERF023	AP2/EREBP	ERF/DREB	cluster_15	0.5010528415909739	0.5006781428058149	0.45754245754245754	0.5324675324675324	0.6662307158490365	0.7738528138528138
MA1176.2	MYB119	Tryptophan cluster factors	MYB	cluster_11	0.5009752707364972	0.49474494457272716	0.43356643356643354	0.7612387612387612	0.6398669029229958	0.9503224048678593
MA1401.2	RVE7	Tryptophan cluster factors	MYB-related	cluster_13	0.5009148081136677	0.523592779524399	0.4675324675324675	0.7512487512487512	0.6769018457823012	0.9487025371322892
MA1258.2	DREB2A	AP2/EREBP	ERF/DREB	cluster_15	0.5008417046906	0.5056022063311484	0.5074925074925075	0.2857142857142857	0.7237696882556696	0.4791208791208791
MA1830.2	Zm00001d015407	Tryptophan cluster factors	GARP_G2-like	cluster_04	0.5007973857403638	0.4957766621184703	0.43956043956043955	0.7022977022977023	0.6462131317622647	0.919130612098022
MA1251.2	RAP2-9	AP2/EREBP	ERF/DREB	cluster_15	0.5007746932194542	0.5016660786728813	0.4725274725274725	0.4925074925074925	0.6815471862730842	0.7254502254502254
MA1689.2	ARF18	B3	ARF	cluster_17	0.5006882890346898	0.5038615414043204	0.4725274725274725	0.5794205794205795	0.6815471862730842	0.8171865103473237
MA2348.1	IDD6	C2H2 zinc finger factors	IDD	cluster_08	0.5006135610911084	0.4982796068769174	0.4855144855144855	0.6163836163836164	0.6950235505582597	0.8473886473886474
MA2034.2	NAC057	GCM domain factors	NAC	cluster_25	0.5005820352399112	0.5720156189304979	0.4485514485514486	0.4855144855144855	0.655641293572328	0.7207150825827868
MA1253.2	ERF036	AP2/EREBP	ERF/DREB	cluster_15	0.500573608039752	0.5049579953787229	0.4515484515484515	0.2937062937062937	0.6587599780716414	0.49036740065186457
MA1800.1	TEM1	B3	RAV	cluster_17	0.5005070026987347	0.5170256212063107	0.4645354645354645	0.22277722277722278	0.6738413677577175	0.4018416571608061
MA1794.2	NLP7	RWP-RK	NA	cluster_10	0.5004825841247793	0.521876551478654	0.4915084915084915	0.4875124875124875	0.7022864775673765	0.7222757824699573
MA0567.1	ERF1B	AP2/EREBP	ERF/DREB	cluster_24	0.5003961291737485	0.500676257086932	0.47952047952047955	0.5444555444555444	0.6890284856386552	0.782334426402223
MA2074.1	PK17878.1	AP2/EREBP	ERF/DREB	cluster_24	0.5003663801418613	0.49824034695339603	0.47352647352647353	0.7132867132867133	0.6816994326428288	0.9287333826582973
MA1679.2	RAP2-1	AP2/EREBP	ERF/DREB	cluster_15	0.5002089031846698	0.5025291568624822	0.4825174825174825	0.5574425574425574	0.6920316525579683	0.7935236405385659
MA1405.2	SIZF2	C2H2 zinc finger factors	C2H2	cluster_35	0.5000212202991956	0.5044812401766137	0.5114885114885115	0.3026973026973027	0.72810771318234	0.5031765620000914
MA0947.1	ARR14	Tryptophan cluster factors	GARP_ARR-B	cluster_13	0.49983429890771297	0.4993299282472293	0.5334665334665335	0.6153846153846154	0.7509870203597141	0.8473886473886474
MA2068.1	PK10344.1	TCP	NA	cluster_01	0.49957879229083796	0.49915916883142253	0.5194805194805194	0.6303696303696303	0.7353685275763197	0.8554902544264247
MA1248.2	ERF012	AP2/EREBP	ERF/DREB	cluster_15	0.49952797525855225	0.49825299791488514	0.5394605394605395	0.7712287712287712	0.7538615230922924	0.9506422495113933
MA1062.3	TCP15	TCP	NA	cluster_01	0.49944319559430117	0.49816726679294765	0.5134865134865135	0.5964035964035964	0.7295907072443385	0.8303940584962484
MA1160.2	IDD6	C2H2 zinc finger factors	IDD	cluster_08	0.49943552988813256	0.4975771503741256	0.5234765234765235	0.6323676323676324	0.7382857438310304	0.8554902544264247
MA1779.2	MYB83	Tryptophan cluster factors	MYB	cluster_02	0.49937461036890846	0.5187223871002621	0.5364635364635365	0.14985014985014986	0.7524295557383793	0.30408421365868177
MA1790.1	NAC073	GCM domain factors	NAC	cluster_16	0.4993301898861414	0.49370956195959115	0.5214785214785215	0.7932067932067932	0.7368298368298368	0.9676894078807955
MA1751.2	EIL3	EIL	NA	cluster_26	0.4993265347149881	0.5069785173471018	0.5504495504495505	0.5924075924075924	0.7664105967025676	0.8293706293706293
MA2078.1	PK19363.1	AP2/EREBP	ERF/DREB	cluster_24	0.49932526555833795	0.49847096804056845	0.5164835164835165	0.6503496503496503	0.7324849871318273	0.8720857350031339
MA1674.3	NAC017	GCM domain factors	NAC	cluster_25	0.4992556650076251	0.5371694526893541	0.5584415584415584	0.6243756243756243	0.7760714784308251	0.8522336339867644
MA0934.1	AHL25	A.T hook factors	AHL	cluster_09	0.49912981543416324	0.5597504857926742	0.5424575424575424	0.5004995004995005	0.7566638115084183	0.7358017704838515
MA2028.2	MYB49	Tryptophan cluster factors	MYB	cluster_02	0.49905224457968556	0.5087727486457542	0.5604395604395604	0.12187812187812187	0.7760714784308251	0.25688675964919055
MA1219.3	ERF011	AP2/EREBP	ERF/DREB	cluster_15	0.4990390961167867	0.51224380662307	0.5594405594405595	0.5394605394605395	0.7760714784308251	0.779561347743166
MA1427.3	NAC028	GCM domain factors	NAC	cluster_25	0.4989372082208861	0.5711766582565626	0.5384615384615384	0.5254745254745254	0.7538461538461537	0.7680786646303887
MA1243.2	DREB2E	AP2/EREBP	ERF/DREB	cluster_15	0.4986681470109845	0.5047387825550026	0.5354645354645354	0.26073926073926074	0.7524114927429845	0.45214558169103625
MA1387.2	HRS1	Tryptophan cluster factors	GARP_G2-like	cluster_04	0.4985369162133233	0.499339057919125	0.5724275724275725	0.5324675324675324	0.7898051315772836	0.7738528138528138
MA2421.1	SBP8	C3H(C),C2HC zinc-fingers like factors	SBP	cluster_26	0.4982728300974916	0.5021778468564201	0.5944055944055944	0.9120879120879121	0.8113264195553997	1.0
MA1065.3	TCP20	TCP	NA	cluster_01	0.49822663279541396	0.4966660064351358	0.5914085914085914	0.6823176823176823	0.8113264195553997	0.9069832606417972
MA1392.3	MYB98	Tryptophan cluster factors	MYB	cluster_11	0.49820216345519236	0.509169348147353	0.5754245754245755	0.23476523476523475	0.7925071318573125	0.41754283013024274
MA1663.3	NAC050	GCM domain factors	NAC	cluster_25	0.4981060629136185	0.5188104170760316	0.6063936063936064	0.2727272727272727	0.81889968438641	0.4655277608297742
MA1732.1	E2FD	Fork head/winged helix factors	E2F	cluster_27	0.49808184740472694	0.49874705116628487	0.5714285714285714	0.5954045954045954	0.7898051315772836	0.8303940584962484
MA1750.1	E2FE	Fork head/winged helix factors	E2F	cluster_27	0.49808184740472694	0.49874705116628487	0.6053946053946054	0.6373626373626373	0.81889968438641	0.8607215793056501
MA2353.1	PK02532.1	Tryptophan cluster factors	MYB-related	cluster_13	0.49803910220873876	0.5811143012267673	0.5934065934065934	0.7982017982017982	0.8113264195553997	0.9682479682479682
MA2405.1	OsMSL08	Tryptophan cluster factors	Trihelix	cluster_10	0.4979405648863953	0.634939818460669	0.6333666333666333	0.5514485514485514	0.8417756156886591	0.7864584014116724
MA1191.2	RVE7L	Tryptophan cluster factors	MYB-related	cluster_13	0.49790685608575824	0.5233130778461784	0.6163836163836164	0.7632367632367633	0.8293361568009454	0.9503224048678593
MA1386.3	HHO3	Tryptophan cluster factors	GARP_G2-like	cluster_04	0.49788690494321286	0.5331977983065511	0.6053946053946054	0.38461538461538464	0.81889968438641	0.6025904280524403
MA1373.1	GAF1	C2H2 zinc finger factors	IDD	cluster_08	0.4978158829370516	0.50381213520557	0.6013986013986014	0.2837162837162837	0.81889968438641	0.4778709149570077
MA2027.2	MYB44	Tryptophan cluster factors	MYB	cluster_11	0.49774359177423994	0.4973809216832076	0.5924075924075924	0.7472527472527473	0.8113264195553997	0.9487025371322892
MA2417.1	EREB71	AP2/EREBP	ERF/DREB	cluster_15	0.49773602760060176	0.4975060708361481	0.6083916083916084	0.6303696303696303	0.8201462848105958	0.8554902544264247
MA1272.3	DOF2.2	Other C4 zinc finger-type factors	DOF	cluster_03	0.4976681023366697	0.7404936003307178	0.7982017982017982	0.7982017982017982	0.9728881342299871	0.9682479682479682
MA1388.2	PHL2	Tryptophan cluster factors	GARP_G2-like	cluster_04	0.4975696665468584	0.5775869296978785	0.6403596403596403	0.7902097902097902	0.8450325536532434	0.9676894078807955
MA0975.1	CRF2	AP2/EREBP	ERF/DREB	cluster_24	0.4974909788345282	0.49764326045270796	0.5894105894105894	0.7362637362637363	0.8103068103068103	0.9438447458581687
MA1371.2	IDD4	C2H2 zinc finger factors	IDD	cluster_08	0.4974416847902238	0.4951136707773267	0.6243756243756243	0.7582417582417582	0.8357870199975462	0.9503224048678593
MA1177.2	MYB65	Tryptophan cluster factors	MYB	cluster_11	0.497390055497682	0.5029179563183619	0.6063936063936064	0.7022977022977023	0.81889968438641	0.919130612098022
MA1690.2	ARF25	B3	ARF	cluster_01	0.4973525392270942	0.49917999866964224	0.6033966033966034	0.5374625374625375	0.81889968438641	0.779561347743166
MA1394.3	MYB73	Tryptophan cluster factors	MYB	cluster_11	0.497292482734393	0.5010079605405717	0.6413586413586414	0.6423576423576424	0.8450325536532434	0.8644071977405311
MA1238.3	ERF038	AP2/EREBP	ERF/DREB	cluster_15	0.4972678103291073	0.502105181244926	0.6173826173826173	0.4925074925074925	0.8293361568009454	0.7254502254502254
MA1814.2	RIN	MADS box factors	Type II	cluster_23	0.49716201343072286	0.5023283406795698	0.6243756243756243	0.45054945054945056	0.8357870199975462	0.6753815928668581
MA1804.2	WIN1	AP2/EREBP	ERF/DREB	cluster_30	0.4971582567270379	0.5043866555753912	0.6333666333666333	0.7952047952047953	0.8417756156886591	0.9676894078807955
MA1671.2	ERF118	AP2/EREBP	ERF/DREB	cluster_24	0.49702540140886525	0.49460806034191157	0.6413586413586414	0.8301698301698301	0.8450325536532434	0.9897180944055943
MA1381.2	AT3G46070	C2H2 zinc finger factors	C2H2	cluster_19	0.49688670797010054	0.5175839542014108	0.6343656343656343	0.8131868131868132	0.8417756156886591	0.978645959718515
MA2038.2	NAC103	GCM domain factors	NAC	cluster_25	0.49685426832611423	0.5579612166558554	0.6583416583416584	0.6873126873126874	0.8630836517434456	0.9104506604506605
MA0082.2	squamosa	MADS box factors	Type II	cluster_23	0.49681370607956477	0.49739227176958983	0.6273726273726273	0.6293706293706294	0.8383280467343515	0.8554902544264247
MA2022.2	LOB	Other C4 zinc finger-type factors	LBD	cluster_24	0.49670120803406553	0.4929381589259874	0.6423576423576424	0.8231768231768232	0.8450325536532434	0.9844575487208717
MA0589.2	WRKY1	GCM domain factors	WRKY	cluster_10	0.4966296783652452	0.49016933116530526	0.6393606393606394	0.8991008991008991	0.8450325536532434	1.0
MA1170.2	MYB118	Tryptophan cluster factors	MYB	cluster_11	0.49652144468609083	0.49467442869331923	0.6303696303696303	0.7512487512487512	0.8408601887622866	0.9487025371322892
MA1185.2	LHY	Tryptophan cluster factors	MYB-related	cluster_13	0.49643255295429206	0.512321589799168	0.6723276723276723	0.6593406593406593	0.8784007088801609	0.8825910931174089
MA0553.1	SMZ	AP2/EREBP	AP2	cluster_36	0.4963789437773756	0.49748460841476827	0.6643356643356644	0.7062937062937062	0.8694478763089398	0.9227775649008525
MA1760.1	HSFA6A	Heat shock factors	HSF	cluster_04	0.49615709519487106	0.4911452330780707	0.6743256743256744	0.8821178821178821	0.8795051102743411	1.0
MA2346.1	OsTCP7	TCP	NA	cluster_01	0.49597748414569526	0.5021523882176958	0.6543456543456544	0.9170829170829171	0.8593214014900762	1.0
MA2351.1	OsEIL3	Other all-alpha-helical DNA-binding domains	EIL	cluster_26	0.4959499688295126	0.5094851658179824	0.6983016983016983	0.5824175824175825	0.9015299421390792	0.8197916264214608
MA1031.2	OJ1581_H09.2	TCP	NA	cluster_01	0.49593143914241566	0.5021418792099122	0.6923076923076923	0.939060939060939	0.8981205551663954	1.0
MA1014.1	GATA11	Other C4 zinc finger-type factors	C4-GATA-related	cluster_13	0.49588869394642743	0.5103392645563417	0.6983016983016983	0.34865134865134867	0.9015299421390792	0.5600441663599558
MA1245.3	ERF112	AP2/EREBP	ERF/DREB	cluster_24	0.49577980030581575	0.4955088791392687	0.6813186813186813	0.7372627372627373	0.8871094775531635	0.9438447458581687
MA1244.2	ABR1	AP2/EREBP	ERF/DREB	cluster_24	0.4957486805847462	0.490238086887534	0.6913086913086913	0.9180819180819181	0.8981205551663954	1.0
MA1005.3	ERF082	AP2/EREBP	ERF/DREB	cluster_24	0.49570852446832414	0.4963695989451044	0.7122877122877123	0.7692307692307693	0.9149419603965059	0.9506422495113933
MA1004.2	ERF13	AP2/EREBP	ERF/DREB	cluster_24	0.4955181002044865	0.5053388531821021	0.7102897102897103	0.48451548451548454	0.9139140791754621	0.7206341416867733
MA2345.1	OS02G0104500	Tryptophan cluster factors	Trihelix	cluster_10	0.4954707860445567	0.6928606714751526	0.7672327672327672	0.7402597402597403	0.9565336624160153	0.944512009729401
MA0974.3	CDF3	Other C4 zinc finger-type factors	DOF	cluster_03	0.49535864336291974	0.5162479403266325	0.6933066933066933	0.8001998001998002	0.8981205551663954	0.9691308691308691
MA1046.1	NTL9	GCM domain factors	NAC	cluster_32	0.4953217362875238	0.5093354135079416	0.7172827172827173	0.6203796203796204	0.9182662974609284	0.8496628819209465
MA1184.2	RVE1	Tryptophan cluster factors	MYB-related	cluster_13	0.49519872962495903	0.5221894335886749	0.7012987012987013	0.7832167832167832	0.9038697788697788	0.9607627099588515
MA1688.2	ARF16	B3	ARF	cluster_17	0.4951231386548564	0.49721696295398726	0.7312687312687313	0.7232767232767233	0.9281067769439862	0.9369442102888622
MA1355.2	TRB2	Tryptophan cluster factors	MYB-related	cluster_02	0.4951230878885908	0.5009374357878328	0.7272727272727273	0.5624375624375625	0.9263924723023221	0.7991431287520673
MA1166.2	PHL12	Tryptophan cluster factors	GARP_G2-like	cluster_04	0.49505638101504246	0.4966173327197593	0.7142857142857143	0.6863136863136863	0.9159663865546219	0.9104506604506605
MA2037.2	NAC096	GCM domain factors	NAC	cluster_25	0.4950510505571091	0.5360826344960475	0.7402597402597403	0.6803196803196803	0.9335837716003006	0.9059056127118953
MA1661.2	GTL1	Tryptophan cluster factors	Trihelix	cluster_10	0.49498622203540243	0.5125130443479043	0.7242757242757243	0.7392607392607392	0.9256656241580865	0.944512009729401
MA0563.2	SEP3	MADS box factors	Type II	cluster_23	0.4949583513553579	0.4942490219495772	0.7322677322677322	0.8351648351648352	0.9281067769439862	0.9925712916367122
MA1171.2	MYB52	Tryptophan cluster factors	MYB	cluster_11	0.4948003667355057	0.5224930802480132	0.7402597402597403	0.6003996003996004	0.9335837716003006	0.8329179910998092
MA0933.1	AHL20	A.T hook factors	AHL	cluster_09	0.4946242077924189	0.5890323941032228	0.7632367632367633	0.9110889110889111	0.9546715579502465	1.0
MA0034.2	Gam1	Tryptophan cluster factors	MYB	cluster_11	0.49453892046550635	0.4979245964747649	0.7322677322677322	0.7342657342657343	0.9281067769439862	0.9431729886275342
MA1368.3	GT-4	Tryptophan cluster factors	Trihelix	cluster_02	0.494450282565036	0.49574185815271876	0.7352647352647352	0.7262737262737263	0.93035985573299	0.9376427295209022
MA1430.2	TB1	TCP	NA	cluster_01	0.4943621015609612	0.49596285260142303	0.7492507492507493	0.7012987012987013	0.9433635671259435	0.919130612098022
MA1817.2	Zm00001d020267	AP2/EREBP	ERF/DREB	cluster_24	0.4943097107744308	0.4916674342901765	0.7262737262737263	0.8981018981018981	0.9263924723023221	1.0
MA1159.2	SGR5	C2H2 zinc finger factors	IDD	cluster_08	0.4941569550799782	0.49508569795443164	0.7582417582417582	0.7622377622377622	0.9499810534293291	0.9503224048678593
MA2032.2	TRB1	Tryptophan cluster factors	MYB-related	cluster_02	0.4940961370932862	0.5058366958845592	0.7712287712287712	0.7522477522477522	0.9577467986558895	0.9487025371322892
MA1737.2	AT5G05090	Tryptophan cluster factors	GARP_G2-like	cluster_13	0.494045421593533	0.5097318143663151	0.7522477522477522	0.8531468531468531	0.9455766638633195	1.0
MA1234.2	ERF017	AP2/EREBP	ERF/DREB	cluster_15	0.4939629264112517	0.4983923725157046	0.7702297702297702	0.6973026973026973	0.9577467986558895	0.9173137207619967
MA1012.1	AGL27	MADS box factors	MIKC	cluster_23	0.4939205873453914	0.4968743540374016	0.7732267732267732	0.6413586413586414	0.9577467986558895	0.8644071977405311
MA1264.2	ERF095	AP2/EREBP	ERF/DREB	cluster_24	0.4937855490777807	0.4924308828148288	0.7972027972027972	0.8681318681318682	0.9728881342299871	1.0
MA1265.3	ERF015	AP2/EREBP	ERF/DREB	cluster_15	0.4937128517848404	0.4977551322866348	0.7892107892107892	0.6933066933066933	0.9681154858003733	0.9167989722582442
MA1182.2	RVE8	Tryptophan cluster factors	MYB-related	cluster_13	0.4936447742221084	0.5048328325965808	0.7722277722277723	0.9070929070929071	0.9577467986558895	1.0
MA1696.2	ARF39	B3	ARF	cluster_01	0.49363507786530025	0.5000572466105864	0.7582417582417582	0.4925074925074925	0.9499810534293291	0.7254502254502254
MA2011.2	ERF010	AP2/EREBP	ERF/DREB	cluster_15	0.49362731062659826	0.5018006938890293	0.7762237762237763	0.6323676323676324	0.9599007151681382	0.8554902544264247
MA2065.1	PK08602.1	AP2/EREBP	NA	cluster_15	0.4935119189039361	0.502088624315642	0.7842157842157842	0.6213786213786214	0.9663207759981953	0.8496628819209465
MA1013.1	GATA10	Other C4 zinc finger-type factors	C4-GATA-related	cluster_13	0.49348338826243293	0.5058213841623524	0.7852147852147852	0.36863136863136864	0.9663207759981953	0.5847520462905078
MA1376.2	DEAR3	AP2/EREBP	ERF/DREB	cluster_24	0.4934649601078681	0.5062845492219054	0.7942057942057942	0.6453546453546454	0.9726790063868717	0.8669112577563282
MA1239.2	ERF104	AP2/EREBP	ERF/DREB	cluster_24	0.4933199716521172	0.49049580323890585	0.8011988011988012	0.9210789210789211	0.9734310275711548	1.0
MA1409.2	OsRR22	Tryptophan cluster factors	GARP_ARR-B	cluster_13	0.49330281265420295	0.4980463896613034	0.7852147852147852	0.6213786213786214	0.9663207759981953	0.8496628819209465
MA1266.2	RAP2-11	AP2/EREBP	ERF/DREB	cluster_24	0.4932566153521246	0.4949835395564267	0.7662337662337663	0.7512487512487512	0.9565336624160153	0.9487025371322892
MA2363.1	TOE2	AP2/EREBP	AP2	cluster_36	0.493064566567774	0.4972617653164036	0.7972027972027972	0.7232767232767233	0.9728881342299871	0.9369442102888622
MA2371.1	MYB31	Tryptophan cluster factors	MYB	cluster_02	0.4930581700182564	0.498670546038271	0.7892107892107892	0.5464535464535465	0.9681154858003733	0.7837294284662706
MA1738.1	ATMYB31	Tryptophan cluster factors	Myb	cluster_02	0.4930581700182564	0.498670546038271	0.8031968031968032	0.5794205794205795	0.9743070919541508	0.8171865103473237
MA0972.1	CCA1	Tryptophan cluster factors	Myb-related	cluster_13	0.4925037008607926	0.5251755902367407	0.8311688311688312	0.7662337662337663	0.9987115246957767	0.9503224048678593
MA1831.2	Zm00001d031796	AP2/EREBP	ERF/DREB	cluster_24	0.49246359551063834	0.49052425507178204	0.8291708291708292	0.9150849150849151	0.9978822439390264	1.0
MA1815.2	GRF4	C3H zinc finger factors	GRF	cluster_12	0.49243278038716415	0.49248698817720754	0.8091908091908092	0.9660339660339661	0.98001998001998	1.0
MA1767.2	MYB23	Tryptophan cluster factors	MYB	cluster_45	0.4924185150664124	0.7044603045114397	0.9150849150849151	0.9250749250749251	1.0	1.0
MA0121.2	ARR10	Tryptophan cluster factors	GARP_ARR-B	cluster_13	0.49231505341626497	0.5097974568018855	0.8501498501498501	0.8991008991008991	1.0	1.0
MA1053.1	ERF109	AP2/EREBP	ERF/DREB	cluster_24	0.4920029424127789	0.4905085161019912	0.8441558441558441	0.9280719280719281	1.0	1.0
MA1228.2	ERF091	AP2/EREBP	ERF/DREB	cluster_24	0.4919399414766484	0.491772169727644	0.8291708291708292	0.8781218781218781	0.9978822439390264	1.0
MA1789.1	NAC071	GCM domain factors	NAC	cluster_16	0.4918803418803415	0.4947416928786431	0.8281718281718282	0.7452547452547452	0.9978822439390264	0.9487025371322892
MA1673.2	LBD18	Other C4 zinc finger-type factors	LBD	cluster_15	0.4918653658318664	0.49883513337322594	0.8131868131868132	0.8091908091908092	0.9832987931244667	0.9753753355649091
MA2020.2	HSFB4	Heat shock factors	HSF	cluster_04	0.4918171378791477	0.49646889253785514	0.8011988011988012	0.6963036963036963	0.9734310275711548	0.9173137207619967
MA0973.2	CDF2	Other C4 zinc finger-type factors	DOF	cluster_03	0.49174900955015	0.599565921764603	0.8371628371628371	0.7502497502497503	1.0	0.9487025371322892
MA1203.1	AGL63	MADS box factors	MIKC	cluster_23	0.4917289061088063	0.49603622670608566	0.8501498501498501	0.7252747252747253	1.0	0.9376427295209022
MA2029.2	MYB88	Tryptophan cluster factors	MYB	cluster_49	0.49163026725393066	0.49461671478657	0.8331668331668332	0.7642357642357642	0.9995381976514052	0.9503224048678593
MA1821.2	Zm00001d020595	AP2/EREBP	ERF/DREB	cluster_24	0.4913655211766403	0.4924011044468818	0.8491508491508492	0.8601398601398601	1.0	1.0
MA1260.2	ERF013	AP2/EREBP	ERF/DREB	cluster_15	0.4912369302248133	0.49351104734143053	0.8611388611388612	0.8291708291708292	1.0	0.9897180944055943
MA1261.2	ERF122	AP2/EREBP	ERF/DREB	cluster_24	0.4911720001705745	0.48902766974623413	0.8391608391608392	0.935064935064935	1.0	1.0
MA1372.2	ZAT10	C2H2 zinc finger factors	C2H2	cluster_35	0.491091281807605	0.4943459787854291	0.8581418581418582	0.8061938061938062	1.0	0.9748429066971064
MA1280.2	DOF5.4	Other C4 zinc finger-type factors	DOF	cluster_03	0.4910683354553633	0.6579875743069247	0.8991008991008991	0.8691308691308691	1.0	1.0
MA1179.2	MYB1	Tryptophan cluster factors	MYB	cluster_11	0.4909926429527286	0.5197272282191651	0.8791208791208791	0.7662337662337663	1.0	0.9503224048678593
MA2021.2	LBD13	Other C4 zinc finger-type factors	LBD	cluster_48	0.4909746209282909	0.4979147753039949	0.8501498501498501	0.906093906093906	1.0	1.0
MA1268.2	CDF5	Other C4 zinc finger-type factors	DOF	cluster_08	0.49091019853671225	0.49889606024517785	0.8541458541458542	0.5754245754245755	1.0	0.8145620613153081
MA1353.2	AT1G72740	Tryptophan cluster factors	MYB-related	cluster_02	0.4908971516063458	0.49712487823561313	0.8601398601398601	0.7672327672327672	1.0	0.9503224048678593
MA1226.2	DREB2G	AP2/EREBP	ERF/DREB	cluster_24	0.4908126257734244	0.49000753516416123	0.8561438561438561	0.9110889110889111	1.0	1.0
MA1187.2	RVE4	Tryptophan cluster factors	MYB-related	cluster_13	0.4907889179271933	0.5083969118254521	0.8471528471528471	0.8201798201798202	1.0	0.9844575487208717
MA1664.3	HSFA6B	Heat shock factors	HSF	cluster_39	0.4904655875789162	0.5091639498346782	0.8731268731268731	0.6953046953046953	1.0	0.9173137207619967
MA0940.1	AP1	MADS box factors	MIKC	cluster_23	0.4903588768877437	0.493231538038621	0.8661338661338661	0.8211788211788211	1.0	0.9844575487208717
MA0558.2	FLC	MADS box factors	Type II	cluster_23	0.4900437706745614	0.49248418370971786	0.8911088911088911	0.8681318681318682	1.0	1.0
MA2013.2	ERF115	AP2/EREBP	ERF/DREB	cluster_24	0.4900420446215176	0.4903504989905202	0.8751248751248751	0.9040959040959041	1.0	1.0
MA1833.2	Zm00001d049364	AP2/EREBP	ERF/DREB	cluster_24	0.4900067620666349	0.49056422128210025	0.8871128871128872	0.9080919080919081	1.0	1.0
MA1257.2	ERF9	AP2/EREBP	ERF/DREB	cluster_37	0.48992990193987884	0.49156179178217074	0.8861138861138861	0.8861138861138861	1.0	1.0
MA1275.2	DOF1.6	Other C4 zinc finger-type factors	DOF	cluster_03	0.48984400541777606	0.5327898586549304	0.8841158841158842	0.8331668331668332	1.0	0.9917414878413318
MA2017.2	JUB1	GCM domain factors	NAC	cluster_47	0.48975998724751424	0.5041896989086118	0.8901098901098901	0.8671328671328671	1.0	1.0
MA1758.2	HSFA1E	Heat shock factors	HSF	cluster_04	0.48966013000225467	0.4886975497210094	0.8851148851148851	0.935064935064935	1.0	1.0
MA1235.1	AIL7	AP2/EREBP	AP2	cluster_31	0.48960240875779004	0.49489234744973476	0.8831168831168831	0.7702297702297702	1.0	0.9506422495113933
MA2408.1	BAD1	TCP	NA	cluster_01	0.48959413385642725	0.49031029086359884	0.8901098901098901	0.9100899100899101	1.0	1.0
MA1165.3	HHO6	Tryptophan cluster factors	GARP_G2-like	cluster_04	0.4895817976537863	0.5748197367631515	0.8911088911088911	0.8711288711288712	1.0	1.0
MA2387.1	NAC094	GCM domain factors	NAC	cluster_16	0.4894666597624537	0.4924969097295321	0.913086913086913	0.8681318681318682	1.0	1.0
MA1667.3	HSFC1	Heat shock factors	HSF	cluster_39	0.489139065047832	0.5068335625915961	0.8861138861138861	0.7612387612387612	1.0	0.9503224048678593
MA1410.2	StBRC1	TCP	NA	cluster_01	0.4890666723524883	0.4928990742723774	0.9100899100899101	0.8661338661338661	1.0	1.0
MA1415.2	REF6	C2H2 zinc finger factors	Jumonji	cluster_11	0.489033572747044	0.5091143745102775	0.9040959040959041	0.5314685314685315	1.0	0.7738528138528138
MA1010.2	PHYPADRAFT_64121	AP2/EREBP	ERF/DREB	cluster_15	0.4886075930088762	0.49590373653949704	0.9230769230769231	0.8081918081918081	1.0	0.9753753355649091
MA1190.2	RVE5	Tryptophan cluster factors	MYB-related	cluster_13	0.48843661222492296	0.5003901188236538	0.913086913086913	0.9760239760239761	1.0	1.0
MA1761.2	HSFB3	Heat shock factors	HSF	cluster_04	0.48823268413432297	0.49392955215382306	0.9100899100899101	0.7952047952047953	1.0	0.9676894078807955
MA0977.1	DOF2.5	Other C4 zinc finger-type factors	DOF	cluster_03	0.4881982646059625	0.5333659081497634	0.9400599400599401	0.9300699300699301	1.0	1.0
MA0945.2	ARR1	Tryptophan cluster factors	GARP_ARR-B	cluster_13	0.4881848623117333	0.6576702853410256	0.958041958041958	0.9460539460539461	1.0	1.0
MA2053.2	NAC105	GCM domain factors	NAC	cluster_25	0.4880987627245646	0.49640487511340015	0.9230769230769231	0.7652347652347652	1.0	0.9503224048678593
MA2048.2	NAC045	GCM domain factors	NAC	cluster_25	0.4880868326520502	0.5048837875864075	0.9240759240759241	0.8401598401598401	1.0	0.9969548336577886
MA1183.2	RVE6	Tryptophan cluster factors	MYB-related	cluster_13	0.48807591790485577	0.5078981152558619	0.9340659340659341	0.8551448551448552	1.0	1.0
MA1759.2	HSFA4A	Heat shock factors	HSF	cluster_04	0.488006571185473	0.49123800857333494	0.9210789210789211	0.8841158841158842	1.0	1.0
MA1385.2	AT2G40260	Tryptophan cluster factors	GARP_G2-like	cluster_04	0.4877611670555364	0.4944708416787776	0.9280719280719281	0.9140859140859141	1.0	1.0
MA1018.2	GATA9	Other C4 zinc finger-type factors	C4-GATA-related	cluster_13	0.4877539074794955	0.5761334607178747	0.9340659340659341	0.903096903096903	1.0	1.0
MA1262.2	ERF2	AP2/EREBP	ERF/DREB	cluster_24	0.4877083701388776	0.4908897816658008	0.9210789210789211	0.906093906093906	1.0	1.0
MA1276.2	DOF3.5	Other C4 zinc finger-type factors	DOF	cluster_03	0.4876072945032318	0.5918968393571883	0.932067932067932	0.9660339660339661	1.0	1.0
MA0585.2	AGL1	MADS box factors	Type II	cluster_23	0.48747921121406484	0.49290613328969174	0.9170829170829171	0.8221778221778222	1.0	0.9844575487208717
MA2398.1	AS2	Other C4 zinc finger-type factors	LBD	cluster_37	0.4874437763603844	0.492182683938949	0.9300699300699301	0.8611388611388612	1.0	1.0
MA1000.3	ERF105	AP2/EREBP	ERF/DREB	cluster_24	0.48724746320968776	0.49005313060459804	0.942057942057942	0.9310689310689311	1.0	1.0
MA1832.2	Zm00001d002364	AP2/EREBP	ERF/DREB	cluster_24	0.4872443664674602	0.489252380722727	0.939060939060939	0.9430569430569431	1.0	1.0
MA1273.2	DOF4.2	Other C4 zinc finger-type factors	DOF	cluster_03	0.4871721768371796	0.48923869309065837	0.9400599400599401	0.957042957042957	1.0	1.0
MA1274.1	DOF3.6	Other C4 zinc finger-type factors	DOF	cluster_08	0.4870545006325468	0.49666554545743913	0.935064935064935	0.6673326673326674	1.0	0.8917247376091509
MA1818.1	Zm00001d052229	AP2/EREBP	ERF/DREB	cluster_24	0.48704119987085115	0.48924170475629175	0.932067932067932	0.9330669330669331	1.0	1.0
MA1279.2	DOF1.5	Other C4 zinc finger-type factors	DOF	cluster_08	0.4867983848204813	0.48825203516331434	0.9440559440559441	0.952047952047952	1.0	1.0
MA2416.1	EREB29	AP2/EREBP	ERF/DREB	cluster_24	0.48673462239035953	0.48817780879171124	0.9440559440559441	0.9530469530469531	1.0	1.0
MA2343.1	MYB3R3	Tryptophan cluster factors	MYB	cluster_11	0.4866763934832357	0.48827915223479695	0.935064935064935	0.983016983016983	1.0	1.0
MA2420.1	SBP6	C3H(C),C2HC zinc-fingers like factors	SBP	cluster_26	0.4864326646400771	0.5071477461808482	0.9370629370629371	0.977022977022977	1.0	1.0
MA1666.3	HSFB2B	Heat shock factors	HSF	cluster_04	0.4864305832231706	0.48528950524557185	0.951048951048951	0.98001998001998	1.0	1.0
MA1365.3	AT5G47660	Tryptophan cluster factors	Trihelix	cluster_10	0.4862995047243086	0.5689837249175288	0.9430569430569431	0.9080919080919081	1.0	1.0
MA1802.2	TRP5	Tryptophan cluster factors	MYB-related	cluster_18	0.48627853825644274	0.5213704265532147	0.9500499500499501	0.6023976023976024	1.0	0.8341730864416891
MA1015.2	GATA12	Other C4 zinc finger-type factors	C4-GATA-related	cluster_13	0.48623548846285836	0.5757713544748557	0.957042957042957	0.9020979020979021	1.0	1.0
MA2047.2	NAC037	GCM domain factors	NAC	cluster_25	0.486231731759173	0.536020887713322	0.9530469530469531	0.991008991008991	1.0	1.0
MA1225.1	ERF5	AP2/EREBP	ERF/DREB	cluster_24	0.4859404349247544	0.48510457769302506	0.957042957042957	0.989010989010989	1.0	1.0
MA0555.2	SVP	MADS box factors	Type II	cluster_23	0.4859398764958284	0.4922096699611371	0.954045954045954	0.8471528471528471	1.0	1.0
MA1242.1	DREB2F	AP2/EREBP	ERF/DREB	cluster_24	0.48578209494104013	0.4830550251595974	0.948051948051948	0.995004995004995	1.0	1.0
MA1404.1	BPC1	BBR/BPC	NA	cluster_21	0.48574848767293505	0.48178662463025346	0.955044955044955	0.9920079920079921	1.0	1.0
MA0021.1	Dof3	Other C4 zinc finger-type factors	DOF	cluster_03	0.4857206169928907	0.5536812306980338	0.964035964035964	0.964035964035964	1.0	1.0
MA2019.2	HSFA1B	Heat shock factors	HSF	cluster_04	0.4857162510940132	0.5088176965308375	0.958041958041958	0.8841158841158842	1.0	1.0
MA1173.2	MYB101	Tryptophan cluster factors	MYB	cluster_11	0.48570807772518393	0.4941842407717893	0.954045954045954	0.8801198801198801	1.0	1.0
MA0579.2	CDC5	Tryptophan cluster factors	MYB-related	cluster_41	0.48569980282382247	0.48895190005422634	0.9560439560439561	0.9330669330669331	1.0	1.0
MA1204.1	AGL13	MADS box factors	MIKC	cluster_23	0.48569305091044307	0.49499976680346386	0.9590409590409591	0.7772227772227772	1.0	0.954945215814781
MA1367.2	AT1G76870	Tryptophan cluster factors	Trihelix	cluster_18	0.4855834973083725	0.4981194524686004	0.9600399600399601	0.8651348651348651	1.0	1.0
MA1416.1	RAMOSA1	C2H2 zinc finger factors	C2H2	cluster_21	0.48557664386246085	0.4882974318877743	0.9600399600399601	0.99000999000999	1.0	1.0
MA2357.1	PK21687.1	Tryptophan cluster factors	MYB-related	cluster_18	0.48546815635197665	0.5423091486869411	0.9590409590409591	0.8651348651348651	1.0	1.0
MA1735.2	AT2G38300	Tryptophan cluster factors	GARP_G2-like	cluster_04	0.48544312858282934	0.48792756999617376	0.971028971028971	0.974025974025974	1.0	1.0
MA1676.3	NAC062	GCM domain factors	NAC	cluster_25	0.4848550013909958	0.5798926115445662	0.97002997002997	0.9760239760239761	1.0	1.0
MA1208.2	GT-2	Tryptophan cluster factors	Trihelix	cluster_10	0.48456614133734605	0.49441286394324857	0.957042957042957	0.7922077922077922	1.0	0.9676894078807955
MA1240.2	ERF077	AP2/EREBP	ERF/DREB	cluster_24	0.4845128875242922	0.4841428989383356	0.965034965034965	0.99000999000999	1.0	1.0
MA2040.2	ENAP2	Tryptophan cluster factors	Trihelix	cluster_15	0.4844633396486569	0.4929491756638764	0.9660339660339661	0.9040959040959041	1.0	1.0
MA2039.2	ASIL2	Tryptophan cluster factors	Trihelix	cluster_15	0.484287079173037	0.4936710108501005	0.9660339660339661	0.8851148851148851	1.0	1.0
MA1820.2	Zm00001d024324	AP2/EREBP	ERF/DREB	cluster_24	0.4841426999124793	0.4879955966054605	0.967032967032967	0.97002997002997	1.0	1.0
MA1221.1	RAP2-6	AP2/EREBP	ERF/DREB	cluster_24	0.48400735704727166	0.48382202393627316	0.974025974025974	0.987012987012987	1.0	1.0
MA1277.2	DOF1.7	Other C4 zinc finger-type factors	DOF	cluster_03	0.4839401932773284	0.48981488377892307	0.98001998001998	0.986013986013986	1.0	1.0
MA1267.2	DOF5.8	Other C4 zinc finger-type factors	DOF	cluster_08	0.483929633893995	0.48543211854158413	0.9660339660339661	0.9790209790209791	1.0	1.0
MA0992.3	ERF4	AP2/EREBP	ERF/DREB	cluster_24	0.4835942211744068	0.48373367408483225	0.977022977022977	0.995004995004995	1.0	1.0
MA1753.2	ERF057	AP2/EREBP	ERF/DREB	cluster_24	0.48358305259588147	0.48227195488782015	0.98001998001998	0.993006993006993	1.0	1.0
MA1205.1	AGL6	MADS box factors	MIKC	cluster_23	0.4833912068765938	0.49155422615431416	0.973026973026973	0.8821178821178821	1.0	1.0
MA0554.2	SOC1	MADS box factors	Type II	cluster_23	0.4833911053440626	0.489067949526679	0.986013986013986	0.932067932067932	1.0	1.0
MA1199.1	AGL16	MADS box factors	MIKC	cluster_23	0.483237283558026	0.48861672386556	0.972027972027972	0.9430569430569431	1.0	1.0
MA1754.2	ERF073	AP2/EREBP	ERF/DREB	cluster_24	0.4830775221188618	0.4858108153767228	0.977022977022977	0.973026973026973	1.0	1.0
MA0548.3	AGL15	MADS box factors	Type II	cluster_23	0.4829282692967665	0.48853608760295136	0.9820179820179821	0.9530469530469531	1.0	1.0
MA1402.1	BPC6	BBR/BPC	NA	cluster_21	0.48258590159873044	0.4819533337656064	0.986013986013986	0.999000999000999	1.0	1.0
MA1281.2	DOF5.1	Other C4 zinc finger-type factors	DOF	cluster_08	0.4816826681937157	0.4836764004976712	0.984015984015984	0.986013986013986	1.0	1.0
MA0556.2	AP3	MADS box factors	Type II	cluster_23	0.48129785989729057	0.4923034578431364	0.986013986013986	0.8461538461538461	1.0	1.0
MA1250.2	DREB2D	AP2/EREBP	ERF/DREB	cluster_24	0.4811056080478742	0.4811936675538105	0.993006993006993	0.995004995004995	1.0	1.0
MA1222.1	ERF014	AP2/EREBP	ERF/DREB	cluster_24	0.480770296860816	0.481756101548899	0.988011988011988	0.997002997002997	1.0	1.0
MA1352.1	TRP1	Tryptophan cluster factors	Myb-related	cluster_34	0.4806353601257374	0.48944449926264205	0.991008991008991	0.929070929070929	1.0	1.0
MA1270.2	DOF3.2	Other C4 zinc finger-type factors	DOF	cluster_08	0.48061830266035394	0.4895933303445677	0.993006993006993	0.9430569430569431	1.0	1.0
MA2380.1	DOF4.7	Other C4 zinc finger-type factors	DOF	cluster_03	0.48026786312602393	0.516947937673332	0.9920079920079921	0.9370629370629371	1.0	1.0
MA1682.2	TCX3	CPP	NA	cluster_06	0.4800498727797364	0.4839703615311632	0.987012987012987	0.9920079920079921	1.0	1.0
MA1665.3	HSFB2A	Heat shock factors	HSF	cluster_04	0.4797019207924413	0.48298626685193663	0.997002997002997	0.9920079920079921	1.0	1.0
MA1354.1	AT4G12670	Tryptophan cluster factors	Myb-related	cluster_34	0.47939823698911244	0.4871975489197561	0.994005994005994	0.962037962037962	1.0	1.0
MA1356.1	TRP2	Tryptophan cluster factors	Myb-related	cluster_34	0.4791435426324951	0.48817904142558766	0.989010989010989	0.948051948051948	1.0	1.0
MA1252.2	ERF086	AP2/EREBP	ERF/DREB	cluster_24	0.4788678310417439	0.4830886820687462	0.994005994005994	0.9920079920079921	1.0	1.0
MA1733.2	ASR3	Tryptophan cluster factors	Trihelix	cluster_02	0.47878533585946287	0.47782551382443467	0.998001998001998	1.0	1.0	1.0
MA1426.2	MYB124	Tryptophan cluster factors	MYB	cluster_07	0.4786426826519485	0.4873606919055088	0.995004995004995	0.987012987012987	1.0	1.0
MA0559.1	PI	MADS box factors	MIKC	cluster_23	0.47764751153917245	0.48925099134494976	1.0	0.9310689310689311	1.0	1.0
MA1278.2	DOF3.4	Other C4 zinc finger-type factors	DOF	cluster_08	0.47760943683965773	0.4853101435924958	0.995004995004995	0.975024975024975	1.0	1.0
MA1380.1	TCX6	CPP	NA	cluster_06	0.47759532381770536	0.48128440189758515	0.993006993006993	0.994005994005994	1.0	1.0
MA1034.1	Os05g0497200	AP2/EREBP	ERF/DREB	cluster_24	0.4771952856414724	0.4883020587205133	0.996003996003996	0.984015984015984	1.0	1.0
MA1403.1	BPC5	BBR/BPC	NA	cluster_21	0.4762828635423078	0.47355153472321304	0.997002997002997	1.0	1.0	1.0
MA2419.1	UB3	C3H(C),C2HC zinc-fingers like factors	SBP	cluster_26	0.4760307582652559	0.47931261237981826	0.997002997002997	0.996003996003996	1.0	1.0
MA1246.2	LEP	AP2/EREBP	ERF/DREB	cluster_24	0.4754305487021085	0.4799821960870036	1.0	0.999000999000999	1.0	1.0
MA2044.2	NAC007	GCM domain factors	NAC	cluster_25	0.475173925227382	0.5317120427643101	0.997002997002997	0.999000999000999	1.0	1.0
MA2050.2	NAC101	GCM domain factors	NAC	cluster_25	0.4749479645773302	0.5096719760414936	1.0	0.993006993006993	1.0	1.0
MA2036.2	NAC076	GCM domain factors	NAC	cluster_25	0.47455285072890196	0.5316781958037007	1.0	1.0	1.0	1.0
MA1247.2	ERF087	AP2/EREBP	ERF/DREB	cluster_24	0.474407913039417	0.4800553774479557	0.998001998001998	0.998001998001998	1.0	1.0
MA1819.2	Zm00001d005892	AP2/EREBP	ERF/DREB	cluster_24	0.4742362215277395	0.4851169767239658	0.999000999000999	0.996003996003996	1.0	1.0
MA2010.2	SMB	GCM domain factors	NAC	cluster_25	0.4742348508385571	0.5065817224254878	1.0	0.999000999000999	1.0	1.0
MA0994.3	ERF8	AP2/EREBP	ERF/DREB	cluster_24	0.4741898211605977	0.4802212459213637	1.0	0.999000999000999	1.0	1.0
MA1366.2	DF1	Tryptophan cluster factors	Trihelix	cluster_10	0.4738438490576765	0.5128587295086448	0.999000999000999	0.997002997002997	1.0	1.0
MA1379.1	SOL1	CPP	NA	cluster_06	0.47380978489318004	0.479005104578584	1.0	0.999000999000999	1.0	1.0
MA1678.3	NTL8	GCM domain factors	NAC	cluster_25	0.47355067387141514	0.5161391212593025	0.999000999000999	0.997002997002997	1.0	1.0
MA1269.2	DOF4.5	Other C4 zinc finger-type factors	DOF	cluster_03	0.4732246529110382	0.4746952297433213	1.0	1.0	1.0	1.0
MA1747.2	DOF4.3	Other C4 zinc finger-type factors	DOF	cluster_03	0.47054881379542773	0.47585534534502655	0.999000999000999	1.0	1.0	1.0
MA1161.1	TSO1	CPP	NA	cluster_06	0.47037554852950486	0.4768144577084972	1.0	1.0	1.0	1.0
MA1162.1	TCX2	CPP	NA	cluster_06	0.4701827382511645	0.47413906398483724	0.999000999000999	1.0	1.0	1.0
MA1812.2	ASR1	Tryptophan cluster factors	MYB-related	cluster_01	0.44733598942437125	0.4655956672344378	1.0	1.0	1.0	1.0
