motif_id	tf_name	tf_class	tf_family	jaspar_cluster	auc_roc	auc_prc	p_value_roc	p_value_prc	p_value_roc_adj	p_value_prc_adj
MA1024.2	HAT1	Homeo domain factors	HD-ZIP	cluster_09	0.5929401163800591	0.6136486106636362	0.000999000999000999	0.000999000999000999	0.04483751542575072	0.03811188811188811
MA1211.2	ATHB-X	Homeo domain factors	HD-ZIP	cluster_09	0.5771821261073479	0.5706494764171441	0.000999000999000999	0.000999000999000999	0.04483751542575072	0.03811188811188811
MA0110.4	ATHB-5	Homeo domain factors	HD-ZIP	cluster_09	0.5756329251346188	0.6051235908411307	0.000999000999000999	0.000999000999000999	0.04483751542575072	0.03811188811188811
MA0954.3	ATHB-7	Homeo domain factors	HD-ZIP	cluster_09	0.573906765676569	0.5630676465920774	0.000999000999000999	0.000999000999000999	0.04483751542575072	0.03811188811188811
MA1406.2	ATHB-4	Homeo domain factors	HD-ZIP	cluster_09	0.5721860343929139	0.5718566485526682	0.000999000999000999	0.000999000999000999	0.04483751542575072	0.03811188811188811
MA2052.2	ZAT6	C2H2 zinc finger factors	C2H2	cluster_09	0.57145431648428	0.6044433079146455	0.000999000999000999	0.000999000999000999	0.04483751542575072	0.03811188811188811
MA1019.2	Glyma19g26560.1	TCP	NA	cluster_01	0.5662671530310929	0.5574288323031638	0.000999000999000999	0.000999000999000999	0.04483751542575072	0.03811188811188811
MA2390.1	GLYMA19G26560	Basic leucine zipper factors (bZIP)	NA	cluster_01	0.5659610039951369	0.5575348698418283	0.001998001998001998	0.000999000999000999	0.0662815445424141	0.03811188811188811
MA1210.3	HAT22	Homeo domain factors	HD-ZIP	cluster_09	0.5653758467952064	0.5429903844655676	0.000999000999000999	0.025974025974025976	0.04483751542575072	0.25737898465171194
MA1214.2	ATHB-40	Homeo domain factors	HD-ZIP	cluster_09	0.5637169966996693	0.5388505836000587	0.000999000999000999	0.008991008991008992	0.04483751542575072	0.1400028542885686
MA1799.2	SPL10	C3H(C),C2HC zinc fingers factors	SBP	cluster_28	0.5623653812749696	0.5771093263989197	0.000999000999000999	0.000999000999000999	0.04483751542575072	0.03811188811188811
MA1428.2	TCP8	TCP	NA	cluster_01	0.562167795726942	0.5545556184249028	0.000999000999000999	0.001998001998001998	0.04483751542575072	0.0586336740182894
MA0562.1	PIF5	Basic helix-loop-helix factors (bHLH)	bHLH	cluster_07	0.5619191853395867	0.5532624193461957	0.000999000999000999	0.002997002997002997	0.04483751542575072	0.07145979020979021
MA1751.2	EIL3	EIL	NA	cluster_26	0.5612884314747264	0.5421955223371084	0.000999000999000999	0.01998001998001998	0.04483751542575072	0.22093848180804704
MA1287.2	TCP21	TCP	NA	cluster_01	0.5606772190376951	0.5405261387483051	0.000999000999000999	0.004995004995004995	0.04483751542575072	0.09527972027972027
MA0950.1	ATHB-12	Homeo domain factors	HD-ZIP	cluster_09	0.5601148601702278	0.5923469815832848	0.000999000999000999	0.000999000999000999	0.04483751542575072	0.03811188811188811
MA1063.2	TCP19	TCP	NA	cluster_01	0.5598369376411332	0.5546666563462497	0.002997002997002997	0.000999000999000999	0.08166833166833166	0.03811188811188811
MA2377.1	cassava45561.m1	TCP	NA	cluster_01	0.558328990793817	0.5524396138582632	0.000999000999000999	0.000999000999000999	0.04483751542575072	0.03811188811188811
MA1056.2	SPL11	C3H(C),C2HC zinc fingers factors	SBP	cluster_28	0.5571977592496091	0.552352132970987	0.001998001998001998	0.000999000999000999	0.0662815445424141	0.03811188811188811
MA2364.1	VIT_15s0048g01150	TCP	NA	cluster_01	0.5569752040993585	0.5484836657006248	0.001998001998001998	0.004995004995004995	0.0662815445424141	0.09527972027972027
MA2351.1	OsEIL3	Other all-alpha-helical DNA-binding domains	EIL	cluster_26	0.5568948671182908	0.5550340721284014	0.002997002997002997	0.003996003996003996	0.08166833166833166	0.08711288711288712
MA1288.2	TCP22	TCP	NA	cluster_01	0.5567689334722938	0.5399399868719847	0.003996003996003996	0.006993006993006993	0.08469308469308469	0.12408521710847294
MA0953.2	ATHB-6	Homeo domain factors	HD-ZIP	cluster_09	0.55632490880667	0.6640882287453648	0.001998001998001998	0.001998001998001998	0.0662815445424141	0.0586336740182894
MA1198.2	HAT2	Homeo domain factors	HD-ZIP	cluster_09	0.554474986972382	0.6003513049512239	0.001998001998001998	0.000999000999000999	0.0662815445424141	0.03811188811188811
MA1213.3	ZHD3	Homeo domain factors	PLINC	cluster_09	0.5541775230154602	0.5377470904903042	0.004995004995004995	0.04095904095904096	0.09074259074259075	0.34724164724164724
MA1835.2	TFLG2-Zm00001d042777	Basic leucine zipper factors (bZIP)	Group D	cluster_28	0.5532417057495232	0.551025117550105	0.000999000999000999	0.002997002997002997	0.04483751542575072	0.07145979020979021
MA2072.1	PK16335.1	Basic leucine zipper factors (bZIP)	Group D	cluster_12	0.5517565572346705	0.554898309233659	0.001998001998001998	0.002997002997002997	0.0662815445424141	0.07145979020979021
MA0587.2	TCP16	TCP	NA	cluster_01	0.5517109605697412	0.554102041226311	0.002997002997002997	0.000999000999000999	0.08166833166833166	0.03811188811188811
MA1050.1	OsI_08196	TCP	NA	cluster_01	0.5516143390654856	0.5483490360588464	0.004995004995004995	0.002997002997002997	0.09074259074259075	0.07145979020979021
MA1321.2	SPL13A	C3H(C),C2HC zinc fingers factors	SBP	cluster_28	0.5513852701059584	0.543668655850489	0.003996003996003996	0.008991008991008992	0.08469308469308469	0.1400028542885686
MA1824.2	Zm00001d005692	Homeo domain factors	HD-ZIP	cluster_09	0.5513440159805452	0.5672383627069756	0.002997002997002997	0.015984015984015984	0.08166833166833166	0.19358419358419357
MA0008.4	HAT5	Homeo domain factors	HD-ZIP	cluster_09	0.5500401684905335	0.5403601389228754	0.004995004995004995	0.017982017982017984	0.09074259074259075	0.21108122646584185
MA1289.2	TCP3	TCP	NA	cluster_01	0.5494474118464481	0.5295981662808046	0.003996003996003996	0.04795204795204795	0.08469308469308469	0.3771898204887895
MA1066.1	TCP23	TCP	NA	cluster_01	0.5490294424179256	0.544654653430753	0.003996003996003996	0.002997002997002997	0.08469308469308469	0.07145979020979021
MA1742.2	BZIP18	Basic leucine zipper factors (bZIP)	Group I	cluster_12	0.5487764894910538	0.5592187169294366	0.003996003996003996	0.000999000999000999	0.08469308469308469	0.03811188811188811
MA1746.1	BZIP69	Basic leucine zipper factors (bZIP)	Group I	cluster_12	0.54822715824214	0.5468977862917065	0.003996003996003996	0.004995004995004995	0.08469308469308469	0.09527972027972027
MA2091.1	PK27109.1	Basic leucine zipper factors (bZIP)	Group I	cluster_12	0.5473467083550463	0.5546229378939109	0.004995004995004995	0.000999000999000999	0.09074259074259075	0.03811188811188811
MA2079.1	PK19717.1	TCP	NA	cluster_01	0.5472685426437383	0.5468358235076581	0.003996003996003996	0.004995004995004995	0.08469308469308469	0.09527972027972027
MA2362.1	TEIL	EIL	NA	cluster_26	0.5467702362341493	0.5369604680052398	0.006993006993006993	0.055944055944055944	0.11599270294922467	0.40269164797466683
MA2411.1	ZmbZIP57	Basic leucine zipper factors (bZIP)	S	cluster_14	0.5465693937814834	0.520896217586246	0.006993006993006993	0.0999000999000999	0.11599270294922467	0.4917662982179112
MA1778.2	MYB80	Tryptophan cluster factors	MYB	cluster_02	0.5462675872850462	0.5345700925999797	0.005994005994005994	0.016983016983016984	0.10394151303242212	0.2024694055944056
MA0952.1	ATHB-51	Homeo domain factors	HD-ZIP	cluster_09	0.5461731370505474	0.5663876406397909	0.007992007992007992	0.01998001998001998	0.12195804195804195	0.22093848180804704
MA1362.2	bHLH77	Basic helix-loop-helix factors (bHLH)	bHLH	cluster_07	0.5457464825429902	0.5401839985026158	0.008991008991008992	0.007992007992007992	0.12703962703962704	0.1325630890848282
MA1781.2	MYB94	Tryptophan cluster factors	MYB	cluster_02	0.5451895518499223	0.5479433340798846	0.005994005994005994	0.000999000999000999	0.10394151303242212	0.03811188811188811
MA1026.3	ATHB-15	Homeo domain factors	HD-ZIP	cluster_09	0.5451222424874076	0.517917758654178	0.002997002997002997	0.13986013986013987	0.08166833166833166	0.5696724328303276
MA1769.2	MYB39	Tryptophan cluster factors	MYB	cluster_02	0.5450809883619953	0.5379218828455996	0.003996003996003996	0.01098901098901099	0.08469308469308469	0.15527065527065528
MA1803.2	VIP1	Basic leucine zipper factors (bZIP)	Group I	cluster_12	0.5448866597186024	0.55363196565632	0.007992007992007992	0.000999000999000999	0.12195804195804195	0.03811188811188811
MA2355.1	PK06791.1	C3H(C),C2HC zinc-fingers like factors	SBP	cluster_28	0.5448584332117422	0.5834136276567882	0.007992007992007992	0.001998001998001998	0.12195804195804195	0.0586336740182894
MA1057.2	SPL12	C3H(C),C2HC zinc fingers factors	SBP	cluster_28	0.544480632273754	0.5696653087479139	0.004995004995004995	0.000999000999000999	0.09074259074259075	0.03811188811188811
MA1215.2	ATHB-53	Homeo domain factors	HD-ZIP	cluster_09	0.544450234497134	0.5370964038508835	0.004995004995004995	0.03196803196803197	0.09074259074259075	0.2869600987248046
MA1320.2	SPL15	C3H(C),C2HC zinc fingers factors	SBP	cluster_28	0.5442092235539344	0.5416853174415951	0.008991008991008992	0.008991008991008992	0.12703962703962704	0.1400028542885686
MA2361.1	PRUPE_ppa000682mg	C3H(C),C2HC zinc-fingers like factors	SBP	cluster_28	0.5441028313357652	0.5832531868118418	0.008991008991008992	0.001998001998001998	0.12703962703962704	0.0586336740182894
MA1097.1	ARALYDRAFT_493022	TCP	NA	cluster_01	0.5432267239881886	0.5397055813759644	0.008991008991008992	0.006993006993006993	0.12703962703962704	0.12408521710847294
MA1329.3	ZHD1	Homeo domain factors	PLINC	cluster_09	0.5423723293381975	0.5564639334935395	0.007992007992007992	0.001998001998001998	0.12195804195804195	0.0586336740182894
MA1059.3	SPL5	C3H(C),C2HC zinc fingers factors	SBP	cluster_28	0.541699235713045	0.5362111259810007	0.00999000999000999	0.012987012987012988	0.1361138861138861	0.17084639498432602
MA1807.2	ZHD10	Homeo domain factors	PLINC	cluster_09	0.5411759597012333	0.6150658326173103	0.01098901098901099	0.012987012987012988	0.14709851551956818	0.17084639498432602
MA1067.1	TCP5	TCP	NA	cluster_01	0.541171617161716	0.521150498442652	0.011988011988011988	0.11188811188811189	0.15770436460091633	0.5081585081585082
MA1430.2	TB1	TCP	NA	cluster_01	0.5407981587632456	0.5342694552362682	0.014985014985014986	0.014985014985014986	0.1844123618317167	0.18743551530436778
MA2399.1	LjSGA_053525.1	TCP	NA	cluster_01	0.5405853743269063	0.5398161204742205	0.00999000999000999	0.01098901098901099	0.1361138861138861	0.15527065527065528
MA1043.2	NAC083	GCM domain factors	NAC	cluster_20	0.539659327774883	0.5626627116591874	0.023976023976023976	0.007992007992007992	0.26133866133866135	0.1325630890848282
MA0935.1	NAC025	GCM domain factors	NAC	cluster_20	0.5395605350008685	0.5403509724635108	0.017982017982017984	0.01998001998001998	0.21437937062937065	0.22093848180804704
MA1827.2	Zm00001d044785	Tryptophan cluster factors	GARP_G2-like	cluster_05	0.5393162671530312	0.5712192501183251	0.013986013986013986	0.007992007992007992	0.18086997748014697	0.1325630890848282
MA2447.1	SPL5B	C3H(C),C2HC zinc-fingers like factors	SBP	cluster_33	0.5392760986624979	0.572213191457478	0.014985014985014986	0.023976023976023976	0.1844123618317167	0.2540792540792541
MA1343.2	BZIP52	Basic leucine zipper factors (bZIP)	Group I	cluster_12	0.5390980545422965	0.5588512970923183	0.017982017982017984	0.001998001998001998	0.21437937062937065	0.0586336740182894
MA1777.2	MYB74	Tryptophan cluster factors	MYB	cluster_02	0.5379440246656265	0.5213671411463939	0.01898101898101898	0.08191808191808192	0.2194320830684467	0.45622990148537595
MA1212.2	ATHB-13	Homeo domain factors	HD-ZIP	cluster_09	0.5378267760986626	0.5866567930061971	0.022977022977022976	0.025974025974025976	0.2540792540792541	0.25737898465171194
MA1771.2	MYB41	Tryptophan cluster factors	MYB	cluster_02	0.5372285912801809	0.5183314560630006	0.014985014985014986	0.1048951048951049	0.1844123618317167	0.49404299404299407
MA1822.2	Zm00001d018571	Basic leucine zipper factors (bZIP)	NA	cluster_28	0.5368041080423833	0.543674731057672	0.02097902097902098	0.00999000999000999	0.23891034338795533	0.14658418504572351
MA1055.3	SPL1	C3H(C),C2HC zinc fingers factors	SBP	cluster_28	0.5367335417752299	0.5274955933883477	0.026973026973026972	0.06893106893106893	0.28192355589615864	0.44129554655870445
MA0990.2	HDG11	Homeo domain factors	HD-ZIP	cluster_09	0.5360854177523019	0.5201134784316457	0.022977022977022976	0.13086913086913088	0.2540792540792541	0.5578388092354573
MA2358.1	PK22320.1	C3H(C),C2HC zinc-fingers like factors	SBP	cluster_28	0.5346198106652771	0.5656093753586405	0.028971028971028972	0.003996003996003996	0.29473193473193476	0.08711288711288712
MA1060.2	SPL7	C3H(C),C2HC zinc fingers factors	SBP	cluster_28	0.5344667361472988	0.5633642908781203	0.03696303696303696	0.005994005994005994	0.33979273738309884	0.11154698959577009
MA1791.1	NAC087	GCM domain factors	NAC	cluster_16	0.534396169880146	0.5249420273525572	0.030969030969030968	0.054945054945054944	0.30294064909449525	0.39926739926739924
MA1209.2	ATHB-20	Homeo domain factors	HD-ZIP	cluster_09	0.534154073302067	0.5852199411590364	0.026973026973026972	0.023976023976023976	0.28192355589615864	0.2540792540792541
MA0951.1	ATHB-16	Homeo domain factors	HD-ZIP	cluster_09	0.5338728938683344	0.6005790534224715	0.026973026973026972	0.09290709290709291	0.28192355589615864	0.4855350129322732
MA1282.2	TCP13	TCP	NA	cluster_01	0.5334766371373989	0.5252643783014839	0.03296703296703297	0.058941058941058944	0.3144230769230769	0.41576605212968853
MA2068.1	PK10344.1	TCP	NA	cluster_01	0.533135747785305	0.5203198746371327	0.04395604395604396	0.1108891108891109	0.3606286186931349	0.506637075499351
MA1374.2	IDD7	C2H2 zinc finger factors	IDD	cluster_08	0.532966388744138	0.5249386266814146	0.030969030969030968	0.056943056943056944	0.30294064909449525	0.4060518920332004
MA1757.2	HDG7	Homeo domain factors	HD-ZIP	cluster_09	0.5329251346187266	0.5162551276940087	0.03596403596403597	0.17182817182817184	0.3387723387723388	0.598652489063448
MA1744.2	BZIP30	Basic leucine zipper factors (bZIP)	Group I	cluster_12	0.5328328556539871	0.5444940221011161	0.030969030969030968	0.002997002997002997	0.30294064909449525	0.07145979020979021
MA1279.2	DOF1.5	Other C4 zinc finger-type factors	DOF	cluster_08	0.5327503474031607	0.5237532353385287	0.028971028971028972	0.08291708291708291	0.29473193473193476	0.45844734975169754
MA1825.2	Zm00001d044409	Tryptophan cluster factors	MYB-related	cluster_05	0.5325267066180301	0.6592874454727577	0.01898101898101898	0.028971028971028972	0.2194320830684467	0.26957189152311106
MA0577.4	SPL3	C3H(C),C2HC zinc fingers factors	SBP	cluster_28	0.532266154247004	0.5331156445036752	0.03896103896103896	0.04195804195804196	0.3497326203208556	0.3518020441097364
MA1681.2	SRM1	Tryptophan cluster factors	MYB-related	cluster_05	0.532220557582075	0.5230464166191587	0.04095904095904096	0.0899100899100899	0.3511432387836882	0.47311309380274896
MA1369.2	HDG1	Homeo domain factors	HD-ZIP	cluster_09	0.5318546986277584	0.5169165284224158	0.04095904095904096	0.15284715284715283	0.3511432387836882	0.5802108339421772
MA2454.1	SPL8D1	C3H(C),C2HC zinc-fingers like factors	SBP	cluster_33	0.5317895605350011	0.5338980848968309	0.04395604395604396	0.025974025974025976	0.3606286186931349	0.25737898465171194
MA0564.2	ABI3	B3	LAV	cluster_29	0.5314660413409763	0.5631278841233394	0.04995004995004995	0.05094905094905095	0.39290606300915576	0.39667475381761097
MA0586.3	SPL14	C3H(C),C2HC zinc fingers factors	SBP	cluster_28	0.5313900468994269	0.5426562903232732	0.04295704295704296	0.013986013986013986	0.36017828325520634	0.17785547785547787
MA0573.2	ATHB-9	Homeo domain factors	HD-ZIP	cluster_09	0.5312543425395179	0.513256231224377	0.04495504495504495	0.22077922077922077	0.36105999263894	0.6238956772764602
MA1035.1	TCP4	TCP	NA	cluster_01	0.5310904116727462	0.5191249020890596	0.03796203796203796	0.1038961038961039	0.3448218448218448	0.49404299404299407
MA1410.2	StBRC1	TCP	NA	cluster_01	0.5307147820045168	0.5299187915248468	0.04595404595404595	0.03696303696303696	0.36523892773892774	0.32048633184996816
MA2055.1	PK00315.1	Basic leucine zipper factors (bZIP)	Group I	cluster_12	0.5305953621677959	0.5497354789763597	0.04095904095904096	0.004995004995004995	0.3511432387836882	0.09527972027972027
MA1774.2	MYB60	Tryptophan cluster factors	MYB	cluster_02	0.5305117682820918	0.5438096325880242	0.03696303696303696	0.003996003996003996	0.33979273738309884	0.08711288711288712
MA1335.1	TGA4	Basic leucine zipper factors (bZIP)	Group D	cluster_14	0.5304325169359071	0.5143076352396472	0.04295704295704296	0.2007992007992008	0.36017828325520634	0.6085850907985295
MA2430.1	SPL14B	C3H(C),C2HC zinc-fingers like factors	SBP	cluster_38	0.5296812575994438	0.5346993033978927	0.04495504495504495	0.013986013986013986	0.36105999263894	0.17785547785547787
MA1818.1	Zm00001d052229	AP2/EREBP	ERF/DREB	cluster_24	0.5296378322042733	0.5356595551580399	0.057942057942057944	0.012987012987012988	0.4292212641727205	0.17084639498432602
MA1095.1	ARALYDRAFT_495258	TCP	NA	cluster_01	0.5287421834288691	0.5328448616315895	0.05194805194805195	0.03696303696303696	0.4003673094582186	0.32048633184996816
MA1098.1	ARALYDRAFT_484486	TCP	NA	cluster_01	0.5287421834288691	0.5328448616315895	0.060939060939060936	0.028971028971028972	0.43454676164956535	0.26957189152311106
MA0560.2	PIF3	Basic helix-loop-helix factors (bHLH)	bHLH	cluster_07	0.528674874066354	0.5288951955621163	0.060939060939060936	0.2217782217782218	0.43454676164956535	0.6238956772764602
MA1348.1	TGA9	Basic leucine zipper factors (bZIP)	Group D	cluster_14	0.5285869376411323	0.513719513516489	0.05194805194805195	0.18681318681318682	0.4003673094582186	0.608560794044665
MA1322.3	SPL9	C3H(C),C2HC zinc fingers factors	SBP	cluster_28	0.5284859735973598	0.5476354694689859	0.03996003996003996	0.012987012987012988	0.3511432387836882	0.17084639498432602
MA1070.3	TGA7	Basic leucine zipper factors (bZIP)	Group D	cluster_14	0.5284078078860516	0.5118423901747149	0.059940059940059943	0.2627372627372627	0.43454676164956535	0.6404745414330077
MA1047.3	TGA5	Basic leucine zipper factors (bZIP)	Group D	cluster_14	0.5281906809101972	0.5110316319283472	0.06393606393606394	0.25774225774225773	0.4516964516964517	0.6364315296354132
MA1357.2	bHLH80	Basic helix-loop-helix factors (bHLH)	bHLH	cluster_07	0.5281396560708704	0.5234274645282866	0.060939060939060936	0.0959040959040959	0.43454676164956535	0.4911062092270146
MA1361.2	bHLH18	Basic helix-loop-helix factors (bHLH)	bHLH	cluster_07	0.5280810317873912	0.5141819365558451	0.06693306693306693	0.1958041958041958	0.4600894600894601	0.608560794044665
MA2400.1	LjTCP20	TCP	NA	cluster_01	0.5280723467083551	0.5205462516313737	0.055944055944055944	0.0999000999000999	0.41848347730700675	0.4917662982179112
MA2428.1	SPL13B	C3H(C),C2HC zinc-fingers like factors	SBP	cluster_38	0.5279398992530832	0.5315133533766632	0.06693306693306693	0.025974025974025976	0.4600894600894601	0.25737898465171194
MA1284.2	TCP1	TCP	NA	cluster_01	0.5279040733020673	0.5233448282953412	0.07292707292707293	0.07592407592407592	0.4675912322971147	0.44129554655870445
MA1375.2	ANL2	Homeo domain factors	HD-ZIP	cluster_09	0.5277184297377118	0.5137444335630911	0.07292707292707293	0.2217782217782218	0.4675912322971147	0.6238956772764602
MA1038.2	MYB3	Tryptophan cluster factors	MYB	cluster_02	0.5277151728330728	0.5275712438687923	0.06593406593406594	0.07792207792207792	0.4600894600894601	0.4427704648292884
MA1364.2	BHLH72	Basic helix-loop-helix factors (bHLH)	bHLH	cluster_07	0.5276826037866944	0.5080094201092153	0.07892107892107893	0.32667332667332666	0.49358019030150185	0.7101189408881716
MA1207.2	GT-3a	Tryptophan cluster factors	Trihelix	cluster_07	0.5275219298245615	0.5126589474359452	0.055944055944055944	0.2007992007992008	0.41848347730700675	0.6085850907985295
MA1739.2	BHLH122	Basic helix-loop-helix factors (bHLH)	bHLH	cluster_07	0.5269498002431822	0.5808473615166584	0.07292707292707293	0.07892107892107893	0.4675912322971147	0.4427704648292884
MA1286.2	TCP24	TCP	NA	cluster_01	0.5268987754038564	0.5136836719984569	0.07392607392607392	0.22377622377622378	0.47004662004662	0.6238956772764602
MA0581.2	LEC2	B3	LAV	cluster_29	0.5268705488969949	0.6026137934773835	0.07092907092907093	0.04495504495504495	0.4675912322971147	0.3649010563904181
MA1358.2	bHLH130	Basic helix-loop-helix factors (bHLH)	bHLH	cluster_07	0.5265806843842281	0.522045904473828	0.07092907092907093	0.16483516483516483	0.4675912322971147	0.598652489063448
MA1054.2	ARALYDRAFT_897773	TCP	NA	cluster_01	0.5260975768629494	0.5222033504344984	0.07292707292707293	0.07692307692307693	0.4675912322971147	0.44129554655870445
MA2371.1	MYB31	Tryptophan cluster factors	MYB	cluster_02	0.526031353135314	0.5248717622392202	0.08391608391608392	0.07192807192807193	0.4963408684338917	0.44129554655870445
MA1738.1	ATMYB31	Tryptophan cluster factors	Myb	cluster_02	0.526031353135314	0.5248717622392202	0.09090909090909091	0.07592407592407592	0.5063039150630392	0.44129554655870445
MA0561.1	PIF4	Basic helix-loop-helix factors (bHLH)	bHLH	cluster_07	0.5259705575820743	0.5141000604079154	0.08191808191808192	0.3886113886113886	0.49605949605949606	0.7400904180565196
MA1832.2	Zm00001d002364	AP2/EREBP	ERF/DREB	cluster_24	0.5259651294076774	0.5310623311570692	0.08791208791208792	0.03696303696303696	0.5043377674956623	0.32048633184996816
MA2346.1	OsTCP7	TCP	NA	cluster_01	0.5259618725030399	0.5297644693249387	0.07492507492507493	0.11688311688311688	0.472461422874646	0.5277030661646046
MA1031.2	OJ1581_H09.2	TCP	NA	cluster_01	0.525927132186903	0.5297531961121118	0.08391608391608392	0.12387612387612387	0.4963408684338917	0.5432039225142673
MA1773.2	MYB51	Tryptophan cluster factors	MYB	cluster_02	0.5258967344102841	0.5194733252854591	0.08391608391608392	0.13386613386613386	0.4963408684338917	0.5581413122396729
MA2439.1	SPL2A	C3H(C),C2HC zinc-fingers like factors	SBP	cluster_38	0.5257838283828389	0.5353230493135545	0.053946053946053944	0.00999000999000999	0.4116083916083916	0.14658418504572351
MA1290.1	TCP17	TCP	NA	cluster_01	0.525577557755777	0.524371140934114	0.09090909090909091	0.07292707292707293	0.5063039150630392	0.44129554655870445
MA1261.2	ERF122	AP2/EREBP	ERF/DREB	cluster_24	0.5253745440333516	0.5235812075007671	0.08191808191808192	0.07892107892107893	0.49605949605949606	0.4427704648292884
MA1696.2	ARF39	B3	ARF	cluster_01	0.5253159197498708	0.5248438298198433	0.08591408591408592	0.054945054945054944	0.5004003629957828	0.39926739926739924
MA1414.2	E2FA	Fork head/winged helix factors	E2F	cluster_44	0.5252768368942157	0.5459635445096024	0.08091908091908091	0.07492507492507493	0.49605949605949606	0.44129554655870445
MA1371.2	IDD4	C2H2 zinc finger factors	IDD	cluster_08	0.5249554889699505	0.5207893983990817	0.08791208791208792	0.0999000999000999	0.5043377674956623	0.4917662982179112
MA2393.1	PHYPA_008731	Basic helix-loop-helix factors (bHLH)	NA	cluster_07	0.5248957790515894	0.5273122569679377	0.09490509490509491	0.18581418581418582	0.5209538662776073	0.608560794044665
MA2444.1	SPL4A	C3H(C),C2HC zinc-fingers like factors	SBP	cluster_38	0.5248805801632799	0.5310677467066038	0.07992007992007992	0.029970029970029972	0.4957643982034226	0.2755076249052153
MA1776.2	MYB67	Tryptophan cluster factors	MYB	cluster_02	0.5247980719124543	0.5093261317022009	0.09090909090909091	0.3306693306693307	0.5063039150630392	0.7107061952132374
MA1027.2	KAN1	Tryptophan cluster factors	GARP_G2-like	cluster_04	0.5247980719124543	0.7126039977976573	0.03296703296703297	0.026973026973026972	0.3144230769230769	0.2605116402584757
MA0575.2	MYB77	Tryptophan cluster factors	MYB	cluster_11	0.5246677957269413	0.5242551776470784	0.1008991008991009	0.07692307692307693	0.5288996717568146	0.44129554655870445
MA2446.1	SPL5A	C3H(C),C2HC zinc-fingers like factors	SBP	cluster_38	0.5245310057321542	0.530094563048535	0.07292707292707293	0.027972027972027972	0.4675912322971147	0.26678321678321676
MA1327.3	ATHB-23	Homeo domain factors	HD-ZIP	cluster_09	0.5240956661455618	0.67157103954565	0.06793206793206794	0.09490509490509491	0.4627872127872128	0.4892742392742393
MA1346.2	TGA10	Basic leucine zipper factors (bZIP)	Group D	cluster_14	0.5240478982108749	0.5130508577622875	0.0969030969030969	0.22277722277722278	0.526051413375357	0.6238956772764602
MA0129.1	TGA1A	Basic leucine zipper factors (bZIP)	Group D	cluster_14	0.5240435556713565	0.549817298086836	0.0979020979020979	0.061938061938061936	0.526051413375357	0.4219530469530469
MA2023.2	PHL4	Tryptophan cluster factors	GARP_G2-like	cluster_04	0.5237048375890232	0.5146024428653716	0.0979020979020979	0.2017982017982018	0.526051413375357	0.6085850907985295
MA1256.2	RAP2-12	AP2/EREBP	ERF/DREB	cluster_24	0.5236505558450589	0.5268675813076086	0.1018981018981019	0.052947052947052944	0.5288996717568146	0.39926739926739924
MA1401.2	RVE7	Tryptophan cluster factors	MYB-related	cluster_13	0.5231218516588503	0.5434106850116673	0.0989010989010989	0.15384615384615385	0.5277030661646046	0.5811119573495811
MA2437.1	SPL19B	C3H(C),C2HC zinc-fingers like factors	SBP	cluster_38	0.5230501997568195	0.5316171514444524	0.08491508491508491	0.015984015984015984	0.4983862291554599	0.19358419358419357
MA1323.2	GATA19	Other C4 zinc finger-type factors	C4-GATA-related	cluster_13	0.5230263157894742	0.5078068102221721	0.1068931068931069	0.4005994005994006	0.5380501851090086	0.7400904180565196
MA1219.3	ERF011	AP2/EREBP	ERF/DREB	cluster_15	0.5229731196803893	0.5287671459557607	0.10789210789210789	0.2017982017982018	0.5380501851090086	0.6085850907985295
MA1336.2	TGA3	Basic leucine zipper factors (bZIP)	Group D	cluster_14	0.5229698627757521	0.5086250625263317	0.0999000999000999	0.29270729270729273	0.5288996717568146	0.6706776706776707
MA1831.2	Zm00001d031796	AP2/EREBP	ERF/DREB	cluster_24	0.5229329511898554	0.5162681940970956	0.09090909090909091	0.13986013986013987	0.5063039150630392	0.5696724328303276
MA0123.1	abi4	AP2/EREBP	ERF/DREB	cluster_24	0.5228124457182561	0.5114629600632202	0.11988011988011989	0.23376623376623376	0.5496906939214632	0.6258373205741626
MA1036.1	MYB111	Tryptophan cluster factors	Myb	cluster_02	0.5227972468299463	0.527161432432321	0.10789210789210789	0.04795204795204795	0.5380501851090086	0.3771898204887895
MA1068.3	TGA2	Basic leucine zipper factors (bZIP)	Group D	cluster_14	0.522774448497482	0.5139497631483055	0.11488511488511488	0.2077922077922078	0.5496906939214632	0.62174688057041
MA0955.2	POPTR_0002s00440g	C3H(C),C2HC zinc fingers factors	SBP	cluster_28	0.5227625065138093	0.5716525245221185	0.0919080919080919	0.00999000999000999	0.5081585081585082	0.14658418504572351
MA1810.2	GLYMA-08G357600	B3	LAV	cluster_29	0.522745136355741	0.5270244939799161	0.11388611388611389	0.13386613386613386	0.5496906939214632	0.5581413122396729
MA2017.2	JUB1	GCM domain factors	NAC	cluster_47	0.522665885009554	0.5284128695314727	0.1108891108891109	0.1918081918081918	0.5458605910218814	0.608560794044665
MA2449.1	SPL6A	C3H(C),C2HC zinc-fingers like factors	SBP	cluster_38	0.522570349140179	0.5126733097082492	0.1048951048951049	0.21978021978021978	0.5380501851090086	0.6238956772764602
MA2078.1	PK19363.1	AP2/EREBP	ERF/DREB	cluster_24	0.5222500868507908	0.5254557923072745	0.13286713286713286	0.07292707292707293	0.5496906939214632	0.44129554655870445
MA2359.1	PK23829.1	Tryptophan cluster factors	MYB-related	cluster_05	0.5222142608997744	0.5856075387468412	0.12487512487512488	0.16783216783216784	0.5496906939214632	0.598652489063448
MA1096.1	ARALYDRAFT_496250	TCP	NA	cluster_01	0.5220666145561924	0.5107805797176195	0.1018981018981019	0.24175824175824176	0.5288996717568146	0.633888448321438
MA1752.2	ERF025	AP2/EREBP	ERF/DREB	cluster_15	0.5220036477331945	0.5083974244820607	0.11688311688311688	0.40559440559440557	0.5496906939214632	0.7457073047434493
MA1048.1	ERF018	AP2/EREBP	ERF/DREB	cluster_15	0.5219797637658508	0.5252349286204008	0.1108891108891109	0.0989010989010989	0.5458605910218814	0.4917662982179112
MA1011.2	PHYPADRAFT_72483	Basic helix-loop-helix factors (bHLH)	NA	cluster_07	0.5219157113079729	0.5599600701481883	0.12687312687312688	0.3036963036963037	0.5496906939214632	0.6855629577523068
MA2415.1	EREB138	AP2/EREBP	ERF/DREB	cluster_24	0.5217930345666154	0.5149558559960298	0.11888111888111888	0.16483516483516483	0.5496906939214632	0.598652489063448
MA1766.2	MYB17	Tryptophan cluster factors	MYB	cluster_02	0.5217604655202361	0.5124128512069805	0.11288711288711288	0.1978021978021978	0.5496906939214632	0.608560794044665
MA1188.1	At3g11280	Tryptophan cluster factors	Myb-related	cluster_05	0.5217452666319278	0.5212765257783065	0.11588411588411589	0.0999000999000999	0.5496906939214632	0.4917662982179112
MA1194.2	AT3G10580	Tryptophan cluster factors	MYB-related	cluster_05	0.5216529876671894	0.5072301517509075	0.12087912087912088	0.33166833166833165	0.5496906939214632	0.7108509468060029
MA1049.2	ERF094	AP2/EREBP	ERF/DREB	cluster_24	0.5215683081466042	0.5283033203546368	0.10789210789210789	0.06993006993006994	0.5380501851090086	0.44129554655870445
MA1270.2	DOF3.2	Other C4 zinc finger-type factors	DOF	cluster_08	0.5214011203751967	0.517400126587999	0.11988011988011989	0.14185814185814186	0.5496906939214632	0.5696724328303276
MA2422.1	OsbZIP42	Basic leucine zipper factors (bZIP)	Group A	cluster_07	0.5213794076776102	0.5311505392274887	0.12487512487512488	0.03196803196803197	0.5496906939214632	0.2869600987248046
MA1695.2	ARF36	B3	ARF	cluster_01	0.5210113774535347	0.5218996939005167	0.12387612387612387	0.0969030969030969	0.5496906939214632	0.4917662982179112
MA1244.2	ABR1	AP2/EREBP	ERF/DREB	cluster_24	0.520972294597881	0.5294755797240968	0.12887112887112886	0.026973026973026972	0.5496906939214632	0.2605116402584757
MA1163.3	PHL11	Tryptophan cluster factors	GARP_G2-like	cluster_04	0.5206976289734246	0.5231419504216658	0.12387612387612387	0.07292707292707293	0.5496906939214632	0.44129554655870445
MA2354.1	PK06182.1	Tryptophan cluster factors	MYB	cluster_02	0.520685686989752	0.5273913259342654	0.14685314685314685	0.059940059940059943	0.5496906939214632	0.41576605212968853
MA1268.2	CDF5	Other C4 zinc finger-type factors	DOF	cluster_08	0.520556496439118	0.5123866816258057	0.13586413586413587	0.2127872127872128	0.5496906939214632	0.6238956772764602
MA0034.2	Gam1	Tryptophan cluster factors	MYB	cluster_11	0.5203969081118636	0.522253178793343	0.12687312687312688	0.1108891108891109	0.5496906939214632	0.506637075499351
MA1775.2	MYB61	Tryptophan cluster factors	MYB	cluster_02	0.5203209136703145	0.522023465544871	0.14585414585414586	0.12987012987012986	0.5496906939214632	0.5578388092354573
MA0578.1	SPL8	C3H(C),C2HC zinc fingers factors	SBP	cluster_40	0.5202601181170746	0.5027619628794139	0.11788211788211789	0.4405594405594406	0.5496906939214632	0.7622377622377623
MA2425.1	SPL11A	C3H(C),C2HC zinc-fingers like factors	SBP	cluster_38	0.5201830380406457	0.520711081901119	0.14885114885114886	0.10789210789210789	0.5496906939214632	0.5019614531809653
MA0967.1	BZIP60	Basic leucine zipper factors (bZIP)	Group K	cluster_14	0.5201797811360085	0.5078341719657485	0.13886113886113885	0.3826173826173826	0.5496906939214632	0.7390811719925644
MA0558.2	FLC	MADS box factors	Type II	cluster_23	0.5201710960569751	0.5056214504728598	0.1068931068931069	0.32167832167832167	0.5380501851090086	0.7052889639096536
MA1389.2	PHL1	Tryptophan cluster factors	GARP_G2-like	cluster_04	0.5200723032829607	0.5078858280913604	0.13586413586413587	0.3026973026973027	0.5496906939214632	0.6853354360772759
MA2443.1	SPL3D	C3H(C),C2HC zinc-fingers like factors	SBP	cluster_38	0.5199192287649819	0.5251644415296336	0.15284715284715283	0.061938061938061936	0.5546800617223152	0.4219530469530469
MA1808.2	GLYMA-06G314400	Basic leucine zipper factors (bZIP)	Group A	cluster_07	0.5199051155115513	0.5209476816183282	0.11688311688311688	0.15184815184815184	0.5496906939214632	0.5802108339421772
MA1384.1	PHL7	Tryptophan cluster factors	GARP_G2-like	cluster_04	0.5198095796421751	0.5158401449916726	0.15084915084915085	0.17582417582417584	0.5507076655402015	0.6015867540531218
MA1021.2	PHYPADRAFT_48267	Basic helix-loop-helix factors (bHLH)	NA	cluster_07	0.5197661542470036	0.5194442844300758	0.12687312687312688	0.1958041958041958	0.5496906939214632	0.608560794044665
MA1360.3	bHLH74	Basic helix-loop-helix factors (bHLH)	bHLH	cluster_07	0.5197563835330901	0.5577562631761369	0.11488511488511488	0.3676323676323676	0.5496906939214632	0.7390811719925644
MA0934.1	AHL25	A.T hook factors	AHL	cluster_09	0.5196814747264199	0.5799160331068617	0.12887112887112886	0.053946053946053944	0.5496906939214632	0.39926739926739924
MA1351.3	GBF3	Basic leucine zipper factors (bZIP)	Group G	cluster_07	0.519654333854438	0.5225194589454968	0.12687312687312688	0.16083916083916083	0.5496906939214632	0.5957295132052414
MA1355.2	TRB2	Tryptophan cluster factors	MYB-related	cluster_02	0.5195685686989754	0.5142847894292761	0.14485514485514486	0.23276723276723277	0.5496906939214632	0.6258373205741626
MA1053.1	ERF109	AP2/EREBP	ERF/DREB	cluster_24	0.5195294858433215	0.5234790351543832	0.14685314685314685	0.06693306693306693	0.5496906939214632	0.44129554655870445
MA2060.1	PK05451.1	Basic helix-loop-helix factors (bHLH)	bHLH	cluster_07	0.519505601875977	0.5165271200962573	0.13886113886113885	0.14585414585414586	0.5496906939214632	0.5766150947498098
MA2452.1	SPL8A	C3H(C),C2HC zinc-fingers like factors	SBP	cluster_33	0.5194958311620639	0.5063260835246041	0.12387612387612387	0.33666333666333664	0.5496906939214632	0.7142063416036019
MA2009.2	NAC010	GCM domain factors	NAC	cluster_16	0.5193872676741365	0.5038593954724185	0.15684315684315683	0.3996003996003996	0.5566108310294356	0.7400904180565196
MA1008.2	PHYPADRAFT_182268	AP2/EREBP	ERF/DREB	cluster_15	0.5193698975160674	0.5247302930577499	0.13286713286713286	0.25374625374625376	0.5496906939214632	0.6364315296354132
MA2386.1	estExt_gwp_gw1.C_550163	AP2/EREBP	ERF/DREB	cluster_15	0.5193666406114296	0.524773668489803	0.14785214785214784	0.2777222777222777	0.5496906939214632	0.656043646755721
MA1045.2	NAC043	GCM domain factors	NAC	cluster_32	0.5193622980719123	0.5434267593745824	0.13986013986013987	0.02197802197802198	0.5496906939214632	0.2395604395604396
MA1275.2	DOF1.6	Other C4 zinc finger-type factors	DOF	cluster_03	0.519157113079729	0.5493100431909148	0.14585414585414586	0.26073926073926074	0.5496906939214632	0.6404745414330077
MA0937.1	NAC055	GCM domain factors	NAC	cluster_20	0.5191473423658157	0.5047600642422647	0.13386613386613386	0.47052947052947053	0.5496906939214632	0.7804651869869261
MA2092.1	PK27149.1	Basic leucine zipper factors (bZIP)	Group S	cluster_07	0.5191419141914192	0.5182159877898916	0.13286713286713286	0.1878121878121878	0.5496906939214632	0.608560794044665
MA1821.2	Zm00001d020595	AP2/EREBP	ERF/DREB	cluster_24	0.5191288865728689	0.5203607683543361	0.14985014985014986	0.10789210789210789	0.5496906939214632	0.5019614531809653
MA1012.1	AGL27	MADS box factors	MIKC	cluster_23	0.519050720861561	0.5037783009977979	0.15584415584415584	0.4005994005994006	0.5556499575191164	0.7400904180565196
MA1770.2	MYB40	Tryptophan cluster factors	MYB	cluster_02	0.5190214087198198	0.5099469098961875	0.15384615384615385	0.24775224775224775	0.5546800617223152	0.6364315296354132
MA0975.1	CRF2	AP2/EREBP	ERF/DREB	cluster_24	0.5188878756296682	0.5313216947674932	0.14985014985014986	0.052947052947052944	0.5496906939214632	0.39926739926739924
MA1157.2	NUC	C2H2 zinc finger factors	IDD	cluster_08	0.5188455358693763	0.5122424078202646	0.15484515484515485	0.21078921078921078	0.5546800617223152	0.6238956772764602
MA1266.2	RAP2-11	AP2/EREBP	ERF/DREB	cluster_24	0.5186946326211579	0.5343875316527213	0.15984015984015984	0.01998001998001998	0.5594405594405595	0.22093848180804704
MA2083.1	PK21166.1	Tryptophan cluster factors	MYB	cluster_02	0.5186544641306233	0.513313708849957	0.13586413586413587	0.21478521478521478	0.5496906939214632	0.6238956772764602
MA2106.1	Zm00001d024644	Tryptophan cluster factors	MYB-related	cluster_05	0.518647950321348	0.5198536796667497	0.13686313686313686	0.14585414585414586	0.5496906939214632	0.5766150947498098
MA1086.2	WRKY43	GCM domain factors	WRKY	cluster_10	0.518562185165885	0.622391267509953	0.14385614385614387	0.07592407592407592	0.5496906939214632	0.44129554655870445
MA1185.2	LHY	Tryptophan cluster factors	MYB-related	cluster_13	0.5185469862775757	0.5337762406909361	0.14685314685314685	0.1108891108891109	0.5496906939214632	0.506637075499351
MA1383.2	KAN2	Tryptophan cluster factors	GARP_G2-like	cluster_04	0.5185404724682993	0.5259798548170294	0.15784215784215785	0.06993006993006994	0.5575628075628076	0.44129554655870445
MA1762.2	MYB10	Tryptophan cluster factors	MYB	cluster_02	0.5184861907243363	0.5040083232984124	0.14985014985014986	0.4225774225774226	0.5496906939214632	0.7533331154826481
MA0956.2	BEE2	Basic helix-loop-helix factors (bHLH)	bHLH	cluster_07	0.518484019454577	0.5572063062491355	0.16083916083916083	0.37362637362637363	0.5603665740652042	0.7390811719925644
MA2426.1	SPL11B	C3H(C),C2HC zinc-fingers like factors	SBP	cluster_38	0.5184796769150604	0.5222299407191858	0.14185814185814186	0.06893106893106893	0.5496906939214632	0.44129554655870445
MA1064.2	TCP2	TCP	NA	cluster_01	0.5184438509640434	0.5276523001728033	0.13786213786213786	0.054945054945054944	0.5496906939214632	0.39926739926739924
MA2006.2	NAC020	GCM domain factors	NAC	cluster_16	0.5183298593017204	0.5108036912314351	0.14785214785214784	0.22877122877122877	0.5496906939214632	0.6238956772764602
MA1345.2	BZIP48	Basic leucine zipper factors (bZIP)	Group S	cluster_14	0.518289690811186	0.5198993953610767	0.16783216783216784	0.11888111888111888	0.5691375291375291	0.5304461620251094
MA2067.1	PK09702.1	Basic helix-loop-helix factors (bHLH)	bHLH	cluster_07	0.5182473510508944	0.51505949759816	0.18181818181818182	0.1978021978021978	0.5910572478369088	0.608560794044665
MA1409.2	OsRR22	Tryptophan cluster factors	GARP_ARR-B	cluster_13	0.5182354090672231	0.5147748700582382	0.14685314685314685	0.17282717282717283	0.5496906939214632	0.5993960584869676
MA2429.1	SPL13D	C3H(C),C2HC zinc-fingers like factors	SBP	cluster_38	0.5179422876498186	0.5207513772123744	0.15984015984015984	0.0899100899100899	0.5594405594405595	0.47311309380274896
MA2045.2	NAC031	GCM domain factors	NAC	cluster_16	0.517923831856871	0.5129397409545357	0.14985014985014986	0.1958041958041958	0.5496906939214632	0.608560794044665
MA2350.1	OsFBH1	Basic helix-loop-helix factors (bHLH)	bHLH	cluster_07	0.5178239534479763	0.5450980001848104	0.16183816183816183	0.2707292707292707	0.5612841703750794	0.649579979768659
MA1291.1	TCP7	TCP	NA	cluster_01	0.517815268368942	0.5138271477284613	0.15484515484515485	0.18981018981018982	0.5546800617223152	0.608560794044665
MA1811.2	GLYMA-13G317000	Basic leucine zipper factors (bZIP)	Group A	cluster_07	0.5177229894042041	0.5252250368881125	0.17282717282717283	0.1918081918081918	0.5809124795908938	0.608560794044665
MA1191.2	RVE7L	Tryptophan cluster factors	MYB-related	cluster_13	0.5176773927392737	0.5435869107143954	0.16883116883116883	0.15484515484515485	0.5699919549477072	0.5820042026938579
MA1184.2	RVE1	Tryptophan cluster factors	MYB-related	cluster_13	0.5175742574257431	0.5452240101617999	0.16383616383616384	0.1258741258741259	0.5630945630945632	0.548811188811189
MA2396.1	IDD1	C2H2 zinc finger factors	IDD	cluster_08	0.517516718777142	0.513066139752526	0.16483516483516483	0.17582417582417584	0.5639875819248016	0.6015867540531218
MA2077.1	PK18474.1	Basic helix-loop-helix factors (bHLH)	bHLH	cluster_07	0.517509119332986	0.523913790412116	0.14985014985014986	0.1968031968031968	0.5496906939214632	0.608560794044665
MA1672.2	GBF2	Basic leucine zipper factors (bZIP)	Group G	cluster_07	0.5174689508424529	0.5247512977563027	0.16283716283716285	0.07292707292707293	0.5621934626459514	0.44129554655870445
MA0584.2	SEP1	MADS box factors	Type II	cluster_23	0.5173223901337507	0.5072274143117248	0.17782217782217782	0.32967032967032966	0.5888532068789579	0.7107061952132374
MA1247.2	ERF087	AP2/EREBP	ERF/DREB	cluster_24	0.5169782438770202	0.5274695931101638	0.17682317682317683	0.04395604395604396	0.5888532068789579	0.36454849498327757
MA1326.2	ZHD5	Homeo domain factors	PLINC	cluster_09	0.5168316831683172	0.5323978771942323	0.1878121878121878	0.3226773226773227	0.5921516500028896	0.7054521409822269
MA0938.3	NAC058	GCM domain factors	NAC	cluster_16	0.5167133489664759	0.5117165257994163	0.14985014985014986	0.1968031968031968	0.5496906939214632	0.608560794044665
MA2448.1	SPL5D	C3H(C),C2HC zinc-fingers like factors	SBP	cluster_38	0.5166970644432858	0.5180087308913017	0.17882117882117882	0.13286713286713286	0.5888532068789579	0.5581413122396729
MA1817.2	Zm00001d020267	AP2/EREBP	ERF/DREB	cluster_24	0.5166753517457013	0.5231358611034816	0.1848151848151848	0.07492507492507493	0.5921516500028896	0.44129554655870445
MA1330.2	ZHD6	Homeo domain factors	PLINC	cluster_09	0.5165439899253086	0.49835477775324116	0.18281718281718282	0.5184815184815185	0.5910572478369088	0.7909729159729159
MA1785.2	NAC018	GCM domain factors	NAC	cluster_20	0.5165255341323614	0.5030572535995773	0.17382617382617382	0.4005994005994006	0.5817077659182922	0.7400904180565196
MA1337.2	BZIP44	Basic leucine zipper factors (bZIP)	Group S	cluster_14	0.5163616032655899	0.5179963856880476	0.1878121878121878	0.14185814185814186	0.5921516500028896	0.5696724328303276
MA2053.2	NAC105	GCM domain factors	NAC	cluster_25	0.5163605176307107	0.5199885097162975	0.18281718281718282	0.14685314685314685	0.5910572478369088	0.577571912623459
MA0550.3	BZR1	Basic helix-loop-helix factors (bHLH)	BES/BZR	cluster_07	0.5162866944589201	0.5063251565099774	0.20279720279720279	0.36663336663336665	0.6091900225758493	0.7390811719925644
MA2088.1	PK24580.1	AP2/EREBP	ERF/DREB	cluster_15	0.5162866944589196	0.5163124295697665	0.1938061938061938	0.18181818181818182	0.6035678607107178	0.6084529505582138
MA1772.2	MYB43	Tryptophan cluster factors	MYB	cluster_02	0.5162552110474198	0.5117024124100595	0.1798201798201798	0.22477522477522477	0.5888532068789579	0.6238956772764602
MA1754.2	ERF073	AP2/EREBP	ERF/DREB	cluster_24	0.516129277401424	0.5262377128483146	0.1998001998001998	0.04795204795204795	0.6091900225758493	0.3771898204887895
MA2406.1	PK03576.1	Basic helix-loop-helix factors (bHLH)	bHLH	cluster_07	0.5160597967691505	0.5221549313662662	0.1888111888111888	0.24175824175824176	0.5928515928515928	0.633888448321438
MA1706.2	AT1G14600	Tryptophan cluster factors	GARP_G2-like	cluster_04	0.5158969515372591	0.5308447518756676	0.18681318681318682	0.22777222777222778	0.5921516500028896	0.6238956772764602
MA2031.2	AT5G04760	Tryptophan cluster factors	MYB-related	cluster_05	0.5158372416188987	0.5193950321846004	0.16783216783216784	0.4005994005994006	0.5691375291375291	0.7400904180565196
MA1040.1	MYB46	Tryptophan cluster factors	Myb	cluster_02	0.5157775317005387	0.5148256907179539	0.18681318681318682	0.34165834165834164	0.5921516500028896	0.7142063416036019
MA2427.1	SPL12B	C3H(C),C2HC zinc-fingers like factors	SBP	cluster_38	0.5156961090845937	0.515893841518322	0.19480519480519481	0.16683316683316685	0.6042128603104213	0.598652489063448
MA0946.1	ARR11	Tryptophan cluster factors	GARP_ARR-B	cluster_13	0.5155940594059406	0.526734391763174	0.2087912087912088	0.08691308691308691	0.6204260855423646	0.47311309380274896
MA2409.1	ZmbZIP25	Basic leucine zipper factors (bZIP)	D	cluster_14	0.515462697585548	0.49687827112922345	0.2007992007992008	0.5874125874125874	0.6091900225758493	0.8087657405431193
MA1349.2	BZIP16	Basic leucine zipper factors (bZIP)	Group G	cluster_07	0.5153812749696026	0.5113670384800413	0.2007992007992008	0.21578421578421578	0.6091900225758493	0.6238956772764602
MA2424.1	OsbZIP77	Basic leucine zipper factors (bZIP)	Group A	cluster_14	0.515270540211916	0.5215701550306322	0.2177822177822178	0.08791208791208792	0.6257175660160734	0.47311309380274896
MA0961.2	bHLH112	Basic helix-loop-helix factors (bHLH)	bHLH	cluster_07	0.5152466562445718	0.5447481613378946	0.1798201798201798	0.27672327672327673	0.5888532068789579	0.656043646755721
MA1328.1	ZHD9	Homeo domain factors	PLINC	cluster_06	0.5152347142609003	0.505323878072019	0.2017982017982018	0.3596403596403596	0.6091900225758493	0.7317482517482518
MA1417.2	O2	Basic leucine zipper factors (bZIP)	Group C	cluster_14	0.5152010595796427	0.5273424052302543	0.2017982017982018	0.03796203796203796	0.6091900225758493	0.32544983106780856
MA0551.2	HY5	Basic leucine zipper factors (bZIP)	Group H	cluster_07	0.5151674048983842	0.4933630591628711	0.19080919080919082	0.6483516483516484	0.5966697237189041	0.8423373236932559
MA1181.2	MYB113	Tryptophan cluster factors	MYB	cluster_11	0.5151304933124901	0.5304210925574822	0.19880119880119881	0.025974025974025976	0.6091900225758493	0.25737898465171194
MA1359.3	BPE	Basic helix-loop-helix factors (bHLH)	bHLH	cluster_07	0.5149405072086155	0.5576994793040401	0.18681318681318682	0.3306693306693307	0.5921516500028896	0.7107061952132374
MA2104.1	IDD11	C2H2 zinc finger factors	IDD	cluster_08	0.5148764547507392	0.5140637113049473	0.20279720279720279	0.16883116883116883	0.6091900225758493	0.598652489063448
MA2410.1	ZmbZIP54	Basic leucine zipper factors (bZIP)	S	cluster_14	0.514632186902901	0.5076266675330449	0.21678321678321677	0.3966033966033966	0.6257175660160734	0.7400904180565196
MA0554.2	SOC1	MADS box factors	Type II	cluster_23	0.5143477505645299	0.4976928457406966	0.21678321678321677	0.5514485514485514	0.6257175660160734	0.8056289061981662
MA0568.2	MYC3	Basic helix-loop-helix factors (bHLH)	bHLH	cluster_07	0.5143249522320654	0.5558246921997027	0.21878121878121878	0.3966033966033966	0.6257175660160734	0.7400904180565196
MA1820.2	Zm00001d024324	AP2/EREBP	ERF/DREB	cluster_24	0.5141946760465517	0.5196868667796507	0.24275724275724275	0.13786213786213786	0.6499904205383656	0.5696724328303276
MA1160.2	IDD6	C2H2 zinc finger factors	IDD	cluster_08	0.5140947976376598	0.5074871527120491	0.2097902097902098	0.3066933066933067	0.6204260855423646	0.6882558617852735
MA0932.1	AHL12	A.T hook factors	AHL	cluster_09	0.5140828556539867	0.5783926145468674	0.21578421578421578	0.06393606393606394	0.6257175660160734	0.43170988303731667
MA1039.1	MYB4	Tryptophan cluster factors	Myb	cluster_02	0.5140502866076082	0.519220328131587	0.25074925074925075	0.18681318681318682	0.6507540078968651	0.608560794044665
MA1828.2	Zm00001d038683	TCP	NA	cluster_01	0.5139189247872156	0.5222134778072228	0.21878121878121878	0.12287712287712288	0.6257175660160734	0.541937830955172
MA1274.1	DOF3.6	Other C4 zinc finger-type factors	DOF	cluster_08	0.5139124109779398	0.5097394784387691	0.22577422577422576	0.25274725274725274	0.6356669161097205	0.6364315296354132
MA1294.2	MYB62	Tryptophan cluster factors	MYB	cluster_02	0.5138103612992883	0.5156192706767243	0.2097902097902098	0.23376623376623376	0.6204260855423646	0.6258373205741626
MA1061.2	SPT	Basic helix-loop-helix factors (bHLH)	bHLH	cluster_07	0.5136714000347405	0.5164884083509135	0.22777222777222778	0.4785214785214785	0.6389345948169478	0.781699151911918
MA1069.3	TGA6	Basic leucine zipper factors (bZIP)	Group D	cluster_14	0.5136692287649816	0.49925394062925443	0.20679320679320679	0.5174825174825175	0.61875771287536	0.7909729159729159
MA2013.2	ERF115	AP2/EREBP	ERF/DREB	cluster_24	0.5136540298766731	0.5244592117389772	0.21978021978021978	0.059940059940059943	0.6257175660160734	0.41576605212968853
MA1203.1	AGL63	MADS box factors	MIKC	cluster_23	0.5135997481327078	0.5102971487969898	0.22277722277722278	0.25374625374625376	0.6318922712974757	0.6364315296354132
MA2416.1	EREB29	AP2/EREBP	ERF/DREB	cluster_24	0.5135975768629485	0.5231349409808471	0.21878121878121878	0.1008991008991009	0.6257175660160734	0.4935000896539358
MA1277.2	DOF1.7	Other C4 zinc finger-type factors	DOF	cluster_03	0.5135921486885531	0.513250480179069	0.24275724275724275	0.2677322677322677	0.6499904205383656	0.646454811011773
MA0968.3	BZIP68	Basic leucine zipper factors (bZIP)	Group G	cluster_07	0.513509640437728	0.5199306668103187	0.24975024975024976	0.14785214785214784	0.6503735172677152	0.5785189169804554
MA1285.2	TCP9	TCP	NA	cluster_01	0.5134466736147308	0.5049740192538869	0.23076923076923078	0.3886113886113886	0.6449704142011834	0.7400904180565196
MA0930.3	ABF3	Basic leucine zipper factors (bZIP)	Group A	cluster_07	0.5131405245787735	0.528720571387752	0.24175824175824176	0.5104895104895105	0.6499904205383656	0.790011607825373
MA1192.2	DIV1	Tryptophan cluster factors	MYB-related	cluster_05	0.513072129581379	0.5111670971220514	0.23676323676323677	0.23876123876123875	0.6499904205383656	0.6303627168679071
MA0580.1	DYT1	Basic helix-loop-helix factors (bHLH)	bHLH	cluster_07	0.5130069914886227	0.5152801234968907	0.24875124875124874	0.17182817182817184	0.6499904205383656	0.598652489063448
MA1344.2	BZIP28	Basic leucine zipper factors (bZIP)	Group B	cluster_07	0.5129288257773139	0.5193936305562106	0.21878121878121878	0.13286713286713286	0.6257175660160734	0.5581413122396729
MA1813.2	EIL4	EIL	NA	cluster_46	0.5129125412541257	0.5340595138794415	0.24575424575424576	0.04495504495504495	0.6499904205383656	0.3649010563904181
MA0559.1	PI	MADS box factors	MIKC	cluster_23	0.5128658589543169	0.5077934735388832	0.25774225774225773	0.32667332667332666	0.6533466533466533	0.7101189408881716
MA2442.1	SPL3B	C3H(C),C2HC zinc-fingers like factors	SBP	cluster_38	0.5128560882404017	0.5141494031436737	0.24275724275724275	0.1878121878121878	0.6499904205383656	0.608560794044665
MA0965.3	BIM2	Basic helix-loop-helix factors (bHLH)	bHLH	cluster_07	0.5128311186381797	0.5528225913548401	0.24375624375624375	0.4805194805194805	0.6499904205383656	0.781699151911918
MA2451.1	SPL7B	C3H(C),C2HC zinc-fingers like factors	SBP	cluster_38	0.5127790081639749	0.5150160606533803	0.24775224775224775	0.17082917082917082	0.6499904205383656	0.598652489063448
MA2360.1	PK28565.1	Tryptophan cluster factors	MYB	cluster_11	0.5127703230849401	0.5028847271880897	0.22577422577422576	0.4905094905094905	0.6356669161097205	0.7826268381823938
MA1196.2	AT5G05790	Tryptophan cluster factors	MYB-related	cluster_05	0.512578165711307	0.5113638421399992	0.23576423576423577	0.21478521478521478	0.6499904205383656	0.6238956772764602
MA2405.1	OsMSL08	Tryptophan cluster factors	Trihelix	cluster_10	0.5125640524578775	0.6443491442578466	0.21978021978021978	0.14985014985014986	0.6257175660160734	0.5802108339421772
MA0992.3	ERF4	AP2/EREBP	ERF/DREB	cluster_24	0.5123360691332296	0.5116759827207007	0.2647352647352647	0.2547452547452547	0.6622721540754327	0.6364315296354132
MA1816.2	O11	Basic helix-loop-helix factors (bHLH)	bHLH	cluster_07	0.5121927653291646	0.5558003693585876	0.23576423576423577	0.3786213786213786	0.6499904205383656	0.7390811719925644
MA2033.2	NAC038	GCM domain factors	NAC	cluster_16	0.5121808233454926	0.5096731271457638	0.2547452547452547	0.25774225774225773	0.6522504341296287	0.6364315296354132
MA2022.2	LOB	Other C4 zinc finger-type factors	LBD	cluster_24	0.5120570609692557	0.5237875806433353	0.24575424575424576	0.07192807192807193	0.6499904205383656	0.44129554655870445
MA2412.1	ZmbZIP72	Basic leucine zipper factors (bZIP)	S	cluster_14	0.5120462046204625	0.4943223191109262	0.24775224775224775	0.6643356643356644	0.6499904205383656	0.8473543123543124
MA1299.2	WRKY17	GCM domain factors	WRKY	cluster_10	0.5120212350182388	0.5080135991757918	0.2647352647352647	0.3126873126873127	0.6622721540754327	0.6976035660246187
MA2348.1	IDD6	C2H2 zinc finger factors	IDD	cluster_08	0.5119962654160158	0.5073607183099353	0.26573426573426573	0.31868131868131866	0.6625988390694273	0.70479375696767
MA0966.2	BIM3	Basic helix-loop-helix factors (bHLH)	bHLH	cluster_07	0.5119886659718604	0.5554490186204468	0.24075924075924077	0.3826173826173826	0.6499904205383656	0.7390811719925644
MA1338.3	DPBF3	Basic leucine zipper factors (bZIP)	Group A	cluster_07	0.5118290776446068	0.49583498600731957	0.2547452547452547	0.6053946053946054	0.6522504341296287	0.8219147400642063
MA1199.1	AGL16	MADS box factors	MIKC	cluster_23	0.5117715389960047	0.5138532448159349	0.27372627372627373	0.1978021978021978	0.6678654678654677	0.608560794044665
MA2363.1	TOE2	AP2/EREBP	AP2	cluster_36	0.5117454837589023	0.515555210690866	0.2547452547452547	0.1938061938061938	0.6522504341296287	0.608560794044665
MA1370.2	IDD5	C2H2 zinc finger factors	IDD	cluster_08	0.5117129147125247	0.5131318292617518	0.27172827172827174	0.1978021978021978	0.6666516762979786	0.608560794044665
MA1787.2	NAC047	GCM domain factors	NAC	cluster_20	0.511673831856871	0.5033490298593115	0.2857142857142857	0.4275724275724276	0.6713286713286715	0.7569321629646455
MA1819.2	Zm00001d005892	AP2/EREBP	ERF/DREB	cluster_24	0.511499044641306	0.5190436511847341	0.24675324675324675	0.18081918081918083	0.6499904205383656	0.6077754844274669
MA2066.1	PK09021.1	Basic leucine zipper factors (bZIP)	Group D	cluster_14	0.5114425916275839	0.5021905009347607	0.2707292707292707	0.5214785214785215	0.6663433340852696	0.7909729159729159
MA2046.2	NAC035	GCM domain factors	NAC	cluster_20	0.5113329425047768	0.524643332337042	0.25774225774225773	0.08691308691308691	0.6533466533466533	0.47311309380274896
MA1340.2	BZIP3	Basic leucine zipper factors (bZIP)	Group S	cluster_14	0.5112569480632283	0.5159633675942507	0.27472527472527475	0.16683316683316685	0.6678654678654677	0.598652489063448
MA1025.2	HBI1	Basic helix-loop-helix factors (bHLH)	bHLH	cluster_07	0.5112460917144346	0.5216518381736387	0.25874125874125875	0.2727272727272727	0.6537072199323856	0.6523225990310629
MA2007.2	MYB107	Tryptophan cluster factors	MYB	cluster_02	0.5111852961611951	0.5265364459734512	0.2777222777222777	0.16883116883116883	0.6705762591838541	0.598652489063448
MA0948.2	ARR18	Tryptophan cluster factors	GARP_ARR-B	cluster_13	0.5111766110821611	0.539526051716458	0.24075924075924077	0.052947052947052944	0.6499904205383656	0.39926739926739924
MA2423.1	OsbZIP69	Basic leucine zipper factors (bZIP)	Group A	cluster_14	0.5111071304498874	0.5188451854611195	0.24875124875124874	0.11788211788211789	0.6499904205383656	0.5290826820238586
MA1333.2	BEH3	Basic helix-loop-helix factors (bHLH)	BES/BZR	cluster_07	0.5110843321174223	0.49751482504949446	0.2867132867132867	0.5864135864135864	0.6713286713286715	0.8087657405431193
MA1793.2	NID1	Tryptophan cluster factors	MYB-related	cluster_05	0.5109909675178045	0.638170741547438	0.23776223776223776	0.21978021978021978	0.6499904205383656	0.6238956772764602
MA0570.3	ABF1	Basic leucine zipper factors (bZIP)	Group A	cluster_07	0.5109518846621494	0.4985316157262906	0.2517482517482518	0.5504495504495505	0.6511319189285292	0.8056289061981662
MA0082.2	squamosa	MADS box factors	Type II	cluster_23	0.5109475421226329	0.5006541832426569	0.26673326673326675	0.4775224775224775	0.6629233958224188	0.781699151911918
MA1786.2	NAC019	GCM domain factors	NAC	cluster_20	0.5109095449018586	0.5129347886937028	0.2807192807192807	0.3836163836163836	0.6713286713286715	0.7391396482305573
MA1372.2	ZAT10	C2H2 zinc finger factors	C2H2	cluster_35	0.5108237797463969	0.5088631921961568	0.2757242757242757	0.3206793206793207	0.6678654678654677	0.7051248463352211
MA1332.2	BEH2	Basic helix-loop-helix factors (bHLH)	BES/BZR	cluster_07	0.5107282438770194	0.4995787629994141	0.2937062937062937	0.5424575424575424	0.6732339516770655	0.8056289061981662
MA1195.2	AT5G56840	Tryptophan cluster factors	MYB-related	cluster_05	0.5106348792774018	0.4924763040285087	0.2887112887112887	0.6933066933066933	0.671605833191199	0.8629575970522135
MA2103.1	AT4G09450	Tryptophan cluster factors	MYB-related	cluster_05	0.5105360865033872	0.6382588181485195	0.2707292707292707	0.25374625374625376	0.6663433340852696	0.6364315296354132
MA2392.1	GRMZM2G135447	Homeo domain factors	TALE-type HD	cluster_14	0.5105306583289908	0.5280476103526179	0.2757242757242757	0.1038961038961039	0.6678654678654677	0.49404299404299407
MA1232.2	ERF054	AP2/EREBP	ERF/DREB	cluster_15	0.510515459440681	0.514114245973716	0.2977022977022977	0.23276723276723277	0.6760323010323012	0.6258373205741626
MA1085.3	WRKY40	GCM domain factors	WRKY	cluster_10	0.5104666058711135	0.6716489353460064	0.24875124875124874	0.2217782217782218	0.6499904205383656	0.6238956772764602
MA1074.2	UNE10	Basic helix-loop-helix factors (bHLH)	bHLH	cluster_07	0.510241879451103	0.5218322006291862	0.31368631368631367	0.2807192807192807	0.6879796421343699	0.6610765777432444
MA2453.1	SPL8B	C3H(C),C2HC zinc-fingers like factors	SBP	cluster_33	0.5102006253256901	0.505500803690738	0.2837162837162837	0.3516483516483517	0.6713286713286715	0.7273104254236331
MA0963.1	bHLH78	Basic helix-loop-helix factors (bHLH)	bHLH	cluster_07	0.51017131318395	0.4973867094392272	0.25574425574425574	0.5034965034965035	0.6526182847253081	0.7872291642783448
MA1051.1	RAP2-3	AP2/EREBP	ERF/DREB	cluster_24	0.5101626281049162	0.5218841849905212	0.2947052947052947	0.07692307692307693	0.6732339516770655	0.44129554655870445
MA1686.1	ARF13	B3	ARF	cluster_01	0.510161542470036	0.4998484462697772	0.28771228771228774	0.4985014985014985	0.6713286713286715	0.7826268381823938
MA0977.1	DOF2.5	Other C4 zinc finger-type factors	DOF	cluster_03	0.5101593712002781	0.5472100855295244	0.31868131868131866	0.37362637362637363	0.690777972027972	0.7390811719925644
MA1167.2	EFM	Tryptophan cluster factors	GARP_G2-like	cluster_04	0.5100920618377633	0.5130707284687679	0.27972027972027974	0.2677322677322677	0.6711527466244448	0.646454811011773
MA0960.1	BHLH104	Basic helix-loop-helix factors (bHLH)	bHLH	cluster_07	0.5099596143824913	0.49790348951650365	0.26373626373626374	0.5314685314685315	0.6622721540754327	0.7998234507110246
MA0556.2	AP3	MADS box factors	Type II	cluster_23	0.5098955619246138	0.49524603755903296	0.3076923076923077	0.6433566433566433	0.6844583987441131	0.8404159942621482
MA1186.2	YAB4	Tryptophan cluster factors	MYB-related	cluster_05	0.509889048115338	0.5113304019141099	0.2827172827172827	0.2177822177822178	0.6713286713286715	0.6238956772764602
MA1234.2	ERF017	AP2/EREBP	ERF/DREB	cluster_15	0.5098119680389092	0.5063743608613435	0.2997002997002997	0.3946053946053946	0.678549936710174	0.7400904180565196
MA1175.2	MYB81	Tryptophan cluster factors	MYB	cluster_11	0.5097424874066357	0.5026079259636966	0.3026973026973027	0.5394605394605395	0.6812921591682654	0.8056289061981662
MA1263.2	ERF055	AP2/EREBP	ERF/DREB	cluster_15	0.5097164321695333	0.5091431636156405	0.3146853146853147	0.25774225774225773	0.6879796421343699	0.6364315296354132
MA1416.1	RAMOSA1	C2H2 zinc finger factors	C2H2	cluster_21	0.5097088327253779	0.5087666996050673	0.30569430569430567	0.3546453546453546	0.6840022147940036	0.7274043161139936
MA0971.2	DREB1A	AP2/EREBP	ERF/DREB	cluster_15	0.5094504516241102	0.5024470805008691	0.2917082917082917	0.4835164835164835	0.6724272706145817	0.7826268381823938
MA1182.2	RVE8	Tryptophan cluster factors	MYB-related	cluster_13	0.5094450234497135	0.524523710482291	0.27972027972027974	0.23776223776223776	0.6711527466244448	0.6299048174048174
MA1353.2	AT1G72740	Tryptophan cluster factors	MYB-related	cluster_02	0.5093560013896127	0.5172341323506762	0.3046953046953047	0.17182817182817184	0.6837721102426985	0.598652489063448
MA1189.2	AT5G61620	Tryptophan cluster factors	MYB-related	cluster_05	0.509326689247872	0.49934599821147274	0.3086913086913087	0.5214785214785215	0.6846845015449666	0.7909729159729159
MA1671.2	ERF118	AP2/EREBP	ERF/DREB	cluster_24	0.5092919489317356	0.5239934554619137	0.3026973026973027	0.06893106893106893	0.6812921591682654	0.44129554655870445
MA1292.2	MYB27	Tryptophan cluster factors	MYB	cluster_02	0.5092582942504779	0.5174060164646563	0.2977022977022977	0.14185814185814186	0.6760323010323012	0.5696724328303276
MA0565.3	FUS3	B3	LAV	cluster_29	0.5092528660760812	0.5696837573385332	0.3076923076923077	0.18081918081918083	0.6844583987441131	0.6077754844274669
MA1768.2	MYB30	Tryptophan cluster factors	MYB	cluster_02	0.5092311533784956	0.5130188699991297	0.2827172827172827	0.21078921078921078	0.6713286713286715	0.6238956772764602
MA1158.2	MGP	C2H2 zinc finger factors	IDD	cluster_08	0.5092300677436178	0.5067876418690063	0.2907092907092907	0.33466533466533466	0.672155117609663	0.7142063416036019
MA2413.1	ZmbZIP96	Basic leucine zipper factors (bZIP)	D	cluster_07	0.5091855567135658	0.5008100776490483	0.2857142857142857	0.4755244755244755	0.6713286713286715	0.781699151911918
MA2024.2	MYB63	Tryptophan cluster factors	MYB	cluster_02	0.5090921921139493	0.5032908435521904	0.2947052947052947	0.4085914085914086	0.6732339516770655	0.7458259443905376
MA0567.1	ERF1B	AP2/EREBP	ERF/DREB	cluster_24	0.509043338544381	0.5154369158598862	0.3306693306693307	0.2047952047952048	0.7008352758352758	0.6151918947194538
MA1331.2	BEH4	Basic helix-loop-helix factors (bHLH)	BES/BZR	cluster_07	0.5090248827514331	0.4953445941476473	0.3276723276723277	0.6443556443556444	0.698363089424542	0.8404159942621482
MA1670.2	DREB1C	AP2/EREBP	ERF/DREB	cluster_15	0.5089792860865036	0.5057423846089981	0.35064935064935066	0.43756243756243757	0.7085029852653874	0.7605014575401818
MA0941.2	ABF2	Basic leucine zipper factors (bZIP)	Group A	cluster_07	0.5086981066527704	0.5219570538358203	0.3246753246753247	0.4725274725274725	0.6958631256384065	0.781699151911918
MA2418.1	IG1	Other C4 zinc finger-type factors	LBD	cluster_24	0.5086839933993405	0.5106962947941955	0.32167832167832167	0.2947052947052947	0.6933349136738968	0.6712242980899698
MA1089.2	WRKY57	GCM domain factors	WRKY	cluster_10	0.5086677088761508	0.6711232565955978	0.3116883116883117	0.24675324675324675	0.6873357856016816	0.6364315296354132
MA1735.2	AT2G38300	Tryptophan cluster factors	GARP_G2-like	cluster_04	0.5086242834809795	0.5050621989330293	0.28771228771228774	0.3826173826173826	0.6713286713286715	0.7390811719925644
MA1733.2	ASR3	Tryptophan cluster factors	Trihelix	cluster_02	0.5085580597533442	0.5136502398988997	0.34265734265734266	0.2127872127872128	0.7066150066150066	0.6238956772764602
MA1368.3	GT-4	Tryptophan cluster factors	Trihelix	cluster_02	0.5084549244398128	0.5098826069594979	0.3146853146853147	0.25274725274725274	0.6879796421343699	0.6364315296354132
MA0978.1	DREB1E	AP2/EREBP	ERF/DREB	cluster_15	0.5084147559492789	0.505542165069277	0.32367632367632365	0.45054945054945056	0.6956761548310842	0.7707830286305623
MA2087.1	PK24205.1	Basic leucine zipper factors (bZIP)	Group A	cluster_07	0.5082920792079207	0.5041550913287124	0.2897102897102897	0.5114885114885115	0.6718813101791825	0.790011607825373
MA1788.1	NAC054	GCM domain factors	NAC	cluster_16	0.5082725377800934	0.5013100317126772	0.3276723276723277	0.4595404595404595	0.698363089424542	0.7774487153644581
MA2032.2	TRB1	Tryptophan cluster factors	MYB-related	cluster_02	0.5082638527010596	0.5187628753607822	0.32867132867132864	0.3066933066933067	0.6985410133042445	0.6882558617852735
MA1403.1	BPC5	BBR/BPC	NA	cluster_21	0.5081563748480108	0.5161811686352192	0.3196803196803197	0.15284715284715283	0.6909804076942887	0.5802108339421772
MA1251.2	RAP2-9	AP2/EREBP	ERF/DREB	cluster_15	0.5080358693764109	0.5038191437907461	0.33766233766233766	0.43656343656343655	0.7039244908097367	0.7604974933742057
MA0998.2	ERF096	AP2/EREBP	ERF/DREB	cluster_24	0.5080326124717733	0.5217240803862343	0.3106893106893107	0.34165834165834164	0.6871186784230263	0.7142063416036019
MA1259.2	ERF023	AP2/EREBP	ERF/DREB	cluster_15	0.5079978721556367	0.5038778947144844	0.3336663336663337	0.4325674325674326	0.7039244908097367	0.756993006993007
MA0949.2	ARR2	Tryptophan cluster factors	GARP_ARR-B	cluster_13	0.5079207920792079	0.5176276604461425	0.35564435564435565	0.22677322677322678	0.7085029852653874	0.6238956772764602
MA1231.3	ERF15	AP2/EREBP	ERF/DREB	cluster_24	0.5078849661281922	0.5130729437119115	0.3166833166833167	0.22977022977022976	0.6884027653258422	0.6238956772764602
MA0940.1	AP1	MADS box factors	MIKC	cluster_23	0.5077688031961098	0.49633623594994936	0.36563436563436563	0.6123876123876124	0.7153308230231307	0.8283433380778513
MA2015.2	NAC002	GCM domain factors	NAC	cluster_20	0.5077590324821958	0.4978502689982599	0.33666333666333664	0.6603396603396603	0.7039244908097367	0.8453677195287933
MA2342.1	URI	Basic helix-loop-helix factors (bHLH)	bHLH	cluster_07	0.5077568612124371	0.5493878881137215	0.33466533466533466	0.5544455544455544	0.7039244908097367	0.8056289061981662
MA2064.1	PK07858.1	Basic helix-loop-helix factors (bHLH)	bHLH	cluster_07	0.5075462480458571	0.5189453315684249	0.34965034965034963	0.33966033966033965	0.7085029852653874	0.7142063416036019
MA0549.2	BZR2	Basic helix-loop-helix factors (bHLH)	BES/BZR	cluster_07	0.5075191071738757	0.5016335143809004	0.33766233766233766	0.44555444555444557	0.7039244908097367	0.7639506560854876
MA1424.2	ERF019	AP2/EREBP	ERF/DREB	cluster_15	0.5075039082855652	0.5047511721836149	0.3166833166833167	0.4125874125874126	0.6884027653258422	0.7459815066450137
MA0931.2	ABI5	Basic leucine zipper factors (bZIP)	Group A	cluster_07	0.5074887093972557	0.504919931255096	0.33966033966033965	0.7022977022977023	0.7042414107631498	0.8651766240190678
MA1691.2	ARF27	B3	ARF	cluster_22	0.5074431127323261	0.5024709208570093	0.3516483516483517	0.5264735264735265	0.7085029852653874	0.7953785345089693
MA1402.1	BPC6	BBR/BPC	NA	cluster_21	0.507364947021018	0.5157811475882014	0.36563436563436563	0.15184815184815184	0.7153308230231307	0.5802108339421772
MA1187.2	RVE4	Tryptophan cluster factors	MYB-related	cluster_13	0.5073432343234322	0.5257179019739978	0.35064935064935066	0.21578421578421578	0.7085029852653874	0.6238956772764602
MA1283.2	TCP14	TCP	NA	cluster_01	0.5072922094841064	0.5048958783509861	0.35564435564435565	0.3806193806193806	0.7085029852653874	0.7390811719925644
MA2365.1	VIT_17s0000g10420	Tryptophan cluster factors	Trihelix	cluster_18	0.5071934167100921	0.5213824216905233	0.3646353646353646	0.2867132867132867	0.7153308230231307	0.666958041958042
MA1833.2	Zm00001d049364	AP2/EREBP	ERF/DREB	cluster_24	0.5071206791731804	0.5194903067554609	0.34065934065934067	0.1048951048951049	0.7043985824473629	0.49404299404299407
MA1376.2	DEAR3	AP2/EREBP	ERF/DREB	cluster_24	0.5069154941809969	0.514363999386266	0.35064935064935066	0.34565434565434566	0.7085029852653874	0.7186219774775633
MA0962.2	bHLH34	Basic helix-loop-helix factors (bHLH)	bHLH	cluster_07	0.5069046378322042	0.5081280455912897	0.3826173826173826	0.46653346653346656	0.7298426573426573	0.7804651869869261
MA1220.2	TINY	AP2/EREBP	ERF/DREB	cluster_15	0.5068992096578081	0.5040453372615261	0.3356643356643357	0.33966033966033965	0.7039244908097367	0.7142063416036019
MA1001.4	ERF076	AP2/EREBP	ERF/DREB	cluster_24	0.506874240055584	0.5091110257182192	0.36363636363636365	0.2987012987012987	0.7153308230231307	0.6783008658008658
MA1373.1	GAF1	C2H2 zinc finger factors	IDD	cluster_08	0.5067656765676568	0.502634819294339	0.35064935064935066	0.4125874125874126	0.7085029852653874	0.7459815066450137
MA1183.2	RVE6	Tryptophan cluster factors	MYB-related	cluster_13	0.5062424005558451	0.5261491979849631	0.37662337662337664	0.22977022977022976	0.7238378749713763	0.6238956772764602
MA1697.2	ARF4	B3	ARF	cluster_17	0.5061848619072432	0.5030579340158623	0.35564435564435565	0.4975024975024975	0.7085029852653874	0.7826268381823938
MA1748.2	DREB1F	AP2/EREBP	ERF/DREB	cluster_15	0.5061653204794164	0.5142240143895013	0.3646353646353646	0.5904095904095904	0.7153308230231307	0.8087657405431193
MA1156.2	JKD	C2H2 zinc finger factors	IDD	cluster_08	0.5061197238144872	0.5099521705074063	0.35364635364635366	0.24375624375624375	0.7085029852653874	0.63476455285329
MA2440.1	SPL2B	C3H(C),C2HC zinc-fingers like factors	SBP	cluster_38	0.5061012680215384	0.5110320508818043	0.3826173826173826	0.21678321678321677	0.7298426573426573	0.6238956772764602
MA1405.2	SIZF2	C2H2 zinc finger factors	C2H2	cluster_35	0.5060882404029879	0.5049341613780131	0.37362637362637363	0.3876123876123876	0.7238378749713763	0.7400904180565196
MA2047.2	NAC037	GCM domain factors	NAC	cluster_25	0.5060263592148688	0.5732081644850154	0.3646353646353646	0.17482517482517482	0.7153308230231307	0.6015867540531218
MA0096.1	bZIP910	Basic leucine zipper factors (bZIP)	Group S	cluster_14	0.5059340802501303	0.5511708194904565	0.3966033966033966	0.2827172827172827	0.7309381439816223	0.6616971985070144
MA1745.2	BZIP63	Basic leucine zipper factors (bZIP)	Group C	cluster_07	0.505896083029356	0.5125814926620171	0.35564435564435565	0.36163836163836166	0.7085029852653874	0.733856568962952
MA1363.1	LRL2	Basic helix-loop-helix factors (bHLH)	bHLH	cluster_07	0.5058624283480981	0.5055290651556185	0.3386613386613387	0.33666333666333664	0.704083382557497	0.7142063416036019
MA1749.1	E2FC	Fork head/winged helix factors	E2F	cluster_27	0.5057223814486705	0.5034956866143072	0.35264735264735264	0.38961038961038963	0.7085029852653874	0.7400904180565196
MA1334.2	BZIP11	Basic leucine zipper factors (bZIP)	Group S	cluster_14	0.5057147820045157	0.5038638315613128	0.4205794205794206	0.45854145854145856	0.7412105136243068	0.7774487153644581
MA1341.2	BZIP53	Basic leucine zipper factors (bZIP)	Group S	cluster_14	0.5056843842278956	0.5033889584651149	0.37462537462537465	0.4115884115884116	0.7238378749713763	0.7459815066450137
MA2414.1	EREB127	AP2/EREBP	ERF/DREB	cluster_15	0.5056735278791039	0.50170632680491	0.3916083916083916	0.5604395604395604	0.730862357981002	0.8083466627890068
MA2074.1	PK17878.1	AP2/EREBP	ERF/DREB	cluster_24	0.5056398731978459	0.5164237603442893	0.37662337662337664	0.17082917082917082	0.7238378749713763	0.598652489063448
MA1356.1	TRP2	Tryptophan cluster factors	Myb-related	cluster_34	0.5056387875629665	0.5164343707152359	0.36563436563436563	0.14585414585414586	0.7153308230231307	0.5766150947498098
MA2082.1	PK20392.1	Homeo domain factors	HD-ZIP	cluster_09	0.5055714782004516	0.7383221883116828	0.26973026973026976	0.26973026973026976	0.6663433340852696	0.6492245924422582
MA1062.3	TCP15	TCP	NA	cluster_01	0.5053966909848878	0.5008191979426984	0.4025974025974026	0.5014985014985015	0.736647045999564	0.7857153113826625
MA1273.2	DOF4.2	Other C4 zinc finger-type factors	DOF	cluster_03	0.5053923484453711	0.5046100542652818	0.3906093906093906	0.3946053946053946	0.730862357981002	0.7400904180565196
MA2391.1	Lg3	Homeo domain factors	TALE-type HD	cluster_14	0.5053130970991836	0.5149003935127678	0.3936063936063936	0.3776223776223776	0.730862357981002	0.7390811719925644
MA1780.2	MYB92	Tryptophan cluster factors	MYB	cluster_02	0.5052740142435296	0.5253745788120039	0.3516483516483517	0.5894105894105894	0.7085029852653874	0.8087657405431193
MA0574.1	MYB15	Tryptophan cluster factors	Myb	cluster_02	0.5052219037693249	0.5205126958751696	0.3956043956043956	0.0939060939060939	0.730862357981002	0.4874173445602017
MA2030.2	MYB96	Tryptophan cluster factors	MYB	cluster_02	0.5051426524231376	0.5015998168966274	0.4065934065934066	0.4695304695304695	0.7386446886446887	0.7804651869869261
MA2367.1	WIP5	C2H2 zinc finger factors	C2H2	cluster_05	0.5051361386138613	0.4971549517242396	0.3866133866133866	0.5494505494505495	0.730862357981002	0.8056289061981662
MA1046.1	NTL9	GCM domain factors	NAC	cluster_32	0.5051122546465173	0.5094405632633267	0.3806193806193806	0.5154845154845155	0.7296798678708226	0.7909729159729159
MA1687.1	ARF14	B3	ARF	cluster_01	0.5050677436164671	0.5005108341533158	0.3856143856143856	0.48951048951048953	0.730862357981002	0.7826268381823938
MA2455.1	SPL9D	C3H(C),C2HC zinc-fingers like factors	SBP	cluster_38	0.5050492878235205	0.5175137705479609	0.3706293706293706	0.13086913086913088	0.7214035964035964	0.5578388092354573
MA1245.3	ERF112	AP2/EREBP	ERF/DREB	cluster_24	0.5049917491749177	0.5220020197285492	0.41058941058941056	0.1018981018981019	0.738867264810661	0.49404299404299407
MA1352.1	TRP1	Tryptophan cluster factors	Myb-related	cluster_34	0.5049418099704718	0.5160024411897806	0.3836163836163836	0.15284715284715283	0.7299234431404007	0.5802108339421772
MA1030.2	P0510F09.23	Tryptophan cluster factors	MYB	cluster_02	0.5046465172833074	0.5566825631200986	0.40559440559440557	0.4405594405594406	0.7385883805931538	0.7622377622377623
MA1404.1	BPC1	BBR/BPC	NA	cluster_21	0.5046291471252393	0.506781236409554	0.4095904095904096	0.33966033966033965	0.738867264810661	0.7142063416036019
MA1659.2	ABF4	Basic leucine zipper factors (bZIP)	Group A	cluster_07	0.5045922355393433	0.5162653939268923	0.40559440559440557	0.2937062937062937	0.7385883805931538	0.6709518026883297
MA2372.1	AZF1	C2H2 zinc finger factors	NA	cluster_19	0.5045900642695851	0.5042381569834788	0.3946053946053946	0.4755244755244755	0.730862357981002	0.781699151911918
MA2353.1	PK02532.1	Tryptophan cluster factors	MYB-related	cluster_13	0.5045748653812749	0.5937915629822701	0.3936063936063936	0.1798201798201798	0.730862357981002	0.6077754844274669
MA2086.1	PK23964.1	Basic leucine zipper factors (bZIP)	Group G	cluster_07	0.5045737797463957	0.5246420411690478	0.4225774225774226	0.22977022977022976	0.7412105136243068	0.6238956772764602
MA2395.1	PHYPA_011264	AP2/EREBP	ERF/DREB	cluster_15	0.5045260118117075	0.5062582171094702	0.37662337662337664	0.47052947052947053	0.7238378749713763	0.7804651869869261
MA2349.1	OsCCA1	Tryptophan cluster factors	MYB-related	cluster_13	0.5044869289560534	0.6135751212813148	0.4115884115884116	0.3776223776223776	0.7389222542163719	0.7390811719925644
MA0557.2	FHY3	GCM domain factors	FRS/FRF	cluster_07	0.5044543599096749	0.4914686606336096	0.3906093906093906	0.7762237762237763	0.730862357981002	0.8974919817025081
MA1385.2	AT2G40260	Tryptophan cluster factors	GARP_G2-like	cluster_04	0.5044033350703494	0.508517163728724	0.3906093906093906	0.36863136863136864	0.730862357981002	0.7390811719925644
MA2075.1	PK18009.1	Basic leucine zipper factors (bZIP)	Group A	cluster_07	0.5043935643564355	0.5275713127670538	0.3956043956043956	0.6233766233766234	0.730862357981002	0.8309316333579765
MA2071.1	PK15505.1	Basic helix-loop-helix factors (bHLH)	bHLH	cluster_07	0.5042296334896647	0.4950374171221558	0.3986013986013986	0.6593406593406593	0.731088622915546	0.8453677195287933
MA2384.1	estExt_Genewise1.C_2060077	Basic leucine zipper factors (bZIP)	bZIP	cluster_07	0.5041818655549766	0.52693290412666	0.4125874125874126	0.29270729270729273	0.7389769854558588	0.6706776706776707
MA1280.2	DOF5.4	Other C4 zinc finger-type factors	DOF	cluster_03	0.5041471252388396	0.6652268363787099	0.3706293706293706	0.35364635364635366	0.7214035964035964	0.7273104254236331
MA1174.2	MYB56	Tryptophan cluster factors	MYB	cluster_11	0.5040743877019286	0.5176929625861934	0.42157842157842157	0.15884115884115885	0.7412105136243068	0.5911990448575815
MA1324.1	GATA20	Other C4 zinc finger-type factors	C4-GATA-related	cluster_13	0.5040646169880147	0.49288541624886595	0.42657342657342656	0.7502497502497503	0.7414965986394557	0.8875047433186968
MA1675.2	NAC029	GCM domain factors	NAC	cluster_20	0.5040418186555498	0.49526136963132605	0.3956043956043956	0.7042957042957043	0.730862357981002	0.8651766240190678
MA1246.2	LEP	AP2/EREBP	ERF/DREB	cluster_24	0.5039517109605701	0.5212839963205266	0.4175824175824176	0.0899100899100899	0.7410153651452954	0.47311309380274896
MA2389.1	GBF1	Basic leucine zipper factors (bZIP)	NA	cluster_07	0.5039430258815355	0.5093247101452254	0.3986013986013986	0.5074925074925075	0.731088622915546	0.7885752458923191
MA2435.1	SPL16D	C3H(C),C2HC zinc-fingers like factors	SBP	cluster_38	0.5037237276359222	0.5125203495382668	0.4325674325674326	0.22577422577422576	0.7467170838211563	0.6238956772764602
MA2388.1	GATA1	Other C4 zinc finger-type factors	C4-GATA-related	cluster_13	0.5036955011290605	0.4994265578486531	0.41058941058941056	0.48451548451548454	0.738867264810661	0.7826268381823938
MA2404.1	OsTRBF3	Tryptophan cluster factors	MYB-related	cluster_02	0.5036759597012332	0.5292813930684973	0.4245754245754246	0.46153846153846156	0.7413067481717367	0.7790271402606205
MA1354.1	AT4G12670	Tryptophan cluster factors	Myb-related	cluster_34	0.5035424266110814	0.5089700818319104	0.4355644355644356	0.2837162837162837	0.7485037485037486	0.662004662004662
MA1028.1	KAN4	Tryptophan cluster factors	GARP_G2-like	cluster_04	0.5034838023276011	0.5123248855315995	0.44655344655344653	0.45254745254745254	0.7521641354240474	0.7724691415966584
MA0001.3	AGL3	MADS box factors	Type II	cluster_23	0.5034794597880837	0.507598662475275	0.43356643356643354	0.3776223776223776	0.7467521192126158	0.7390811719925644
MA1227.3	ERF027	AP2/EREBP	ERF/DREB	cluster_15	0.5034110647906898	0.5101334285941955	0.42357642357642356	0.5594405594405595	0.7412587412587412	0.8083466627890068
MA2018.2	NAC69	GCM domain factors	NAC	cluster_20	0.5033915233628626	0.49970633904273176	0.42857142857142855	0.6543456543456544	0.7414965986394557	0.8446418446418447
MA1693.2	ARF34	B3	ARF	cluster_22	0.5033318134445024	0.49853065866671986	0.4175824175824176	0.5884115884115884	0.7410153651452954	0.8087657405431193
MA1698.2	ARF7	B3	ARF	cluster_17	0.5032970731283654	0.5046930742878784	0.44155844155844154	0.3926073926073926	0.7520292207792207	0.7400904180565196
MA2008.2	MYB99	Tryptophan cluster factors	MYB	cluster_02	0.5032601615424699	0.501303890320915	0.4075924075924076	0.4965034965034965	0.7387007291995416	0.7826268381823938
MA1350.1	BZIP42	Basic leucine zipper factors (bZIP)	Group S	cluster_14	0.5030408632968565	0.5105112392451774	0.4405594405594406	0.26173826173826176	0.7520063828788661	0.6404745414330077
MA2065.1	PK08602.1	AP2/EREBP	NA	cluster_15	0.5030321782178218	0.5153107590385386	0.41858141858141856	0.24375624375624375	0.7410153651452954	0.63476455285329
MA1037.2	MYB24	Tryptophan cluster factors	MYB	cluster_02	0.5029095014764634	0.5238407279353664	0.4435564435564436	0.6603396603396603	0.7521641354240474	0.8453677195287933
MA1312.2	WRKY47	GCM domain factors	WRKY	cluster_10	0.5028356783046729	0.49443459498503267	0.43656343656343655	0.6953046953046953	0.7485346114559598	0.8640349878134895
MA1685.2	ARF10	B3	ARF	cluster_01	0.5028063661629321	0.4955147953510521	0.41858141858141856	0.5904095904095904	0.7410153651452954	0.8087657405431193
MA0552.2	PIF1	Basic helix-loop-helix factors (bHLH)	bHLH	cluster_07	0.5027520844189681	0.5518468164100612	0.43756243756243757	0.4945054945054945	0.7485653360092822	0.7826268381823938
MA1740.2	BHLH49	Basic helix-loop-helix factors (bHLH)	bHLH	cluster_07	0.5026880319610908	0.5170129868451164	0.4225774225774226	0.34565434565434566	0.7412105136243068	0.7186219774775633
MA2014.2	BAM8	Basic helix-loop-helix factors (bHLH)	BES/BZR	cluster_07	0.5024991314920967	0.4954163953822019	0.44455544455544455	0.6313686313686314	0.7521641354240474	0.8318905232698336
MA0964.3	BIM1	Basic helix-loop-helix factors (bHLH)	bHLH	cluster_07	0.502375369115859	0.5142404540024381	0.46253746253746253	0.2917082917082917	0.7557089591350833	0.6706776706776707
MA1265.3	ERF015	AP2/EREBP	ERF/DREB	cluster_15	0.5023721122112217	0.5014041267669609	0.4775224775224775	0.5774225774225774	0.7670216812476227	0.8087657405431193
MA1033.1	OJ1058_F05.8	Basic leucine zipper factors (bZIP)	Group A	cluster_07	0.5023449713392392	0.5026293978111344	0.44555444555444557	0.7742257742257742	0.7521641354240474	0.8974919817025081
MA1218.2	DREB1D	AP2/EREBP	ERF/DREB	cluster_15	0.5022906895952757	0.49882224203725006	0.4645354645354645	0.5854145854145855	0.7573516227362381	0.8087657405431193
MA0973.2	CDF2	Other C4 zinc finger-type factors	DOF	cluster_03	0.5022657199930519	0.6049879189477128	0.4145854145854146	0.3956043956043956	0.7408165604886916	0.7400904180565196
MA0988.2	PHYPADRAFT_143875	Basic helix-loop-helix factors (bHLH)	NA	cluster_07	0.5021473857912107	0.5494659880845385	0.44755244755244755	0.5534465534465535	0.7521641354240474	0.8056289061981662
MA1741.1	BRN2	GCM domain factors	NAC	cluster_16	0.5021245874587463	0.5024077649251626	0.44755244755244755	0.4305694305694306	0.7521641354240474	0.756993006993007
MA1221.1	RAP2-6	AP2/EREBP	ERF/DREB	cluster_24	0.502119159284349	0.5195248419973187	0.4515484515484515	0.1028971028971029	0.753898180594023	0.49404299404299407
MA2382.1	e_gw1.209.40.1	Basic helix-loop-helix factors (bHLH)	bHLH	cluster_07	0.5020616206357478	0.549443541848979	0.4485514485514486	0.5424575424575424	0.7521862752631984	0.8056289061981662
MA1225.1	ERF5	AP2/EREBP	ERF/DREB	cluster_24	0.5019595709570951	0.5137946232734942	0.45454545454545453	0.1968031968031968	0.7555951673598732	0.608560794044665
MA2063.1	PK07402.1	AP2/EREBP	NA	cluster_15	0.5019085461177697	0.5368590159098702	0.45554445554445555	0.28771228771228774	0.7556096077835208	0.6672476459710502
MA0957.1	BHLH3	Basic helix-loop-helix factors (bHLH)	bHLH	cluster_07	0.5018444936598919	0.4916432548910939	0.4515484515484515	0.7052947052947053	0.753898180594023	0.8651766240190678
MA2375.1	BMY2	Basic helix-loop-helix factors (bHLH)	BES/BZR	cluster_07	0.5018292947715824	0.493515318572195	0.46653346653346656	0.6853146853146853	0.7573724148192233	0.859864273657377
MA2380.1	DOF4.7	Other C4 zinc finger-type factors	DOF	cluster_03	0.5017120462046204	0.5305676655402394	0.46553446553446554	0.4955044955044955	0.7573620409441305	0.7826268381823938
MA2397.1	ILR3	Basic helix-loop-helix factors (bHLH)	NA	cluster_07	0.5016838196977592	0.549073190685862	0.4725274725274725	0.5704295704295704	0.7638492585638463	0.8087657405431193
MA2016.2	GRF6	C3H zinc finger factors	GRF	cluster_22	0.5016338804933126	0.533088703714678	0.4275724275724276	0.41058941058941056	0.7414965986394557	0.7459815066450137
MA1272.3	DOF2.2	Other C4 zinc finger-type factors	DOF	cluster_03	0.5016327948584332	0.7430202477867177	0.42857142857142855	0.42857142857142855	0.7414965986394557	0.7569444444444444
MA1239.2	ERF104	AP2/EREBP	ERF/DREB	cluster_24	0.5016219385096414	0.5099756310004733	0.46053946053946054	0.2627372627372627	0.7556808782615234	0.6404745414330077
MA1023.1	PHYPADRAFT_28324	AP2/EREBP	ERF/DREB	cluster_15	0.5015871981935035	0.505012777564887	0.47052947052947053	0.5074925074925075	0.7622377622377623	0.7885752458923191
MA1164.2	HHO5	Tryptophan cluster factors	GARP_G2-like	cluster_04	0.5015665711307973	0.5291752404385469	0.46153846153846156	0.6803196803196803	0.7556949488279961	0.8565741189503565
MA1034.1	Os05g0497200	AP2/EREBP	ERF/DREB	cluster_24	0.5015589716866424	0.5226906366707558	0.46053946053946054	0.0899100899100899	0.7556808782615234	0.47311309380274896
MA1425.2	HYH	Basic leucine zipper factors (bZIP)	Group H	cluster_07	0.5014373805801634	0.5194481581029036	0.45754245754245754	0.5864135864135864	0.7556808782615234	0.8087657405431193
MA2433.1	SPL15D	C3H(C),C2HC zinc-fingers like factors	SBP	cluster_38	0.5014048115337856	0.5023699957222307	0.45354645354645357	0.41858141858141856	0.7555806638776071	0.7479569610717152
MA2345.1	OS02G0104500	Tryptophan cluster factors	Trihelix	cluster_10	0.5011366597186035	0.6970459779517237	0.4805194805194805	0.41858141858141856	0.7670216812476227	0.7479569610717152
MA2048.2	NAC045	GCM domain factors	NAC	cluster_25	0.5009021625846796	0.5210003381712097	0.46053946053946054	0.26673326673326675	0.7556808782615234	0.646454811011773
MA2432.1	SPL15B	C3H(C),C2HC zinc-fingers like factors	SBP	cluster_52	0.5008565659197499	0.6050183533093648	0.47952047952047955	0.5824175824175825	0.7670216812476227	0.8087657405431193
MA0128.1	EmBP-1	Basic leucine zipper factors (bZIP)	Group G	cluster_07	0.5008478808407156	0.5073070492854166	0.4905094905094905	0.6253746253746254	0.7764704175492557	0.8309316333579765
MA1276.2	DOF3.5	Other C4 zinc finger-type factors	DOF	cluster_03	0.5007805714782003	0.6033352562863343	0.4875124875124875	0.5464535464535465	0.7733306194844656	0.8056289061981662
MA2028.2	MYB49	Tryptophan cluster factors	MYB	cluster_02	0.5007490880667015	0.4981834235896777	0.4955044955044955	0.5554445554445554	0.7788081483733659	0.8056289061981662
MA0939.1	NAC079	GCM domain factors	NAC	cluster_20	0.5006948063227377	0.5020994362304987	0.4985014985014985	0.5534465534465535	0.7788081483733659	0.8056289061981662
MA1168.2	MYR2	Tryptophan cluster factors	GARP_G2-like	cluster_04	0.5005775577557756	0.517884959999738	0.4935064935064935	0.5164835164835165	0.7779864763335838	0.7909729159729159
MA1042.1	MYB59	Tryptophan cluster factors	Myb	cluster_02	0.5003582595101619	0.5107090175457814	0.5144855144855145	0.44155844155844154	0.7788081483733659	0.7622377622377623
MA1317.2	WRKY50	GCM domain factors	WRKY	cluster_10	0.500297463956922	0.5173041500914823	0.45854145854145856	0.4965034965034965	0.7556808782615234	0.7826268381823938
MA1690.2	ARF25	B3	ARF	cluster_01	0.5001997568177876	0.4963874167265001	0.4975024975024975	0.5784215784215784	0.7788081483733659	0.8087657405431193
MA0994.3	ERF8	AP2/EREBP	ERF/DREB	cluster_24	0.5001910717387532	0.5167067245301588	0.5164835164835165	0.17082917082917082	0.7788081483733659	0.598652489063448
MA1005.3	ERF082	AP2/EREBP	ERF/DREB	cluster_24	0.5001053065832901	0.5188101107081283	0.4805194805194805	0.14085914085914086	0.7670216812476227	0.5696724328303276
MA2044.2	NAC007	GCM domain factors	NAC	cluster_25	0.5000890220601008	0.571330481756691	0.5164835164835165	0.1798201798201798	0.7788081483733659	0.6077754844274669
MA0980.3	RAP2-10	AP2/EREBP	ERF/DREB	cluster_15	0.5000738231717909	0.5032618884366656	0.47352647352647353	0.5534465534465535	0.7638492585638463	0.8056289061981662
MA0555.2	SVP	MADS box factors	Type II	cluster_23	0.5000217126975852	0.5020873605216131	0.5314685314685315	0.4785214785214785	0.7889309134445321	0.781699151911918
MA1829.2	Zm00001d035604	Tryptophan cluster factors	MYB	cluster_02	0.5000043425395172	0.5244643186523154	0.4995004995004995	0.6313686313686314	0.7788081483733659	0.8318905232698336
MA1229.2	ERF034	AP2/EREBP	ERF/DREB	cluster_15	0.499951146430432	0.5001045467640314	0.4835164835164835	0.4975024975024975	0.7701943150794925	0.7826268381823938
MA0959.1	AIB	Basic helix-loop-helix factors (bHLH)	bHLH	cluster_07	0.499945718256036	0.4919660912570055	0.5414585414585414	0.7202797202797203	0.7944243855952109	0.873372269568783
MA1257.2	ERF9	AP2/EREBP	ERF/DREB	cluster_37	0.4998414973076249	0.5175841317359865	0.4925074925074925	0.12687312687312688	0.7779864763335838	0.5500238397965671
MA2357.1	PK21687.1	Tryptophan cluster factors	MYB-related	cluster_18	0.499749218342887	0.556850518339141	0.4965034965034965	0.31368631368631367	0.7788081483733659	0.6977920039144528
MA2050.2	NAC101	GCM domain factors	NAC	cluster_25	0.49970579294771594	0.5409649352662107	0.4875124875124875	0.23476523476523475	0.7733306194844656	0.626314245195364
MA1765.2	MYB121	Tryptophan cluster factors	MYB	cluster_02	0.49966888136182075	0.511488594769448	0.5044955044955045	0.27672327672327673	0.7788081483733659	0.656043646755721
MA1756.2	GRF9	C3H zinc finger factors	GRF	cluster_22	0.4996677957269413	0.5328003207342588	0.5194805194805194	0.4255744255744256	0.7802433786685754	0.7569074282360996
MA1230.2	ERF037	AP2/EREBP	ERF/DREB	cluster_15	0.49964499739447593	0.49876868278260533	0.5064935064935064	0.5764235764235764	0.7788081483733659	0.8087657405431193
MA2061.1	PK06517.1	Basic helix-loop-helix factors (bHLH)	bHLH	cluster_07	0.49955923223901344	0.5128425090221604	0.5074925074925075	0.46253746253746253	0.7788081483733659	0.7790271402606205
MA1044.2	NAC92	GCM domain factors	NAC	cluster_20	0.49953426263679	0.5066192153923703	0.5114885114885115	0.4145854145854146	0.7788081483733659	0.746058187095923
MA1253.2	ERF036	AP2/EREBP	ERF/DREB	cluster_15	0.4994256991488622	0.4998193676704621	0.5154845154845155	0.5964035964035964	0.7788081483733659	0.8140535671841576
MA1065.3	TCP20	TCP	NA	cluster_01	0.4993746743095359	0.49791296136732505	0.5094905094905094	0.5634365634365635	0.7788081483733659	0.8087657405431193
MA0976.3	CRF4	AP2/EREBP	ERF/DREB	cluster_24	0.49929976550286576	0.5050837884340023	0.5254745254745254	0.37462537462537465	0.7846126476263462	0.7390811719925644
MA0947.1	ARR14	Tryptophan cluster factors	GARP_ARR-B	cluster_13	0.4992910804238317	0.505322717170804	0.5144855144855145	0.3786213786213786	0.7788081483733659	0.7390811719925644
MA1000.3	ERF105	AP2/EREBP	ERF/DREB	cluster_24	0.49926611082160877	0.5110696382268607	0.5314685314685315	0.24575424575424576	0.7889309134445321	0.6364315296354132
MA1677.2	NAC078	GCM domain factors	NAC	cluster_25	0.4992357130449888	0.5728514404095574	0.5024975024975025	0.44555444555444557	0.7788081483733659	0.7639506560854876
MA1258.2	DREB2A	AP2/EREBP	ERF/DREB	cluster_15	0.49923462741010965	0.49884078257177333	0.4755244755244755	0.5154845154845155	0.765453955327373	0.7909729159729159
MA2011.2	ERF010	AP2/EREBP	ERF/DREB	cluster_15	0.49916840368247295	0.5023495638772266	0.5194805194805194	0.5894105894105894	0.7802433786685754	0.8087657405431193
MA1233.3	ERF021	AP2/EREBP	ERF/DREB	cluster_15	0.4991206357477859	0.49612752260182974	0.5054945054945055	0.6193806193806194	0.7788081483733659	0.8309316333579765
MA0974.3	CDF3	Other C4 zinc finger-type factors	DOF	cluster_03	0.4990934948758036	0.5219126655521757	0.5064935064935064	0.44455544455544455	0.7788081483733659	0.7639506560854876
MA2080.1	PK20225.1	Basic helix-loop-helix factors (bHLH)	bHLH	cluster_07	0.49906418273406283	0.547705774299155	0.5364635364635365	0.5734265734265734	0.7916677916677917	0.8087657405431193
MA1264.2	ERF095	AP2/EREBP	ERF/DREB	cluster_24	0.4989925308320303	0.5112099383037044	0.5134865134865135	0.23576423576423577	0.7788081483733659	0.6267878463000415
MA1190.2	RVE5	Tryptophan cluster factors	MYB-related	cluster_13	0.4989827601181171	0.5167962676684664	0.5254745254745254	0.4275724275724276	0.7846126476263462	0.7569321629646455
MA0005.3	AG	MADS box factors	Type II	cluster_23	0.4989469341671007	0.495819719966875	0.5134865134865135	0.5824175824175825	0.7788081483733659	0.8087657405431193
MA1240.2	ERF077	AP2/EREBP	ERF/DREB	cluster_24	0.49892630710439456	0.5080360812936229	0.5034965034965035	0.3126873126873127	0.7788081483733659	0.6976035660246187
MA1391.3	MYB33	Tryptophan cluster factors	MYB	cluster_11	0.4989111082160848	0.49400243674322764	0.5484515484515484	0.6753246753246753	0.8016638533879912	0.8545153022764962
MA1412.2	TSAR2	Basic helix-loop-helix factors (bHLH)	bHLH	cluster_07	0.4988969949626542	0.4921167462744882	0.5114885114885115	0.7092907092907093	0.7788081483733659	0.8657364999218035
MA1293.2	MYB57	Tryptophan cluster factors	MYB	cluster_02	0.4988036303630361	0.5188689586666551	0.5374625374625375	0.11988011988011989	0.7916677916677917	0.5317937876077412
MA0972.1	CCA1	Tryptophan cluster factors	Myb-related	cluster_13	0.49869506687510856	0.5428463034339858	0.5334665334665335	0.25674325674325676	0.7903046565837263	0.6364315296354132
MA1662.2	AT3G10030	Tryptophan cluster factors	Trihelix	cluster_11	0.498465997915581	0.5274811420709272	0.5404595404595405	0.35864135864135865	0.7944243855952109	0.7316667289929322
MA1764.2	MYB116	Tryptophan cluster factors	MYB	cluster_02	0.4984377714087189	0.5071243538441761	0.5344655344655345	0.2817182817182817	0.7903046565837263	0.6613878429263045
MA1743.2	BZIP2	Basic leucine zipper factors (bZIP)	Group S	cluster_14	0.4983259510161529	0.5071886665548064	0.5294705294705294	0.32867132867132864	0.7889309134445321	0.7107061952132374
MA2407.1	PK24978.1	Basic leucine zipper factors (bZIP)	Group A	cluster_07	0.49797854785478546	0.5013449872509397	0.5254745254745254	0.8651348651348651	0.7846126476263462	0.9443460688095882
MA0585.2	AGL1	MADS box factors	Type II	cluster_23	0.4979318655549768	0.5012398882358301	0.5584415584415584	0.47052947052947053	0.8116017316017315	0.7804651869869261
MA1248.2	ERF012	AP2/EREBP	ERF/DREB	cluster_15	0.4977885617509119	0.5099393283429103	0.5504495504495505	0.3206793206793207	0.8030459024722887	0.7051248463352211
MA1809.2	GLYMA-07G038400	C3H zinc finger factors	GRF	cluster_22	0.49775165016501655	0.4996791868858824	0.5764235764235764	0.6923076923076923	0.8174929160059272	0.8629575970522135
MA2421.1	SBP8	C3H(C),C2HC zinc-fingers like factors	SBP	cluster_26	0.4976420010422095	0.4997831916568548	0.5574425574425574	0.7382617382617382	0.8116017316017315	0.8831526172117152
MA0548.3	AGL15	MADS box factors	Type II	cluster_23	0.4975594927913849	0.5059228605239693	0.5634365634365635	0.34165834165834164	0.8140124026916479	0.7142063416036019
MA1802.2	TRP5	Tryptophan cluster factors	MYB-related	cluster_18	0.4974574431127325	0.5249647417889003	0.5694305694305695	0.46853146853146854	0.8164794007490637	0.7804651869869261
MA0588.2	TGA1	Basic leucine zipper factors (bZIP)	Group D	cluster_14	0.49735213652944227	0.5094940723896252	0.5424575424575424	0.35564435564435565	0.7944243855952109	0.727497703369017
MA2057.1	PK01630.1	Basic helix-loop-helix factors (bHLH)	bHLH	cluster_07	0.4972848271669273	0.5136607566775863	0.5624375624375625	0.4155844155844156	0.8140124026916479	0.7460962566844921
MA0936.1	NAC046	GCM domain factors	NAC	cluster_20	0.4972707139134967	0.49914860539609507	0.6023976023976024	0.6443556443556444	0.8311561855865653	0.8404159942621482
MA1732.1	E2FD	Fork head/winged helix factors	E2F	cluster_27	0.49720991836025713	0.5142232726688665	0.5624375624375625	0.18281718281718282	0.8140124026916479	0.608560794044665
MA1750.1	E2FE	Fork head/winged helix factors	E2F	cluster_27	0.49720991836025713	0.5142232726688665	0.5764235764235764	0.2007992007992008	0.8174929160059272	0.6085850907985295
MA1669.2	DREB1B	AP2/EREBP	ERF/DREB	cluster_15	0.49713392391870764	0.4974501051087766	0.5684315684315684	0.5854145854145855	0.8164794007490637	0.8087657405431193
MA2431.1	SPL15A	C3H(C),C2HC zinc-fingers like factors	SBP	cluster_38	0.49711763939551773	0.5020949426869202	0.5804195804195804	0.48151848151848153	0.8201113701113701	0.781699151911918
MA2105.1	GLYMA-13G317000	Basic leucine zipper factors (bZIP)	Group A	cluster_07	0.4970155897168664	0.5846699186112363	0.5784215784215784	0.6233766233766234	0.8188045720513252	0.8309316333579765
MA1041.1	MYB55	Tryptophan cluster factors	Myb	cluster_02	0.4970036477331946	0.5054246318778308	0.5654345654345654	0.37962037962037964	0.8140124026916479	0.7390811719925644
MA1804.2	WIN1	AP2/EREBP	ERF/DREB	cluster_30	0.4969927913844016	0.5232816661928514	0.5654345654345654	0.25674325674325676	0.8140124026916479	0.6364315296354132
MA2401.1	Os05g0437700	Basic leucine zipper factors (bZIP)	NA	cluster_07	0.49695370852874765	0.49660167943338485	0.5714285714285714	0.8481518481518482	0.8164794007490637	0.9373762076074216
MA1252.2	ERF086	AP2/EREBP	ERF/DREB	cluster_24	0.49676589369463275	0.5165924856871174	0.5874125874125874	0.15884115884115885	0.8207642448958719	0.5911990448575815
MA2010.2	SMB	GCM domain factors	NAC	cluster_25	0.49649665624457184	0.5401162544394684	0.5854145854145855	0.31868131868131866	0.8207642448958719	0.70479375696767
MA0958.1	BHLH13	Basic helix-loop-helix factors (bHLH)	bHLH	cluster_07	0.49644997394476276	0.4881874121039894	0.6043956043956044	0.8111888111888111	0.8324076645376284	0.9073196203503671
MA1269.2	DOF4.5	Other C4 zinc finger-type factors	DOF	cluster_03	0.4963967778356787	0.4973221005291441	0.5984015984015985	0.5704295704295704	0.8301462174189447	0.8087657405431193
MA0569.2	MYC4	Basic helix-loop-helix factors (bHLH)	bHLH	cluster_07	0.4963707225985757	0.5080717934446525	0.5864135864135864	0.5674325674325674	0.8207642448958719	0.8087657405431193
MA0576.2	RAX3	Tryptophan cluster factors	MYB	cluster_02	0.49634141045683566	0.4984815942805867	0.5714285714285714	0.5454545454545454	0.8164794007490637	0.8056289061981662
MA2035.2	NAC075	GCM domain factors	NAC	cluster_16	0.4963327253778028	0.49935524426592254	0.5864135864135864	0.5224775224775224	0.8207642448958719	0.7909729159729159
MA1761.2	HSFB3	Heat shock factors	HSF	cluster_04	0.49633055410804244	0.49443649948989093	0.5764235764235764	0.6513486513486514	0.8174929160059272	0.8423373236932559
MA2043.2	NAC004	GCM domain factors	NAC	cluster_25	0.49630558450581896	0.6187971097635367	0.5884115884115884	0.7252747252747253	0.8207642448958719	0.8756085686465434
MA1241.2	ERF043	AP2/EREBP	ERF/DREB	cluster_15	0.49625347403161363	0.4962707579565827	0.5824175824175825	0.5834165834165834	0.8207642448958719	0.8087657405431193
MA1193.2	AT2G38090	Tryptophan cluster factors	MYB-related	cluster_05	0.4962133055410813	0.5064045604492919	0.5974025974025974	0.35364635364635366	0.8301462174189447	0.7273104254236331
MA1075.1	WRKY12	GCM domain factors	WRKY	cluster_10	0.4960602310231023	0.4868043165299439	0.5744255744255744	0.8921078921078921	0.8174929160059272	0.9546370870508802
MA2436.1	SPL18A	C3H(C),C2HC zinc-fingers like factors	SBP	cluster_38	0.4960026923745005	0.5040020360515823	0.6023976023976024	0.4025974025974026	0.8311561855865653	0.7419850680720246
MA1228.2	ERF091	AP2/EREBP	ERF/DREB	cluster_24	0.49592669793295047	0.5098314960538318	0.5844155844155844	0.2547452547452547	0.8207642448958719	0.6364315296354132
MA0933.1	AHL20	A.T hook factors	AHL	cluster_09	0.49555215389960044	0.5869137387852881	0.6093906093906094	0.7472527472527473	0.8362680484982643	0.8853320592451027
MA0579.2	CDC5	Tryptophan cluster factors	MYB-related	cluster_41	0.4954533611255872	0.503080889581028	0.5964035964035964	0.4145854145854146	0.8301462174189447	0.746058187095923
MA1267.2	DOF5.8	Other C4 zinc finger-type factors	DOF	cluster_08	0.49521669272190477	0.4970570638651744	0.6243756243756243	0.5904095904095904	0.8476843441256252	0.8087657405431193
MA1805.2	WRKY53	GCM domain factors	WRKY	cluster_10	0.4948334636095188	0.528066780396355	0.6173826173826173	0.43156843156843155	0.8425449550449551	0.756993006993007
MA0566.1	MYC2	Basic helix-loop-helix factors (bHLH)	bHLH	cluster_07	0.4945663974292167	0.48604343607015343	0.6003996003996004	0.8121878121878122	0.8311561855865653	0.9073196203503671
MA1396.2	GATA6	Other C4 zinc finger-type factors	C4-GATA-related	cluster_13	0.49447737536911607	0.48453806213797834	0.6273726273726273	0.8621378621378621	0.8487328274562317	0.9424229066062877
MA1400.2	AT1G19000	Tryptophan cluster factors	MYB-related	cluster_05	0.4944697759249609	0.488155363811572	0.6233766233766234	0.7782217782217782	0.8476843441256252	0.8974919817025081
MA1238.3	ERF038	AP2/EREBP	ERF/DREB	cluster_15	0.4944665190203233	0.4966843468152294	0.6343656343656343	0.6443556443556444	0.8536525203191869	0.8404159942621482
MA2041.2	MYB13	Tryptophan cluster factors	MYB	cluster_02	0.4943416710092063	0.5060261085150727	0.6173826173826173	0.38161838161838163	0.8425449550449551	0.7390811719925644
MA1679.2	RAP2-1	AP2/EREBP	ERF/DREB	cluster_15	0.49429933124891395	0.49966439565123005	0.6413586413586414	0.6283716283716284	0.8555186072668591	0.8309316333579765
MA1760.1	HSFA6A	Heat shock factors	HSF	cluster_04	0.49426676220253635	0.479751771967396	0.6123876123876124	0.903096903096903	0.8388720794465857	0.9546370870508802
MA0553.1	SMZ	AP2/EREBP	AP2	cluster_36	0.4942645909327776	0.4802250954343213	0.6293706293706294	0.906093906093906	0.8497739010106501	0.9546370870508802
MA1202.1	AGL55	MADS box factors	Type I	cluster_43	0.49424396387007125	0.6267016350937274	0.6493506493506493	0.6323676323676324	0.8568603809983121	0.8318905232698336
MA1303.2	WRKY22	GCM domain factors	WRKY	cluster_10	0.49413322911238505	0.5005481499211443	0.6383616383616384	0.4925074925074925	0.8543470539967913	0.7826268381823938
MA1674.3	NAC017	GCM domain factors	NAC	cluster_25	0.4941169445891957	0.5272508363941398	0.6393606393606394	0.7792207792207793	0.8543470539967913	0.8974919817025081
MA0995.3	ERF039	AP2/EREBP	ERF/DREB	cluster_15	0.4940051241966303	0.5055254019970467	0.6513486513486514	0.6923076923076923	0.8568603809983121	0.8629575970522135
MA2438.1	SPL1D	C3H(C),C2HC zinc-fingers like factors	SBP	cluster_38	0.49399969602223415	0.508825741696297	0.6063936063936064	0.2777222777222777	0.8336546336546337	0.656043646755721
MA2441.1	SPL3A	C3H(C),C2HC zinc-fingers like factors	SBP	cluster_38	0.49398449713392373	0.49501357852546446	0.6273726273726273	0.6223776223776224	0.8487328274562317	0.8309316333579765
MA1767.2	MYB23	Tryptophan cluster factors	MYB	cluster_45	0.49397906895952753	0.7054460464999492	0.7102897102897103	0.7102897102897103	0.9015170875635993	0.8657364999218035
MA1083.3	WRKY30	GCM domain factors	WRKY	cluster_10	0.49380862428348127	0.4974396854638969	0.6183816183816184	0.5984015984015985	0.8425449550449551	0.815322177822178
MA1398.3	KUA1	Tryptophan cluster factors	MYB-related	cluster_05	0.49379342539517124	0.5001528077635992	0.6303696303696303	0.6233766233766234	0.8497739010106501	0.8309316333579765
MA1235.1	AIL7	AP2/EREBP	AP2	cluster_31	0.49365337849574425	0.483226620432961	0.6373626373626373	0.8491508491508492	0.8543470539967913	0.9373762076074216
MA2036.2	NAC076	GCM domain factors	NAC	cluster_25	0.49359909675178043	0.567743993166588	0.6513486513486514	0.25274725274725274	0.8568603809983121	0.6364315296354132
MA1394.3	MYB73	Tryptophan cluster factors	MYB	cluster_11	0.49336351398297723	0.5003939497121276	0.6393606393606394	0.5364635364635365	0.8543470539967913	0.804168326761647
MA1325.2	GATA14	Other C4 zinc finger-type factors	C4-GATA-related	cluster_13	0.4933168316831681	0.48946472854265427	0.6553446553446554	0.7802197802197802	0.859154591113354	0.8974919817025081
MA2049.2	NAC053	GCM domain factors	NAC	cluster_25	0.49320718256036133	0.6178224754356992	0.6553446553446554	0.7542457542457542	0.859154591113354	0.8894737410966159
MA1007.1	PHYPADRAFT_173530	AP2/EREBP	ERF/DREB	cluster_15	0.4931246743095365	0.5005481238170918	0.6493506493506493	0.5474525474525475	0.8568603809983121	0.8056289061981662
MA2417.1	EREB71	AP2/EREBP	ERF/DREB	cluster_15	0.49296725725204105	0.49449536942721334	0.6453546453546454	0.6163836163836164	0.856194153069153	0.8294544961211627
MA1260.2	ERF013	AP2/EREBP	ERF/DREB	cluster_15	0.4928554368594757	0.49995954149010396	0.6653346653346653	0.4885114885114885	0.8648217200176315	0.7826268381823938
MA1278.2	DOF3.4	Other C4 zinc finger-type factors	DOF	cluster_08	0.4928261247177342	0.49713571538619494	0.6463536463536463	0.5664335664335665	0.856194153069153	0.8087657405431193
MA1208.2	GT-2	Tryptophan cluster factors	Trihelix	cluster_10	0.49277618551328833	0.4976028072029289	0.6703296703296703	0.5724275724275725	0.8679966395702436	0.8087657405431193
MA1177.2	MYB65	Tryptophan cluster factors	MYB	cluster_11	0.4926176828209136	0.5000767914790903	0.6433566433566433	0.6283716283716284	0.856194153069153	0.8309316333579765
MA1006.2	ERF6	AP2/EREBP	ERF/DREB	cluster_15	0.49248523536564187	0.5009112511860907	0.6683316683316683	0.5274725274725275	0.8672399029541887	0.7953785345089693
MA1281.2	DOF5.1	Other C4 zinc finger-type factors	DOF	cluster_08	0.4922887354524938	0.49473192200866184	0.6463536463536463	0.6133866133866134	0.856194153069153	0.8283433380778513
MA1737.2	AT5G05090	Tryptophan cluster factors	GARP_G2-like	cluster_13	0.49227896473857924	0.5156387880501245	0.6613386613386614	0.5564435564435565	0.8648217200176315	0.8056289061981662
MA2025.2	MYB93	Tryptophan cluster factors	MYB	cluster_02	0.49223988188292517	0.5084697342017549	0.6633366633366633	0.5644355644355644	0.8648217200176315	0.8087657405431193
MA1427.3	NAC028	GCM domain factors	NAC	cluster_25	0.4922322824387702	0.5592871914079443	0.6933066933066933	0.8061938061938062	0.8831268898046861	0.9073196203503671
MA1206.2	ARF2	B3	ARF	cluster_17	0.49208463609518854	0.5457413189117558	0.6723276723276723	0.6663336663336663	0.8679966395702436	0.8473543123543124
MA2344.1	REV	Homeo domain factors	HD-ZIP	cluster_09	0.4917784870592316	0.4970455166310789	0.6713286713286714	0.5744255744255744	0.8679966395702436	0.8087657405431193
MA1311.3	WRKY28	GCM domain factors	WRKY	cluster_10	0.49146148167448334	0.5061794253212646	0.6793206793206793	0.9040959040959041	0.8738786466059193	0.9546370870508802
MA2398.1	AS2	Other C4 zinc finger-type factors	LBD	cluster_37	0.49141262810491565	0.503242411607626	0.6803196803196803	0.4085914085914086	0.8738786466059193	0.7458259443905376
MA1388.2	PHL2	Tryptophan cluster factors	GARP_G2-like	cluster_04	0.49136920270974466	0.5695966781431829	0.6863136863136863	0.7912087912087912	0.8784247578217428	0.9019624191010183
MA1411.2	TSAR1	Basic helix-loop-helix factors (bHLH)	bHLH	cluster_07	0.49128018064964396	0.48853438600023613	0.6653346653346653	0.7732267732267732	0.8648217200176315	0.8974919817025081
MA1302.2	WRKY65	GCM domain factors	WRKY	cluster_10	0.4911607608129237	0.5020896573100743	0.6823176823176823	0.4565434565434565	0.8749720867367927	0.7774487153644581
MA1159.2	SGR5	C2H2 zinc finger factors	IDD	cluster_08	0.4911108216084774	0.49965160332764225	0.6743256743256744	0.5084915084915085	0.8691055566055567	0.7885752458923191
MA1004.2	ERF13	AP2/EREBP	ERF/DREB	cluster_24	0.4911021365294425	0.5135655054274664	0.6983016983016983	0.2897102897102897	0.888006993006993	0.6698453062089426
MA1161.1	TSO1	CPP	NA	cluster_06	0.49091649296508566	0.4848020190186994	0.6643356643356644	0.8251748251748252	0.8648217200176315	0.920480104690631
MA2445.1	SPL4D	C3H(C),C2HC zinc-fingers like factors	SBP	cluster_38	0.490727592496093	0.49297664524501905	0.6903096903096904	0.6723276723276723	0.8807797553616952	0.8521362358571661
MA1392.3	MYB98	Tryptophan cluster factors	MYB	cluster_11	0.49005449887093966	0.5051536379532134	0.7212787212787213	0.5214785214785215	0.9060094377167549	0.7909729159729159
MA1318.2	WRKY27	GCM domain factors	WRKY	cluster_10	0.48981131665798144	0.4965953863864443	0.7152847152847153	0.5944055944055944	0.9050783379141587	0.8127804095546031
MA1091.1	WRKY62	GCM domain factors	WRKY	cluster_10	0.4896886399166232	0.483730209032581	0.7202797202797203	0.9070929070929071	0.9060094377167549	0.9546370870508802
MA1296.2	WRKY46	GCM domain factors	WRKY	cluster_10	0.4896169880145908	0.5014445008520997	0.7252747252747253	0.4885114885114885	0.9060094377167549	0.7826268381823938
MA1415.2	REF6	C2H2 zinc finger factors	Jumonji	cluster_11	0.4895594493659892	0.509023302209994	0.7302697302697303	0.5054945054945055	0.9060094377167549	0.7885752458923191
MA1308.2	WRKY70	GCM domain factors	WRKY	cluster_10	0.48951602397081784	0.5049851666908968	0.7192807192807192	0.3956043956043956	0.9060094377167549	0.7400904180565196
MA1688.2	ARF16	B3	ARF	cluster_17	0.4893444936598924	0.5016221145491037	0.7112887112887113	0.4955044955044955	0.9015170875635993	0.7826268381823938
MA1076.3	WRKY15	GCM domain factors	WRKY	cluster_10	0.48933472294597885	0.5008204370353578	0.7302697302697303	0.6703296703296703	0.9060094377167549	0.8510175348777678
MA1397.2	AT1G74840	Tryptophan cluster factors	MYB-related	cluster_05	0.48924678652075754	0.48956933401112285	0.7492507492507493	0.8931068931068931	0.917846109233669	0.9546370870508802
MA2051.2	NAC68	GCM domain factors	NAC	cluster_07	0.4892326732673267	0.5045278978909505	0.7272727272727273	0.6513486513486514	0.9060094377167549	0.8423373236932559
MA2027.2	MYB44	Tryptophan cluster factors	MYB	cluster_11	0.48922724509293025	0.48899341393156937	0.6873126873126874	0.7732267732267732	0.8784247578217428	0.8974919817025081
MA1262.2	ERF2	AP2/EREBP	ERF/DREB	cluster_24	0.4891892478721552	0.505080077798535	0.7272727272727273	0.37462537462537465	0.9060094377167549	0.7390811719925644
MA0942.2	ARF1	B3	ARF	cluster_15	0.48915342192113936	0.5149617723015347	0.7392607392607392	0.6583416583416584	0.9112373894280195	0.8453677195287933
MA1823.2	Zm00001d027846	Other C4 zinc finger-type factors	DOF	cluster_25	0.4891132534306063	0.6445978586686065	0.7542457542457542	0.7812187812187812	0.917846109233669	0.8974919817025081
MA2368.1	WRKY51	GCM domain factors	WRKY	cluster_10	0.48896994962654156	0.6101802171110124	0.7292707292707292	0.7412587412587412	0.9060094377167549	0.8831526172117152
MA1306.2	WRKY11	GCM domain factors	WRKY	cluster_10	0.488636659718603	0.4972739734955139	0.7512487512487512	0.5524475524475524	0.917846109233669	0.8056289061981662
MA2343.1	MYB3R3	Tryptophan cluster factors	MYB	cluster_11	0.4886138613861389	0.48760758414671596	0.7172827172827173	0.8281718281718282	0.9060094377167549	0.9211298905176457
MA1313.2	WRKY7	GCM domain factors	WRKY	cluster_10	0.48851941115164177	0.4991931879086183	0.7292707292707292	0.5554445554445554	0.9060094377167549	0.8056289061981662
MA1834.2	Zm00001d034298	Basic helix-loop-helix factors (bHLH)	bHLH	cluster_07	0.4883826211568526	0.49062637829942884	0.7332667332667333	0.8551448551448552	0.9067787965680997	0.9410071942446043
MA2059.1	PK05432.1	GCM domain factors	WRKY	cluster_10	0.4883543946499914	0.5608405170138482	0.7632367632367633	0.7022977022977023	0.9230222902097902	0.8651766240190678
MA1077.2	WRKY18	GCM domain factors	WRKY	cluster_10	0.488067787041862	0.6097421315791519	0.7742257742257742	0.7432567432567433	0.9230222902097902	0.8831526172117152
MA1747.2	DOF4.3	Other C4 zinc finger-type factors	DOF	cluster_03	0.48803738926524237	0.4864255399610516	0.7372627372627373	0.8101898101898102	0.9102450947111141	0.9073196203503671
MA1180.2	MYB3R4	Tryptophan cluster factors	MYB	cluster_11	0.4879885356956759	0.48897166509116374	0.7272727272727273	0.7422577422577422	0.9060094377167549	0.8831526172117152
MA1689.2	ARF18	B3	ARF	cluster_17	0.4879331683168318	0.4952059739703765	0.7642357642357642	0.7092907092907093	0.9230222902097902	0.8657364999218035
MA0054.1	myb.Ph3	Tryptophan cluster factors	Myb	cluster_11	0.48779420705228427	0.5081291927895316	0.7592407592407593	0.4085914085914086	0.9224533428355084	0.7458259443905376
MA1032.2	DREB1G	AP2/EREBP	ERF/DREB	cluster_15	0.48776598054542275	0.4907959889095017	0.7822177822177823	0.7772227772227772	0.9246628561697056	0.8974919817025081
MA1316.2	WRKY71	GCM domain factors	WRKY	cluster_10	0.48773992530831994	0.4936332717761468	0.7322677322677322	0.7002997002997003	0.9067787965680997	0.8651766240190678
MA0589.2	WRKY1	GCM domain factors	WRKY	cluster_10	0.4876682734062885	0.4655869184318673	0.7502497502497503	0.984015984015984	0.917846109233669	0.9905068546229496
MA1408.2	FaEOBII	Tryptophan cluster factors	MYB-related	cluster_02	0.4875835938857046	0.501087607064366	0.7452547452547452	0.6643356643356644	0.9171441461764043	0.8473543123543124
MA0944.2	ARF8	B3	ARF	cluster_17	0.4875325690463784	0.5427425292400154	0.7532467532467533	0.7222777222777222	0.917846109233669	0.873372269568783
MA1792.1	NAC098	GCM domain factors	NAC	cluster_16	0.48747394476289646	0.49778077584921965	0.7842157842157842	0.5784215784215784	0.9246628561697056	0.8087657405431193
MA1795.2	RAP2-4	AP2/EREBP	ERF/DREB	cluster_15	0.48711894215737367	0.491743566351784	0.7802197802197802	0.7172827172827173	0.9246628561697056	0.8714756580998618
MA1367.2	AT1G76870	Tryptophan cluster factors	Trihelix	cluster_18	0.48702340628799706	0.5037981688799231	0.7742257742257742	0.5354645354645354	0.9230222902097902	0.804168326761647
MA0945.2	ARR1	Tryptophan cluster factors	GARP_ARR-B	cluster_13	0.48688553065832896	0.6607220197900663	0.8091908091908092	0.7992007992007992	0.931240704996361	0.9060775776971913
MA1794.2	NLP7	RWP-RK	NA	cluster_10	0.4868497047073129	0.4982722184233218	0.7722277722277723	0.906093906093906	0.9230222902097902	0.9546370870508802
MA1298.2	WRKY29	GCM domain factors	WRKY	cluster_10	0.4868388483585199	0.5006130424708013	0.7512487512487512	0.6133866133866134	0.917846109233669	0.8283433380778513
MA2450.1	SPL7A	C3H(C),C2HC zinc-fingers like factors	SBP	cluster_38	0.4868008511377455	0.4919277764918003	0.7542457542457542	0.6983016983016983	0.917846109233669	0.8651766240190678
MA1305.2	WRKY55	GCM domain factors	WRKY	cluster_10	0.4866814313010244	0.49678941187007614	0.7742257742257742	0.6503496503496503	0.9230222902097902	0.8423373236932559
MA1090.2	WRKY60	GCM domain factors	WRKY	cluster_10	0.4865500694806324	0.5027689718977993	0.7942057942057942	0.9230769230769231	0.9246628561697056	0.9634852151952016
MA1205.1	AGL6	MADS box factors	MIKC	cluster_23	0.4864436772624629	0.48317448665596985	0.7922077922077922	0.8871128871128872	0.9246628561697056	0.9546370870508802
MA0590.1	LFY	LEAFY	NA	cluster_42	0.48624934861907326	0.49031276019937414	0.7932067932067932	0.7422577422577422	0.9246628561697056	0.8831526172117152
MA1783.1	NAC005	GCM domain factors	NAC	cluster_16	0.48619289560534973	0.4880278234898397	0.7732267732267732	0.7872127872127872	0.9230222902097902	0.9018669018669019
MA2029.2	MYB88	Tryptophan cluster factors	MYB	cluster_49	0.4861277575125933	0.5007960102631104	0.7682317682317682	0.4975024975024975	0.9230222902097902	0.7826268381823938
MA1084.1	WRKY38	GCM domain factors	WRKY	cluster_10	0.48607130449887137	0.48030869721377406	0.7832167832167832	0.9440559440559441	0.9246628561697056	0.9757468512542937
MA1243.2	DREB2E	AP2/EREBP	ERF/DREB	cluster_15	0.4860267934688203	0.488378530755541	0.7812187812187812	0.7662337662337663	0.9246628561697056	0.8974919817025081
MA1379.1	SOL1	CPP	NA	cluster_06	0.48585200625325664	0.480322843010944	0.7612387612387612	0.8981018981018981	0.9230222902097902	0.9546370870508802
MA2038.2	NAC103	GCM domain factors	NAC	cluster_25	0.485676133402814	0.5401433843340844	0.7772227772227772	0.8761238761238761	0.9246628561697056	0.9522542984081446
MA1366.2	DF1	Tryptophan cluster factors	Trihelix	cluster_10	0.48567070522841754	0.5274330401869863	0.8091908091908092	0.6353646353646354	0.931240704996361	0.834394521141509
MA2026.2	MYB108	Tryptophan cluster factors	MYB	cluster_02	0.48556648428000715	0.5049362282565337	0.7722277722277723	0.35364635364635366	0.9230222902097902	0.7273104254236331
MA2040.2	ENAP2	Tryptophan cluster factors	Trihelix	cluster_15	0.4855143738058018	0.5068296085467218	0.7662337662337663	0.38461538461538464	0.9230222902097902	0.7391978298779307
MA2387.1	NAC094	GCM domain factors	NAC	cluster_16	0.48537866944589203	0.4914372518569019	0.7892107892107892	0.7082917082917083	0.9246628561697056	0.8657364999218035
MA1304.2	WRKY59	GCM domain factors	WRKY	cluster_10	0.4853634705575819	0.48692138232653714	0.8041958041958042	0.8891108891108891	0.931240704996361	0.9546370870508802
MA1169.1	MYB105	Tryptophan cluster factors	Myb	cluster_11	0.4853070175438606	0.4955556810322534	0.7962037962037962	0.6243756243756243	0.9246628561697056	0.8309316333579765
MA2434.1	SPL16A	C3H(C),C2HC zinc-fingers like factors	SBP	cluster_38	0.4852885617509112	0.4935614051947346	0.7952047952047953	0.6663336663336663	0.9246628561697056	0.8473543123543124
MA1779.2	MYB83	Tryptophan cluster factors	MYB	cluster_02	0.48524730762549945	0.5157739268486456	0.8081918081918081	0.37162837162837165	0.931240704996361	0.7390811719925644
MA1204.1	AGL13	MADS box factors	MIKC	cluster_23	0.48514525794684765	0.48676452549149496	0.7832167832167832	0.7912087912087912	0.9246628561697056	0.9019624191010183
MA1387.2	HRS1	Tryptophan cluster factors	GARP_G2-like	cluster_04	0.4850996612819178	0.4838190867979867	0.7882117882117882	0.8621378621378621	0.9246628561697056	0.9424229066062877
MA1020.1	GT-1	Tryptophan cluster factors	Trihelix	cluster_18	0.4849465867639396	0.5049601268356105	0.7872127872127872	0.6463536463536463	0.9246628561697056	0.8415833313444234
MA1663.3	NAC050	GCM domain factors	NAC	cluster_25	0.4847696282786172	0.5155464427378402	0.8081918081918081	0.46353646353646355	0.931240704996361	0.7790271402606205
MA1393.3	MYB70	Tryptophan cluster factors	MYB	cluster_11	0.48465997915581027	0.5381886510913244	0.8141858141858141	0.4595404595404595	0.9327684327684327	0.7774487153644581
MA1378.1	AIL6	AP2/EREBP	AP2	cluster_31	0.48462198193503603	0.4889405130473389	0.7942057942057942	0.7522477522477522	0.9246628561697056	0.8884907661997445
MA2374.1	AHL13	A.T hook factors	AHL	cluster_09	0.4845720427305889	0.5797435707279569	0.8111888111888111	0.7042957042957043	0.9318786476681215	0.8651766240190678
MA1314.2	WRKY14	GCM domain factors	WRKY	cluster_10	0.48454815876324514	0.4985775524868489	0.7652347652347652	0.5154845154845155	0.9230222902097902	0.7909729159729159
MA1386.3	HHO3	Tryptophan cluster factors	GARP_G2-like	cluster_04	0.48453621677957287	0.5213066794637233	0.8211788211788211	0.7772227772227772	0.9365611966508827	0.8974919817025081
MA0986.1	DREB2C	AP2/EREBP	ERF/DREB	cluster_15	0.4840932777488274	0.4961926712244867	0.8051948051948052	0.7222777222777222	0.931240704996361	0.873372269568783
MA2352.1	PC-MYB1	Tryptophan cluster factors	MYB	cluster_11	0.48403139656070854	0.48006223958737765	0.7922077922077922	0.9040959040959041	0.9246628561697056	0.9546370870508802
MA0571.2	ANT	AP2/EREBP	AP2	cluster_31	0.4839738579121065	0.486295269480472	0.8321678321678322	0.8281718281718282	0.9448572261072262	0.9211298905176457
MA2420.1	SBP6	C3H(C),C2HC zinc-fingers like factors	SBP	cluster_26	0.4837426176828212	0.5137463441566932	0.8121878121878122	0.7932067932067932	0.9318786476681215	0.9019624191010183
MA1093.2	WRKY75	GCM domain factors	WRKY	cluster_10	0.4836568525273579	0.5220950679552302	0.8251748251748252	0.5474525474525475	0.9397140173259576	0.8056289061981662
MA1678.3	NTL8	GCM domain factors	NAC	cluster_25	0.48329967865207557	0.5317002699348938	0.8191808191808192	0.6553446553446554	0.9356810853816843	0.8446418446418447
MA2408.1	BAD1	TCP	NA	cluster_01	0.4832801372242488	0.48730753324978093	0.8291708291708292	0.7962037962037962	0.9428574406219712	0.9040230602730603
MA1694.2	ARF35	B3	ARF	cluster_17	0.4830879798506172	0.4929565797834705	0.8391608391608392	0.6783216783216783	0.9457602958341511	0.8565741189503565
MA1784.1	NAC011	GCM domain factors	NAC	cluster_16	0.48280897168664244	0.4954862284008683	0.8171828171828172	0.6023976023976024	0.9347983350981851	0.8193036909614451
MA1010.2	PHYPADRAFT_64121	AP2/EREBP	ERF/DREB	cluster_15	0.4826504689942677	0.4785523844908989	0.8371628371628371	0.938061938061938	0.9457602958341511	0.9724745363332319
MA1087.3	WRKY45	GCM domain factors	WRKY	cluster_10	0.4824474552718429	0.4896313910451638	0.8441558441558441	0.7682317682317682	0.9469891501821835	0.8974919817025081
MA2042.2	MYB58	Tryptophan cluster factors	MYB	cluster_02	0.4824463696369633	0.503499186304438	0.8391608391608392	0.4775224775224775	0.9457602958341511	0.781699151911918
MA1300.2	WRKY6	GCM domain factors	WRKY	cluster_10	0.48216844710786866	0.4969495776670011	0.8391608391608392	0.7282717282717283	0.9457602958341511	0.8764531997970484
MA1165.3	HHO6	Tryptophan cluster factors	GARP_G2-like	cluster_04	0.4820989664755951	0.5665802436869886	0.8371628371628371	0.8501498501498501	0.9457602958341511	0.9373762076074216
MA1390.3	HHO2	Tryptophan cluster factors	GARP_G2-like	cluster_04	0.48202514330380425	0.5032845413680881	0.8461538461538461	0.7782217782217782	0.9469891501821835	0.8974919817025081
MA1310.2	WRKY42	GCM domain factors	WRKY	cluster_10	0.4819122372763592	0.4977138652440816	0.8511488511488512	0.7352647352647352	0.9469891501821835	0.8820864669921273
MA1166.2	PHL12	Tryptophan cluster factors	GARP_G2-like	cluster_04	0.48187641132534326	0.4897581438723569	0.8521478521478522	0.7672327672327672	0.9469891501821835	0.8974919817025081
MA1092.2	WRKY63	GCM domain factors	WRKY	cluster_10	0.48183515719993064	0.5531191314831118	0.8511488511488512	0.8691308691308691	0.9469891501821835	0.9470885747633251
MA2419.1	UB3	C3H(C),C2HC zinc-fingers like factors	SBP	cluster_26	0.48177978982108743	0.48548119695748304	0.8491508491508492	0.8311688311688312	0.9469891501821835	0.9231176392748446
MA0943.2	ARF5	B3	ARF	cluster_15	0.4816723119680392	0.4898323117549492	0.8521478521478522	0.8571428571428571	0.9469891501821835	0.9410071942446043
MA1013.1	GATA10	Other C4 zinc finger-type factors	C4-GATA-related	cluster_13	0.48155614903595617	0.4860007841940131	0.8771228771228772	0.8601398601398601	0.9588033742761536	0.9424229066062877
MA2089.1	PK25870.1	GCM domain factors	WRKY	cluster_10	0.4815007816571131	0.5452568590865808	0.8531468531468531	0.7922077922077922	0.9469891501821835	0.9019624191010183
MA1171.2	MYB52	Tryptophan cluster factors	MYB	cluster_11	0.48149101094319974	0.5095964660756146	0.8681318681318682	0.8101898101898102	0.9555430160617481	0.9073196203503671
MA0970.2	CAMTA3	GCM domain factors	CAMTA	cluster_07	0.481304281743964	0.515558160700658	0.8501498501498501	0.6283716283716284	0.9469891501821835	0.8309316333579765
MA1162.1	TCX2	CPP	NA	cluster_06	0.48110018238666014	0.4843183477467321	0.8671328671328671	0.8701298701298701	0.9555430160617481	0.9470885747633251
MA1079.3	WRKY21	GCM domain factors	WRKY	cluster_10	0.4809883619940943	0.49759261392919824	0.8541458541458542	0.5824175824175825	0.9469891501821835	0.8087657405431193
MA1796.1	RAP2-7	AP2/EREBP	AP2	cluster_36	0.4808494007295474	0.4927035353549622	0.8691308691308691	0.7142857142857143	0.9555430160617481	0.8692185007974481
MA2076.1	PK18401.1	Basic helix-loop-helix factors (bHLH)	bHLH	cluster_07	0.4808179173180475	0.4889084765357177	0.8671328671328671	0.7662337662337663	0.9555430160617481	0.8974919817025081
MA0121.2	ARR10	Tryptophan cluster factors	GARP_ARR-B	cluster_13	0.4802848705923224	0.5132368129120713	0.8551448551448552	0.6153846153846154	0.9469891501821835	0.8294544961211627
MA0097.1	bZIP911	Basic leucine zipper factors (bZIP)	Group S	cluster_14	0.4802609866249784	0.48649392569867805	0.8511488511488512	0.8021978021978022	0.9469891501821835	0.9067806267806269
MA2039.2	ASIL2	Tryptophan cluster factors	Trihelix	cluster_15	0.4796508598228242	0.5030080862749783	0.8691308691308691	0.4805194805194805	0.9555430160617481	0.781699151911918
MA1250.2	DREB2D	AP2/EREBP	ERF/DREB	cluster_24	0.4795357825256214	0.4898959395561105	0.8751248751248751	0.7602397602397603	0.9588033742761536	0.8937795640415055
MA0582.2	RAV1	B3	RAV	cluster_17	0.4792643738058016	0.6085709172554465	0.8901098901098901	0.8081918081918081	0.9674556213017751	0.9073196203503671
MA1673.2	LBD18	Other C4 zinc finger-type factors	LBD	cluster_15	0.47901467778356743	0.4963485549692098	0.8771228771228772	0.7402597402597403	0.9588033742761536	0.8831526172117152
MA1222.1	ERF014	AP2/EREBP	ERF/DREB	cluster_24	0.47866510335243945	0.48754632727272573	0.8791208791208791	0.7822177822177823	0.9593306693306694	0.8974919817025081
MA1223.2	ERF035	AP2/EREBP	ERF/DREB	cluster_15	0.47859453708528726	0.48732082791682746	0.8741258741258742	0.8011988011988012	0.9588033742761536	0.9067806267806269
MA2403.1	DVH24_040989	Tryptophan cluster factors	Trihelix	cluster_18	0.4784588327253778	0.6235112445775691	0.9090909090909091	0.8971028971028971	0.9709704464472857	0.9546370870508802
MA1078.2	WRKY2	GCM domain factors	WRKY	cluster_10	0.4782493051936772	0.5006203220495982	0.9050949050949051	0.9630369630369631	0.9709704464472857	0.9823492016005385
MA1176.2	MYB119	Tryptophan cluster factors	MYB	cluster_11	0.4782189074170576	0.4730825210613458	0.8851148851148851	0.972027972027972	0.9633989405744042	0.9853563654888158
MA1242.1	DREB2F	AP2/EREBP	ERF/DREB	cluster_24	0.4778671617161716	0.4928557371327163	0.9000999000999002	0.7002997002997003	0.9709704464472857	0.8651766240190678
MA1426.2	MYB124	Tryptophan cluster factors	MYB	cluster_07	0.4777520844189679	0.4759393728545643	0.8801198801198801	0.955044955044955	0.9593306693306694	0.9794345439506731
MA1830.2	Zm00001d015407	Tryptophan cluster factors	GARP_G2-like	cluster_04	0.47753495744311353	0.4808329995661724	0.9040959040959041	0.906093906093906	0.9709704464472857	0.9546370870508802
MA2021.2	LBD13	Other C4 zinc finger-type factors	LBD	cluster_48	0.4770616206357477	0.4855523331124899	0.9020979020979021	0.9210789210789211	0.9709704464472857	0.9634852151952016
MA1339.1	BZIP43	Basic leucine zipper factors (bZIP)	Group S	cluster_14	0.47688140524578804	0.5014785864574929	0.8971028971028971	0.43356643356643354	0.9709704464472857	0.7570050087212559
MA1172.2	MYB3R5	Tryptophan cluster factors	MYB	cluster_11	0.47663062358867475	0.480478642735275	0.9050949050949051	0.919080919080919	0.9709704464472857	0.9632675017290402
MA1307.3	WRKY31	GCM domain factors	WRKY	cluster_10	0.47651554629147136	0.47658762119738546	0.8981018981018981	0.949050949050949	0.9709704464472857	0.9769381561834394
MA1178.3	MYB3R1	Tryptophan cluster factors	MYB	cluster_11	0.4764884054194894	0.47818665319482145	0.9040959040959041	0.935064935064935	0.9709704464472857	0.9720089175130047
MA1315.2	WRKY24	GCM domain factors	WRKY	cluster_10	0.47610843321174273	0.49135606536465176	0.916083916083916	0.7302697302697303	0.9709704464472857	0.8774737073949672
MA1661.2	GTL1	Tryptophan cluster factors	Trihelix	cluster_10	0.47593581726593714	0.4985985117673154	0.916083916083916	0.8561438561438561	0.9709704464472857	0.9410071942446043
MA1753.2	ERF057	AP2/EREBP	ERF/DREB	cluster_24	0.4757729720340451	0.4916876162579468	0.9100899100899101	0.6863136863136863	0.9709704464472857	0.859864273657377
MA1660.2	NAC013	GCM domain factors	NAC	cluster_16	0.4756644085461181	0.49274466795761374	0.9070929070929071	0.6803196803196803	0.9709704464472857	0.8565741189503565
MA1226.2	DREB2G	AP2/EREBP	ERF/DREB	cluster_24	0.4756177262463086	0.5026476951274856	0.9170829170829171	0.4325674325674326	0.9709704464472857	0.756993006993007
MA1015.2	GATA12	Other C4 zinc finger-type factors	C4-GATA-related	cluster_13	0.4752040993573042	0.5625776455335785	0.9210789210789211	0.9110889110889111	0.9709704464472857	0.9575218170259493
MA1173.2	MYB101	Tryptophan cluster factors	MYB	cluster_11	0.4750911933298591	0.475431570417035	0.9250749250749251	0.975024975024975	0.9709704464472857	0.9853563654888158
MA1081.3	WRKY25	GCM domain factors	WRKY	cluster_10	0.47499782873024166	0.46814738501516345	0.9010989010989011	0.988011988011988	0.9709704464472857	0.9932189023098114
MA0969.2	CAMTA2	GCM domain factors	CAMTA	cluster_07	0.47458203057147824	0.5072557028541435	0.9330669330669331	0.7902097902097902	0.9709704464472857	0.9019624191010183
MA1812.2	ASR1	Tryptophan cluster factors	MYB-related	cluster_01	0.4745006079555321	0.4767586813614347	0.922077922077922	0.977022977022977	0.9709704464472857	0.9860694860694861
MA2037.2	NAC096	GCM domain factors	NAC	cluster_25	0.474151033524405	0.5207541479762304	0.9280719280719281	0.8811188811188811	0.9709704464472857	0.9546370870508802
MA0021.1	Dof3	Other C4 zinc finger-type factors	DOF	cluster_03	0.4741488622546466	0.5384270212933395	0.9330669330669331	0.945054945054945	0.9709704464472857	0.9757468512542937
MA1676.3	NAC062	GCM domain factors	NAC	cluster_25	0.4740772103526143	0.5742739278381643	0.9400599400599401	0.8981018981018981	0.9710559346186878	0.9546370870508802
MA1094.3	WRKY8	GCM domain factors	WRKY	cluster_10	0.47389808059753336	0.4928566332483384	0.9310689310689311	0.6923076923076923	0.9709704464472857	0.8629575970522135
MA1014.1	GATA11	Other C4 zinc finger-type factors	C4-GATA-related	cluster_13	0.4738969949626543	0.4817666752911154	0.9170829170829171	0.9370629370629371	0.9709704464472857	0.9724745363332319
MA1734.1	AT1G19040	GCM domain factors	NAC	cluster_16	0.4736538127496971	0.49138536420236645	0.936063936063936	0.7282717282717283	0.9710559346186878	0.8764531997970484
MA1018.2	GATA9	Other C4 zinc finger-type factors	C4-GATA-related	cluster_13	0.4736505558450582	0.562864642210316	0.919080919080919	0.8951048951048951	0.9709704464472857	0.9546370870508802
MA1692.2	ARF29	B3	ARF	cluster_15	0.47351376585026894	0.4912832438930627	0.9280719280719281	0.8091908091908092	0.9709704464472857	0.9073196203503671
MA1009.1	ARF3	B3	ARF	cluster_15	0.47319458919576174	0.4789052589674688	0.9240759240759241	0.945054945054945	0.9709704464472857	0.9757468512542937
MA0563.2	SEP3	MADS box factors	Type II	cluster_23	0.47312076602397085	0.4756399048683705	0.9340659340659341	0.952047952047952	0.9709704464472857	0.9776750840007905
MA1666.3	HSFB2B	Heat shock factors	HSF	cluster_04	0.4729427219037693	0.4929812666604646	0.9250749250749251	0.6863136863136863	0.9709704464472857	0.859864273657377
MA1814.2	RIN	MADS box factors	Type II	cluster_23	0.4728070175438597	0.47809552713215386	0.919080919080919	0.9230769230769231	0.9709704464472857	0.9634852151952016
MA2376.1	CAMTA5	GCM domain factors	CAMTA	cluster_07	0.4727462219906209	0.4893338242809698	0.929070929070929	0.7602397602397603	0.9709704464472857	0.8937795640415055
MA2034.2	NAC057	GCM domain factors	NAC	cluster_25	0.47252366684036834	0.5528173919125269	0.9330669330669331	0.8781218781218781	0.9709704464472857	0.9530682688577425
MA1382.2	FAR1	GCM domain factors	FRS/FRF	cluster_07	0.4723369376411325	0.46912819124615673	0.9230769230769231	0.975024975024975	0.9709704464472857	0.9853563654888158
MA1301.2	WRKY33	GCM domain factors	WRKY	cluster_10	0.4719917057495225	0.48483326528636705	0.939060939060939	0.8441558441558441	0.9710559346186878	0.9361786469344608
MA1170.2	MYB118	Tryptophan cluster factors	MYB	cluster_11	0.4710254907069654	0.4711516237180771	0.939060939060939	0.97002997002997	0.9710559346186878	0.9853563654888158
MA2369.1	ZHD14	Homeo domain factors	PLINC	cluster_04	0.47077579468473196	0.4808841981689789	0.9410589410589411	0.8861138861138861	0.9710559346186878	0.9546370870508802
MA1377.2	PLT1	AP2/EREBP	AP2	cluster_31	0.4694784610039959	0.4812575882276991	0.948051948051948	0.8931068931068931	0.9748836069590787	0.9546370870508802
MA1080.1	WRKY23	GCM domain factors	WRKY	cluster_10	0.46943612124370343	0.4801787335658727	0.9430569430569431	0.9330669330669331	0.9710559346186878	0.9712552113643519
MA1381.2	AT3G46070	C2H2 zinc finger factors	C2H2	cluster_19	0.46911151641479937	0.4988883891188773	0.9530469530469531	0.967032967032967	0.978700976009186	0.9848111888111889
MA1380.1	TCX6	CPP	NA	cluster_06	0.4686186381796075	0.4739359320095797	0.9430569430569431	0.9500499500499501	0.9710559346186878	0.9769381561834394
MA1815.2	GRF4	C3H zinc finger factors	GRF	cluster_12	0.4685426437380582	0.49218682877909464	0.957042957042957	0.8461538461538461	0.9814835701932477	0.9370324885564362
MA1758.2	HSFA1E	Heat shock factors	HSF	cluster_04	0.46759814139308686	0.4665610711104044	0.9590409590409591	0.99000999000999	0.9816234635511745	0.9939179241810822
MA1682.2	TCX3	CPP	NA	cluster_06	0.467283307278096	0.4709275101310162	0.961038961038961	0.98001998001998	0.9816234635511745	0.9877876416846034
MA1179.2	MYB1	Tryptophan cluster factors	MYB	cluster_11	0.46716605871113426	0.5077230690148362	0.961038961038961	0.8101898101898102	0.9816234635511745	0.9073196203503671
MA1309.1	WRKY3	GCM domain factors	WRKY	cluster_10	0.4668892218169182	0.48199957441960856	0.9660339660339661	0.903096903096903	0.9854063049250215	0.9546370870508802
MA1197.2	CAMTA1	GCM domain factors	CAMTA	cluster_07	0.4662410977939899	0.4750430941331805	0.97002997002997	0.949050949050949	0.986843822843823	0.9769381561834394
MA1365.3	AT5G47660	Tryptophan cluster factors	Trihelix	cluster_10	0.4647418360257079	0.5543205189784169	0.97002997002997	0.9180819180819181	0.986843822843823	0.9632675017290402
MA2019.2	HSFA1B	Heat shock factors	HSF	cluster_04	0.46460613166579806	0.48795568953938684	0.978021978021978	0.968031968031968	0.9896959804121608	0.9848111888111889
MA2005.2	NAC016	GCM domain factors	NAC	cluster_16	0.46412302414452045	0.4812538312995792	0.973026973026973	0.8861138861138861	0.9872600803451868	0.9546370870508802
MA1295.2	WRKY20	GCM domain factors	WRKY	cluster_10	0.4630102483932602	0.4773502173777514	0.9760239760239761	0.957042957042957	0.9889857818144671	0.98016614258225
MA1797.1	RAV2	B3	RAV	cluster_17	0.4627833507034914	0.4890378443900862	0.973026973026973	0.8901098901098901	0.9872600803451868	0.9546370870508802
MA1800.1	TEM1	B3	RAV	cluster_17	0.4619018151815183	0.4885760869963524	0.987012987012987	0.9280719280719281	0.9961519961519962	0.9673755206542092
MA1297.2	WRKY26	GCM domain factors	WRKY	cluster_10	0.4609106305367378	0.48126303747373933	0.989010989010989	0.8871128871128872	0.9968499136266641	0.9546370870508802
MA1665.3	HSFB2A	Heat shock factors	HSF	cluster_04	0.4606717908632973	0.48982618996305716	0.985014985014985	0.7442557442557443	0.9954522298893159	0.8831526172117152
MA1790.1	NAC073	GCM domain factors	NAC	cluster_16	0.45918229980892816	0.4726028845871328	0.991008991008991	0.973026973026973	0.9975459896304224	0.9853563654888158
MA1759.2	HSFA4A	Heat shock factors	HSF	cluster_04	0.45510791210700036	0.4617341940993685	0.994005994005994	0.998001998001998	0.9992444972682127	0.998001998001998
MA2020.2	HSFB4	Heat shock factors	HSF	cluster_04	0.4524383359388567	0.47569639873179737	0.996003996003996	0.962037962037962	0.9999355907250645	0.9823492016005385
MA1789.1	NAC071	GCM domain factors	NAC	cluster_16	0.4479948323779744	0.473649238960621	0.998001998001998	0.9590409590409591	1.0	0.9808957798233937
MA1664.3	HSFA6B	Heat shock factors	HSF	cluster_39	0.4453751954142781	0.47124553414871156	1.0	0.996003996003996	1.0	0.997311087862269
MA1667.3	HSFC1	Heat shock factors	HSF	cluster_39	0.439652813965607	0.47011098845529087	0.999000999000999	0.996003996003996	1.0	0.997311087862269
