motif_id	tf_name	tf_class	tf_family	jaspar_cluster	auc_roc	auc_prc	p_value_roc	p_value_prc	p_value_roc_adj	p_value_prc_adj
MA1197.2	CAMTA1	GCM domain factors	CAMTA	cluster_07	0.5591314176988186	0.5481023897326575	0.000999000999000999	0.000999000999000999	0.0206010206010206	0.024588314910895557
MA0937.1	NAC055	GCM domain factors	NAC	cluster_20	0.5503618126099068	0.546618296034925	0.000999000999000999	0.000999000999000999	0.0206010206010206	0.024588314910895557
MA2105.1	GLYMA-13G317000	Basic leucine zipper factors (bZIP)	Group A	cluster_07	0.5491427046611336	0.6329083652541297	0.000999000999000999	0.000999000999000999	0.0206010206010206	0.024588314910895557
MA1787.2	NAC047	GCM domain factors	NAC	cluster_20	0.5486579950973823	0.5415555732928528	0.000999000999000999	0.000999000999000999	0.0206010206010206	0.024588314910895557
MA1686.1	ARF13	B3	ARF	cluster_01	0.548401013671976	0.539709764833018	0.000999000999000999	0.000999000999000999	0.0206010206010206	0.024588314910895557
MA0969.2	CAMTA2	GCM domain factors	CAMTA	cluster_07	0.5465575593642839	0.5581370267031159	0.000999000999000999	0.000999000999000999	0.0206010206010206	0.024588314910895557
MA1785.2	NAC018	GCM domain factors	NAC	cluster_20	0.5451655835492111	0.5387704606193656	0.000999000999000999	0.000999000999000999	0.0206010206010206	0.024588314910895557
MA0970.2	CAMTA3	GCM domain factors	CAMTA	cluster_07	0.544951860525631	0.5580162931113518	0.000999000999000999	0.000999000999000999	0.0206010206010206	0.024588314910895557
MA0565.3	FUS3	B3	LAV	cluster_29	0.5411609494307621	0.5873177823437055	0.000999000999000999	0.001998001998001998	0.0206010206010206	0.0412020412020412
MA1695.2	ARF36	B3	ARF	cluster_01	0.539177609716398	0.5389817283190153	0.000999000999000999	0.000999000999000999	0.0206010206010206	0.024588314910895557
MA0962.2	bHLH34	Basic helix-loop-helix factors (bHLH)	bHLH	cluster_07	0.5381420599286315	0.5252877360432708	0.000999000999000999	0.026973026973026972	0.0206010206010206	0.1715034965034965
MA1696.2	ARF39	B3	ARF	cluster_01	0.5380794926999384	0.5364525962395682	0.000999000999000999	0.000999000999000999	0.0206010206010206	0.024588314910895557
MA1687.1	ARF14	B3	ARF	cluster_01	0.5365277425578151	0.5234777188502177	0.000999000999000999	0.000999000999000999	0.0206010206010206	0.024588314910895557
MA1685.2	ARF10	B3	ARF	cluster_01	0.5362449055359158	0.5341900912590045	0.001998001998001998	0.000999000999000999	0.02583856821144957	0.024588314910895557
MA1786.2	NAC019	GCM domain factors	NAC	cluster_20	0.5360791645327512	0.5430839023689636	0.000999000999000999	0.000999000999000999	0.0206010206010206	0.024588314910895557
MA1690.2	ARF25	B3	ARF	cluster_01	0.5349486451501664	0.5407673694428575	0.000999000999000999	0.000999000999000999	0.0206010206010206	0.024588314910895557
MA2397.1	ILR3	Basic helix-loop-helix factors (bHLH)	NA	cluster_07	0.5346203122229017	0.5693089368814218	0.000999000999000999	0.02197802197802198	0.0206010206010206	0.15384615384615385
MA1156.2	JKD	C2H2 zinc finger factors	IDD	cluster_08	0.5344405661049711	0.5251255137255452	0.000999000999000999	0.004995004995004995	0.0206010206010206	0.0747291923762512
MA1362.2	bHLH77	Basic helix-loop-helix factors (bHLH)	bHLH	cluster_07	0.533053313908488	0.5193659715896607	0.001998001998001998	0.012987012987012988	0.02583856821144957	0.11474546958417928
MA0935.1	NAC025	GCM domain factors	NAC	cluster_20	0.5330461041748501	0.5310606468977429	0.000999000999000999	0.003996003996003996	0.0206010206010206	0.06487129891385211
MA1043.2	NAC083	GCM domain factors	NAC	cluster_20	0.532269358963522	0.5399955044009478	0.000999000999000999	0.006993006993006993	0.0206010206010206	0.08336975524475525
MA0936.1	NAC046	GCM domain factors	NAC	cluster_20	0.5318961930948987	0.5391277507487218	0.000999000999000999	0.000999000999000999	0.0206010206010206	0.024588314910895557
MA2447.1	SPL5B	C3H(C),C2HC zinc-fingers like factors	SBP	cluster_33	0.53188318242615	0.5579016221353204	0.001998001998001998	0.007992007992007992	0.02583856821144957	0.08837539272321882
MA0939.1	NAC079	GCM domain factors	NAC	cluster_20	0.5315649597000753	0.536801824106443	0.001998001998001998	0.001998001998001998	0.02583856821144957	0.0412020412020412
MA1320.2	SPL15	C3H(C),C2HC zinc fingers factors	SBP	cluster_28	0.5314827521625055	0.5325713171796527	0.001998001998001998	0.000999000999000999	0.02583856821144957	0.024588314910895557
MA1025.2	HBI1	Basic helix-loop-helix factors (bHLH)	bHLH	cluster_07	0.5313576177051169	0.5297296962030925	0.000999000999000999	0.022977022977022976	0.0206010206010206	0.15653096903096902
MA1317.2	WRKY50	GCM domain factors	WRKY	cluster_10	0.5310250583822679	0.553011460633284	0.000999000999000999	0.000999000999000999	0.0206010206010206	0.024588314910895557
MA1055.3	SPL1	C3H(C),C2HC zinc fingers factors	SBP	cluster_28	0.5307067527856918	0.5339487517218747	0.000999000999000999	0.000999000999000999	0.0206010206010206	0.024588314910895557
MA1834.2	Zm00001d034298	Basic helix-loop-helix factors (bHLH)	bHLH	cluster_07	0.530593303069026	0.5345223248116291	0.000999000999000999	0.000999000999000999	0.0206010206010206	0.024588314910895557
MA0966.2	BIM3	Basic helix-loop-helix factors (bHLH)	bHLH	cluster_07	0.5305401002070106	0.5666847452965618	0.000999000999000999	0.03696303696303696	0.0206010206010206	0.20289782160285755
MA1056.2	SPL11	C3H(C),C2HC zinc fingers factors	SBP	cluster_28	0.530333421176065	0.5347764889356047	0.001998001998001998	0.000999000999000999	0.02583856821144957	0.024588314910895557
MA0562.1	PIF5	Basic helix-loop-helix factors (bHLH)	bHLH	cluster_07	0.5300891189374012	0.5261030065814933	0.002997002997002997	0.013986013986013986	0.03132483954401762	0.11474546958417928
MA2087.1	PK24205.1	Basic leucine zipper factors (bZIP)	Group A	cluster_07	0.5297418915357729	0.5212676906075246	0.000999000999000999	0.028971028971028972	0.0206010206010206	0.1740542921645284
MA0941.2	ABF2	Basic leucine zipper factors (bZIP)	Group A	cluster_07	0.5296727775374531	0.5416366671690956	0.000999000999000999	0.00999000999000999	0.0206010206010206	0.09772279003048234
MA1810.2	GLYMA-08G357600	B3	LAV	cluster_29	0.5295033073617186	0.5367559539127809	0.001998001998001998	0.000999000999000999	0.02583856821144957	0.024588314910895557
MA0965.3	BIM2	Basic helix-loop-helix factors (bHLH)	bHLH	cluster_07	0.5293770127173073	0.5668502856055291	0.002997002997002997	0.04095904095904096	0.03132483954401762	0.21259692688264117
MA0586.3	SPL14	C3H(C),C2HC zinc fingers factors	SBP	cluster_28	0.5293719576167109	0.5361866087713689	0.000999000999000999	0.000999000999000999	0.0206010206010206	0.024588314910895557
MA2104.1	IDD11	C2H2 zinc finger factors	IDD	cluster_08	0.5293575381494363	0.5232424155445975	0.001998001998001998	0.002997002997002997	0.02583856821144957	0.05197075651621106
MA2396.1	IDD1	C2H2 zinc finger factors	IDD	cluster_08	0.5292558560439942	0.5230242112895696	0.001998001998001998	0.005994005994005994	0.02583856821144957	0.0775157046343487
MA1412.2	TSAR2	Basic helix-loop-helix factors (bHLH)	bHLH	cluster_07	0.5290664969478797	0.5216732673625613	0.000999000999000999	0.00999000999000999	0.0206010206010206	0.09772279003048234
MA2382.1	e_gw1.209.40.1	Basic helix-loop-helix factors (bHLH)	bHLH	cluster_07	0.529016857517432	0.5655774645691285	0.000999000999000999	0.04595404595404595	0.0206010206010206	0.22476241707010938
MA0988.2	PHYPADRAFT_143875	Basic helix-loop-helix factors (bHLH)	NA	cluster_07	0.5289935709064874	0.5655713516044991	0.001998001998001998	0.054945054945054944	0.02583856821144957	0.2409372236958444
MA1822.2	Zm00001d018571	Basic leucine zipper factors (bZIP)	NA	cluster_28	0.5288668619095688	0.5251226474338236	0.001998001998001998	0.006993006993006993	0.02583856821144957	0.08336975524475525
MA0960.1	BHLH104	Basic helix-loop-helix factors (bHLH)	bHLH	cluster_07	0.5283028452757992	0.5076640505050064	0.001998001998001998	0.1998001998001998	0.02583856821144957	0.43958598219961853
MA1291.1	TCP7	TCP	NA	cluster_01	0.5281496177183757	0.5273912997549106	0.001998001998001998	0.000999000999000999	0.02583856821144957	0.024588314910895557
MA2348.1	IDD6	C2H2 zinc finger factors	IDD	cluster_08	0.5280924370722851	0.5209103972726561	0.000999000999000999	0.00999000999000999	0.0206010206010206	0.09772279003048234
MA2014.2	BAM8	Basic helix-loop-helix factors (bHLH)	BES/BZR	cluster_07	0.5280669129577957	0.5194500739191011	0.000999000999000999	0.011988011988011988	0.0206010206010206	0.11433566433566433
MA2393.1	PHYPA_008731	Basic helix-loop-helix factors (bHLH)	NA	cluster_07	0.5280227429804542	0.5279249767224057	0.002997002997002997	0.03296703296703297	0.03132483954401762	0.18771526980482203
MA0550.3	BZR1	Basic helix-loop-helix factors (bHLH)	BES/BZR	cluster_07	0.5279968873839613	0.5268410828139659	0.001998001998001998	0.000999000999000999	0.02583856821144957	0.024588314910895557
MA1059.3	SPL5	C3H(C),C2HC zinc fingers factors	SBP	cluster_28	0.5279757554060572	0.5287878753144113	0.001998001998001998	0.000999000999000999	0.02583856821144957	0.024588314910895557
MA2342.1	URI	Basic helix-loop-helix factors (bHLH)	bHLH	cluster_07	0.5276472567377863	0.5659914364406486	0.000999000999000999	0.04495504495504495	0.0206010206010206	0.22273181364090452
MA1021.2	PHYPADRAFT_48267	Basic helix-loop-helix factors (bHLH)	NA	cluster_07	0.5274821786986348	0.519673744968946	0.002997002997002997	0.07992007992007992	0.03132483954401762	0.2862864834695821
MA1382.2	FAR1	GCM domain factors	FRS/FRF	cluster_07	0.5274657703393221	0.5197957255781993	0.003996003996003996	0.013986013986013986	0.03673434998736204	0.11474546958417928
MA0974.3	CDF3	Other C4 zinc finger-type factors	DOF	cluster_03	0.5274177054484038	0.538506606431767	0.000999000999000999	0.025974025974025976	0.0206010206010206	0.16653934300993126
MA0943.2	ARF5	B3	ARF	cluster_15	0.527397485046018	0.52818287630143	0.002997002997002997	0.008991008991008992	0.03132483954401762	0.09527972027972029
MA1160.2	IDD6	C2H2 zinc finger factors	IDD	cluster_08	0.5273467682990487	0.5205980088611217	0.003996003996003996	0.008991008991008992	0.03673434998736204	0.09527972027972029
MA2406.1	PK03576.1	Basic helix-loop-helix factors (bHLH)	bHLH	cluster_07	0.5272377935894694	0.5258929454149379	0.001998001998001998	0.059940059940059943	0.02583856821144957	0.2458831491089556
MA2079.1	PK19717.1	TCP	NA	cluster_01	0.527223456992695	0.5271927831892529	0.000999000999000999	0.000999000999000999	0.0206010206010206	0.024588314910895557
MA2434.1	SPL16A	C3H(C),C2HC zinc-fingers like factors	SBP	cluster_38	0.5271805300728781	0.5137301582747217	0.001998001998001998	0.05194805194805195	0.02583856821144957	0.2393072044234835
MA2060.1	PK05451.1	Basic helix-loop-helix factors (bHLH)	bHLH	cluster_07	0.5271327966639652	0.5146983918581767	0.000999000999000999	0.04995004995004995	0.0206010206010206	0.2381993006993007
MA1062.3	TCP15	TCP	NA	cluster_01	0.5271091785710146	0.5258869505315522	0.002997002997002997	0.004995004995004995	0.03132483954401762	0.0747291923762512
MA2384.1	estExt_Genewise1.C_2060077	Basic leucine zipper factors (bZIP)	bZIP	cluster_07	0.5270942618807296	0.5370962549315303	0.003996003996003996	0.023976023976023976	0.03673434998736204	0.15907570690179387
MA1158.2	MGP	C2H2 zinc finger factors	IDD	cluster_08	0.5270345951195908	0.5232765550299893	0.003996003996003996	0.005994005994005994	0.03673434998736204	0.0775157046343487
MA1316.2	WRKY71	GCM domain factors	WRKY	cluster_10	0.5270121372136619	0.5232611445336021	0.002997002997002997	0.004995004995004995	0.03132483954401762	0.0747291923762512
MA0944.2	ARF8	B3	ARF	cluster_17	0.5268845995117268	0.5755207012030995	0.001998001998001998	0.001998001998001998	0.02583856821144957	0.0412020412020412
MA2389.1	GBF1	Basic leucine zipper factors (bZIP)	NA	cluster_07	0.5268286619231591	0.5290476919848042	0.004995004995004995	0.04495504495504495	0.042346542346542344	0.22273181364090452
MA1087.3	WRKY45	GCM domain factors	WRKY	cluster_10	0.5268252642325945	0.5275415295062081	0.000999000999000999	0.000999000999000999	0.0206010206010206	0.024588314910895557
MA1835.2	TFLG2-Zm00001d042777	Basic leucine zipper factors (bZIP)	Group D	cluster_28	0.5267337751988476	0.5260676247149195	0.001998001998001998	0.002997002997002997	0.02583856821144957	0.05197075651621106
MA1157.2	NUC	C2H2 zinc finger factors	IDD	cluster_08	0.5266842186389004	0.5230513665747053	0.002997002997002997	0.006993006993006993	0.03132483954401762	0.08336975524475525
MA0931.2	ABI5	Basic leucine zipper factors (bZIP)	Group A	cluster_07	0.5266170106621187	0.5323877391682202	0.005994005994005994	0.01898101898101898	0.04814133235185867	0.13535063067773348
MA2077.1	PK18474.1	Basic helix-loop-helix factors (bHLH)	bHLH	cluster_07	0.5264779539604643	0.5269465259461306	0.002997002997002997	0.055944055944055944	0.03132483954401762	0.24391608391608394
MA1074.2	UNE10	Basic helix-loop-helix factors (bHLH)	bHLH	cluster_07	0.5263872936317335	0.5265497873668609	0.006993006993006993	0.06393606393606394	0.050336455996833354	0.25540951195401457
MA0557.2	FHY3	GCM domain factors	FRS/FRF	cluster_07	0.526334090769718	0.5220915821922059	0.005994005994005994	0.015984015984015984	0.04814133235185867	0.12075053659212075
MA0577.4	SPL3	C3H(C),C2HC zinc fingers factors	SBP	cluster_28	0.5260914459410864	0.5333176246859567	0.001998001998001998	0.000999000999000999	0.02583856821144957	0.024588314910895557
MA0581.2	LEC2	B3	LAV	cluster_29	0.5260792639773532	0.5974881652410496	0.003996003996003996	0.001998001998001998	0.03673434998736204	0.0412020412020412
MA1304.2	WRKY59	GCM domain factors	WRKY	cluster_10	0.5260070837704751	0.5280013047873838	0.001998001998001998	0.001998001998001998	0.02583856821144957	0.0412020412020412
MA1286.2	TCP24	TCP	NA	cluster_01	0.5259988795908188	0.519788468866932	0.006993006993006993	0.015984015984015984	0.050336455996833354	0.12075053659212075
MA1057.2	SPL12	C3H(C),C2HC zinc fingers factors	SBP	cluster_28	0.5257712343229728	0.5391610519797797	0.004995004995004995	0.005994005994005994	0.042346542346542344	0.0775157046343487
MA1328.1	ZHD9	Homeo domain factors	PLINC	cluster_06	0.5257704884884588	0.512427160084285	0.004995004995004995	0.07492507492507493	0.042346542346542344	0.2722277722277722
MA2407.1	PK24978.1	Basic leucine zipper factors (bZIP)	Group A	cluster_07	0.5257356828777944	0.5422794447588465	0.003996003996003996	0.006993006993006993	0.03673434998736204	0.08336975524475525
MA2417.1	EREB71	AP2/EREBP	ERF/DREB	cluster_15	0.5255231200412365	0.5186839183350411	0.003996003996003996	0.014985014985014986	0.03673434998736204	0.11909965034965037
MA1807.2	ZHD10	Homeo domain factors	PLINC	cluster_09	0.5254016318859169	0.5995437660138017	0.001998001998001998	0.014985014985014986	0.02583856821144957	0.11909965034965037
MA1065.3	TCP20	TCP	NA	cluster_01	0.5252966349604122	0.5251009021128721	0.004995004995004995	0.002997002997002997	0.042346542346542344	0.05197075651621106
MA2067.1	PK09702.1	Basic helix-loop-helix factors (bHLH)	bHLH	cluster_07	0.5252305871706521	0.5127896657291237	0.003996003996003996	0.1048951048951049	0.03673434998736204	0.3280121517826436
MA2445.1	SPL4D	C3H(C),C2HC zinc-fingers like factors	SBP	cluster_38	0.525213681588331	0.5125633656117593	0.003996003996003996	0.06793206793206794	0.03673434998736204	0.26310745092470983
MA1689.2	ARF18	B3	ARF	cluster_17	0.5250381618659785	0.5235464995539103	0.004995004995004995	0.017982017982017984	0.042346542346542344	0.13066933066933067
MA1318.2	WRKY27	GCM domain factors	WRKY	cluster_10	0.5249920858670988	0.5167855253735971	0.002997002997002997	0.01998001998001998	0.03132483954401762	0.14115514115514116
MA2059.1	PK05432.1	GCM domain factors	WRKY	cluster_10	0.5249144362071165	0.5880015668774053	0.002997002997002997	0.012987012987012988	0.03132483954401762	0.11474546958417928
MA2080.1	PK20225.1	Basic helix-loop-helix factors (bHLH)	bHLH	cluster_07	0.5248960389557656	0.5640502440434084	0.002997002997002997	0.07392607392607392	0.03132483954401762	0.2711807423345885
MA2358.1	PK22320.1	C3H(C),C2HC zinc-fingers like factors	SBP	cluster_28	0.5248664541867006	0.5390546806016343	0.007992007992007992	0.012987012987012988	0.053490369279842964	0.11474546958417928
MA1315.2	WRKY24	GCM domain factors	WRKY	cluster_10	0.5247167071903421	0.5133073374061337	0.002997002997002997	0.06593406593406594	0.03132483954401762	0.2593180015860428
MA1303.2	WRKY22	GCM domain factors	WRKY	cluster_10	0.5245677060284963	0.5152761135125123	0.013986013986013986	0.04595404595404595	0.0741064491064491	0.22476241707010938
MA0564.2	ABI3	B3	LAV	cluster_29	0.524439919715058	0.5531210786800036	0.007992007992007992	0.01098901098901099	0.053490369279842964	0.10613437195715678
MA1322.3	SPL9	C3H(C),C2HC zinc fingers factors	SBP	cluster_28	0.5243388177031281	0.541679415311693	0.006993006993006993	0.003996003996003996	0.050336455996833354	0.06487129891385211
MA0940.1	AP1	MADS box factors	MIKC	cluster_23	0.5243247297178588	0.5196793134294586	0.008991008991008992	0.015984015984015984	0.05669537074495752	0.12075053659212075
MA1206.2	ARF2	B3	ARF	cluster_17	0.5243167741497072	0.5742223177298107	0.006993006993006993	0.004995004995004995	0.050336455996833354	0.0747291923762512
MA0964.3	BIM1	Basic helix-loop-helix factors (bHLH)	bHLH	cluster_07	0.5241487956430004	0.520717482843989	0.006993006993006993	0.03696303696303696	0.050336455996833354	0.20289782160285755
MA1675.2	NAC029	GCM domain factors	NAC	cluster_20	0.5241459780459473	0.5214851497547921	0.006993006993006993	0.027972027972027972	0.050336455996833354	0.1721182043762689
MA2452.1	SPL8A	C3H(C),C2HC zinc-fingers like factors	SBP	cluster_33	0.5240974988025219	0.5252824306160628	0.005994005994005994	0.002997002997002997	0.04814133235185867	0.05197075651621106
MA1276.2	DOF3.5	Other C4 zinc finger-type factors	DOF	cluster_03	0.5240447931635153	0.6226978571949138	0.004995004995004995	0.00999000999000999	0.042346542346542344	0.09772279003048234
MA1344.2	BZIP28	Basic leucine zipper factors (bZIP)	Group B	cluster_07	0.5239299346483222	0.5186697136094066	0.003996003996003996	0.022977022977022976	0.03673434998736204	0.15653096903096902
MA1287.2	TCP21	TCP	NA	cluster_01	0.5239262883462547	0.5264457956694792	0.007992007992007992	0.000999000999000999	0.053490369279842964	0.024588314910895557
MA2413.1	ZmbZIP96	Basic leucine zipper factors (bZIP)	D	cluster_07	0.5237933640617136	0.5171158515299814	0.004995004995004995	0.024975024975024976	0.042346542346542344	0.16287131671747057
MA1298.2	WRKY29	GCM domain factors	WRKY	cluster_10	0.5237834196015256	0.5193011887794121	0.006993006993006993	0.059940059940059943	0.050336455996833354	0.2458831491089556
MA1361.2	bHLH18	Basic helix-loop-helix factors (bHLH)	bHLH	cluster_07	0.5237621218826172	0.5125750446238049	0.002997002997002997	0.061938061938061936	0.03132483954401762	0.2513762832911769
MA1374.2	IDD7	C2H2 zinc finger factors	IDD	cluster_08	0.5236761023019773	0.5162326772888786	0.005994005994005994	0.022977022977022976	0.04814133235185867	0.15653096903096902
MA2057.1	PK01630.1	Basic helix-loop-helix factors (bHLH)	bHLH	cluster_07	0.5236568763456098	0.5238720152796937	0.008991008991008992	0.1018981018981019	0.05669537074495752	0.32576966601862867
MA2355.1	PK06791.1	C3H(C),C2HC zinc-fingers like factors	SBP	cluster_28	0.5235126816728571	0.5557835706423071	0.006993006993006993	0.003996003996003996	0.050336455996833354	0.06487129891385211
MA1816.2	O11	Basic helix-loop-helix factors (bHLH)	bHLH	cluster_07	0.5234653626164536	0.5639325778043273	0.01098901098901099	0.07092907092907093	0.06257175660160735	0.2679152530637679
MA1326.2	ZHD5	Homeo domain factors	PLINC	cluster_09	0.5232789868583955	0.5326947096144802	0.007992007992007992	0.12987012987012986	0.053490369279842964	0.36974219810040704
MA1285.2	TCP9	TCP	NA	cluster_01	0.5232041547954683	0.5244726889232705	0.007992007992007992	0.000999000999000999	0.053490369279842964	0.024588314910895557
MA1691.2	ARF27	B3	ARF	cluster_22	0.5226850539735577	0.5231145236081912	0.008991008991008992	0.013986013986013986	0.05669537074495752	0.11474546958417928
MA1314.2	WRKY14	GCM domain factors	WRKY	cluster_10	0.5225997802274291	0.5108217456174456	0.007992007992007992	0.0959040959040959	0.053490369279842964	0.31677413495595313
MA2450.1	SPL7A	C3H(C),C2HC zinc-fingers like factors	SBP	cluster_38	0.5225684551778336	0.508691965944682	0.01098901098901099	0.16083916083916083	0.06257175660160735	0.39715300880349425
MA1044.2	NAC92	GCM domain factors	NAC	cluster_20	0.5224358623753009	0.5149478038451976	0.013986013986013986	0.06793206793206794	0.0741064491064491	0.26310745092470983
MA1050.1	OsI_08196	TCP	NA	cluster_01	0.5224034600091814	0.5260740054438799	0.01998001998001998	0.005994005994005994	0.09020565233582985	0.0775157046343487
MA1063.2	TCP19	TCP	NA	cluster_01	0.5222911704795389	0.5257336576288646	0.008991008991008992	0.000999000999000999	0.05669537074495752	0.024588314910895557
MA1411.2	TSAR1	Basic helix-loop-helix factors (bHLH)	bHLH	cluster_07	0.5222590167249247	0.5173648680975297	0.005994005994005994	0.027972027972027972	0.04814133235185867	0.1721182043762689
MA1309.1	WRKY3	GCM domain factors	WRKY	cluster_10	0.5222509782862715	0.5143805087588629	0.008991008991008992	0.03796203796203796	0.05669537074495752	0.205425779893865
MA1425.2	HYH	Basic leucine zipper factors (bZIP)	Group H	cluster_07	0.5221468929362841	0.5389236189739515	0.012987012987012988	0.04895104895104895	0.07232913072329132	0.2363901920863946
MA2453.1	SPL8B	C3H(C),C2HC zinc-fingers like factors	SBP	cluster_33	0.5220503488019406	0.5216094478215527	0.007992007992007992	0.008991008991008992	0.053490369279842964	0.09527972027972029
MA1364.2	BHLH72	Basic helix-loop-helix factors (bHLH)	bHLH	cluster_07	0.5220500173199351	0.5123377250450314	0.013986013986013986	0.11988011988011989	0.0741064491064491	0.35452919173849406
MA0552.2	PIF1	Basic helix-loop-helix factors (bHLH)	bHLH	cluster_07	0.5219958200119003	0.5615824774376761	0.00999000999000999	0.14085914085914086	0.059549825174825176	0.3824468214712118
MA1426.2	MYB124	Tryptophan cluster factors	MYB	cluster_07	0.5219821463791396	0.5164295576452488	0.015984015984015984	0.057942057942057944	0.07868260771486578	0.24560994560994562
MA1332.2	BEH2	Basic helix-loop-helix factors (bHLH)	BES/BZR	cluster_07	0.5218551887707154	0.5232258084854439	0.00999000999000999	0.002997002997002997	0.059549825174825176	0.05197075651621106
MA1011.2	PHYPADRAFT_72483	Basic helix-loop-helix factors (bHLH)	NA	cluster_07	0.5218522054326584	0.5617924366973782	0.00999000999000999	0.1088911088911089	0.059549825174825176	0.335015790660952
MA1329.3	ZHD1	Homeo domain factors	PLINC	cluster_09	0.5218310734547554	0.5301835444430745	0.014985014985014986	0.028971028971028972	0.07571898300375123	0.1740542921645284
MA1301.2	WRKY33	GCM domain factors	WRKY	cluster_10	0.5218235322391103	0.512200948049608	0.006993006993006993	0.08591408591408592	0.050336455996833354	0.299326244531724
MA1306.2	WRKY11	GCM domain factors	WRKY	cluster_10	0.5218111845343754	0.5144517508397525	0.01098901098901099	0.03896103896103896	0.06257175660160735	0.20643939393939392
MA0569.2	MYC4	Basic helix-loop-helix factors (bHLH)	bHLH	cluster_07	0.5218086155488265	0.5227582064116837	0.017982017982017984	0.11588411588411589	0.08521912869738957	0.34836647727272724
MA1370.2	IDD5	C2H2 zinc finger factors	IDD	cluster_08	0.5217485344351815	0.5165840790370769	0.017982017982017984	0.03596403596403597	0.08521912869738957	0.2002960543106529
MA0977.1	DOF2.5	Other C4 zinc finger-type factors	DOF	cluster_03	0.5217182867021021	0.5605570868955458	0.006993006993006993	0.016983016983016984	0.050336455996833354	0.1258062326023491
MA1159.2	SGR5	C2H2 zinc finger factors	IDD	cluster_08	0.5216916024005925	0.5078863132909359	0.014985014985014986	0.15084915084915085	0.07571898300375123	0.3901014810105719
MA1313.2	WRKY7	GCM domain factors	WRKY	cluster_10	0.5216152786686377	0.5148929846945798	0.012987012987012988	0.04495504495504495	0.07232913072329132	0.22273181364090452
MA2015.2	NAC002	GCM domain factors	NAC	cluster_20	0.5215328225195621	0.5181053365055807	0.017982017982017984	0.05194805194805195	0.08521912869738957	0.2393072044234835
MA1794.2	NLP7	RWP-RK	NA	cluster_10	0.5214793710460414	0.5238781226477086	0.00999000999000999	0.4115884115884116	0.059549825174825176	0.6370019432899757
MA1288.2	TCP22	TCP	NA	cluster_01	0.5214791224345372	0.5276505783060741	0.00999000999000999	0.002997002997002997	0.059549825174825176	0.05197075651621106
MA0956.2	BEE2	Basic helix-loop-helix factors (bHLH)	bHLH	cluster_07	0.52145782471563	0.5619217089047338	0.01098901098901099	0.1108891108891109	0.06257175660160735	0.33708522553144066
MA2376.1	CAMTA5	GCM domain factors	CAMTA	cluster_07	0.5214506978524927	0.521906459359616	0.014985014985014986	0.012987012987012988	0.07571898300375123	0.11474546958417928
MA2364.1	VIT_15s0048g01150	TCP	NA	cluster_01	0.5214327978241527	0.5228698141503211	0.01098901098901099	0.005994005994005994	0.06257175660160735	0.0775157046343487
MA1085.3	WRKY40	GCM domain factors	WRKY	cluster_10	0.5213789319981238	0.6771994426643687	0.008991008991008992	0.013986013986013986	0.05669537074495752	0.11474546958417928
MA2368.1	WRKY51	GCM domain factors	WRKY	cluster_10	0.521317027733442	0.6293041063411838	0.008991008991008992	0.03396603396603397	0.05669537074495752	0.19055944055944057
MA1094.3	WRKY8	GCM domain factors	WRKY	cluster_10	0.5212917522304604	0.5173273870668246	0.01998001998001998	0.023976023976023976	0.09020565233582985	0.15907570690179387
MA1740.2	BHLH49	Basic helix-loop-helix factors (bHLH)	bHLH	cluster_07	0.5211185528821533	0.5222834687650268	0.01998001998001998	0.13986013986013987	0.09020565233582985	0.3824468214712118
MA0948.2	ARR18	Tryptophan cluster factors	GARP_ARR-B	cluster_13	0.5210920343216469	0.5348700019738015	0.014985014985014986	0.007992007992007992	0.07571898300375123	0.08837539272321882
MA1302.2	WRKY65	GCM domain factors	WRKY	cluster_10	0.5209935012952664	0.5095835342072043	0.00999000999000999	0.14385614385614387	0.059549825174825176	0.3824468214712118
MA1360.3	bHLH74	Basic helix-loop-helix factors (bHLH)	bHLH	cluster_07	0.5209644137492108	0.5617800812845709	0.007992007992007992	0.12487512487512488	0.053490369279842964	0.3595461142630954
MA2423.1	OsbZIP69	Basic leucine zipper factors (bZIP)	Group A	cluster_14	0.5209043326355635	0.5158776781783326	0.01898101898101898	0.03196803196803197	0.08830803342998464	0.18478491205763933
MA2438.1	SPL1D	C3H(C),C2HC zinc-fingers like factors	SBP	cluster_38	0.5207747231710891	0.5128362064295644	0.015984015984015984	0.053946053946053944	0.07868260771486578	0.2393072044234835
MA1296.2	WRKY46	GCM domain factors	WRKY	cluster_10	0.5207583976822776	0.5116060091325747	0.014985014985014986	0.1028971028971029	0.07571898300375123	0.32576966601862867
MA1305.2	WRKY55	GCM domain factors	WRKY	cluster_10	0.5207477902580752	0.5137668625474054	0.013986013986013986	0.12287712287712288	0.0741064491064491	0.3551335028607756
MA1428.2	TCP8	TCP	NA	cluster_01	0.5207042832447452	0.521416056030188	0.02197802197802198	0.007992007992007992	0.09637488947833776	0.08837539272321882
MA0561.1	PIF4	Basic helix-loop-helix factors (bHLH)	bHLH	cluster_07	0.5206656655910074	0.5166794135072457	0.015984015984015984	0.22277722277722278	0.07868260771486578	0.46826176578242695
MA2362.1	TEIL	EIL	NA	cluster_26	0.520611468282973	0.5164656879353348	0.023976023976023976	0.20679320679320679	0.10163170163170163	0.4444597655865261
MA1096.1	ARALYDRAFT_496250	TCP	NA	cluster_01	0.5205081287675002	0.5126297193259265	0.02097902097902098	0.11688311688311688	0.0930639128313547	0.34836647727272724
MA0570.3	ABF1	Basic leucine zipper factors (bZIP)	Group A	cluster_07	0.5204864166960841	0.5138363190817148	0.015984015984015984	0.08291708291708291	0.07868260771486578	0.29425922914295005
MA1091.1	WRKY62	GCM domain factors	WRKY	cluster_10	0.520430810589524	0.5182804935938919	0.012987012987012988	0.0959040959040959	0.07232913072329132	0.31677413495595313
MA1009.1	ARF3	B3	ARF	cluster_15	0.5203521664835237	0.5158411343525774	0.013986013986013986	0.06993006993006994	0.0741064491064491	0.2667832167832168
MA1694.2	ARF35	B3	ARF	cluster_17	0.5202305954577017	0.5163526892402098	0.013986013986013986	0.024975024975024976	0.0741064491064491	0.16287131671747057
MA1289.2	TCP3	TCP	NA	cluster_01	0.5201849338113304	0.513485134313909	0.023976023976023976	0.07392607392607392	0.10163170163170163	0.2711807423345885
MA2092.1	PK27149.1	Basic leucine zipper factors (bZIP)	Group S	cluster_07	0.5201681110995097	0.5234697803015061	0.00999000999000999	0.012987012987012988	0.059549825174825176	0.11474546958417928
MA2449.1	SPL6A	C3H(C),C2HC zinc-fingers like factors	SBP	cluster_38	0.5200942734825985	0.5052087375254628	0.026973026973026972	0.28471528471528473	0.10718968531468531	0.5285590322086673
MA0549.2	BZR2	Basic helix-loop-helix factors (bHLH)	BES/BZR	cluster_07	0.5200637771380173	0.5146889295722674	0.02097902097902098	0.053946053946053944	0.0930639128313547	0.2393072044234835
MA1338.3	DPBF3	Basic leucine zipper factors (bZIP)	Group A	cluster_07	0.5199569570614789	0.5123874957433938	0.01898101898101898	0.07092907092907093	0.08830803342998464	0.2679152530637679
MA1061.2	SPT	Basic helix-loop-helix factors (bHLH)	bHLH	cluster_07	0.5198875944516544	0.5244660850414274	0.016983016983016984	0.15384615384615385	0.08253529909580865	0.39114832535885163
MA1371.2	IDD4	C2H2 zinc finger factors	IDD	cluster_08	0.5198515457834662	0.5142450652191357	0.026973026973026972	0.04495504495504495	0.10718968531468531	0.22273181364090452
MA2377.1	cassava45561.m1	TCP	NA	cluster_01	0.5198088674751519	0.5235932854893854	0.016983016983016984	0.002997002997002997	0.08253529909580865	0.05197075651621106
MA1308.2	WRKY70	GCM domain factors	WRKY	cluster_10	0.5197713271379343	0.5103501595490134	0.017982017982017984	0.13386613386613386	0.08521912869738957	0.3741386818309895
MA2400.1	LjTCP20	TCP	NA	cluster_01	0.5196822413487338	0.5095970489074791	0.026973026973026972	0.1838161838161838	0.10718968531468531	0.42861393925223706
MA1284.2	TCP1	TCP	NA	cluster_01	0.5195948129695644	0.5217201491926892	0.01998001998001998	0.005994005994005994	0.09020565233582985	0.0775157046343487
MA1828.2	Zm00001d038683	TCP	NA	cluster_01	0.5195855314733878	0.5151440739687261	0.025974025974025976	0.1028971028971029	0.10654936461388076	0.32576966601862867
MA2064.1	PK07858.1	Basic helix-loop-helix factors (bHLH)	bHLH	cluster_07	0.5195300911078294	0.5210858050605798	0.027972027972027972	0.19480519480519481	0.10944952483414022	0.4394076511723571
MA1275.2	DOF1.6	Other C4 zinc finger-type factors	DOF	cluster_03	0.5194479664407619	0.5485577386230577	0.01898101898101898	0.14385614385614387	0.08830803342998464	0.3824468214712118
MA2349.1	OsCCA1	Tryptophan cluster factors	MYB-related	cluster_13	0.5193631899176433	0.6272564626304135	0.03296703296703297	0.01898101898101898	0.12330316742081449	0.13535063067773348
MA1299.2	WRKY17	GCM domain factors	WRKY	cluster_10	0.5192781647830199	0.51564417484201	0.013986013986013986	0.03196803196803197	0.0741064491064491	0.18478491205763933
MA0980.3	RAP2-10	AP2/EREBP	ERF/DREB	cluster_15	0.5192766731139916	0.5186911000584444	0.022977022977022976	0.06493506493506493	0.09904784481055667	0.256712199717381
MA1327.3	ATHB-23	Homeo domain factors	HD-ZIP	cluster_09	0.5192333318416644	0.6710566332904765	0.006993006993006993	0.006993006993006993	0.050336455996833354	0.08336975524475525
MA1363.1	LRL2	Basic helix-loop-helix factors (bHLH)	bHLH	cluster_07	0.5192264535900334	0.5082125391076653	0.026973026973026972	0.15984015984015984	0.10718968531468531	0.39715300880349425
MA2437.1	SPL19B	C3H(C),C2HC zinc-fingers like factors	SBP	cluster_38	0.5192135257917855	0.509391878084103	0.024975024975024976	0.13886113886113885	0.10470298931837395	0.38111888111888104
MA2390.1	GLYMA19G26560	Basic leucine zipper factors (bZIP)	NA	cluster_01	0.5191228654630552	0.5202261295766692	0.023976023976023976	0.017982017982017984	0.10163170163170163	0.13066933066933067
MA2375.1	BMY2	Basic helix-loop-helix factors (bHLH)	BES/BZR	cluster_07	0.5189723726321832	0.5179489076528215	0.026973026973026972	0.014985014985014986	0.10718968531468531	0.11909965034965037
MA1330.2	ZHD6	Homeo domain factors	PLINC	cluster_09	0.5189404674890735	0.5060678971608723	0.025974025974025976	0.26073926073926074	0.10654936461388076	0.503655837833053
MA1035.1	TCP4	TCP	NA	cluster_01	0.5189402188775687	0.5083174916034975	0.025974025974025976	0.1998001998001998	0.10654936461388076	0.43958598219961853
MA1659.2	ABF4	Basic leucine zipper factors (bZIP)	Group A	cluster_07	0.5189306887698867	0.5254588184162722	0.022977022977022976	0.03796203796203796	0.09904784481055667	0.205425779893865
MA1054.2	ARALYDRAFT_897773	TCP	NA	cluster_01	0.5189016840943318	0.5086895003242609	0.024975024975024976	0.14385614385614387	0.10470298931837395	0.3824468214712118
MA1019.2	Glyma19g26560.1	TCP	NA	cluster_01	0.5188122668231264	0.519658187271446	0.02197802197802198	0.007992007992007992	0.09637488947833776	0.08837539272321882
MA1268.2	CDF5	Other C4 zinc finger-type factors	DOF	cluster_08	0.5187666880472537	0.5272201397504882	0.03296703296703297	0.001998001998001998	0.12330316742081449	0.0412020412020412
MA0559.1	PI	MADS box factors	MIKC	cluster_23	0.5187643676732104	0.5200069839583167	0.01998001998001998	0.007992007992007992	0.09020565233582985	0.08837539272321882
MA1084.1	WRKY38	GCM domain factors	WRKY	cluster_10	0.5187243412209476	0.5160786915131212	0.030969030969030968	0.13086913086913088	0.11874055592648557	0.37120128941690284
MA0959.1	AIB	Basic helix-loop-helix factors (bHLH)	bHLH	cluster_07	0.5187131537032336	0.5103967724261087	0.03596403596403597	0.15484515484515485	0.12882891756131193	0.39114832535885163
MA2422.1	OsbZIP42	Basic leucine zipper factors (bZIP)	Group A	cluster_07	0.5184488796736887	0.5167861384217763	0.03896103896103896	0.05094905094905095	0.1357409713574097	0.2393072044234835
MA1692.2	ARF29	B3	ARF	cluster_15	0.5184139083220216	0.5236599306549663	0.03796203796203796	0.023976023976023976	0.1340973840973841	0.15907570690179387
MA2353.1	PK02532.1	Tryptophan cluster factors	MYB-related	cluster_13	0.5184044610848413	0.5945691970728646	0.029970029970029972	0.057942057942057944	0.11607681658443081	0.24560994560994562
MA0566.1	MYC2	Basic helix-loop-helix factors (bHLH)	bHLH	cluster_07	0.5183960911641808	0.5089404525811423	0.026973026973026972	0.15484515484515485	0.10718968531468531	0.39114832535885163
MA1672.2	GBF2	Basic leucine zipper factors (bZIP)	Group G	cluster_07	0.5183399049641089	0.5211425168106871	0.027972027972027972	0.013986013986013986	0.10944952483414022	0.11474546958417928
MA1331.2	BEH4	Basic helix-loop-helix factors (bHLH)	BES/BZR	cluster_07	0.5183338554174934	0.5194893331802924	0.014985014985014986	0.00999000999000999	0.07571898300375123	0.09772279003048234
MA1359.3	BPE	Basic helix-loop-helix factors (bHLH)	bHLH	cluster_07	0.5183258169788397	0.5606389213904253	0.03396603396603397	0.14185814185814186	0.12459655728886498	0.3824468214712118
MA1280.2	DOF5.4	Other C4 zinc finger-type factors	DOF	cluster_03	0.5182081408665934	0.6764817783245393	0.014985014985014986	0.015984015984015984	0.07571898300375123	0.12075053659212075
MA2061.1	PK06517.1	Basic helix-loop-helix factors (bHLH)	bHLH	cluster_07	0.518093448092404	0.5202676261040491	0.03796203796203796	0.21078921078921078	0.1340973840973841	0.4505102740396858
MA1227.3	ERF027	AP2/EREBP	ERF/DREB	cluster_15	0.5180931994808993	0.5259393697335375	0.03196803196803197	0.056943056943056944	0.12135128553039	0.2454663980087709
MA2433.1	SPL15D	C3H(C),C2HC zinc-fingers like factors	SBP	cluster_38	0.5179234806936597	0.5124706060891924	0.03496503496503497	0.06393606393606394	0.12643754349915487	0.25540951195401457
MA1321.2	SPL13A	C3H(C),C2HC zinc fingers factors	SBP	cluster_28	0.517911713082435	0.51927688922286	0.02097902097902098	0.013986013986013986	0.0930639128313547	0.11474546958417928
MA0580.1	DYT1	Basic helix-loop-helix factors (bHLH)	bHLH	cluster_07	0.5178072962504416	0.5089875499003006	0.03396603396603397	0.14185814185814186	0.12459655728886498	0.3824468214712118
MA0568.2	MYC3	Basic helix-loop-helix factors (bHLH)	bHLH	cluster_07	0.517801412444829	0.5608890171751509	0.030969030969030968	0.13586413586413587	0.11874055592648557	0.3783369914756777
MA1086.2	WRKY43	GCM domain factors	WRKY	cluster_10	0.5177904735386202	0.6144575014706416	0.03196803196803197	0.052947052947052944	0.12135128553039	0.2393072044234835
MA1089.2	WRKY57	GCM domain factors	WRKY	cluster_10	0.5177168845332154	0.6761529426522918	0.01098901098901099	0.00999000999000999	0.06257175660160735	0.09772279003048234
MA1079.3	WRKY21	GCM domain factors	WRKY	cluster_10	0.5176520798009784	0.5154392003131266	0.022977022977022976	0.03196803196803197	0.09904784481055667	0.18478491205763933
MA1300.2	WRKY6	GCM domain factors	WRKY	cluster_10	0.5176000371259845	0.5228695984043928	0.027972027972027972	0.04995004995004995	0.10944952483414022	0.2381993006993007
MA1045.2	NAC043	GCM domain factors	NAC	cluster_32	0.5175648171628126	0.5268349011156561	0.029970029970029972	0.012987012987012988	0.11607681658443081	0.11474546958417928
MA1048.1	ERF018	AP2/EREBP	ERF/DREB	cluster_15	0.5175644856808062	0.5215626222939653	0.04395604395604396	0.03896103896103896	0.14645616392341285	0.20643939393939392
MA1081.3	WRKY25	GCM domain factors	WRKY	cluster_10	0.517233500897488	0.5112742987859953	0.03396603396603397	0.16683316683316685	0.12459655728886498	0.40668915748787954
MA0968.3	BZIP68	Basic leucine zipper factors (bZIP)	Group G	cluster_07	0.5171535308634603	0.516255445250954	0.03696303696303696	0.04395604395604396	0.13178877197568786	0.22273181364090452
MA1060.2	SPL7	C3H(C),C2HC zinc fingers factors	SBP	cluster_28	0.5171290011949924	0.5443300171418829	0.03396603396603397	0.005994005994005994	0.12459655728886498	0.0775157046343487
MA0957.1	BHLH3	Basic helix-loop-helix factors (bHLH)	bHLH	cluster_07	0.5170893890952365	0.5084476554729559	0.03496503496503497	0.1838161838161838	0.12643754349915487	0.42861393925223706
MA0560.2	PIF3	Basic helix-loop-helix factors (bHLH)	bHLH	cluster_07	0.5170751353689644	0.5189645444803351	0.03596403596403597	0.3336663336663337	0.12882891756131193	0.569546784311885
MA1799.2	SPL10	C3H(C),C2HC zinc fingers factors	SBP	cluster_28	0.5167524376358043	0.5348401590612065	0.04895104895104895	0.029970029970029972	0.1602989285392719	0.17864947552447555
MA2086.1	PK23964.1	Basic leucine zipper factors (bZIP)	Group G	cluster_07	0.5167198695286819	0.5266288358348541	0.04395604395604396	0.04695304695304695	0.14645616392341285	0.22818582691194153
MA1093.2	WRKY75	GCM domain factors	WRKY	cluster_10	0.5166809203929387	0.5306593182665696	0.04095904095904096	0.22877122877122877	0.1407736407736408	0.47382347382347384
MA2424.1	OsbZIP77	Basic leucine zipper factors (bZIP)	Group A	cluster_14	0.5166319439265037	0.510018897570853	0.04395604395604396	0.1258741258741259	0.14645616392341285	0.35970770802231483
MA2075.1	PK18009.1	Basic leucine zipper factors (bZIP)	Group A	cluster_07	0.5165948179417951	0.548550851584606	0.04595404595404595	0.03996003996003996	0.15244755244755245	0.2102724861345551
MA1367.2	AT1G76870	Tryptophan cluster factors	Trihelix	cluster_18	0.5165832989420749	0.5191914505239797	0.03896103896103896	0.052947052947052944	0.1357409713574097	0.2393072044234835
MA1092.2	WRKY63	GCM domain factors	WRKY	cluster_10	0.5165517252809725	0.5712365769414226	0.04195804195804196	0.3116883116883117	0.14291958041958042	0.5505050505050505
MA2380.1	DOF4.7	Other C4 zinc finger-type factors	DOF	cluster_03	0.5165281071880218	0.5379345617927259	0.04695304695304695	0.14885114885114886	0.1544188570050639	0.3863041720184578
MA1077.2	WRKY18	GCM domain factors	WRKY	cluster_10	0.5163728907385584	0.6276215793851526	0.025974025974025976	0.054945054945054944	0.10654936461388076	0.2409372236958444
MA1295.2	WRKY20	GCM domain factors	WRKY	cluster_10	0.5163221739915903	0.5148939672211283	0.04395604395604396	0.12287712287712288	0.14645616392341285	0.3551335028607756
MA1392.3	MYB98	Tryptophan cluster factors	MYB	cluster_11	0.5162879484744367	0.51663387123454	0.05194805194805195	0.07192807192807193	0.16866537717601549	0.26902509255450435
MA1333.2	BEH3	Basic helix-loop-helix factors (bHLH)	BES/BZR	cluster_07	0.5161122630110836	0.5138025938259634	0.03996003996003996	0.05094905094905095	0.13796158592538685	0.2393072044234835
MA2454.1	SPL8D1	C3H(C),C2HC zinc-fingers like factors	SBP	cluster_33	0.5160119068336673	0.5101289455753102	0.03996003996003996	0.14785214785214784	0.13796158592538685	0.3863041720184578
MA2089.1	PK25870.1	GCM domain factors	WRKY	cluster_10	0.5159764382589904	0.5646865891208549	0.03896103896103896	0.19880119880119881	0.1357409713574097	0.43958598219961853
MA1297.2	WRKY26	GCM domain factors	WRKY	cluster_10	0.5159433729288586	0.509798915090266	0.04195804195804196	0.1258741258741259	0.14291958041958042	0.35970770802231483
MA1307.3	WRKY31	GCM domain factors	WRKY	cluster_10	0.5159220752099527	0.5100981439914744	0.04295704295704296	0.1918081918081918	0.14567210567210567	0.436864627909404
MA1083.3	WRKY30	GCM domain factors	WRKY	cluster_10	0.5158925733113888	0.509409217266243	0.03296703296703297	0.1848151848151848	0.12330316742081449	0.42861393925223706
MA2369.1	ZHD14	Homeo domain factors	PLINC	cluster_04	0.5157239318406706	0.5185672640614742	0.04995004995004995	0.015984015984015984	0.16287131671747057	0.12075053659212075
MA1830.2	Zm00001d015407	Tryptophan cluster factors	GARP_G2-like	cluster_04	0.5156807563093476	0.5103819961440357	0.055944055944055944	0.1018981018981019	0.17711748832080781	0.32576966601862867
MA0958.1	BHLH13	Basic helix-loop-helix factors (bHLH)	bHLH	cluster_07	0.5156617789644831	0.5065249788433244	0.04695304695304695	0.2547452547452547	0.1544188570050639	0.49966742768799316
MA2436.1	SPL18A	C3H(C),C2HC zinc-fingers like factors	SBP	cluster_38	0.5153410701233603	0.5080639156123885	0.03496503496503497	0.13686313686313686	0.12643754349915487	0.3783571500962805
MA1372.2	ZAT10	C2H2 zinc finger factors	C2H2	cluster_35	0.5153376724327947	0.5149107451151576	0.056943056943056944	0.057942057942057944	0.17879651212984546	0.24560994560994562
MA1274.1	DOF3.6	Other C4 zinc finger-type factors	DOF	cluster_08	0.5152865413333185	0.5226502673293375	0.052947052947052944	0.005994005994005994	0.17118051440085338	0.0775157046343487
MA2372.1	AZF1	C2H2 zinc finger factors	NA	cluster_19	0.5151628156744575	0.5143234393408664	0.054945054945054944	0.07192807192807193	0.17467948717948717	0.26902509255450435
MA0558.2	FLC	MADS box factors	Type II	cluster_23	0.5151418494375575	0.5123193229565459	0.06793206793206794	0.08491508491508491	0.20650266068592762	0.2972027972027972
MA2435.1	SPL16D	C3H(C),C2HC zinc-fingers like factors	SBP	cluster_38	0.5151164081935726	0.5071224569981669	0.06893106893106893	0.21878121878121878	0.2087079587079587	0.46241016601127405
MA1033.1	OJ1058_F05.8	Basic leucine zipper factors (bZIP)	Group A	cluster_07	0.5150098367285377	0.5272558874770285	0.06293706293706294	0.10589410589410589	0.19363297992330253	0.32844391380976745
MA0554.2	SOC1	MADS box factors	Type II	cluster_23	0.5149451977373045	0.5117596379502354	0.056943056943056944	0.08791208791208792	0.17879651212984546	0.30351548903585107
MA1381.2	AT3G46070	C2H2 zinc finger factors	C2H2	cluster_19	0.5149020222059796	0.5341345732059813	0.07092907092907093	0.15884115884115885	0.21306646109795715	0.39715300880349425
MA1743.2	BZIP2	Basic leucine zipper factors (bZIP)	Group S	cluster_14	0.5148683767823392	0.5106995731020482	0.061938061938061936	0.0969030969030969	0.19133093627020753	0.31869423679768505
MA2440.1	SPL2B	C3H(C),C2HC zinc-fingers like factors	SBP	cluster_38	0.514750120576581	0.5054929209681661	0.053946053946053944	0.24775224775224775	0.17294470235646706	0.4948559294109032
MA1176.2	MYB119	Tryptophan cluster factors	MYB	cluster_11	0.5146357592843971	0.5071963308644163	0.06993006993006994	0.2017982017982018	0.2108958235440449	0.43958598219961853
MA2414.1	EREB127	AP2/EREBP	ERF/DREB	cluster_15	0.5146178592560555	0.5115200423982346	0.061938061938061936	0.18681318681318682	0.19133093627020753	0.43162861235150396
MA1090.2	WRKY60	GCM domain factors	WRKY	cluster_10	0.514580567530343	0.5357566219631555	0.057942057942057944	0.15984015984015984	0.1811876647942222	0.39715300880349425
MA0128.1	EmBP-1	Basic leucine zipper factors (bZIP)	Group G	cluster_07	0.5145214808627151	0.5217256627557597	0.06693306693306693	0.13186813186813187	0.20427972027972027	0.37264957264957266
MA2361.1	PRUPE_ppa000682mg	C3H(C),C2HC zinc-fingers like factors	SBP	cluster_28	0.514447311763799	0.5526164637239859	0.058941058941058944	0.013986013986013986	0.18355929784501215	0.11474546958417928
MA1037.2	MYB24	Tryptophan cluster factors	MYB	cluster_02	0.5143371768671964	0.545109693851871	0.054945054945054944	0.059940059940059943	0.17467948717948717	0.2458831491089556
MA1430.2	TB1	TCP	NA	cluster_01	0.514248091077996	0.5145280471446845	0.07992007992007992	0.04495504495504495	0.22838584636337447	0.22273181364090452
MA2441.1	SPL3A	C3H(C),C2HC zinc-fingers like factors	SBP	cluster_38	0.5142445276464293	0.5077517968102736	0.07992007992007992	0.17482517482517482	0.22838584636337447	0.4166268514094601
MA1795.2	RAP2-4	AP2/EREBP	ERF/DREB	cluster_15	0.5141695298424961	0.5151181126060397	0.07292707292707293	0.052947052947052944	0.2182092417386535	0.2393072044234835
MA0555.2	SVP	MADS box factors	Type II	cluster_23	0.5141492265696085	0.5115424084212515	0.07492507492507493	0.0919080919080919	0.21903383972349488	0.31306193806193805
MA1697.2	ARF4	B3	ARF	cluster_17	0.5139926841921203	0.5128402101929981	0.07492507492507493	0.20279720279720279	0.21903383972349488	0.43958598219961853
MA2432.1	SPL15B	C3H(C),C2HC zinc-fingers like factors	SBP	cluster_52	0.5139468568047454	0.6196713754369968	0.07392607392607392	0.059940059940059943	0.21903383972349488	0.2458831491089556
MA2351.1	OsEIL3	Other all-alpha-helical DNA-binding domains	EIL	cluster_26	0.5138849525400637	0.5251277339840912	0.06693306693306693	0.053946053946053944	0.20427972027972027	0.2393072044234835
MA1067.1	TCP5	TCP	NA	cluster_01	0.5138480751668598	0.5074632198692556	0.07492507492507493	0.19080919080919082	0.21903383972349488	0.436864627909404
MA2439.1	SPL2A	C3H(C),C2HC zinc-fingers like factors	SBP	cluster_38	0.5138460862748189	0.5064695800017784	0.07692307692307693	0.23676323676323677	0.22231934731934733	0.48302232526831457
MA1378.1	AIL6	AP2/EREBP	AP2	cluster_31	0.5138043195420229	0.5120835660775207	0.0919080919080919	0.0959040959040959	0.2531620004544192	0.31677413495595313
MA1349.2	BZIP16	Basic leucine zipper factors (bZIP)	Group G	cluster_07	0.5137507851980022	0.5103862143295917	0.08591408591408592	0.12187812187812187	0.24278684278684282	0.3551335028607756
MA2033.2	NAC038	GCM domain factors	NAC	cluster_16	0.513747718989443	0.5162517889048641	0.08191808191808192	0.027972027972027972	0.23235500558920633	0.1721182043762689
MA1290.1	TCP17	TCP	NA	cluster_01	0.5136455396609927	0.5169432335533649	0.07992007992007992	0.027972027972027972	0.22838584636337447	0.1721182043762689
MA1278.2	DOF3.4	Other C4 zinc finger-type factors	DOF	cluster_08	0.5134824505138795	0.5104336545985001	0.07692307692307693	0.11288711288711288	0.22231934731934733	0.3417970917970918
MA1669.2	DREB1B	AP2/EREBP	ERF/DREB	cluster_15	0.5134123420695422	0.5131400129603596	0.07392607392607392	0.07292707292707293	0.21903383972349488	0.2701133817638672
MA1012.1	AGL27	MADS box factors	MIKC	cluster_23	0.5132651640587329	0.5111475878675963	0.07492507492507493	0.0919080919080919	0.21903383972349488	0.31306193806193805
MA0953.2	ATHB-6	Homeo domain factors	HD-ZIP	cluster_09	0.5129483501311839	0.6253353145236867	0.07692307692307693	0.061938061938061936	0.22231934731934733	0.2513762832911769
MA2374.1	AHL13	A.T hook factors	AHL	cluster_09	0.5129359195559469	0.5969269287122209	0.08691308691308691	0.1018981018981019	0.24380399012751955	0.32576966601862867
MA1804.2	WIN1	AP2/EREBP	ERF/DREB	cluster_30	0.5129202570311481	0.5152672965042449	0.0899100899100899	0.3106893106893107	0.24945963127781307	0.5505050505050505
MA0548.3	AGL15	MADS box factors	Type II	cluster_23	0.5128833796579428	0.5128714854668491	0.08691308691308691	0.053946053946053944	0.24380399012751955	0.2393072044234835
MA2399.1	LjSGA_053525.1	TCP	NA	cluster_01	0.5128126911200942	0.5146662716863666	0.09090909090909091	0.059940059940059943	0.2513175230566535	0.2458831491089556
MA1688.2	ARF16	B3	ARF	cluster_17	0.5128044869404379	0.5079121730542334	0.08091908091908091	0.2017982017982018	0.23037783112409976	0.43958598219961853
MA2444.1	SPL4A	C3H(C),C2HC zinc-fingers like factors	SBP	cluster_38	0.5127857582070813	0.5059743463879017	0.09490509490509491	0.25274725274725274	0.2586163836163836	0.49702616970658203
MA0963.1	bHLH78	Basic helix-loop-helix factors (bHLH)	bHLH	cluster_07	0.5127272516329633	0.5019432221368546	0.053946053946053944	0.47052947052947053	0.17294470235646706	0.6802612481857765
MA1078.2	WRKY2	GCM domain factors	WRKY	cluster_10	0.5126805955405724	0.5342141236511214	0.0989010989010989	0.22777222777222778	0.2638515330823023	0.47382347382347384
MA1792.1	NAC098	GCM domain factors	NAC	cluster_16	0.5126453755773992	0.5123180233939137	0.0979020979020979	0.08391608391608392	0.2621028094712305	0.2950597789307467
MA1282.2	TCP13	TCP	NA	cluster_01	0.5126185255348881	0.5168114761695903	0.0979020979020979	0.03396603396603397	0.2621028094712305	0.19055944055944057
MA2078.1	PK19363.1	AP2/EREBP	ERF/DREB	cluster_24	0.5125378096663463	0.5080736220303378	0.1038961038961039	0.2177822177822178	0.27335423197492165	0.4615773115773116
MA2431.1	SPL15A	C3H(C),C2HC zinc-fingers like factors	SBP	cluster_38	0.5124875901423874	0.504185818820869	0.08891108891108891	0.3256743256743257	0.24758817824511256	0.5647488874761603
MA1312.2	WRKY47	GCM domain factors	WRKY	cluster_10	0.512458502596333	0.5043331992106466	0.0939060939060939	0.4035964035964036	0.2568112890693536	0.6336297447408559
MA2066.1	PK09021.1	Basic leucine zipper factors (bZIP)	Group D	cluster_14	0.5124240284676745	0.5073255995414071	0.1068931068931069	0.33666333666333664	0.27647267986251034	0.5721027302319062
MA2071.1	PK15505.1	Basic helix-loop-helix factors (bHLH)	bHLH	cluster_07	0.5123772895047826	0.5108507630560061	0.1008991008991009	0.15584415584415584	0.26731254856254855	0.39114832535885163
MA1805.2	WRKY53	GCM domain factors	WRKY	cluster_10	0.5123763779292653	0.5280736742911936	0.0999000999000999	0.3116883116883117	0.26558807046611926	0.5505050505050505
MA1041.1	MYB55	Tryptophan cluster factors	Myb	cluster_02	0.5123069324489393	0.5162472997390919	0.0959040959040959	0.04395604395604396	0.2604086305153921	0.22273181364090452
MA1243.2	DREB2E	AP2/EREBP	ERF/DREB	cluster_15	0.5123039491108821	0.5143629213044613	0.1048951048951049	0.059940059940059943	0.2740923460101542	0.2458831491089556
MA2446.1	SPL5A	C3H(C),C2HC zinc-fingers like factors	SBP	cluster_38	0.5122565471839774	0.5044552350288668	0.0969030969030969	0.3026973026973027	0.2621028094712305	0.5434306869600988
MA1311.3	WRKY28	GCM domain factors	WRKY	cluster_10	0.5122478457813109	0.5349300686865317	0.11388611388611389	0.2057942057942058	0.28583916083916083	0.44356208762988425
MA1010.2	PHYPADRAFT_64121	AP2/EREBP	ERF/DREB	cluster_15	0.5122190068467606	0.5130905716319841	0.1038961038961039	0.0939060939060939	0.27335423197492165	0.31677413495595313
MA2016.2	GRF6	C3H zinc finger factors	GRF	cluster_22	0.5122179295302401	0.5362611934990604	0.08891108891108891	0.26373626373626374	0.24758817824511256	0.5081585081585082
MA1166.2	PHL12	Tryptophan cluster factors	GARP_G2-like	cluster_04	0.5121238715109429	0.5084745820469196	0.10589410589410589	0.16283716283716285	0.27482041767756055	0.3995008207226857
MA0990.2	HDG11	Homeo domain factors	HD-ZIP	cluster_09	0.5120042893771625	0.5130453703352318	0.10989010989010989	0.1108891108891109	0.2794871794871795	0.33708522553144066
MA1748.2	DREB1F	AP2/EREBP	ERF/DREB	cluster_15	0.5119834060107635	0.5255776536356388	0.10789210789210789	0.14485514485514486	0.2781137781137781	0.38376554001554003
MA2428.1	SPL13B	C3H(C),C2HC zinc-fingers like factors	SBP	cluster_38	0.5119465286375601	0.5066857622046115	0.09290709290709291	0.1998001998001998	0.2549932082306183	0.43958598219961853
MA2018.2	NAC69	GCM domain factors	NAC	cluster_20	0.5119356726018522	0.5192630622069486	0.10989010989010989	0.1108891108891109	0.2794871794871795	0.33708522553144066
MA1004.2	ERF13	AP2/EREBP	ERF/DREB	cluster_24	0.5119160322929769	0.5101124731457638	0.10989010989010989	0.24675324675324675	0.2794871794871795	0.49415413982343115
MA1811.2	GLYMA-13G317000	Basic leucine zipper factors (bZIP)	Group A	cluster_07	0.5118417803235601	0.5266812636072862	0.0979020979020979	0.030969030969030968	0.2621028094712305	0.18317341573155527
MA1373.1	GAF1	C2H2 zinc finger factors	IDD	cluster_08	0.511826366410264	0.513910912749421	0.11488511488511488	0.05194805194805195	0.2874011234666972	0.2393072044234835
MA1080.1	WRKY23	GCM domain factors	WRKY	cluster_10	0.5116822546080141	0.5130595903566849	0.10589410589410589	0.14685314685314685	0.27482041767756055	0.3863041720184578
MA1693.2	ARF34	B3	ARF	cluster_22	0.5116346869401068	0.5113268945945274	0.1088911088911089	0.14785214785214784	0.2794871794871795	0.3863041720184578
MA1340.2	BZIP3	Basic leucine zipper factors (bZIP)	Group S	cluster_14	0.5115341650216861	0.5080551587234967	0.11688311688311688	0.17382617382617382	0.2914438502673797	0.41576605212968853
MA1784.1	NAC011	GCM domain factors	NAC	cluster_16	0.5115301872376109	0.509652537652843	0.11788211788211789	0.12287712287712288	0.2929773809252637	0.3551335028607756
MA1791.1	NAC087	GCM domain factors	NAC	cluster_16	0.5114106051038309	0.5121746270249576	0.12987012987012986	0.07292707292707293	0.3096590909090909	0.2701133817638672
MA1788.1	NAC054	GCM domain factors	NAC	cluster_16	0.5114042240752062	0.5125414457331913	0.12487512487512488	0.07792207792207792	0.30151810215101355	0.2817750969409737
MA2063.1	PK07402.1	AP2/EREBP	NA	cluster_15	0.511390881924452	0.5363480080690309	0.11388611388611389	0.14285714285714285	0.28583916083916083	0.3824468214712118
MA0930.3	ABF3	Basic leucine zipper factors (bZIP)	Group A	cluster_07	0.5112952493656262	0.5383703206458431	0.12487512487512488	0.11688311688311688	0.30151810215101355	0.34836647727272724
MA2068.1	PK10344.1	TCP	NA	cluster_01	0.511279586840827	0.5014101166020698	0.1048951048951049	0.5314685314685315	0.2740923460101542	0.7400231826461333
MA2408.1	BAD1	TCP	NA	cluster_01	0.5112635928340219	0.5062621048127237	0.11388611388611389	0.23176823176823177	0.28583916083916083	0.47537408827731414
MA1808.2	GLYMA-06G314400	Basic leucine zipper factors (bZIP)	Group A	cluster_07	0.5112037603318792	0.5208939548473076	0.11888111888111888	0.03296703296703297	0.2945009535918627	0.18771526980482203
MA2430.1	SPL14B	C3H(C),C2HC zinc-fingers like factors	SBP	cluster_38	0.5111795621454196	0.5035769638699057	0.12287712287712288	0.33666333666333664	0.30151810215101355	0.5721027302319062
MA1671.2	ERF118	AP2/EREBP	ERF/DREB	cluster_24	0.5111195639022726	0.502161586860241	0.13186813186813187	0.43656343656343655	0.31247013855709505	0.6510162988762211
MA2401.1	Os05g0437700	Basic leucine zipper factors (bZIP)	NA	cluster_07	0.5110531017600037	0.5232178366391484	0.12687312687312688	0.23876123876123875	0.3044157100760875	0.4845075137628329
MA0995.3	ERF039	AP2/EREBP	ERF/DREB	cluster_15	0.5110284892210337	0.5234198324915442	0.13186813186813187	0.1068931068931069	0.31247013855709505	0.3302001642082614
MA1047.3	TGA5	Basic leucine zipper factors (bZIP)	Group D	cluster_14	0.5110155614227876	0.5104554987252266	0.11988011988011989	0.14385614385614387	0.2960146649467038	0.3824468214712118
MA1076.3	WRKY15	GCM domain factors	WRKY	cluster_10	0.5108872778863385	0.5193658786631182	0.12487512487512488	0.11988011988011989	0.30151810215101355	0.35452919173849406
MA1066.1	TCP23	TCP	NA	cluster_01	0.5108179981470155	0.5133104909149485	0.12487512487512488	0.06893106893106893	0.30151810215101355	0.26429349544927433
MA0973.2	CDF2	Other C4 zinc finger-type factors	DOF	cluster_03	0.5107647124144984	0.6064206339749817	0.12387612387612387	0.26073926073926074	0.30151810215101355	0.503655837833053
MA1377.2	PLT1	AP2/EREBP	AP2	cluster_31	0.5107301554153382	0.5103565003103547	0.12487512487512488	0.09290709290709291	0.30151810215101355	0.31505827505827505
MA1385.2	AT2G40260	Tryptophan cluster factors	GARP_G2-like	cluster_04	0.5107062058403817	0.5077773633329575	0.12787212787212787	0.32867132867132864	0.3058508889229893	0.5648113148113147
MA1745.2	BZIP63	Basic leucine zipper factors (bZIP)	Group C	cluster_07	0.5104811295580851	0.5204846497291727	0.13486513486513488	0.1048951048951049	0.3185823464461236	0.3280121517826436
MA0975.1	CRF2	AP2/EREBP	ERF/DREB	cluster_24	0.5104749971409676	0.5074403003967215	0.14185814185814186	0.28771228771228774	0.32999317755415314	0.5315362603498197
MA1337.2	BZIP44	Basic leucine zipper factors (bZIP)	Group S	cluster_14	0.5104156618618345	0.5093041216455464	0.14085914085914086	0.13386613386613386	0.3286713286713287	0.3741386818309895
MA0967.1	BZIP60	Basic leucine zipper factors (bZIP)	Group K	cluster_14	0.5103752210570628	0.5092765433577081	0.14685314685314685	0.28471528471528473	0.33648333648333645	0.5285590322086673
MA1404.1	BPC1	BBR/BPC	NA	cluster_21	0.5103281506121647	0.49952267940269557	0.14985014985014986	0.5274725274725275	0.3413004905542219	0.7398190045248869
MA1051.1	RAP2-3	AP2/EREBP	ERF/DREB	cluster_24	0.5101363882715055	0.5034566308057593	0.12687312687312688	0.3886113886113886	0.3044157100760875	0.6216152819926405
MA1351.3	GBF3	Basic leucine zipper factors (bZIP)	Group G	cluster_07	0.5101083780419693	0.5202994698548865	0.16283716283716285	0.03896103896103896	0.3529680546726001	0.20643939393939392
MA1751.2	EIL3	EIL	NA	cluster_26	0.5100272478209202	0.510267612113515	0.14385614385614387	0.4225774225774226	0.33261284170375083	0.6440378706780296
MA2443.1	SPL3D	C3H(C),C2HC zinc-fingers like factors	SBP	cluster_38	0.5100106737206049	0.5045402434051713	0.14985014985014986	0.2917082917082917	0.3413004905542219	0.5355771326994349
MA2359.1	PK23829.1	Tryptophan cluster factors	MYB-related	cluster_05	0.5100061987135182	0.5711322982629666	0.13686313686313686	0.23676323676323677	0.32230423897090565	0.48302232526831457
MA0961.2	bHLH112	Basic helix-loop-helix factors (bHLH)	bHLH	cluster_07	0.5099816690450499	0.5421390543565802	0.14485514485514486	0.1958041958041958	0.3329050467604685	0.4394076511723571
MA1369.2	HDG1	Homeo domain factors	HD-ZIP	cluster_09	0.5099795972825106	0.5059815584836951	0.14485514485514486	0.25874125874125875	0.3329050467604685	0.5036213786213787
MA1375.2	ANL2	Homeo domain factors	HD-ZIP	cluster_09	0.5099664208727592	0.505736115780813	0.13786213786213786	0.2677322677322677	0.32365788058095746	0.511979248821354
MA1277.2	DOF1.7	Other C4 zinc finger-type factors	DOF	cluster_03	0.5099177758883306	0.5020060095990759	0.16183816183816183	0.6223776223776224	0.3518020441097364	0.8131406264967909
MA2442.1	SPL3B	C3H(C),C2HC zinc-fingers like factors	SBP	cluster_38	0.5098823901841544	0.5056981438647115	0.13886113886113885	0.22977022977022976	0.32500321764125445	0.47382347382347384
MA1031.2	OJ1581_H09.2	TCP	NA	cluster_01	0.5097560955397439	0.5171159024470755	0.15184815184815184	0.22977022977022976	0.341770324071209	0.47382347382347384
MA0576.2	RAX3	Tryptophan cluster factors	MYB	cluster_02	0.5097354607848502	0.5064912369774552	0.15084915084915085	0.22977022977022976	0.341770324071209	0.47382347382347384
MA0587.2	TCP16	TCP	NA	cluster_01	0.5096215138451748	0.5202248136158282	0.16783216783216784	0.025974025974025976	0.361739954960294	0.16653934300993126
MA2346.1	OsTCP7	TCP	NA	cluster_01	0.5096135582770228	0.5170775676234843	0.16083916083916083	0.23176823176823177	0.35062937062937066	0.47537408827731414
MA2455.1	SPL9D	C3H(C),C2HC zinc-fingers like factors	SBP	cluster_38	0.5096070943778988	0.5035699303895377	0.15584415584415584	0.34265734265734266	0.34566596194503174	0.5784237886007797
MA0563.2	SEP3	MADS box factors	Type II	cluster_23	0.5095779239613433	0.5046676751143999	0.14385614385614387	0.29270729270729273	0.33261284170375083	0.5355771326994349
MA1678.3	NTL8	GCM domain factors	NAC	cluster_25	0.5095694711701815	0.5442059050573272	0.15184815184815184	0.1958041958041958	0.341770324071209	0.4394076511723571
MA1739.2	BHLH122	Basic helix-loop-helix factors (bHLH)	bHLH	cluster_07	0.5095664049616225	0.5560980899554963	0.15584415584415584	0.26673326673326675	0.34566596194503174	0.5113504585866395
MA1823.2	Zm00001d027846	Other C4 zinc finger-type factors	DOF	cluster_25	0.5095572892064487	0.6567220707274866	0.1108891108891109	0.17082917082917082	0.2810910020212346	0.40988257025992875
MA1358.2	bHLH130	Basic helix-loop-helix factors (bHLH)	bHLH	cluster_07	0.509547676228265	0.5105041752563305	0.16483516483516483	0.25074925074925075	0.3562867727173676	0.49634086843389175
MA2386.1	estExt_gwp_gw1.C_550163	AP2/EREBP	ERF/DREB	cluster_15	0.5095364887105516	0.5265654551179594	0.15584415584415584	0.0959040959040959	0.34566596194503174	0.31677413495595313
MA0551.2	HY5	Basic leucine zipper factors (bZIP)	Group H	cluster_07	0.5095094729270354	0.5082808041625109	0.15484515484515485	0.15484515484515485	0.34566596194503174	0.39114832535885163
MA1229.2	ERF034	AP2/EREBP	ERF/DREB	cluster_15	0.5092636790193436	0.5021550818770102	0.17182817182817184	0.4435564435564436	0.3682721772609413	0.6533466533466534
MA1732.1	E2FD	Fork head/winged helix factors	E2F	cluster_27	0.5092456961205017	0.4992061873763545	0.15684315684315683	0.5684315684315684	0.3468734164386338	0.7716647310286887
MA1750.1	E2FE	Fork head/winged helix factors	E2F	cluster_27	0.5092456961205017	0.4992061873763545	0.17582417582417584	0.6023976023976024	0.3757810816634346	0.7992267697640314
MA1768.2	MYB30	Tryptophan cluster factors	MYB	cluster_02	0.5092453646384955	0.5101339760664864	0.15384615384615385	0.10589410589410589	0.34524886877828054	0.32844391380976745
MA0942.2	ARF1	B3	ARF	cluster_15	0.5091960566900529	0.5314658194199389	0.15184815184815184	0.06293706293706294	0.341770324071209	0.25407925407925414
MA1389.2	PHL1	Tryptophan cluster factors	GARP_G2-like	cluster_04	0.5091794825897348	0.5062034116730755	0.15984015984015984	0.22977022977022976	0.3504541435575918	0.47382347382347384
MA2045.2	NAC031	GCM domain factors	NAC	cluster_16	0.5091530468997311	0.5152435489107802	0.1798201798201798	0.04095904095904096	0.38324803687932174	0.21259692688264117
MA1383.2	KAN2	Tryptophan cluster factors	GARP_G2-like	cluster_04	0.5091344839073773	0.5104709945356046	0.15984015984015984	0.21478521478521478	0.3504541435575918	0.45649336735687707
MA1270.2	DOF3.2	Other C4 zinc finger-type factors	DOF	cluster_08	0.5089674169761876	0.505363474569146	0.16083916083916083	0.24275724275724275	0.35062937062937066	0.4887170876616787
MA2076.1	PK18401.1	Basic helix-loop-helix factors (bHLH)	bHLH	cluster_07	0.5088054880160974	0.5049825202773996	0.1938061938061938	0.32867132867132864	0.4018318637883855	0.5648113148113147
MA1230.2	ERF037	AP2/EREBP	ERF/DREB	cluster_15	0.5087974495774431	0.5021680757084647	0.2057942057942058	0.4725274725274725	0.41872261072261074	0.6802612481857765
MA1752.2	ERF025	AP2/EREBP	ERF/DREB	cluster_15	0.5087638870243032	0.506047714273109	0.18081918081918083	0.4085914085914086	0.384303718565557	0.6362351933780505
MA1214.2	ATHB-40	Homeo domain factors	HD-ZIP	cluster_09	0.5087150762988719	0.5020815785042785	0.1878121878121878	0.4385614385614386	0.39368323983708603	0.6510162988762211
MA0952.1	ATHB-51	Homeo domain factors	HD-ZIP	cluster_09	0.5086869831988343	0.5248405325423736	0.16883116883116883	0.5384615384615384	0.36286811779769523	0.7456373028060868
MA0946.1	ARR11	Tryptophan cluster factors	GARP_ARR-B	cluster_13	0.5086406585884501	0.5167664300909406	0.15984015984015984	0.06893106893106893	0.3504541435575918	0.26429349544927433
MA1824.2	Zm00001d005692	Homeo domain factors	HD-ZIP	cluster_09	0.5085988918556528	0.5239757562906766	0.2047952047952048	0.5814185814185814	0.41872261072261074	0.7796526847493455
MA1757.2	HDG7	Homeo domain factors	HD-ZIP	cluster_09	0.5084941435416531	0.5057174597844183	0.2057942057942058	0.2827172827172827	0.41872261072261074	0.5285590322086673
MA1241.2	ERF043	AP2/EREBP	ERF/DREB	cluster_15	0.5083799479904735	0.5028191470651237	0.18281718281718282	0.4005994005994006	0.3874708624708625	0.6315234352424435
MA1223.2	ERF035	AP2/EREBP	ERF/DREB	cluster_15	0.5083156404812457	0.5037892139122914	0.1918081918081918	0.3546453546453546	0.39986243264931787	0.5869726802481683
MA1170.2	MYB118	Tryptophan cluster factors	MYB	cluster_11	0.5082548135330823	0.5026828259841587	0.18581418581418582	0.34765234765234765	0.39056810957637406	0.582986244524706
MA1670.2	DREB1C	AP2/EREBP	ERF/DREB	cluster_15	0.508251084360513	0.5138907168346654	0.1938061938061938	0.0979020979020979	0.4018318637883855	0.3192277807662423
MA1267.2	DOF5.8	Other C4 zinc finger-type factors	DOF	cluster_08	0.5081583522692427	0.5055849269231378	0.1848151848151848	0.23876123876123875	0.3895413978286906	0.4845075137628329
MA1283.2	TCP14	TCP	NA	cluster_01	0.5080900669759392	0.5176295992992633	0.1998001998001998	0.016983016983016984	0.41202041202041206	0.1258062326023491
MA1070.3	TGA7	Basic leucine zipper factors (bZIP)	Group D	cluster_14	0.507881564793958	0.5087735121975769	0.21478521478521478	0.17582417582417584	0.4321347943395187	0.4166268514094601
MA1008.2	PHYPADRAFT_182268	AP2/EREBP	ERF/DREB	cluster_15	0.5077986114218755	0.5262949859799426	0.2017982017982018	0.11688311688311688	0.4139033010000752	0.34836647727272724
MA1334.2	BZIP11	Basic leucine zipper factors (bZIP)	Group S	cluster_14	0.5077841919546001	0.5067700245533192	0.20679320679320679	0.20279720279720279	0.4196362148489808	0.43958598219961853
MA1403.1	BPC5	BBR/BPC	NA	cluster_21	0.5077418451282922	0.4980049290826265	0.1888111888111888	0.6043956043956044	0.39469297825462213	0.7992267697640314
MA1417.2	O2	Basic leucine zipper factors (bZIP)	Group C	cluster_14	0.5077272599200136	0.5072424889543802	0.21978021978021978	0.1878121878121878	0.4361257299401629	0.43162861235150396
MA2020.2	HSFB4	Heat shock factors	HSF	cluster_04	0.507605274541684	0.505320876893688	0.22077922077922077	0.2937062937062937	0.4361257299401629	0.5361193830093351
MA1263.2	ERF055	AP2/EREBP	ERF/DREB	cluster_15	0.5075949985994892	0.5082379091884438	0.22577422577422576	0.1838161838161838	0.44057732548781137	0.42861393925223706
MA1207.2	GT-3a	Tryptophan cluster factors	Trihelix	cluster_07	0.5075598615068175	0.5051261011692514	0.22077922077922077	0.2837162837162837	0.4361257299401629	0.5285590322086673
MA1402.1	BPC6	BBR/BPC	NA	cluster_21	0.507523895709132	0.4981484976798192	0.21578421578421578	0.6203796203796204	0.4321347943395187	0.8131406264967909
MA1095.1	ARALYDRAFT_495258	TCP	NA	cluster_01	0.5075072387383134	0.514608185715895	0.21078921078921078	0.07492507492507493	0.4254819254819255	0.2722277722277722
MA1098.1	ARALYDRAFT_484486	TCP	NA	cluster_01	0.5075072387383134	0.514608185715895	0.2017982017982018	0.06493506493506493	0.4139033010000752	0.256712199717381
MA2427.1	SPL12B	C3H(C),C2HC zinc-fingers like factors	SBP	cluster_38	0.5074993660406633	0.5032766999855013	0.23176823176823177	0.3696303696303696	0.4470266575529733	0.6078189052326983
MA1781.2	MYB94	Tryptophan cluster factors	MYB	cluster_02	0.5074940623285619	0.5120241876332025	0.2217782217782218	0.07892107892107893	0.4361257299401629	0.2840414302678454
MA0971.2	DREB1A	AP2/EREBP	ERF/DREB	cluster_15	0.5074266886107749	0.5125410766752612	0.2077922077922078	0.08391608391608392	0.42054497226911025	0.2950597789307467
MA0949.2	ARR2	Tryptophan cluster factors	GARP_ARR-B	cluster_13	0.5073987612517424	0.5117999895008606	0.23276723276723277	0.3016983016983017	0.4470266575529733	0.542914632537274
MA1682.2	TCX3	CPP	NA	cluster_06	0.5072600360320938	0.5053174340378571	0.2217782217782218	0.2957042957042957	0.4361257299401629	0.5384782282156984
MA0082.2	squamosa	MADS box factors	Type II	cluster_23	0.5072229929178868	0.5019335950250605	0.19880119880119881	0.3966033966033966	0.4110713135103379	0.6278182398514348
MA1829.2	Zm00001d035604	Tryptophan cluster factors	MYB	cluster_02	0.5071828007246196	0.5433875022518974	0.21878121878121878	0.08791208791208792	0.4361257299401629	0.30351548903585107
MA0947.1	ARR14	Tryptophan cluster factors	GARP_ARR-B	cluster_13	0.5070791297271406	0.5025691246343741	0.22077922077922077	0.42357642357642356	0.4361257299401629	0.6440378706780296
MA1294.2	MYB62	Tryptophan cluster factors	MYB	cluster_02	0.507041009296413	0.5136801057273709	0.22377622377622378	0.0979020979020979	0.43892354432200187	0.3192277807662423
MA1660.2	NAC013	GCM domain factors	NAC	cluster_16	0.5070323907642473	0.5149521657100845	0.22777222777222778	0.028971028971028972	0.4433423719138005	0.1740542921645284
MA1258.2	DREB2A	AP2/EREBP	ERF/DREB	cluster_15	0.5070003198801349	0.509428738846259	0.22977022977022976	0.15184815184815184	0.444961130240318	0.3901014810105719
MA2023.2	PHL4	Tryptophan cluster factors	GARP_G2-like	cluster_04	0.5069849059668424	0.5096242202689527	0.23276723276723277	0.17582417582417584	0.4470266575529733	0.4166268514094601
MA2051.2	NAC68	GCM domain factors	NAC	cluster_07	0.5069749615066524	0.5146440126466093	0.23476523476523475	0.3176823176823177	0.44781468531468527	0.554671872749676
MA1007.1	PHYPADRAFT_173530	AP2/EREBP	ERF/DREB	cluster_15	0.5068242200642746	0.5083860450254891	0.23376623376623376	0.2517482517482518	0.4470266575529733	0.49634086843389175
MA1075.1	WRKY12	GCM domain factors	WRKY	cluster_10	0.5067991103022946	0.5104994515516048	0.24075924075924077	0.2817182817182817	0.4547012393547047	0.5285590322086673
MA1279.2	DOF1.5	Other C4 zinc finger-type factors	DOF	cluster_08	0.5067952982592232	0.5026662163842704	0.22977022977022976	0.38161838161838163	0.444961130240318	0.614292880115665
MA2011.2	ERF010	AP2/EREBP	ERF/DREB	cluster_15	0.5067933093671845	0.5093145613373339	0.23376623376623376	0.2827172827172827	0.4470266575529733	0.5285590322086673
MA1310.2	WRKY42	GCM domain factors	WRKY	cluster_10	0.506784359353013	0.5173115089844221	0.22477522477522477	0.17082917082917082	0.4397525551371705	0.40988257025992875
MA0938.3	NAC058	GCM domain factors	NAC	cluster_16	0.5067817074969643	0.5124703787305428	0.24175824175824176	0.06793206793206794	0.45546058879392215	0.26310745092470983
MA1741.1	BRN2	GCM domain factors	NAC	cluster_16	0.5066880638301736	0.5108685175785712	0.23576423576423577	0.08291708291708291	0.4485987827633713	0.29425922914295005
MA1341.2	BZIP53	Basic leucine zipper factors (bZIP)	Group S	cluster_14	0.5066496119174394	0.5074137341248337	0.24775224775224775	0.2007992007992008	0.4644593735502826	0.43958598219961853
MA1765.2	MYB121	Tryptophan cluster factors	MYB	cluster_02	0.5066189498318558	0.5121914999401492	0.23776223776223776	0.1028971028971029	0.45127509306613783	0.32576966601862867
MA2049.2	NAC053	GCM domain factors	NAC	cluster_25	0.5065900280268036	0.6317365621988661	0.21578421578421578	0.23976023976023977	0.4321347943395187	0.4852441987720503
MA1180.2	MYB3R4	Tryptophan cluster factors	MYB	cluster_11	0.5065529020420947	0.4988679175474487	0.25674325674325676	0.5714285714285714	0.47501773588730106	0.7716647310286887
MA2026.2	MYB108	Tryptophan cluster factors	MYB	cluster_02	0.5064989533455652	0.5092108685371673	0.24975024975024976	0.13686313686313686	0.46663823980897157	0.3783571500962805
MA1774.2	MYB60	Tryptophan cluster factors	MYB	cluster_02	0.5064892574968797	0.5102107412144194	0.26073926073926074	0.13286713286713286	0.4793832673350745	0.374087167445101
MA2425.1	SPL11A	C3H(C),C2HC zinc-fingers like factors	SBP	cluster_38	0.5064716060800448	0.5006081084711927	0.23976023976023977	0.46253746253746253	0.453938121431918	0.6709431253157488
MA1036.1	MYB111	Tryptophan cluster factors	Myb	cluster_02	0.5064460819655554	0.5135636906973524	0.24275724275724275	0.14885114885114886	0.45621619759550797	0.3863041720184578
MA2429.1	SPL13D	C3H(C),C2HC zinc-fingers like factors	SBP	cluster_38	0.5063960281826003	0.5060329971853534	0.26673326673326675	0.25874125874125875	0.4868839294676615	0.5036213786213787
MA1281.2	DOF5.1	Other C4 zinc finger-type factors	DOF	cluster_08	0.5063549244138157	0.5056638027935433	0.26573426573426573	0.24975024975024976	0.4862236085257668	0.49624854312354316
MA2006.2	NAC020	GCM domain factors	NAC	cluster_16	0.5063548415433129	0.5116650238162778	0.25074925074925075	0.0999000999000999	0.46663823980897157	0.3243564945692606
MA1196.2	AT5G05790	Tryptophan cluster factors	MYB-related	cluster_05	0.5060952911323602	0.503772856053072	0.2807192807192807	0.3516483516483517	0.5004411476374093	0.5858246556936514
MA1172.2	MYB3R5	Tryptophan cluster factors	MYB	cluster_11	0.5060704299818851	0.4963131015764624	0.27472527472527475	0.6663336663336663	0.4944727403743797	0.8444026951489638
MA2391.1	Lg3	Homeo domain factors	TALE-type HD	cluster_14	0.5060217849974558	0.5154960405294204	0.2867132867132867	0.3006993006993007	0.5063940688940689	0.542396138140819
MA1352.1	TRP1	Tryptophan cluster factors	Myb-related	cluster_34	0.5059029486981867	0.5009850985156621	0.25674325674325676	0.4435564435564436	0.47501773588730106	0.6533466533466534
MA1163.3	PHL11	Tryptophan cluster factors	GARP_G2-like	cluster_04	0.5058889435834207	0.5078623674504344	0.25774225774225773	0.1958041958041958	0.47501773588730106	0.4394076511723571
MA1796.1	RAP2-7	AP2/EREBP	AP2	cluster_36	0.5058203268081101	0.503060982852431	0.2907092907092907	0.44655344655344653	0.5099107788762961	0.655231307154384
MA2046.2	NAC035	GCM domain factors	NAC	cluster_20	0.5057960457511463	0.5112703305041771	0.25774225774225773	0.15484515484515485	0.47501773588730106	0.39114832535885163
MA1780.2	MYB92	Tryptophan cluster factors	MYB	cluster_02	0.5057636433850278	0.5428728744590066	0.25074925074925075	0.09090909090909091	0.46663823980897157	0.31244881244881245
MA1677.2	NAC078	GCM domain factors	NAC	cluster_25	0.505731738241919	0.5789974601054689	0.2707292707292707	0.2807192807192807	0.4918248418248418	0.5285590322086673
MA1410.2	StBRC1	TCP	NA	cluster_01	0.5057299979613848	0.5098666232394794	0.26973026973026976	0.16083916083916083	0.4911794649264817	0.39715300880349425
MA1698.2	ARF7	B3	ARF	cluster_17	0.5057160757171206	0.5024884654591987	0.2817182817182817	0.4165834165834166	0.5010513961562912	0.6421275694002966
MA0553.1	SMZ	AP2/EREBP	AP2	cluster_36	0.5056961039262388	0.499337619187285	0.28471528471528473	0.6013986013986014	0.505204098227354	0.7992267697640314
MA1259.2	ERF023	AP2/EREBP	ERF/DREB	cluster_15	0.5055868806051537	0.4998345397843353	0.3026973026973027	0.5704295704295704	0.5225295066924027	0.7716647310286887
MA1783.1	NAC005	GCM domain factors	NAC	cluster_16	0.5055722125263727	0.5065862588882606	0.27172827172827174	0.2087912087912088	0.4924671527996944	0.4474935177182368
MA1348.1	TGA9	Basic leucine zipper factors (bZIP)	Group D	cluster_14	0.5054245372925559	0.5057917366780234	0.29270729270729273	0.24175824175824176	0.5110655934454562	0.487993487993488
MA2043.2	NAC004	GCM domain factors	NAC	cluster_25	0.5053832677827664	0.6313613251873093	0.2727272727272727	0.2707292707292707	0.493106419646704	0.5164160839160838
MA2451.1	SPL7B	C3H(C),C2HC zinc-fingers like factors	SBP	cluster_38	0.5053768867541432	0.5048105390746093	0.2647352647352647	0.25774225774225773	0.48556011296395907	0.5036213786213787
MA1749.1	E2FC	Fork head/winged helix factors	E2F	cluster_27	0.505302966266732	0.5073337146873632	0.27672327672327673	0.17082917082917082	0.4944727403743797	0.40988257025992875
MA0955.2	POPTR_0002s00440g	C3H(C),C2HC zinc fingers factors	SBP	cluster_28	0.5052795967852876	0.5484474504832128	0.27672327672327673	0.056943056943056944	0.4944727403743797	0.2454663980087709
MA0972.1	CCA1	Tryptophan cluster factors	Myb-related	cluster_13	0.5052486860881974	0.5269615013490745	0.2917082917082917	0.5324675324675324	0.5104895104895105	0.7400231826461333
MA1345.2	BZIP48	Basic leucine zipper factors (bZIP)	Group S	cluster_14	0.5052112286214809	0.5031810288528901	0.3016983016983017	0.3726273726273726	0.5225295066924027	0.6114294307842695
MA1053.1	ERF109	AP2/EREBP	ERF/DREB	cluster_24	0.5052028587008223	0.4978937840514885	0.27672327672327673	0.5894105894105894	0.4944727403743797	0.787601190403292
MA1664.3	HSFA6B	Heat shock factors	HSF	cluster_39	0.5051987151757436	0.5219981942665606	0.31868131868131866	0.16283716283716285	0.5379509870660313	0.3995008207226857
MA1424.2	ERF019	AP2/EREBP	ERF/DREB	cluster_15	0.5050668682077264	0.5009054769116656	0.2947052947052947	0.5094905094905094	0.5133793147491778	0.718560552201957
MA1188.1	At3g11280	Tryptophan cluster factors	Myb-related	cluster_05	0.5050640506106725	0.5030263838608048	0.27672327672327673	0.34565434565434566	0.4944727403743797	0.5821948470955094
MA2426.1	SPL11B	C3H(C),C2HC zinc-fingers like factors	SBP	cluster_38	0.505040183906218	0.5042816916899543	0.2967032967032967	0.28471528471528473	0.5156824951813562	0.5285590322086673
MA1339.1	BZIP43	Basic leucine zipper factors (bZIP)	Group S	cluster_14	0.504947368944445	0.5050286102829882	0.2867132867132867	0.2647352647352647	0.5063940688940689	0.5087985062796145
MA1397.2	AT1G74840	Tryptophan cluster factors	MYB-related	cluster_05	0.5049343582756972	0.5109760099850331	0.30569430569430567	0.41058941058941056	0.5246793565179215	0.6367473989425209
MA0021.1	Dof3	Other C4 zinc finger-type factors	DOF	cluster_03	0.5049049392476352	0.5722102713745707	0.2897102897102897	0.4075924075924076	0.5093293802971223	0.6359775194131022
MA1220.2	TINY	AP2/EREBP	ERF/DREB	cluster_15	0.5048640012198531	0.49813336951095577	0.3026973026973027	0.6243756243756243	0.5225295066924027	0.8142676436191795
MA1256.2	RAP2-12	AP2/EREBP	ERF/DREB	cluster_24	0.5047689487545401	0.5026231684784482	0.3066933066933067	0.37962037962037964	0.5246793565179215	0.6136659950219273
MA1023.1	PHYPADRAFT_28324	AP2/EREBP	ERF/DREB	cluster_15	0.5046729847137069	0.5099992747886585	0.3066933066933067	0.27472527472527475	0.5246793565179215	0.5214313050133946
MA1408.2	FaEOBII	Tryptophan cluster factors	MYB-related	cluster_02	0.5046475434697222	0.5148806609559252	0.3036963036963037	0.20279720279720279	0.5230706088493898	0.43958598219961853
MA1350.1	BZIP42	Basic leucine zipper factors (bZIP)	Group S	cluster_14	0.5046081799814697	0.5011207110714131	0.3206793206793207	0.44455544455544455	0.5394298009682625	0.6535564628050178
MA2387.1	NAC094	GCM domain factors	NAC	cluster_16	0.5046036221038841	0.5068150241348249	0.3156843156843157	0.19480519480519481	0.5340734653373235	0.4394076511723571
MA1665.3	HSFB2A	Heat shock factors	HSF	cluster_04	0.5045497562778559	0.5053249981492276	0.3096903096903097	0.2827172827172827	0.5286212668763004	0.5285590322086673
MA1238.3	ERF038	AP2/EREBP	ERF/DREB	cluster_15	0.5044765816249581	0.5004606929844646	0.3246753246753247	0.6093906093906094	0.5395059485968577	0.8042198765090331
MA1032.2	DREB1G	AP2/EREBP	ERF/DREB	cluster_15	0.50444683111489	0.5025927613001246	0.31368631368631367	0.43356643356643354	0.5330571433021322	0.6510162988762211
MA1064.2	TCP2	TCP	NA	cluster_01	0.504444262129341	0.5003405341695611	0.32367632367632365	0.6613386613386614	0.5395059485968577	0.8410023310023311
MA1042.1	MYB59	Tryptophan cluster factors	Myb	cluster_02	0.5044295940505611	0.5156830354267731	0.3336663336663337	0.17082917082917082	0.5486797685073548	0.40988257025992875
MA0123.1	abi4	AP2/EREBP	ERF/DREB	cluster_24	0.5043337957507326	0.5018915160974069	0.35564435564435565	0.42857142857142855	0.5724823699507244	0.6475247524752475
MA2418.1	IG1	Other C4 zinc finger-type factors	LBD	cluster_24	0.5042849850253005	0.5021195832467313	0.33266733266733267	0.4245754245754246	0.5482185201407663	0.6440378706780296
MA1789.1	NAC071	GCM domain factors	NAC	cluster_16	0.5042342682783325	0.5067715712112321	0.3126873126873127	0.1998001998001998	0.5325455794205795	0.43958598219961853
MA1253.2	ERF036	AP2/EREBP	ERF/DREB	cluster_15	0.5042014515597054	0.5056345016206976	0.2897102897102897	0.3176823176823177	0.5093293802971223	0.554671872749676
MA1336.2	TGA3	Basic leucine zipper factors (bZIP)	Group D	cluster_14	0.5041851260708938	0.5077006191615784	0.3156843156843157	0.17782217782217782	0.5340734653373235	0.4200567234622963
MA1679.2	RAP2-1	AP2/EREBP	ERF/DREB	cluster_15	0.5041575301938676	0.5074719924979937	0.32167832167832167	0.3776223776223776	0.5394298009682625	0.6136659950219273
MA2352.1	PC-MYB1	Tryptophan cluster factors	MYB	cluster_11	0.5041546297263116	0.49660316907739693	0.32667332667332666	0.7302697302697303	0.5395059485968577	0.8872544652799429
MA1251.2	RAP2-9	AP2/EREBP	ERF/DREB	cluster_15	0.5041136916985302	0.5097800648488354	0.3436563436563437	0.18281718281718282	0.5595149531319744	0.42861393925223706
MA2410.1	ZmbZIP54	Basic leucine zipper factors (bZIP)	S	cluster_14	0.5041023384398131	0.5067857922382332	0.3256743256743257	0.3756243756243756	0.5395059485968577	0.6136659950219273
MA2403.1	DVH24_040989	Tryptophan cluster factors	Trihelix	cluster_18	0.5040014021688868	0.6432719458117582	0.32667332667332666	0.43456543456543456	0.5395059485968577	0.6510162988762211
MA1034.1	Os05g0497200	AP2/EREBP	ERF/DREB	cluster_24	0.503981513248507	0.5021646563466204	0.32167832167832167	0.5324675324675324	0.5394298009682625	0.7400231826461333
MA2416.1	EREB29	AP2/EREBP	ERF/DREB	cluster_24	0.5039581437670607	0.49851555189104546	0.3356643356643357	0.5364635364635365	0.5495963264203608	0.7442212333121424
MA0578.1	SPL8	C3H(C),C2HC zinc fingers factors	SBP	cluster_40	0.5038225676264727	0.5018821462065289	0.34665334665334663	0.4095904095904096	0.5615637016910903	0.6364918177545469
MA1661.2	GTL1	Tryptophan cluster factors	Trihelix	cluster_10	0.5037612434553025	0.518356465426163	0.3256743256743257	0.38161838161838163	0.5395059485968577	0.614292880115665
MA2395.1	PHYPA_011264	AP2/EREBP	ERF/DREB	cluster_15	0.5037591716927625	0.5093558243608541	0.3436563436563437	0.3006993006993007	0.5595149531319744	0.542396138140819
MA0096.1	bZIP910	Basic leucine zipper factors (bZIP)	Group S	cluster_14	0.5037165762549494	0.5484347682926443	0.3546453546453546	0.12087912087912088	0.5720811957598427	0.3551335028607756
MA1191.2	RVE7L	Tryptophan cluster factors	MYB-related	cluster_13	0.5035483491367378	0.529679945850589	0.34465534465534464	0.3596403596403596	0.5595149531319744	0.5939515030424122
MA0951.1	ATHB-16	Homeo domain factors	HD-ZIP	cluster_09	0.5035239023387712	0.5843875669272259	0.35764235764235763	0.38961038961038963	0.5744865660655134	0.6219094712818563
MA1674.3	NAC017	GCM domain factors	NAC	cluster_25	0.5035176870511529	0.5324500209463932	0.36363636363636365	0.7732267732267732	0.5792370468779654	0.9118578484884513
MA1790.1	NAC073	GCM domain factors	NAC	cluster_16	0.5034690420667244	0.5076315223895891	0.3546453546453546	0.15584415584415584	0.5720811957598427	0.39114832535885163
MA1393.3	MYB70	Tryptophan cluster factors	MYB	cluster_11	0.5034529651894174	0.5355264897983019	0.37462537462537465	0.4725274725274725	0.593027304645562	0.6802612481857765
MA1797.1	RAV2	B3	RAV	cluster_17	0.5033459793718748	0.5118771704821838	0.35864135864135865	0.43756243756243757	0.5748810013515896	0.6510162988762211
MA1735.2	AT2G38300	Tryptophan cluster factors	GARP_G2-like	cluster_04	0.5033376094512152	0.5055328539442854	0.36163836163836166	0.32367632367632365	0.577259560523159	0.5625627220160249
MA2030.2	MYB96	Tryptophan cluster factors	MYB	cluster_02	0.5033354548181745	0.5114042637847411	0.3676323676323676	0.09490509490509491	0.5843822843822843	0.31677413495595313
MA1265.3	ERF015	AP2/EREBP	ERF/DREB	cluster_15	0.5032636889638039	0.5044032080283604	0.3996003996003996	0.4195804195804196	0.6159497068587978	0.6430903765573105
MA1187.2	RVE4	Tryptophan cluster factors	MYB-related	cluster_13	0.5032001272890909	0.5181660657196817	0.32667332667332666	0.2897102897102897	0.5395059485968577	0.533934664369447
MA0571.2	ANT	AP2/EREBP	AP2	cluster_31	0.5031925860734475	0.5016446807399908	0.34465534465534464	0.3916083916083916	0.5595149531319744	0.6224941724941725
MA1357.2	bHLH80	Basic helix-loop-helix factors (bHLH)	bHLH	cluster_07	0.5031634985273906	0.503414981116697	0.3756243756243756	0.4035964035964036	0.5933776368558977	0.6336297447408559
MA1261.2	ERF122	AP2/EREBP	ERF/DREB	cluster_24	0.5031510679521545	0.49721999047235765	0.3356643356643357	0.6003996003996004	0.5495963264203608	0.7992267697640314
MA0932.1	AHL12	A.T hook factors	AHL	cluster_09	0.5031283614347207	0.5575986972963611	0.37462537462537465	0.4935064935064935	0.593027304645562	0.7012019637717961
MA2005.2	NAC016	GCM domain factors	NAC	cluster_16	0.5030982794426457	0.5092873499854134	0.4125874125874126	0.16683316683316685	0.6224190011172259	0.40668915748787954
MA2074.1	PK17878.1	AP2/EREBP	ERF/DREB	cluster_24	0.5030302427608468	0.5041998321228668	0.3876123876123876	0.43356643356643354	0.6011143328216498	0.6510162988762211
MA1068.3	TGA2	Basic leucine zipper factors (bZIP)	Group D	cluster_14	0.5030175635741051	0.5056398596116212	0.37962037962037964	0.2967032967032967	0.5972172157739168	0.539010989010989
MA0590.1	LFY	LEAFY	NA	cluster_42	0.5029424828996727	0.5063942506802325	0.3836163836163836	0.24375624375624375	0.5997936489739769	0.48943687891056314
MA1215.2	ATHB-53	Homeo domain factors	HD-ZIP	cluster_09	0.5029086717350266	0.5098577424487989	0.3876123876123876	0.4785214785214785	0.6011143328216498	0.6850129232868445
MA1793.2	NID1	Tryptophan cluster factors	MYB-related	cluster_05	0.5028028461045065	0.6330043636444007	0.36163836163836166	0.3146853146853147	0.577259560523159	0.55323708549515
MA2448.1	SPL5D	C3H(C),C2HC zinc-fingers like factors	SBP	cluster_38	0.5027752502274813	0.5009145132385896	0.4065934065934066	0.4955044955044955	0.6204615384615385	0.7027322120258923
MA2047.2	NAC037	GCM domain factors	NAC	cluster_25	0.5027703608678862	0.5539654619595895	0.3926073926073926	0.6123876123876124	0.6076256400800011	0.8042198765090331
MA2103.1	AT4G09450	Tryptophan cluster factors	MYB-related	cluster_05	0.5027619080767248	0.6331026465926128	0.3786213786213786	0.3086913086913087	0.5968762642316361	0.5505050505050505
MA1292.2	MYB27	Tryptophan cluster factors	MYB	cluster_02	0.5027019098335802	0.5040106415334215	0.43156843156843155	0.34065934065934067	0.6344638020938599	0.5763261129114788
MA0986.1	DREB2C	AP2/EREBP	ERF/DREB	cluster_15	0.5026380166768596	0.5075909202294929	0.3826173826173826	0.37662337662337664	0.5994600881664536	0.6136659950219273
MA1814.2	RIN	MADS box factors	Type II	cluster_23	0.5026087633898008	0.5023098222350524	0.3876123876123876	0.4485514485514486	0.6011143328216498	0.6568997221588393
MA0954.3	ATHB-7	Homeo domain factors	HD-ZIP	cluster_09	0.5025747864841531	0.497400837130914	0.41058941058941056	0.6603396603396603	0.6215867465867465	0.8410023310023311
MA0556.2	AP3	MADS box factors	Type II	cluster_23	0.5025559748802928	0.5043601635768278	0.4005994005994006	0.3126873126873127	0.6162446424543199	0.5509940406014309
MA1764.2	MYB116	Tryptophan cluster factors	MYB	cluster_02	0.5024678006666112	0.5090134997025204	0.3966033966033966	0.14685314685314685	0.6125675943489709	0.3863041720184578
MA1199.1	AGL16	MADS box factors	MIKC	cluster_23	0.502442939516135	0.5078942311905255	0.4045954045954046	0.16983016983016982	0.6186498871869613	0.40988257025992875
MA1831.2	Zm00001d031796	AP2/EREBP	ERF/DREB	cluster_24	0.5024401219190825	0.4964071185433602	0.4085914085914086	0.6753246753246753	0.6215867465867465	0.8488842294443613
MA2415.1	EREB138	AP2/EREBP	ERF/DREB	cluster_24	0.5024161723441234	0.49898093369494867	0.41358641358641357	0.5484515484515484	0.6224190011172259	0.7472652347652348
MA0978.1	DREB1E	AP2/EREBP	ERF/DREB	cluster_15	0.5023848472945268	0.5090049923692525	0.4095904095904096	0.24875124875124874	0.6215867465867465	0.4955540543007906
MA0110.4	ATHB-5	Homeo domain factors	HD-ZIP	cluster_09	0.5023485500148337	0.5213048070387679	0.4275724275724276	0.7052947052947053	0.632243725266981	0.8679675163546131
MA1663.3	NAC050	GCM domain factors	NAC	cluster_25	0.5023207883968036	0.5188980327547457	0.42957042957042957	0.32867132867132864	0.6327456327456328	0.5648113148113147
MA1097.1	ARALYDRAFT_493022	TCP	NA	cluster_01	0.5022978332678657	0.507564938347001	0.3806193806193806	0.2137862137862138	0.5975567642234308	0.4556393327343048
MA1272.3	DOF2.2	Other C4 zinc finger-type factors	DOF	cluster_03	0.5022951814118151	0.7439936638062031	0.1848151848151848	0.1848151848151848	0.3895413978286906	0.42861393925223706
MA0588.2	TGA1	Basic leucine zipper factors (bZIP)	Group D	cluster_14	0.5022938554837896	0.511277950178135	0.41058941058941056	0.1878121878121878	0.6215867465867465	0.43162861235150396
MA0008.4	HAT5	Homeo domain factors	HD-ZIP	cluster_09	0.5022888832536948	0.5105791075570144	0.4165834165834166	0.4205794205794206	0.623241464417935	0.6430903765573105
MA1401.2	RVE7	Tryptophan cluster factors	MYB-related	cluster_13	0.5022201836078836	0.527952274955487	0.4015984015984016	0.44255744255744256	0.6165383911862785	0.6533466533466534
MA1218.2	DREB1D	AP2/EREBP	ERF/DREB	cluster_15	0.502175682148534	0.5103903938737843	0.3876123876123876	0.13786213786213786	0.6011143328216498	0.37974300068162886
MA1667.3	HSFC1	Heat shock factors	HSF	cluster_39	0.502165903429347	0.5200368010452828	0.43456543456543456	0.1998001998001998	0.6376412049488972	0.43958598219961853
MA1409.2	OsRR22	Tryptophan cluster factors	GARP_ARR-B	cluster_13	0.5021623399977789	0.5065632366879239	0.42157842157842157	0.27172827172827174	0.6272890533590924	0.5170291055577839
MA1384.1	PHL7	Tryptophan cluster factors	GARP_G2-like	cluster_04	0.5021201589124727	0.5056342173564429	0.4275724275724276	0.2517482517482518	0.632243725266981	0.49634086843389175
MA2017.2	JUB1	GCM domain factors	NAC	cluster_47	0.5021172584449185	0.5096583622788782	0.4225774225774226	0.6403596403596403	0.6272890533590924	0.8253283878283878
MA1365.3	AT5G47660	Tryptophan cluster factors	Trihelix	cluster_10	0.5021088885242587	0.5757874457972293	0.4025974025974026	0.6223776223776224	0.6168309602044542	0.8131406264967909
MA1232.2	ERF054	AP2/EREBP	ERF/DREB	cluster_15	0.5020502990796402	0.4990784566939767	0.41358641358641357	0.6123876123876124	0.6224190011172259	0.8042198765090331
MA1706.2	AT1G14600	Tryptophan cluster factors	GARP_G2-like	cluster_04	0.502048973151615	0.5157061742364334	0.4145854145854146	0.6943056943056943	0.6226942348989594	0.8627935582332977
MA2055.1	PK00315.1	Basic leucine zipper factors (bZIP)	Group I	cluster_12	0.501805002394957	0.5035505064725232	0.4225774225774226	0.45254745254745254	0.6272890533590924	0.660217411651446
MA0129.1	TGA1A	Basic leucine zipper factors (bZIP)	Group D	cluster_14	0.501703403160018	0.5231933353530545	0.4355644355644356	0.32967032967032966	0.637880353811256	0.5652549697493517
MA0034.2	Gam1	Tryptophan cluster factors	MYB	cluster_11	0.5016196210829184	0.4998085333801114	0.4165834165834166	0.6303696303696303	0.623241464417935	0.8179796394082108
MA2024.2	MYB63	Tryptophan cluster factors	MYB	cluster_02	0.5015242371355992	0.49407958070412367	0.42957042957042957	0.7872127872127872	0.6327456327456328	0.9188619599578504
MA0097.1	bZIP911	Basic leucine zipper factors (bZIP)	Group S	cluster_14	0.5014989616326151	0.4992990340709932	0.46053946053946054	0.5604395604395604	0.663003034701148	0.7622377622377623
MA1185.2	LHY	Tryptophan cluster factors	MYB-related	cluster_13	0.5013662030890811	0.5194463056288497	0.44255744255744256	0.29270729270729273	0.641960700896062	0.5355771326994349
MA1368.3	GT-4	Tryptophan cluster factors	Trihelix	cluster_02	0.5013647942905555	0.5038723122165916	0.43956043956043955	0.3166833166833167	0.6400469759248385	0.554671872749676
MA1171.2	MYB52	Tryptophan cluster factors	MYB	cluster_11	0.5012788575804135	0.5177864356459584	0.44255744255744256	0.7872127872127872	0.641960700896062	0.9188619599578504
MA2009.2	NAC010	GCM domain factors	NAC	cluster_16	0.5012482783653298	0.5033199405110909	0.4205794205794206	0.3116883116883117	0.6272890533590924	0.5505050505050505
MA1800.1	TEM1	B3	RAV	cluster_17	0.5012243287903725	0.512074936206442	0.4645354645354645	0.4515484515484515	0.6649916687440139	0.6600219703667979
MA2392.1	GRMZM2G135447	Homeo domain factors	TALE-type HD	cluster_14	0.5012156273877066	0.5059088161329117	0.46153846153846156	0.5724275724275725	0.6631899174272056	0.7716647310286887
MA1233.3	ERF021	AP2/EREBP	ERF/DREB	cluster_15	0.5011769268634678	0.4970037258472004	0.4435564435564436	0.7282717282717283	0.6421889306139781	0.8862381637501254
MA1756.2	GRF9	C3H zinc finger factors	GRF	cluster_22	0.5011197462173762	0.5332041441678266	0.43956043956043955	0.3856143856143856	0.6400469759248385	0.6181171769407063
MA1028.1	KAN4	Tryptophan cluster factors	GARP_G2-like	cluster_04	0.5010547757441357	0.5168854886038959	0.46553446553446554	0.2057942057942058	0.6651737775333281	0.44356208762988425
MA1400.2	AT1G19000	Tryptophan cluster factors	MYB-related	cluster_05	0.500943314919507	0.49581010755478633	0.4725274725274725	0.7012987012987013	0.672646383467279	0.8672462059820245
MA1733.2	ASR3	Tryptophan cluster factors	Trihelix	cluster_02	0.5008878745539495	0.5034376648991696	0.4515484515484515	0.37462537462537465	0.6525217207035389	0.6133887571655813
MA1213.3	ZHD3	Homeo domain factors	PLINC	cluster_09	0.5008049211818661	0.5107057886754434	0.4755244755244755	0.4325674325674326	0.6743962357345257	0.6510162988762211
MA1030.2	P0510F09.23	Tryptophan cluster factors	MYB	cluster_02	0.5007566905499451	0.5526065388119137	0.4855144855144855	0.7282717282717283	0.6798714106406414	0.8862381637501254
MA1738.1	ATMYB31	Tryptophan cluster factors	Myb	cluster_02	0.5006633783651641	0.5022345257618039	0.48451548451548454	0.4075924075924076	0.6798714106406414	0.6359775194131022
MA2371.1	MYB31	Tryptophan cluster factors	MYB	cluster_02	0.5006633783651641	0.5022345257618039	0.43756243756243757	0.36663336663336665	0.639578811992605	0.6041927834584423
MA1208.2	GT-2	Tryptophan cluster factors	Trihelix	cluster_10	0.5006375227686702	0.5106175929143482	0.45754245754245754	0.1048951048951049	0.6599336391396883	0.3280121517826436
MA1026.3	ATHB-15	Homeo domain factors	HD-ZIP	cluster_09	0.5006000653019552	0.5029074161718922	0.4865134865134865	0.34765234765234765	0.6798714106406414	0.582986244524706
MA2013.2	ERF115	AP2/EREBP	ERF/DREB	cluster_24	0.5003760663361784	0.495339739091986	0.4865134865134865	0.7042957042957043	0.6798714106406414	0.8679675163546131
MA1205.1	AGL6	MADS box factors	MIKC	cluster_23	0.5003727515161156	0.502363943500459	0.4835164835164835	0.3916083916083916	0.6798714106406414	0.6224941724941725
MA2034.2	NAC057	GCM domain factors	NAC	cluster_25	0.5003109301219357	0.5729622481255444	0.4695304695304695	0.42657342657342656	0.6696294359845761	0.6457847707847707
MA0589.2	WRKY1	GCM domain factors	WRKY	cluster_10	0.5002613735619903	0.5032432210479335	0.4755244755244755	0.34065934065934067	0.6743962357345257	0.5763261129114788
MA1178.3	MYB3R1	Tryptophan cluster factors	MYB	cluster_11	0.5002467883537113	0.5023439935788796	0.4835164835164835	0.4805194805194805	0.6798714106406414	0.6865849506298944
MA1182.2	RVE8	Tryptophan cluster factors	MYB-related	cluster_13	0.5002317059224235	0.5110312188472613	0.4855144855144855	0.6013986013986014	0.6798714106406414	0.7992267697640314
MA1335.1	TGA4	Basic leucine zipper factors (bZIP)	Group D	cluster_14	0.5000959640408326	0.49829670550800187	0.46253746253746253	0.5714285714285714	0.6633760975866239	0.7716647310286887
MA2411.1	ZmbZIP57	Basic leucine zipper factors (bZIP)	S	cluster_14	0.5000339769056481	0.507154746183352	0.4975024975024975	0.22677322677322678	0.6914287897894454	0.47382347382347384
MA1737.2	AT5G05090	Tryptophan cluster factors	GARP_G2-like	cluster_13	0.49988920213938504	0.5145791670978151	0.4835164835164835	0.6403596403596403	0.6798714106406414	0.8253283878283878
MA2405.1	OsMSL08	Tryptophan cluster factors	Trihelix	cluster_10	0.4998194251770528	0.6327307781917766	0.5334665334665335	0.47652347652347654	0.7255525223439663	0.6847220576034135
MA2021.2	LBD13	Other C4 zinc finger-type factors	LBD	cluster_48	0.4997614158259455	0.5002641395841636	0.4885114885114885	0.8301698301698301	0.6814154766622774	0.9411880838329575
MA2028.2	MYB49	Tryptophan cluster factors	MYB	cluster_02	0.4997510570132478	0.5094250542044491	0.5244755244755245	0.12187812187812187	0.7171591849011204	0.3551335028607756
MA1162.1	TCX2	CPP	NA	cluster_06	0.4997399523660342	0.49082076275477704	0.5034965034965035	0.8551448551448552	0.6984869675778768	0.9508555491088242
MA1179.2	MYB1	Tryptophan cluster factors	MYB	cluster_11	0.4997140967695421	0.5170808003699515	0.4955044955044955	0.8061938061938062	0.689908631514471	0.92843998107156
MA1346.2	TGA10	Basic leucine zipper factors (bZIP)	Group D	cluster_14	0.499686832374522	0.49855061511782717	0.5094905094905094	0.5864135864135864	0.7042414107631498	0.7849711691816955
MA1273.2	DOF4.2	Other C4 zinc finger-type factors	DOF	cluster_03	0.499579763686477	0.503805847448484	0.5444555444555444	0.3946053946053946	0.73525589454793	0.625954087492549
MA1234.2	ERF017	AP2/EREBP	ERF/DREB	cluster_15	0.49956070347111314	0.5056896933168744	0.5314685314685315	0.33166833166833165	0.7241258741258741	0.5674056884819216
MA1376.2	DEAR3	AP2/EREBP	ERF/DREB	cluster_24	0.49955249929145695	0.5018674532800319	0.5134865134865135	0.7542457542457542	0.7084813920256959	0.9006095625813935
MA2404.1	OsTRBF3	Tryptophan cluster factors	MYB-related	cluster_02	0.4995421404787594	0.5220952780896382	0.5394605394605395	0.8531468531468531	0.7298021127808363	0.9508555491088242
MA1244.2	ABR1	AP2/EREBP	ERF/DREB	cluster_24	0.4994754297249878	0.4966554315386097	0.5084915084915085	0.6253746253746254	0.7041361542268983	0.8142676436191795
MA2035.2	NAC075	GCM domain factors	NAC	cluster_16	0.4994130282372965	0.5001324839599826	0.5354645354645354	0.5084915084915085	0.7269740935221362	0.7184796684796685
MA0998.2	ERF096	AP2/EREBP	ERF/DREB	cluster_24	0.4991942501131183	0.5208022524729505	0.5214785214785215	0.22277722277722278	0.7143413139822475	0.46826176578242695
MA1024.2	HAT1	Homeo domain factors	HD-ZIP	cluster_09	0.4990808003964525	0.5211300245294601	0.5194805194805194	0.6703296703296703	0.7141687141687141	0.8453909726636999
MA0976.3	CRF4	AP2/EREBP	ERF/DREB	cluster_24	0.4990651378716531	0.4916677871677768	0.5164835164835165	0.8561438561438561	0.711330186059428	0.9508555491088242
MA2419.1	UB3	C3H(C),C2HC zinc-fingers like factors	SBP	cluster_26	0.4990608286055716	0.5006573238006857	0.5304695304695305	0.4595404595404595	0.7240576954351552	0.6691400202850585
MA1210.3	HAT22	Homeo domain factors	HD-ZIP	cluster_09	0.4987794832527008	0.5097025343822504	0.5764235764235764	0.4785214785214785	0.7675587937368042	0.6850129232868445
MA1356.1	TRP2	Tryptophan cluster factors	Myb-related	cluster_34	0.49876456656241647	0.49737483230982027	0.5574425574425574	0.6323676323676324	0.7501387501387501	0.8191791230840466
MA1069.3	TGA6	Basic leucine zipper factors (bZIP)	Group D	cluster_14	0.4987199822325646	0.5047584581528167	0.5884115884115884	0.32667332667332666	0.7767440172284462	0.5648113148113147
MA0992.3	ERF4	AP2/EREBP	ERF/DREB	cluster_24	0.4986565862988551	0.5004274988070104	0.5654345654345654	0.5324675324675324	0.758225984541774	0.7400231826461333
MA2354.1	PK06182.1	Tryptophan cluster factors	MYB	cluster_02	0.4986550946298259	0.506386570163923	0.5204795204795205	0.2997002997002997	0.7142551692911405	0.542396138140819
MA2052.2	ZAT6	C2H2 zinc finger factors	C2H2	cluster_09	0.49865426592481016	0.519720164171052	0.5914085914085914	0.7452547452547452	0.7793519088855877	0.8997300168186244
MA1355.2	TRB2	Tryptophan cluster factors	MYB-related	cluster_02	0.49851338607212176	0.49673077875569005	0.5524475524475524	0.7542457542457542	0.7447305344831846	0.9006095625813935
MA1406.2	ATHB-4	Homeo domain factors	HD-ZIP	cluster_09	0.4984945744682615	0.5031288110353819	0.5664335664335665	0.4865134865134865	0.758225984541774	0.6938500751584864
MA2083.1	PK21166.1	Tryptophan cluster factors	MYB	cluster_02	0.49844054290123	0.5010929478225623	0.5694305694305695	0.5294705294705294	0.7609028449658923	0.7400231826461333
MA1366.2	DF1	Tryptophan cluster factors	Trihelix	cluster_10	0.49838153910410354	0.5300970710915055	0.5384615384615384	0.6673326673326674	0.7297445006148381	0.8444026951489638
MA1414.2	E2FA	Fork head/winged helix factors	E2F	cluster_44	0.49818894805842684	0.5166779276510497	0.5664335664335665	0.7032967032967034	0.758225984541774	0.8679675163546131
MA1212.2	ATHB-13	Homeo domain factors	HD-ZIP	cluster_09	0.4981344192683862	0.544332033182485	0.5754245754245755	0.7002997002997003	0.7675587937368042	0.8672462059820245
MA1293.2	MYB57	Tryptophan cluster factors	MYB	cluster_02	0.49812049702412053	0.5082378770960789	0.5954045954045954	0.1918081918081918	0.783156808885797	0.436864627909404
MA2088.1	PK24580.1	AP2/EREBP	ERF/DREB	cluster_15	0.4980771557517929	0.5050168238256277	0.5984015984015985	0.35364635364635366	0.783156808885797	0.5865916692003649
MA1415.2	REF6	C2H2 zinc finger factors	Jumonji	cluster_11	0.4980518802488097	0.5077670776842756	0.5844155844155844	0.5744255744255744	0.7767440172284462	0.7729924396591062
MA2038.2	NAC103	GCM domain factors	NAC	cluster_25	0.49797066715726	0.5613208975364601	0.5874125874125874	0.5254745254745254	0.7767440172284462	0.7383739648933019
MA1177.2	MYB65	Tryptophan cluster factors	MYB	cluster_11	0.4978961665763378	0.500071389385783	0.6133866133866134	0.7862137862137862	0.7959421530850103	0.9188619599578504
MA2032.2	TRB1	Tryptophan cluster factors	MYB-related	cluster_02	0.4978283785060439	0.5047958950734565	0.5854145854145855	0.7532467532467533	0.7767440172284462	0.9006095625813935
MA0585.2	AGL1	MADS box factors	Type II	cluster_23	0.49775520385314614	0.49715211441609547	0.6023976023976024	0.6463536463536463	0.785691231845078	0.8302488757034212
MA2019.2	HSFA1B	Heat shock factors	HSF	cluster_04	0.4976899018979005	0.5235524691775784	0.6013986013986014	0.32167832167832167	0.785691231845078	0.5603665740652042
MA1183.2	RVE6	Tryptophan cluster factors	MYB-related	cluster_13	0.49764780368309686	0.5166191464826747	0.5974025974025974	0.37962037962037964	0.783156808885797	0.6136659950219273
MA1184.2	RVE1	Tryptophan cluster factors	MYB-related	cluster_13	0.49763653329488156	0.527850732420528	0.6063936063936064	0.44255744255744256	0.7895534499630062	0.6533466533466534
MA1168.2	MYR2	Tryptophan cluster factors	GARP_G2-like	cluster_04	0.49752921599533295	0.5124322721825593	0.5874125874125874	0.6993006993006993	0.7767440172284462	0.8672462059820245
MA1190.2	RVE5	Tryptophan cluster factors	MYB-related	cluster_13	0.49751637106758767	0.509815965657829	0.6343656343656343	0.6693306693306693	0.8128847896289757	0.8453909726636999
MA2091.1	PK27109.1	Basic leucine zipper factors (bZIP)	Group I	cluster_12	0.49749979696727126	0.5052857011870739	0.5964035964035964	0.37962037962037964	0.783156808885797	0.6136659950219273
MA2072.1	PK16335.1	Basic leucine zipper factors (bZIP)	Group D	cluster_12	0.49744361076719834	0.5079566715019557	0.6403596403596403	0.28771228771228774	0.8128847896289757	0.5315362603498197
MA2345.1	OS02G0104500	Tryptophan cluster factors	Trihelix	cluster_10	0.49735386201398524	0.6909162718882506	0.6553446553446554	0.6573426573426573	0.823769311413463	0.8410023310023311
MA1734.1	AT1G19040	GCM domain factors	NAC	cluster_16	0.49723693173625416	0.5097740630527503	0.6113886113886113	0.15184815184815184	0.7947010400162018	0.3901014810105719
MA1405.2	SIZF2	C2H2 zinc finger factors	C2H2	cluster_35	0.49711312320688966	0.5001638629723087	0.6393606393606394	0.5464535464535465	0.8128847896289757	0.747211569792215
MA1173.2	MYB101	Tryptophan cluster factors	MYB	cluster_11	0.49707748889120906	0.49534574874992937	0.6293706293706294	0.8561438561438561	0.809717218808128	0.9508555491088242
MA1269.2	DOF4.5	Other C4 zinc finger-type factors	DOF	cluster_03	0.4970529592227422	0.4950125669392716	0.6393606393606394	0.7412587412587412	0.8128847896289757	0.8975319450755267
MA1809.2	GLYMA-07G038400	C3H zinc finger factors	GRF	cluster_22	0.4969448960886781	0.5051533020822784	0.6203796203796204	0.6613386613386614	0.802287542965509	0.8410023310023311
MA1673.2	LBD18	Other C4 zinc finger-type factors	LBD	cluster_15	0.4968970798092657	0.5002749297996543	0.6303696303696303	0.7532467532467533	0.809717218808128	0.9006095625813935
MA1813.2	EIL4	EIL	NA	cluster_46	0.49681694403423543	0.5026181083934496	0.6193806193806194	0.7522477522477522	0.802287542965509	0.9006095625813935
MA1427.3	NAC028	GCM domain factors	NAC	cluster_25	0.4968009500274302	0.5713723082498822	0.6393606393606394	0.5454545454545454	0.8128847896289757	0.747184592786029
MA1235.1	AIL7	AP2/EREBP	AP2	cluster_31	0.49672727815152296	0.5034949393959339	0.6733266733266733	0.35064935064935066	0.8367235370492699	0.5854386313904913
MA1167.2	EFM	Tryptophan cluster factors	GARP_G2-like	cluster_04	0.49668095354113934	0.49963115751854836	0.6463536463536463	0.6643356643356644	0.8178571014391909	0.8434078400800531
MA1211.2	ATHB-X	Homeo domain factors	HD-ZIP	cluster_09	0.49663603772928167	0.49377167390327115	0.6403596403596403	0.8621378621378621	0.8128847896289757	0.9516957031407899
MA2398.1	AS2	Other C4 zinc finger-type factors	LBD	cluster_37	0.4966182205714422	0.4923124866669051	0.6303696303696303	0.8201798201798202	0.809717218808128	0.9368221598760521
MA1219.3	ERF011	AP2/EREBP	ERF/DREB	cluster_15	0.49660098350711296	0.5166222560491263	0.6283716283716284	0.41858141858141856	0.809717218808128	0.6430903765573105
MA1203.1	AGL63	MADS box factors	MIKC	cluster_23	0.4965705700330322	0.5055386439078966	0.6523476523476524	0.2597402597402597	0.8213552124443214	0.503655837833053
MA2082.1	PK20392.1	Homeo domain factors	HD-ZIP	cluster_09	0.49641759108711175	0.7297021588938917	0.8091908091908092	0.8091908091908092	0.9039715774708454	0.92843998107156
MA0582.2	RAV1	B3	RAV	cluster_17	0.4963918183611199	0.6121284799023984	0.6793206793206793	0.6843156843156843	0.8400675499540977	0.8556492527080762
MA1354.1	AT4G12670	Tryptophan cluster factors	Myb-related	cluster_34	0.4962052768620593	0.49931851762778684	0.6413586413586414	0.5184815184815185	0.8128847896289757	0.7298918793383737
MA1020.1	GT-1	Tryptophan cluster factors	Trihelix	cluster_18	0.4960784849946387	0.5091130513451161	0.6503496503496503	0.6883116883116883	0.8201930301103855	0.8567403232982351
MA1744.2	BZIP30	Basic leucine zipper factors (bZIP)	Group I	cluster_12	0.496060336354792	0.5015578803696563	0.6493506493506493	0.4205794205794206	0.8201930301103855	0.6430903765573105
MA1186.2	YAB4	Tryptophan cluster factors	MYB-related	cluster_05	0.4960357238158225	0.49298157943103177	0.6353646353646354	0.8071928071928072	0.8128847896289757	0.92843998107156
MA1181.2	MYB113	Tryptophan cluster factors	MYB	cluster_11	0.49587520365425775	0.5022728872346917	0.6733266733266733	0.4005994005994006	0.8367235370492699	0.6315234352424435
MA1209.2	ATHB-20	Homeo domain factors	HD-ZIP	cluster_09	0.4958686568846325	0.5439406941917426	0.6923076923076923	0.7492507492507493	0.851985111662531	0.9006095625813935
MA1666.3	HSFB2B	Heat shock factors	HSF	cluster_04	0.49572156174432336	0.5011777920540771	0.6793206793206793	0.4355644355644356	0.8400675499540977	0.6510162988762211
MA1416.1	RAMOSA1	C2H2 zinc finger factors	C2H2	cluster_21	0.4956873362271724	0.49834626782391006	0.6653346653346653	0.7662337662337663	0.8335802128905577	0.9078204404291361
MA1006.2	ERF6	AP2/EREBP	ERF/DREB	cluster_15	0.49567648019146404	0.5000870587573599	0.6623376623376623	0.5804195804195804	0.8311901913875598	0.7796526847493455
MA1001.4	ERF076	AP2/EREBP	ERF/DREB	cluster_24	0.4956115097182232	0.49118987190522756	0.6693306693306693	0.8511488511488512	0.8358417360054021	0.9508555491088242
MA1161.1	TSO1	CPP	NA	cluster_06	0.49559278098486287	0.49032566315573306	0.6763236763236763	0.8831168831168831	0.8390812439592927	0.9650649779405145
MA2037.2	NAC096	GCM domain factors	NAC	cluster_25	0.49548952433989507	0.542615171805679	0.6673326673326674	0.4065934065934066	0.8347128281554511	0.6359775194131022
MA1819.2	Zm00001d005892	AP2/EREBP	ERF/DREB	cluster_24	0.49533571668895887	0.4952274126895887	0.6953046953046953	0.8461538461538461	0.8529219976165314	0.950832672482157
MA0567.1	ERF1B	AP2/EREBP	ERF/DREB	cluster_24	0.495274061035782	0.4985597374748574	0.6723276723276723	0.6403596403596403	0.8367235370492699	0.8253283878283878
MA1247.2	ERF087	AP2/EREBP	ERF/DREB	cluster_24	0.495116192730268	0.49312876206109935	0.6853146853146853	0.7952047952047953	0.8461085839726616	0.9220991774183264
MA0001.3	AGL3	MADS box factors	Type II	cluster_23	0.4950755033139915	0.49732375728485484	0.6983016983016983	0.7172827172827173	0.8552234282571362	0.8798821757021115
MA0934.1	AHL25	A.T hook factors	AHL	cluster_09	0.49497887630914644	0.5534178791248634	0.7182817182817183	0.6753246753246753	0.871128871128871	0.8488842294443613
MA1767.2	MYB23	Tryptophan cluster factors	MYB	cluster_45	0.49493918133888903	0.7075398454238262	0.7902097902097902	0.8111888111888111	0.9023801310796826	0.9293349293349292
MA1825.2	Zm00001d044409	Tryptophan cluster factors	MYB-related	cluster_05	0.4949355350368193	0.629387470837191	0.7062937062937062	0.7382617382617382	0.8608659710896132	0.8955384837737779
MA2350.1	OsFBH1	Basic helix-loop-helix factors (bHLH)	bHLH	cluster_07	0.49485200157122466	0.5367632185611739	0.7182817182817183	0.4245754245754246	0.871128871128871	0.6440378706780296
MA1040.1	MYB46	Tryptophan cluster factors	Myb	cluster_02	0.4947570319764118	0.5084016604539259	0.6883116883116883	0.4385614385614386	0.8484358936701425	0.6510162988762211
MA2053.2	NAC105	GCM domain factors	NAC	cluster_25	0.4947315907324262	0.49395561064944316	0.6943056943056943	0.8231768231768232	0.8529219976165314	0.9374386807222628
MA1390.3	HHO2	Tryptophan cluster factors	GARP_G2-like	cluster_04	0.49466960359724277	0.5166901518674422	0.7212787212787213	0.46053946053946054	0.8721642857934458	0.6693173493173493
MA2010.2	SMB	GCM domain factors	NAC	cluster_25	0.4944977301769618	0.5268020211925665	0.7172827172827173	0.6603396603396603	0.871128871128871	0.8410023310023311
MA1386.3	HHO3	Tryptophan cluster factors	GARP_G2-like	cluster_04	0.4944933380403779	0.5329643057343002	0.7362637362637363	0.4925074925074925	0.8805160356884496	0.7010880910134641
MA1387.2	HRS1	Tryptophan cluster factors	GARP_G2-like	cluster_04	0.4944688083719096	0.5018169426716159	0.7232767232767233	0.4155844155844156	0.8731964238293353	0.6418844313581157
MA1323.2	GATA19	Other C4 zinc finger-type factors	C4-GATA-related	cluster_13	0.49444311851641976	0.49175692409497973	0.7192807192807192	0.919080919080919	0.871128871128871	0.9827460439421496
MA2048.2	NAC045	GCM domain factors	NAC	cluster_25	0.4944369860993019	0.5138631552396321	0.7042957042957043	0.4725274725274725	0.8598041958041959	0.6802612481857765
MA0584.2	SEP1	MADS box factors	Type II	cluster_23	0.4942436492191101	0.49873401880845913	0.7262737262737263	0.5404595404595405	0.8754294678465295	0.7470482416134591
MA0573.2	ATHB-9	Homeo domain factors	HD-ZIP	cluster_09	0.49421588760108104	0.49414619431740575	0.7302697302697303	0.7612387612387612	0.877111899089921	0.9075393356643356
MA2409.1	ZmbZIP25	Basic leucine zipper factors (bZIP)	D	cluster_14	0.4942023797093229	0.5042976409414137	0.7532467532467533	0.35364635364635366	0.8906518520119756	0.5865916692003649
MA1246.2	LEP	AP2/EREBP	ERF/DREB	cluster_24	0.4941765241128308	0.4913450722456333	0.7292707292707292	0.8621378621378621	0.877111899089921	0.9516957031407899
MA1815.2	GRF4	C3H zinc finger factors	GRF	cluster_12	0.49412655320037596	0.5018765634807695	0.7042957042957043	0.7252747252747253	0.8598041958041959	0.8862381637501254
MA1242.1	DREB2F	AP2/EREBP	ERF/DREB	cluster_24	0.4941194263372389	0.48844731741854336	0.7512487512487512	0.9330669330669331	0.8906518520119756	0.9871084594076284
MA1778.2	MYB80	Tryptophan cluster factors	MYB	cluster_02	0.4940774938634389	0.4933097997096079	0.7432567432567433	0.8081918081918081	0.8872923951048951	0.92843998107156
MA1391.3	MYB33	Tryptophan cluster factors	MYB	cluster_11	0.4939178024068909	0.4879589976771943	0.7532467532467533	0.9560439560439561	0.8906518520119756	0.9945387945387946
MA2420.1	SBP6	C3H(C),C2HC zinc-fingers like factors	SBP	cluster_26	0.49387620141509675	0.5212279436963474	0.7552447552447552	0.6793206793206793	0.8906518520119756	0.8525027603974972
MA1192.2	DIV1	Tryptophan cluster factors	MYB-related	cluster_05	0.4938226670710746	0.4940302815081757	0.7312687312687313	0.7792207792207793	0.877111899089921	0.9158579881656804
MA1038.2	MYB3	Tryptophan cluster factors	MYB	cluster_02	0.493691565937572	0.5091960073961465	0.7322677322677322	0.30569430569430567	0.877111899089921	0.5475228996355757
MA0574.1	MYB15	Tryptophan cluster factors	Myb	cluster_02	0.49354339348074255	0.49888894167332926	0.7442557442557443	0.5454545454545454	0.8872923951048951	0.747184592786029
MA0121.2	ARR10	Tryptophan cluster factors	GARP_ARR-B	cluster_13	0.4934988091508921	0.5102176342150888	0.7502497502497503	0.8321678321678322	0.8906518520119756	0.9420534954659584
MA1818.1	Zm00001d052229	AP2/EREBP	ERF/DREB	cluster_24	0.4934938369207976	0.4936326969024965	0.7482517482517482	0.7882117882117882	0.8906518520119756	0.9188619599578504
MA1240.2	ERF077	AP2/EREBP	ERF/DREB	cluster_24	0.49336066402475626	0.48891995493379453	0.7812187812187812	0.932067932067932	0.9001993481631491	0.9871084594076284
MA1827.2	Zm00001d044785	Tryptophan cluster factors	GARP_G2-like	cluster_05	0.49334226677340387	0.5209599944800932	0.7552447552447552	0.8281718281718282	0.8906518520119756	0.9403200965700966
MA1832.2	Zm00001d002364	AP2/EREBP	ERF/DREB	cluster_24	0.4932933731774706	0.4936951187134075	0.7792207792207793	0.7982017982017982	0.9001993481631491	0.9227696545878363
MA2344.1	REV	Homeo domain factors	HD-ZIP	cluster_09	0.4932840916812947	0.4975081107374936	0.7572427572427572	0.6293706293706294	0.89143060329501	0.8179796394082108
MA2031.2	AT5G04760	Tryptophan cluster factors	MYB-related	cluster_05	0.4931641780655043	0.5121643275491996	0.7582417582417582	0.6433566433566433	0.89143060329501	0.8277927805752426
MA1353.2	AT1G72740	Tryptophan cluster factors	MYB-related	cluster_02	0.4930669709671489	0.49940560848762117	0.7682317682317682	0.6553446553446554	0.8976429389905652	0.8403831462654993
MA1245.3	ERF112	AP2/EREBP	ERF/DREB	cluster_24	0.4930451760252334	0.4913677769349944	0.7602397602397603	0.8761238761238761	0.8924045185583647	0.9604633871875251
MA2360.1	PK28565.1	Tryptophan cluster factors	MYB	cluster_11	0.4929788796239667	0.49633356948438095	0.7782217782217782	0.8351648351648352	0.9001993481631491	0.9440455840455841
MA1398.3	KUA1	Tryptophan cluster factors	MYB-related	cluster_05	0.492914654985241	0.5052612573473768	0.7932067932067932	0.5484515484515484	0.9024714158245315	0.7472652347652348
MA1174.2	MYB56	Tryptophan cluster factors	MYB	cluster_11	0.4929091026616351	0.4893778213199554	0.7862137862137862	0.922077922077922	0.9005147775762469	0.9827460439421496
MA1742.2	BZIP18	Basic leucine zipper factors (bZIP)	Group I	cluster_12	0.49289029105777515	0.49923217870180525	0.7672327672327672	0.5444555444555444	0.8976429389905652	0.747184592786029
MA1193.2	AT2G38090	Tryptophan cluster factors	MYB-related	cluster_05	0.4928113983402698	0.4872402178807092	0.7952047952047953	0.9630369630369631	0.9024714158245315	0.9953443038693377
MA1266.2	RAP2-11	AP2/EREBP	ERF/DREB	cluster_24	0.49275736677323956	0.4945188328115244	0.7782217782217782	0.7492507492507493	0.9001993481631491	0.9006095625813935
MA1388.2	PHL2	Tryptophan cluster factors	GARP_G2-like	cluster_04	0.4927536376006671	0.5776042178388858	0.7702297702297702	0.7692307692307693	0.8983932098435914	0.9085496546796857
MA1803.2	VIP1	Basic leucine zipper factors (bZIP)	Group I	cluster_12	0.4927040810407211	0.49904612739491305	0.7822177822177823	0.5454545454545454	0.9001993481631491	0.747184592786029
MA2421.1	SBP8	C3H(C),C2HC zinc-fingers like factors	SBP	cluster_26	0.49269836297611186	0.5076607975693287	0.7972027972027972	0.7422577422577422	0.9024714158245315	0.8975319450755267
MA1252.2	ERF086	AP2/EREBP	ERF/DREB	cluster_24	0.49262916610729224	0.49057427162285255	0.7712287712287712	0.8841158841158842	0.8983932098435914	0.9650649779405145
MA2412.1	ZmbZIP72	Basic leucine zipper factors (bZIP)	S	cluster_14	0.4925374284620394	0.5042136316068804	0.7822177822177823	0.35064935064935066	0.9001993481631491	0.5854386313904913
MA2036.2	NAC076	GCM domain factors	NAC	cluster_25	0.4925243349227896	0.5501254589207669	0.7672327672327672	0.7272727272727273	0.8976429389905652	0.8862381637501254
MA1198.2	HAT2	Homeo domain factors	HD-ZIP	cluster_09	0.4924440334067567	0.543147270443544	0.7762237762237763	0.5024975024975025	0.9001993481631491	0.7113276334055554
MA1039.1	MYB4	Tryptophan cluster factors	Myb	cluster_02	0.4924400556226803	0.4971910332419653	0.7912087912087912	0.7892107892107892	0.9023801310796826	0.9188619599578504
MA1005.3	ERF082	AP2/EREBP	ERF/DREB	cluster_24	0.4923509698334812	0.49134774108245133	0.7802197802197802	0.8781218781218781	0.9001993481631491	0.9612725868106069
MA1169.1	MYB105	Tryptophan cluster factors	Myb	cluster_11	0.49227588915904785	0.4883235386794836	0.7992007992007992	0.926073926073926	0.9029759014987966	0.9827460439421496
MA2029.2	MYB88	Tryptophan cluster factors	MYB	cluster_49	0.49225856922421635	0.4964064690295075	0.7972027972027972	0.6823176823176823	0.9024714158245315	0.8548577858922686
MA1343.2	BZIP52	Basic leucine zipper factors (bZIP)	Group I	cluster_12	0.4921756158521322	0.5004784241576702	0.8011988011988012	0.7232767232767233	0.9029759014987966	0.8858108183950882
MA2050.2	NAC101	GCM domain factors	NAC	cluster_25	0.4921689033415043	0.5218170128686578	0.7862137862137862	0.8021978021978022	0.9005147775762469	0.9259862678924706
MA1754.2	ERF073	AP2/EREBP	ERF/DREB	cluster_24	0.49208263514935713	0.4912936098174692	0.7962037962037962	0.8631368631368631	0.9024714158245315	0.9516957031407899
MA2367.1	WIP5	C2H2 zinc finger factors	C2H2	cluster_05	0.4920765856027441	0.49118513037206435	0.7872127872127872	0.8601398601398601	0.9005147775762469	0.9516957031407899
MA2044.2	NAC007	GCM domain factors	NAC	cluster_25	0.4919664507061395	0.5495791477545404	0.8141858141858141	0.7982017982017982	0.9055740178189158	0.9227696545878363
MA1250.2	DREB2D	AP2/EREBP	ERF/DREB	cluster_24	0.49194871641880117	0.48505033439305223	0.8191808191808192	0.972027972027972	0.906952467822033	0.9965363495564838
MA1747.2	DOF4.3	Other C4 zinc finger-type factors	DOF	cluster_03	0.49183452086762003	0.4920007244356256	0.8071928071928072	0.8411588411588412	0.9039715774708454	0.9480121060623277
MA2041.2	MYB13	Tryptophan cluster factors	MYB	cluster_02	0.4918141347242319	0.49418097890318474	0.8011988011988012	0.7912087912087912	0.9029759014987966	0.9188619599578504
MA1221.1	RAP2-6	AP2/EREBP	ERF/DREB	cluster_24	0.4918077536956103	0.48937242973552414	0.8231768231768232	0.9100899100899101	0.908949227328388	0.9794056437215818
MA1380.1	TCX6	CPP	NA	cluster_06	0.49172935820111463	0.4925616649947989	0.7872127872127872	0.7902097902097902	0.9005147775762469	0.9188619599578504
MA1248.2	ERF012	AP2/EREBP	ERF/DREB	cluster_15	0.4916841937777518	0.4996813229256081	0.8201798201798202	0.6863136863136863	0.906952467822033	0.8556492527080762
MA1027.2	KAN1	Tryptophan cluster factors	GARP_G2-like	cluster_04	0.49161549413193983	0.6893772326581661	0.8791208791208791	0.8601398601398601	0.9420916162489196	0.9516957031407899
MA1379.1	SOL1	CPP	NA	cluster_06	0.49154770606164416	0.4880080795696212	0.8051948051948052	0.945054945054945	0.9034759358288771	0.9918527139985187
MA1771.2	MYB41	Tryptophan cluster factors	MYB	cluster_02	0.49151174026395966	0.5032494374227647	0.8131868131868132	0.3826173826173826	0.9055740178189158	0.6146043430253956
MA1817.2	Zm00001d020267	AP2/EREBP	ERF/DREB	cluster_24	0.49146350963204016	0.49020549258622015	0.8031968031968032	0.8891108891108891	0.9034759358288771	0.9677483714573586
MA1766.2	MYB17	Tryptophan cluster factors	MYB	cluster_02	0.49144751562523314	0.4900589682050691	0.8081918081918081	0.8971028971028971	0.9039715774708454	0.9730694837077815
MA1204.1	AGL13	MADS box factors	MIKC	cluster_23	0.4914279581868599	0.4975044853729031	0.8041958041958042	0.6103896103896104	0.9034759358288771	0.8042198765090331
MA1260.2	ERF013	AP2/EREBP	ERF/DREB	cluster_15	0.4913355575775964	0.49232903650267323	0.8191808191808192	0.8371628371628371	0.906952467822033	0.9449042082178176
MA1164.2	HHO5	Tryptophan cluster factors	GARP_G2-like	cluster_04	0.49129379084479846	0.5321635131551813	0.8121878121878122	0.6033966033966034	0.9055740178189158	0.7992267697640314
MA1820.2	Zm00001d024324	AP2/EREBP	ERF/DREB	cluster_24	0.49116012072574705	0.49313300550462497	0.8271728271728271	0.8221778221778222	0.9120417155099236	0.9374386807222628
MA1195.2	AT5G56840	Tryptophan cluster factors	MYB-related	cluster_05	0.4911070007342315	0.49121834013788984	0.8411588411588412	0.8711288711288712	0.916863136863137	0.9574583689691604
MA1396.2	GATA6	Other C4 zinc finger-type factors	C4-GATA-related	cluster_13	0.4910632451093975	0.49179670803946535	0.8411588411588412	0.8501498501498501	0.916863136863137	0.9508555491088242
MA1239.2	ERF104	AP2/EREBP	ERF/DREB	cluster_24	0.4910487427716218	0.4902802195230432	0.8411588411588412	0.8911088911088911	0.916863136863137	0.9685414300798917
MA1189.2	AT5G61620	Tryptophan cluster factors	MYB-related	cluster_05	0.49091905043664547	0.48658626336802885	0.8321678321678322	0.951048951048951	0.9149049797464784	0.9937244697846612
MA1821.2	Zm00001d020595	AP2/EREBP	ERF/DREB	cluster_24	0.49082424658283536	0.4901164992191969	0.8351648351648352	0.8861138861138861	0.9155614500442086	0.9658641358641359
MA1746.1	BZIP69	Basic leucine zipper factors (bZIP)	Group I	cluster_12	0.4906723449534346	0.4993329873610817	0.8311688311688312	0.5414585414585414	0.9149049797464784	0.7470757091010255
MA1226.2	DREB2G	AP2/EREBP	ERF/DREB	cluster_24	0.49065825696816523	0.48871849579159804	0.8171828171828172	0.9050949050949051	0.906952467822033	0.9764825569910316
MA1194.2	AT3G10580	Tryptophan cluster factors	MYB-related	cluster_05	0.49057994434417246	0.4857193744821648	0.8351648351648352	0.968031968031968	0.9155614500442086	0.9965363495564838
MA1000.3	ERF105	AP2/EREBP	ERF/DREB	cluster_24	0.4904020213772741	0.4890323546146513	0.8471528471528471	0.9170829170829171	0.919456077350814	0.9827460439421496
MA0005.3	AG	MADS box factors	Type II	cluster_23	0.49006200370928205	0.4945899154326751	0.8491508491508492	0.7652347652347652	0.9203154799745709	0.9078204404291361
MA1046.1	NTL9	GCM domain factors	NAC	cluster_32	0.4900008452791161	0.495604685600294	0.8441558441558441	0.955044955044955	0.9188172740241213	0.9945387945387946
MA1753.2	ERF057	AP2/EREBP	ERF/DREB	cluster_24	0.48988921871348656	0.48457647859133585	0.8461538461538461	0.98001998001998	0.919456077350814	0.9965403989150692
MA2106.1	Zm00001d024644	Tryptophan cluster factors	MYB-related	cluster_05	0.4898852409294096	0.49838684415895157	0.8551448551448552	0.6853146853146853	0.9241862952911111	0.8556492527080762
MA2343.1	MYB3R3	Tryptophan cluster factors	MYB	cluster_11	0.4898435570671135	0.5075540316914967	0.8371628371628371	0.3106893106893107	0.9164350713848561	0.5505050505050505
MA1324.1	GATA20	Other C4 zinc finger-type factors	C4-GATA-related	cluster_13	0.4894417180049423	0.4932099415733632	0.8731268731268731	0.9020979020979021	0.939627368400288	0.9749301689811604
MA2025.2	MYB93	Tryptophan cluster factors	MYB	cluster_02	0.4893331576478702	0.492532276013439	0.8551448551448552	0.98001998001998	0.9241862952911111	0.9965403989150692
MA1228.2	ERF091	AP2/EREBP	ERF/DREB	cluster_24	0.4891970842842725	0.48901713626353926	0.8621378621378621	0.906093906093906	0.9291118486033741	0.9764825569910316
MA1231.3	ERF15	AP2/EREBP	ERF/DREB	cluster_24	0.4891367545591214	0.496686078349452	0.8761238761238761	0.7642357642357642	0.9415246725105879	0.9078204404291361
MA1257.2	ERF9	AP2/EREBP	ERF/DREB	cluster_37	0.48912888186147074	0.485939294285613	0.8911088911088911	0.957042957042957	0.9469583341449637	0.9945387945387946
MA1761.2	HSFB3	Heat shock factors	HSF	cluster_04	0.4890252108639927	0.49377935437340653	0.8621378621378621	0.7802197802197802	0.9291118486033741	0.9158579881656804
MA1175.2	MYB81	Tryptophan cluster factors	MYB	cluster_11	0.4889212912550076	0.4930396082629873	0.8781218781218781	0.9150849150849151	0.9420916162489196	0.9827460439421496
MA1769.2	MYB39	Tryptophan cluster factors	MYB	cluster_02	0.48889145787443755	0.4904144768317087	0.8881118881118881	0.9170829170829171	0.9461528708390633	0.9827460439421496
MA0933.1	AHL20	A.T hook factors	AHL	cluster_09	0.4888252443436742	0.5823174752233505	0.8851148851148851	0.9250749250749251	0.9458580635051224	0.9827460439421496
MA1202.1	AGL55	MADS box factors	Type I	cluster_43	0.48877759380526425	0.6292340260484701	0.8891108891108891	0.8141858141858141	0.9461528708390633	0.9313699793459913
MA1770.2	MYB40	Tryptophan cluster factors	MYB	cluster_02	0.4885864944286176	0.4910015066135405	0.8871128871128872	0.8721278721278721	0.9461528708390633	0.9574583689691604
MA2042.2	MYB58	Tryptophan cluster factors	MYB	cluster_02	0.4885431531562891	0.4898720521189566	0.8961038961038961	0.942057942057942	0.9509419648501707	0.9918527139985187
MA1049.2	ERF094	AP2/EREBP	ERF/DREB	cluster_24	0.48837906956315635	0.49359804495716225	0.9040959040959041	0.8981018981018981	0.9541150412519708	0.9730694837077815
MA2363.1	TOE2	AP2/EREBP	AP2	cluster_36	0.48806283572911974	0.4938048046249868	0.8831168831168831	0.8261738261738262	0.9450465383144205	0.9394495221618918
MA0945.2	ARR1	Tryptophan cluster factors	GARP_ARR-B	cluster_13	0.4880291074349757	0.65669736705164	0.9300699300699301	0.961038961038961	0.9694581374909244	0.9953443038693377
MA1165.3	HHO6	Tryptophan cluster factors	GARP_G2-like	cluster_04	0.487795495491016	0.5757248152588484	0.9180819180819181	0.8521478521478522	0.9662020737882807	0.9508555491088242
MA0579.2	CDC5	Tryptophan cluster factors	MYB-related	cluster_41	0.48766232259497483	0.49568217812091375	0.9020979020979021	0.7092907092907093	0.9541150412519708	0.8714795671317409
MA0950.1	ATHB-12	Homeo domain factors	HD-ZIP	cluster_09	0.4875395913821308	0.5135259441135331	0.9040959040959041	0.9250749250749251	0.9541150412519708	0.9827460439421496
MA2008.2	MYB99	Tryptophan cluster factors	MYB	cluster_02	0.4875250061738527	0.49453813984513956	0.8981018981018981	0.8441558441558441	0.9517385392385392	0.9499865915795118
MA2357.1	PK21687.1	Tryptophan cluster factors	MYB-related	cluster_18	0.4873392105093055	0.5429251827372688	0.9090909090909091	0.8531468531468531	0.9580612757408338	0.9508555491088242
MA1833.2	Zm00001d049364	AP2/EREBP	ERF/DREB	cluster_24	0.48651149993950504	0.48566991936397347	0.9270729270729271	0.964035964035964	0.9686988797795911	0.9953443038693377
MA1775.2	MYB61	Tryptophan cluster factors	MYB	cluster_02	0.48642846369691967	0.49510699843731093	0.9210789210789211	0.8661338661338661	0.9680209597564969	0.9536221354403173
MA2027.2	MYB44	Tryptophan cluster factors	MYB	cluster_11	0.48633448854812544	0.48667408368122306	0.9410589410589411	0.975024975024975	0.972084595566377	0.9965403989150692
MA1759.2	HSFA4A	Heat shock factors	HSF	cluster_04	0.4862860921752023	0.49421286309011425	0.9230769230769231	0.7682317682317682	0.9686988797795911	0.9085496546796857
MA1681.2	SRM1	Tryptophan cluster factors	MYB-related	cluster_05	0.4859734217727328	0.48912363536076076	0.9280719280719281	0.9240759240759241	0.9686988797795911	0.9827460439421496
MA2040.2	ENAP2	Tryptophan cluster factors	Trihelix	cluster_15	0.4858359396106086	0.4912336294056895	0.9270729270729271	0.9200799200799201	0.9686988797795911	0.9827460439421496
MA2022.2	LOB	Other C4 zinc finger-type factors	LBD	cluster_24	0.4857211639659171	0.4839945041963908	0.926073926073926	0.967032967032967	0.9686988797795911	0.9965363495564838
MA1264.2	ERF095	AP2/EREBP	ERF/DREB	cluster_24	0.4856838722402038	0.48653706027770227	0.932067932067932	0.945054945054945	0.9702153235577519	0.9918527139985187
MA1776.2	MYB67	Tryptophan cluster factors	MYB	cluster_02	0.48553760580491306	0.497229328353317	0.939060939060939	0.7782217782217782	0.972084595566377	0.9158579881656804
MA1662.2	AT3G10030	Tryptophan cluster factors	Trihelix	cluster_11	0.4852449071933252	0.5012886634467397	0.942057942057942	0.99000999000999	0.972084595566377	0.9965403989150692
MA1676.3	NAC062	GCM domain factors	NAC	cluster_25	0.48505074160811856	0.5739506949999228	0.9470529470529471	0.9760239760239761	0.9738563323468985	0.9965403989150692
MA1802.2	TRP5	Tryptophan cluster factors	MYB-related	cluster_18	0.4850316813927548	0.5125743610014882	0.9370629370629371	0.9400599400599401	0.972084595566377	0.9918527139985187
MA0994.3	ERF8	AP2/EREBP	ERF/DREB	cluster_24	0.48500201375318924	0.48922535858971505	0.9440559440559441	0.8991008991008991	0.972084595566377	0.9730694837077815
MA1222.1	ERF014	AP2/EREBP	ERF/DREB	cluster_24	0.48494839653866517	0.48263546776053445	0.9340659340659341	0.986013986013986	0.9709704464472857	0.9965403989150692
MA1394.3	MYB73	Tryptophan cluster factors	MYB	cluster_11	0.48475621984549655	0.48486568705863103	0.9430569430569431	0.987012987012987	0.972084595566377	0.9965403989150692
MA1262.2	ERF2	AP2/EREBP	ERF/DREB	cluster_24	0.48470144244395086	0.48473544497072957	0.938061938061938	0.971028971028971	0.972084595566377	0.9965363495564838
MA0575.2	MYB77	Tryptophan cluster factors	MYB	cluster_11	0.48397499962708307	0.4864327101304517	0.9500499500499501	0.958041958041958	0.9756232999839999	0.9945387945387946
MA2039.2	ASIL2	Tryptophan cluster factors	Trihelix	cluster_15	0.4835928008737863	0.4902385543079794	0.9600399600399601	0.9440559440559441	0.9832355563899189	0.9918527139985187
MA1777.2	MYB74	Tryptophan cluster factors	MYB	cluster_02	0.4835118363937413	0.4873082615008011	0.954045954045954	0.951048951048951	0.9784100308293857	0.9937244697846612
MA2365.1	VIT_17s0000g10420	Tryptophan cluster factors	Trihelix	cluster_18	0.48309441767727246	0.5006305691987909	0.962037962037962	0.9340659340659341	0.9834677196154769	0.9871084594076284
MA1760.1	HSFA6A	Heat shock factors	HSF	cluster_04	0.4829338146452071	0.49475361246447014	0.965034965034965	0.7662337662337663	0.9834677196154769	0.9078204404291361
MA0054.1	myb.Ph3	Tryptophan cluster factors	Myb	cluster_11	0.48228783908537504	0.48338384153564073	0.971028971028971	0.989010989010989	0.9834677196154769	0.9965403989150692
MA1015.2	GATA12	Other C4 zinc finger-type factors	C4-GATA-related	cluster_13	0.48226239784138913	0.5638324196177786	0.9690309690309691	0.986013986013986	0.9834677196154769	0.9965403989150692
MA1325.2	GATA14	Other C4 zinc finger-type factors	C4-GATA-related	cluster_13	0.4820746961553061	0.4858177739388277	0.972027972027972	0.986013986013986	0.9834677196154769	0.9965403989150692
MA1225.1	ERF5	AP2/EREBP	ERF/DREB	cluster_24	0.48197160525133753	0.48295481536723567	0.9760239760239761	0.987012987012987	0.9834677196154769	0.9965403989150692
MA1014.1	GATA11	Other C4 zinc finger-type factors	C4-GATA-related	cluster_13	0.4817195131855254	0.48574060052105944	0.967032967032967	0.995004995004995	0.9834677196154769	0.997002997002997
MA1758.2	HSFA1E	Heat shock factors	HSF	cluster_04	0.4815632194195401	0.48534540958723055	0.975024975024975	0.9630369630369631	0.9834677196154769	0.9953443038693377
MA2065.1	PK08602.1	AP2/EREBP	NA	cluster_15	0.4815364522475309	0.4910926754973313	0.973026973026973	0.9500499500499501	0.9834677196154769	0.9937244697846612
MA2388.1	GATA1	Other C4 zinc finger-type factors	C4-GATA-related	cluster_13	0.48138388765411866	0.486138224023457	0.974025974025974	0.952047952047952	0.9834677196154769	0.9937244697846612
MA1762.2	MYB10	Tryptophan cluster factors	MYB	cluster_02	0.48115574516326337	0.4848192912366359	0.977022977022977	0.973026973026973	0.9834677196154769	0.9965363495564838
MA1773.2	MYB51	Tryptophan cluster factors	MYB	cluster_02	0.48112019371808507	0.48255633315497887	0.967032967032967	0.988011988011988	0.9834677196154769	0.9965403989150692
MA1013.1	GATA10	Other C4 zinc finger-type factors	C4-GATA-related	cluster_13	0.4811055256393045	0.48067261609790096	0.9760239760239761	0.997002997002997	0.9834677196154769	0.997002997002997
MA1779.2	MYB83	Tryptophan cluster factors	MYB	cluster_02	0.47950256152720405	0.49487279892142527	0.991008991008991	0.971028971028971	0.9936134824439685	0.9965363495564838
MA1018.2	GATA9	Other C4 zinc finger-type factors	C4-GATA-related	cluster_13	0.4789602569648513	0.5634579976006237	0.989010989010989	0.995004995004995	0.9929149797570851	0.997002997002997
MA1812.2	ASR1	Tryptophan cluster factors	MYB-related	cluster_01	0.4777984125326713	0.4856016016500053	0.988011988011988	0.997002997002997	0.9929149797570851	0.997002997002997
MA1772.2	MYB43	Tryptophan cluster factors	MYB	cluster_02	0.47667352834419685	0.48430834420141766	0.995004995004995	0.9790209790209791	0.9963107758383347	0.9965403989150692
MA2007.2	MYB107	Tryptophan cluster factors	MYB	cluster_02	0.4742502291369368	0.48684181748684785	0.997002997002997	0.996003996003996	0.997002997002997	0.997002997002997
