motif_id	tf_name	tf_class	tf_family	jaspar_cluster	auc_roc	auc_prc	p_value_roc	p_value_prc	p_value_roc_adj	p_value_prc_adj
MA0560.2	PIF3	Basic helix-loop-helix factors (bHLH)	bHLH	cluster_07	0.7194632768361582	0.7070949536409827	0.000999000999000999	0.000999000999000999	0.0293168370091447	0.07622377622377623
MA1686.1	ARF13	B3	ARF	cluster_01	0.6858757062146895	0.6647036076994485	0.000999000999000999	0.000999000999000999	0.0293168370091447	0.07622377622377623
MA0562.1	PIF5	Basic helix-loop-helix factors (bHLH)	bHLH	cluster_07	0.6857909604519773	0.6562468867503545	0.000999000999000999	0.000999000999000999	0.0293168370091447	0.07622377622377623
MA1359.3	BPE	Basic helix-loop-helix factors (bHLH)	bHLH	cluster_07	0.6783050847457627	0.6599929080960687	0.000999000999000999	0.000999000999000999	0.0293168370091447	0.07622377622377623
MA1011.2	PHYPADRAFT_72483	Basic helix-loop-helix factors (bHLH)	NA	cluster_07	0.6766666666666667	0.6593153950811501	0.000999000999000999	0.003996003996003996	0.0293168370091447	0.12703962703962704
MA1695.2	ARF36	B3	ARF	cluster_01	0.6712711864406786	0.6468208610066712	0.000999000999000999	0.000999000999000999	0.0293168370091447	0.07622377622377623
MA1364.2	BHLH72	Basic helix-loop-helix factors (bHLH)	bHLH	cluster_07	0.6645197740112996	0.6195946053140655	0.000999000999000999	0.000999000999000999	0.0293168370091447	0.07622377622377623
MA0965.3	BIM2	Basic helix-loop-helix factors (bHLH)	bHLH	cluster_07	0.6615254237288135	0.6488867648534482	0.000999000999000999	0.006993006993006993	0.0293168370091447	0.13013815452839844
MA0561.1	PIF4	Basic helix-loop-helix factors (bHLH)	bHLH	cluster_07	0.6562994350282487	0.627283897393866	0.000999000999000999	0.002997002997002997	0.0293168370091447	0.1088911088911089
MA2393.1	PHYPA_008731	Basic helix-loop-helix factors (bHLH)	NA	cluster_07	0.6533333333333334	0.6100494024186619	0.000999000999000999	0.004995004995004995	0.0293168370091447	0.12703962703962704
MA1021.2	PHYPADRAFT_48267	Basic helix-loop-helix factors (bHLH)	NA	cluster_07	0.6507062146892655	0.5792656532580845	0.000999000999000999	0.03196803196803197	0.0293168370091447	0.23681173195736302
MA0956.2	BEE2	Basic helix-loop-helix factors (bHLH)	bHLH	cluster_07	0.6503107344632768	0.6465586205747947	0.000999000999000999	0.00999000999000999	0.0293168370091447	0.1385886840432295
MA0568.2	MYC3	Basic helix-loop-helix factors (bHLH)	bHLH	cluster_07	0.6500282485875706	0.6465264127363609	0.000999000999000999	0.008991008991008992	0.0293168370091447	0.1385886840432295
MA1696.2	ARF39	B3	ARF	cluster_01	0.6472033898305096	0.6287165041247333	0.000999000999000999	0.001998001998001998	0.0293168370091447	0.10163170163170163
MA1360.3	bHLH74	Basic helix-loop-helix factors (bHLH)	bHLH	cluster_07	0.6467514124293786	0.6455939180682461	0.000999000999000999	0.005994005994005994	0.0293168370091447	0.12703962703962704
MA1287.2	TCP21	TCP	NA	cluster_01	0.6443502824858757	0.6348657570610884	0.000999000999000999	0.000999000999000999	0.0293168370091447	0.07622377622377623
MA1168.2	MYR2	Tryptophan cluster factors	GARP_G2-like	cluster_04	0.6429096045197739	0.6274709824996055	0.000999000999000999	0.002997002997002997	0.0293168370091447	0.1088911088911089
MA2342.1	URI	Basic helix-loop-helix factors (bHLH)	bHLH	cluster_07	0.6390112994350282	0.637176652901152	0.000999000999000999	0.01098901098901099	0.0293168370091447	0.14456233421750664
MA0962.2	bHLH34	Basic helix-loop-helix factors (bHLH)	bHLH	cluster_07	0.6356497175141244	0.5677243982158814	0.000999000999000999	0.053946053946053944	0.0293168370091447	0.30265322912381737
MA2060.1	PK05451.1	Basic helix-loop-helix factors (bHLH)	bHLH	cluster_07	0.6350564971751412	0.6022303743730439	0.000999000999000999	0.003996003996003996	0.0293168370091447	0.12703962703962704
MA1061.2	SPT	Basic helix-loop-helix factors (bHLH)	bHLH	cluster_07	0.6342090395480225	0.5815369940269834	0.000999000999000999	0.03596403596403597	0.0293168370091447	0.2540792540792541
MA0587.2	TCP16	TCP	NA	cluster_01	0.6296610169491527	0.6052462785977897	0.000999000999000999	0.001998001998001998	0.0293168370091447	0.10163170163170163
MA1288.2	TCP22	TCP	NA	cluster_01	0.6293220338983054	0.6151351153115474	0.000999000999000999	0.000999000999000999	0.0293168370091447	0.07622377622377623
MA1054.2	ARALYDRAFT_897773	TCP	NA	cluster_01	0.6286723163841805	0.5957597972349624	0.000999000999000999	0.005994005994005994	0.0293168370091447	0.12703962703962704
MA2413.1	ZmbZIP96	Basic leucine zipper factors (bZIP)	D	cluster_07	0.6281638418079102	0.5803705132652546	0.000999000999000999	0.015984015984015984	0.0293168370091447	0.16612874305182
MA1291.1	TCP7	TCP	NA	cluster_01	0.6274858757062151	0.6226976660062473	0.001998001998001998	0.000999000999000999	0.04355644355644356	0.07622377622377623
MA1164.2	HHO5	Tryptophan cluster factors	GARP_G2-like	cluster_04	0.6274858757062148	0.6389412281508959	0.001998001998001998	0.001998001998001998	0.04355644355644356	0.10163170163170163
MA1050.1	OsI_08196	TCP	NA	cluster_01	0.6272316384180793	0.5774318192155657	0.002997002997002997	0.025974025974025976	0.05444555444555445	0.20861244019138758
MA1361.2	bHLH18	Basic helix-loop-helix factors (bHLH)	bHLH	cluster_07	0.6262711864406787	0.6017938170877548	0.002997002997002997	0.005994005994005994	0.05444555444555445	0.12703962703962704
MA1055.3	SPL1	C3H(C),C2HC zinc fingers factors	SBP	cluster_28	0.6232203389830512	0.5971182219247692	0.001998001998001998	0.012987012987012988	0.04355644355644356	0.15728715728715728
MA1290.1	TCP17	TCP	NA	cluster_01	0.6218926553672319	0.6112114557243874	0.001998001998001998	0.001998001998001998	0.04355644355644356	0.10163170163170163
MA1390.3	HHO2	Tryptophan cluster factors	GARP_G2-like	cluster_04	0.6216384180790966	0.6086858526585749	0.001998001998001998	0.002997002997002997	0.04355644355644356	0.1088911088911089
MA1362.2	bHLH77	Basic helix-loop-helix factors (bHLH)	bHLH	cluster_07	0.6213841807909611	0.5910183697373657	0.003996003996003996	0.007992007992007992	0.06097902097902098	0.1385886840432295
MA1389.2	PHL1	Tryptophan cluster factors	GARP_G2-like	cluster_04	0.6195197740112993	0.5885171467886559	0.001998001998001998	0.006993006993006993	0.04355644355644356	0.13013815452839844
MA1096.1	ARALYDRAFT_496250	TCP	NA	cluster_01	0.6184463276836157	0.5601885553808525	0.000999000999000999	0.03696303696303696	0.0293168370091447	0.2540792540792541
MA2364.1	VIT_15s0048g01150	TCP	NA	cluster_01	0.6181638418079101	0.5645548238728564	0.001998001998001998	0.03696303696303696	0.04355644355644356	0.2540792540792541
MA1363.1	LRL2	Basic helix-loop-helix factors (bHLH)	bHLH	cluster_07	0.6167231638418097	0.592383092750383	0.005994005994005994	0.011988011988011988	0.08208714362560515	0.14752988946537335
MA1067.1	TCP5	TCP	NA	cluster_01	0.6167231638418077	0.5799554134068857	0.001998001998001998	0.016983016983016984	0.04355644355644356	0.16612874305182
MA1063.2	TCP19	TCP	NA	cluster_01	0.6161299435028249	0.5613234905617972	0.002997002997002997	0.056943056943056944	0.05444555444555445	0.3081386698407975
MA1282.2	TCP13	TCP	NA	cluster_01	0.6153672316384184	0.602622722143327	0.003996003996003996	0.004995004995004995	0.06097902097902098	0.12703962703962704
MA0577.4	SPL3	C3H(C),C2HC zinc fingers factors	SBP	cluster_28	0.6151412429378528	0.5868208267271435	0.002997002997002997	0.01998001998001998	0.05444555444555445	0.19055944055944055
MA1320.2	SPL15	C3H(C),C2HC zinc fingers factors	SBP	cluster_28	0.6150000000000003	0.5853308707852081	0.006993006993006993	0.029970029970029972	0.08208714362560515	0.2264072561102264
MA2390.1	GLYMA19G26560	Basic leucine zipper factors (bZIP)	NA	cluster_01	0.6148587570621469	0.566025375927984	0.004995004995004995	0.04595404595404595	0.07329209252286176	0.2739291958041958
MA1019.2	Glyma19g26560.1	TCP	NA	cluster_01	0.6127966101694918	0.5645256574732247	0.001998001998001998	0.04295704295704296	0.04355644355644356	0.26647336403433963
MA0566.1	MYC2	Basic helix-loop-helix factors (bHLH)	bHLH	cluster_07	0.6122033898305086	0.5936910504249896	0.002997002997002997	0.006993006993006993	0.05444555444555445	0.13013815452839844
MA1690.2	ARF25	B3	ARF	cluster_01	0.6119774011299433	0.5898132276976393	0.005994005994005994	0.007992007992007992	0.08208714362560515	0.1385886840432295
MA1386.3	HHO3	Tryptophan cluster factors	GARP_G2-like	cluster_04	0.6111581920903953	0.6403239804193308	0.005994005994005994	0.003996003996003996	0.08208714362560515	0.12703962703962704
MA1283.2	TCP14	TCP	NA	cluster_01	0.6097740112994355	0.6203202519015498	0.002997002997002997	0.000999000999000999	0.05444555444555445	0.07622377622377623
MA2432.1	SPL15B	C3H(C),C2HC zinc-fingers like factors	SBP	cluster_52	0.6096045197740113	0.6944306278395064	0.003996003996003996	0.002997002997002997	0.06097902097902098	0.1088911088911089
MA1031.2	OJ1581_H09.2	TCP	NA	cluster_01	0.6086723163841808	0.5752757203415018	0.002997002997002997	0.03896103896103896	0.05444555444555445	0.26484532416735806
MA1406.2	ATHB-4	Homeo domain factors	HD-ZIP	cluster_09	0.6086158192090395	0.6109602135984029	0.006993006993006993	0.008991008991008992	0.08208714362560515	0.1385886840432295
MA2346.1	OsTCP7	TCP	NA	cluster_01	0.6083333333333333	0.5751798399872258	0.003996003996003996	0.04695304695304695	0.06097902097902098	0.2755782678859602
MA1167.2	EFM	Tryptophan cluster factors	GARP_G2-like	cluster_04	0.6078531073446332	0.5785428616380464	0.004995004995004995	0.022977022977022976	0.07329209252286176	0.19698279248841044
MA1062.3	TCP15	TCP	NA	cluster_01	0.6055649717514124	0.5964386260051434	0.003996003996003996	0.006993006993006993	0.06097902097902098	0.13013815452839844
MA1025.2	HBI1	Basic helix-loop-helix factors (bHLH)	bHLH	cluster_07	0.6050564971751413	0.5817864164612466	0.003996003996003996	0.03496503496503497	0.06097902097902098	0.2516822799841668
MA1289.2	TCP3	TCP	NA	cluster_01	0.6041525423728815	0.5851013579395077	0.006993006993006993	0.013986013986013986	0.08208714362560515	0.16333666333666336
MA2401.1	Os05g0437700	Basic leucine zipper factors (bZIP)	NA	cluster_07	0.6029378531073447	0.6004046873874894	0.007992007992007992	0.014985014985014986	0.08588594504087461	0.16333666333666336
MA2016.2	GRF6	C3H zinc finger factors	GRF	cluster_22	0.602457627118644	0.571424621609341	0.006993006993006993	0.13486513486513488	0.08208714362560515	0.45132499079867505
MA1026.3	ATHB-15	Homeo domain factors	HD-ZIP	cluster_09	0.6009887005649722	0.6090210965311906	0.007992007992007992	0.002997002997002997	0.08588594504087461	0.1088911088911089
MA0964.3	BIM1	Basic helix-loop-helix factors (bHLH)	bHLH	cluster_07	0.6009039548022601	0.5450077012822042	0.003996003996003996	0.11188811188811189	0.06097902097902098	0.4144205309253853
MA1211.2	ATHB-X	Homeo domain factors	HD-ZIP	cluster_09	0.6008474576271183	0.5663131327687854	0.01098901098901099	0.04695304695304695	0.1074950690335306	0.2755782678859602
MA0958.1	BHLH13	Basic helix-loop-helix factors (bHLH)	bHLH	cluster_07	0.6001694915254241	0.5904488824519741	0.006993006993006993	0.005994005994005994	0.08208714362560515	0.12703962703962704
MA1044.2	NAC92	GCM domain factors	NAC	cluster_20	0.5999152542372882	0.5786533693661742	0.006993006993006993	0.02097902097902098	0.08208714362560515	0.19055944055944057
MA1757.2	HDG7	Homeo domain factors	HD-ZIP	cluster_09	0.5998305084745765	0.552493827884214	0.006993006993006993	0.07992007992007992	0.08208714362560515	0.3592154971465316
MA1338.3	DPBF3	Basic leucine zipper factors (bZIP)	Group A	cluster_07	0.5994915254237287	0.5807799805799385	0.007992007992007992	0.014985014985014986	0.08588594504087461	0.16333666333666336
MA1428.2	TCP8	TCP	NA	cluster_01	0.5988135593220346	0.5492161533501847	0.007992007992007992	0.08791208791208792	0.08588594504087461	0.37059073523161923
MA1065.3	TCP20	TCP	NA	cluster_01	0.5988135593220338	0.5904843575462919	0.007992007992007992	0.008991008991008992	0.08588594504087461	0.1385886840432295
MA0941.2	ABF2	Basic leucine zipper factors (bZIP)	Group A	cluster_07	0.5983898305084746	0.5978282543798811	0.008991008991008992	0.02197802197802198	0.0927045927045927	0.19499105545617176
MA2377.1	cassava45561.m1	TCP	NA	cluster_01	0.5979096045197742	0.5873498109398064	0.00999000999000999	0.008991008991008992	0.10163170163170164	0.1385886840432295
MA1198.2	HAT2	Homeo domain factors	HD-ZIP	cluster_09	0.5978248587570626	0.6207321352736392	0.006993006993006993	0.011988011988011988	0.08208714362560515	0.14752988946537335
MA0990.2	HDG11	Homeo domain factors	HD-ZIP	cluster_09	0.5977683615819214	0.545318590788578	0.015984015984015984	0.11288711288711288	0.14018165742303673	0.4161008074051552
MA2052.2	ZAT6	C2H2 zinc finger factors	C2H2	cluster_09	0.5966101694915256	0.5729385593549872	0.003996003996003996	0.10789210789210789	0.06097902097902098	0.40552550897378487
MA1033.1	OJ1058_F05.8	Basic leucine zipper factors (bZIP)	Group A	cluster_07	0.5959887005649718	0.5962274906117456	0.006993006993006993	0.011988011988011988	0.08208714362560515	0.14752988946537335
MA0570.3	ABF1	Basic leucine zipper factors (bZIP)	Group A	cluster_07	0.5955084745762717	0.5740641173602488	0.011988011988011988	0.016983016983016984	0.11433566433566433	0.16612874305182
MA1410.2	StBRC1	TCP	NA	cluster_01	0.5950282485875705	0.5724985432911652	0.013986013986013986	0.028971028971028972	0.12857022495576714	0.2255601541315827
MA1375.2	ANL2	Homeo domain factors	HD-ZIP	cluster_09	0.5946045197740115	0.5548644063220823	0.01098901098901099	0.07192807192807193	0.1074950690335306	0.343006993006993
MA1285.2	TCP9	TCP	NA	cluster_01	0.5943502824858767	0.5807873363721682	0.01898101898101898	0.02097902097902098	0.16091686091686092	0.19055944055944057
MA1344.2	BZIP28	Basic leucine zipper factors (bZIP)	Group B	cluster_07	0.5925423728813558	0.5723749042145732	0.006993006993006993	0.025974025974025976	0.08208714362560515	0.20861244019138758
MA0569.2	MYC4	Basic helix-loop-helix factors (bHLH)	bHLH	cluster_07	0.5916101694915255	0.5784216733097178	0.008991008991008992	0.04195804195804196	0.0927045927045927	0.26647336403433963
MA1773.2	MYB51	Tryptophan cluster factors	MYB	cluster_02	0.5912711864406786	0.5544740219709134	0.008991008991008992	0.04795204795204795	0.0927045927045927	0.27929322585811134
MA1388.2	PHL2	Tryptophan cluster factors	GARP_G2-like	cluster_04	0.591271186440678	0.6664177835955025	0.011988011988011988	0.016983016983016984	0.11433566433566433	0.16612874305182
MA1213.3	ZHD3	Homeo domain factors	PLINC	cluster_09	0.5906779661016951	0.5582102538052435	0.007992007992007992	0.07192807192807193	0.08588594504087461	0.343006993006993
MA1056.2	SPL11	C3H(C),C2HC zinc fingers factors	SBP	cluster_28	0.58954802259887	0.5892951353411985	0.013986013986013986	0.01098901098901099	0.12857022495576714	0.14456233421750664
MA2079.1	PK19717.1	TCP	NA	cluster_01	0.5893502824858758	0.572094863988157	0.01998001998001998	0.026973026973026972	0.16392209940597038	0.21216927402494412
MA1369.2	HDG1	Homeo domain factors	HD-ZIP	cluster_09	0.5888983050847459	0.5476791182032352	0.014985014985014986	0.0979020979020979	0.13451254627725218	0.3870430088046668
MA1791.1	NAC087	GCM domain factors	NAC	cluster_16	0.5885310734463277	0.5997193558269787	0.014985014985014986	0.005994005994005994	0.13451254627725218	0.12703962703962704
MA1777.2	MYB74	Tryptophan cluster factors	MYB	cluster_02	0.5854237288135592	0.5484647237144322	0.02197802197802198	0.08691308691308691	0.1746794871794872	0.37059073523161923
MA1286.2	TCP24	TCP	NA	cluster_01	0.5845762711864403	0.5974417983612804	0.026973026973026972	0.00999000999000999	0.19234036991046335	0.1385886840432295
MA0110.4	ATHB-5	Homeo domain factors	HD-ZIP	cluster_09	0.5839830508474577	0.5660906401106282	0.015984015984015984	0.14085914085914086	0.14018165742303673	0.4573426573426574
MA2411.1	ZmbZIP57	Basic leucine zipper factors (bZIP)	S	cluster_14	0.5835875706214698	0.533372270287004	0.02097902097902098	0.16283716283716285	0.1702871596488618	0.49303474303474304
MA1672.2	GBF2	Basic leucine zipper factors (bZIP)	Group G	cluster_07	0.5834463276836162	0.5785453983731279	0.013986013986013986	0.016983016983016984	0.12857022495576714	0.16612874305182
MA1207.2	GT-3a	Tryptophan cluster factors	Trihelix	cluster_07	0.5829661016949154	0.5597324444966848	0.01998001998001998	0.04295704295704296	0.16392209940597038	0.26647336403433963
MA1326.2	ZHD5	Homeo domain factors	PLINC	cluster_09	0.582909604519774	0.5668066265489616	0.026973026973026972	0.0919080919080919	0.19234036991046335	0.37905877905877905
MA0957.1	BHLH3	Basic helix-loop-helix factors (bHLH)	bHLH	cluster_07	0.5827966101694918	0.5690286774825517	0.024975024975024976	0.029970029970029972	0.19234036991046335	0.2264072561102264
MA2067.1	PK09702.1	Basic helix-loop-helix factors (bHLH)	bHLH	cluster_07	0.5825706214689267	0.5778061427083708	0.017982017982017984	0.02097902097902098	0.1559122695486332	0.19055944055944057
MA1835.2	TFLG2-Zm00001d042777	Basic leucine zipper factors (bZIP)	Group D	cluster_28	0.5825141242937849	0.5998461454533078	0.02197802197802198	0.004995004995004995	0.1746794871794872	0.12703962703962704
MA1284.2	TCP1	TCP	NA	cluster_01	0.5819774011299442	0.5590769124847826	0.030969030969030968	0.06393606393606394	0.20024890363873415	0.3296163296163296
MA1215.2	ATHB-53	Homeo domain factors	HD-ZIP	cluster_09	0.5819209039548021	0.5544033011640457	0.030969030969030968	0.08791208791208792	0.20024890363873415	0.37059073523161923
MA0021.1	Dof3	Other C4 zinc finger-type factors	DOF	cluster_03	0.5818361581920903	0.6407668166282583	0.01998001998001998	0.025974025974025976	0.16392209940597038	0.20861244019138758
MA0564.2	ABI3	B3	LAV	cluster_29	0.5817514124293784	0.6037816527694115	0.01898101898101898	0.03196803196803197	0.16091686091686092	0.23681173195736302
MA1274.1	DOF3.6	Other C4 zinc finger-type factors	DOF	cluster_08	0.5812429378531079	0.5877337820582766	0.026973026973026972	0.015984015984015984	0.19234036991046335	0.16612874305182
MA1024.2	HAT1	Homeo domain factors	HD-ZIP	cluster_09	0.5810734463276835	0.5633693374200054	0.03296703296703297	0.18181818181818182	0.20617906683480455	0.5138047138047138
MA0932.1	AHL12	A.T hook factors	AHL	cluster_09	0.580084745762712	0.5975946489189132	0.022977022977022976	0.0979020979020979	0.18073678898421164	0.3870430088046668
MA1834.2	Zm00001d034298	Basic helix-loop-helix factors (bHLH)	bHLH	cluster_07	0.5800282485875707	0.5923432309838946	0.027972027972027972	0.00999000999000999	0.19736513486513488	0.1385886840432295
MA1035.1	TCP4	TCP	NA	cluster_01	0.5799717514124294	0.5565651285217266	0.028971028971028972	0.06893106893106893	0.19736513486513488	0.3393187457703587
MA1811.2	GLYMA-13G317000	Basic leucine zipper factors (bZIP)	Group A	cluster_07	0.5798870056497181	0.5770441319684446	0.025974025974025976	0.03496503496503497	0.19234036991046335	0.2516822799841668
MA0949.2	ARR2	Tryptophan cluster factors	GARP_ARR-B	cluster_13	0.5792372881355933	0.5960432319421387	0.025974025974025976	0.004995004995004995	0.19234036991046335	0.12703962703962704
MA1166.2	PHL12	Tryptophan cluster factors	GARP_G2-like	cluster_04	0.5788700564971749	0.5241923027148865	0.03296703296703297	0.24675324675324675	0.20617906683480455	0.5883522727272728
MA1321.2	SPL13A	C3H(C),C2HC zinc fingers factors	SBP	cluster_28	0.57864406779661	0.5606059676744342	0.025974025974025976	0.05094905094905095	0.19234036991046335	0.2922866607077133
MA2080.1	PK20225.1	Basic helix-loop-helix factors (bHLH)	bHLH	cluster_07	0.5783898305084746	0.6084097539433009	0.026973026973026972	0.059940059940059943	0.19234036991046335	0.3175990675990676
MA0938.3	NAC058	GCM domain factors	NAC	cluster_16	0.5782485875706223	0.5937851778883327	0.028971028971028972	0.006993006993006993	0.19736513486513488	0.13013815452839844
MA1165.3	HHO6	Tryptophan cluster factors	GARP_G2-like	cluster_04	0.5781920903954804	0.6618486258910288	0.025974025974025976	0.025974025974025976	0.19234036991046335	0.20861244019138758
MA2087.1	PK24205.1	Basic leucine zipper factors (bZIP)	Group A	cluster_07	0.5770621468926553	0.5507104165419637	0.028971028971028972	0.0979020979020979	0.19736513486513488	0.3870430088046668
MA1383.2	KAN2	Tryptophan cluster factors	GARP_G2-like	cluster_04	0.5764124293785317	0.5252405317574225	0.03596403596403597	0.24775224775224775	0.21437937062937065	0.5888939720715421
MA0551.2	HY5	Basic leucine zipper factors (bZIP)	Group H	cluster_07	0.5760734463276839	0.5600890890358647	0.03496503496503497	0.056943056943056944	0.21342657342657345	0.3081386698407975
MA1807.2	ZHD10	Homeo domain factors	PLINC	cluster_09	0.5755932203389832	0.6319630032234487	0.03596403596403597	0.04295704295704296	0.21437937062937065	0.26647336403433963
MA0951.1	ATHB-16	Homeo domain factors	HD-ZIP	cluster_09	0.5748870056497177	0.6390045317706793	0.03796203796203796	0.022977022977022976	0.2194320830684467	0.19698279248841044
MA2400.1	LjTCP20	TCP	NA	cluster_01	0.5747457627118646	0.5692180708749103	0.025974025974025976	0.022977022977022976	0.19234036991046335	0.19698279248841044
MA1808.2	GLYMA-06G314400	Basic leucine zipper factors (bZIP)	Group A	cluster_07	0.5740677966101698	0.5571447706861989	0.028971028971028972	0.057942057942057944	0.19736513486513488	0.31133655077317046
MA1660.2	NAC013	GCM domain factors	NAC	cluster_16	0.5739548022598877	0.5838150342594386	0.029970029970029972	0.014985014985014986	0.20024890363873415	0.16333666333666336
MA1789.1	NAC071	GCM domain factors	NAC	cluster_16	0.5733333333333328	0.5712239231769063	0.03496503496503497	0.024975024975024976	0.21342657342657345	0.20861244019138758
MA1322.3	SPL9	C3H(C),C2HC zinc fingers factors	SBP	cluster_28	0.5727683615819208	0.5565764446026069	0.04095904095904096	0.14485514485514486	0.2314944314944315	0.46244550428650855
MA1387.2	HRS1	Tryptophan cluster factors	GARP_G2-like	cluster_04	0.5727401129943508	0.5412255246743143	0.03196803196803197	0.12087912087912088	0.20497149908914616	0.4350507982583454
MA0128.1	EmBP-1	Basic leucine zipper factors (bZIP)	Group G	cluster_07	0.5727401129943503	0.5934464955069065	0.030969030969030968	0.014985014985014986	0.20024890363873415	0.16333666333666336
MA1275.2	DOF1.6	Other C4 zinc finger-type factors	DOF	cluster_03	0.5727401129943502	0.6123454944686756	0.03696303696303696	0.004995004995004995	0.21862633490540465	0.12703962703962704
MA1734.1	AT1G19040	GCM domain factors	NAC	cluster_16	0.5726553672316391	0.5601258281487058	0.03996003996003996	0.04295704295704296	0.22753366036948125	0.26647336403433963
MA1059.3	SPL5	C3H(C),C2HC zinc fingers factors	SBP	cluster_28	0.5721468926553676	0.5392589852184531	0.03796203796203796	0.1068931068931069	0.2194320830684467	0.40552550897378487
MA1066.1	TCP23	TCP	NA	cluster_01	0.5717231638418079	0.5301468603303537	0.03296703296703297	0.1928071928071928	0.20617906683480455	0.5291794536398853
MA2399.1	LjSGA_053525.1	TCP	NA	cluster_01	0.5716949152542372	0.5188211956935667	0.030969030969030968	0.28471528471528473	0.20024890363873415	0.6264367816091954
MA1027.2	KAN1	Tryptophan cluster factors	GARP_G2-like	cluster_04	0.5715819209039548	0.7314579834148633	0.01098901098901099	0.01098901098901099	0.1074950690335306	0.14456233421750664
MA1697.2	ARF4	B3	ARF	cluster_17	0.5715254237288133	0.5551179817506283	0.04195804195804196	0.06293706293706294	0.23245548777463673	0.3266733266733267
MA1685.2	ARF10	B3	ARF	cluster_01	0.5714406779661021	0.5475248689053731	0.04295704295704296	0.10589410589410589	0.23245548777463673	0.40552550897378487
MA0966.2	BIM3	Basic helix-loop-helix factors (bHLH)	bHLH	cluster_07	0.5711299435028249	0.608256745178591	0.04695304695304695	0.06293706293706294	0.2455531046135073	0.3266733266733267
MA1814.2	RIN	MADS box factors	Type II	cluster_23	0.5711299435028249	0.5210760632900973	0.04295704295704296	0.28771228771228774	0.23245548777463673	0.6290099585228526
MA0008.4	HAT5	Homeo domain factors	HD-ZIP	cluster_09	0.5710169491525426	0.555168710628796	0.04295704295704296	0.0999000999000999	0.23245548777463673	0.38889681746824606
MA1210.3	HAT22	Homeo domain factors	HD-ZIP	cluster_09	0.5709604519774011	0.547575063731936	0.03496503496503497	0.14285714285714285	0.21342657342657345	0.459915611814346
MA1333.2	BEH3	Basic helix-loop-helix factors (bHLH)	BES/BZR	cluster_07	0.5708757062146894	0.5656422087253682	0.053946053946053944	0.04095904095904096	0.265553801037672	0.26484532416735806
MA1074.2	UNE10	Basic helix-loop-helix factors (bHLH)	bHLH	cluster_07	0.570677966101695	0.5700573151388408	0.03896103896103896	0.06693306693306693	0.22351332877648666	0.3359863820390136
MA2384.1	estExt_Genewise1.C_2060077	Basic leucine zipper factors (bZIP)	bZIP	cluster_07	0.5705932203389832	0.6090900571633695	0.04695304695304695	0.011988011988011988	0.2455531046135073	0.14752988946537335
MA2034.2	NAC057	GCM domain factors	NAC	cluster_25	0.5702824858757061	0.6198875807325028	0.04895104895104895	0.07592407592407592	0.248997668997669	0.3553992020249689
MA2344.1	REV	Homeo domain factors	HD-ZIP	cluster_09	0.5701977401129943	0.5907523110557417	0.04795204795204795	0.005994005994005994	0.2455531046135073	0.12703962703962704
MA2380.1	DOF4.7	Other C4 zinc finger-type factors	DOF	cluster_03	0.5695197740112997	0.5555023139414934	0.03596403596403597	0.16483516483516483	0.21437937062937065	0.4971115840681058
MA1783.1	NAC005	GCM domain factors	NAC	cluster_16	0.5692655367231646	0.5876623395152965	0.04795204795204795	0.00999000999000999	0.2455531046135073	0.1385886840432295
MA1176.2	MYB119	Tryptophan cluster factors	MYB	cluster_11	0.5687288135593225	0.5739531426414418	0.03796203796203796	0.016983016983016984	0.2194320830684467	0.16612874305182
MA0954.3	ATHB-7	Homeo domain factors	HD-ZIP	cluster_09	0.5687288135593224	0.5280719267417561	0.05094905094905095	0.22377622377622378	0.25744454221275415	0.5672467067815905
MA2019.2	HSFA1B	Heat shock factors	HSF	cluster_04	0.5686158192090394	0.6252263796064741	0.04795204795204795	0.007992007992007992	0.2455531046135073	0.1385886840432295
MA2023.2	PHL4	Tryptophan cluster factors	GARP_G2-like	cluster_04	0.5685028248587565	0.550378163066877	0.04795204795204795	0.08791208791208792	0.2455531046135073	0.37059073523161923
MA1064.2	TCP2	TCP	NA	cluster_01	0.568022598870057	0.5384015553326261	0.052947052947052944	0.14385614385614387	0.26404314639608756	0.4611858729505789
MA1368.3	GT-4	Tryptophan cluster factors	Trihelix	cluster_02	0.5671751412429377	0.5374082853447868	0.04295704295704296	0.1108891108891109	0.23245548777463673	0.4144205309253853
MA1788.1	NAC054	GCM domain factors	NAC	cluster_16	0.5670621468926547	0.5677479663341799	0.061938061938061936	0.04095904095904096	0.28082443871917556	0.26484532416735806
MA1206.2	ARF2	B3	ARF	cluster_17	0.5662994350282485	0.5983551063344633	0.053946053946053944	0.0999000999000999	0.265553801037672	0.38889681746824606
MA1040.1	MYB46	Tryptophan cluster factors	Myb	cluster_02	0.5661864406779662	0.5589516948543197	0.055944055944055944	0.08191808191808192	0.2701602195273081	0.3592154971465316
MA1276.2	DOF3.5	Other C4 zinc finger-type factors	DOF	cluster_03	0.5660169491525424	0.6464974714539233	0.04195804195804196	0.04395604395604396	0.23245548777463673	0.26830769230769236
MA2419.1	UB3	C3H(C),C2HC zinc-fingers like factors	SBP	cluster_26	0.5657344632768363	0.5514075381463979	0.06393606393606394	0.07892107892107893	0.2819839120417155	0.3592154971465316
MA2376.1	CAMTA5	GCM domain factors	CAMTA	cluster_07	0.5656497175141245	0.5319052005563174	0.059940059940059943	0.17582417582417584	0.277177368086459	0.5081585081585082
MA2064.1	PK07858.1	Basic helix-loop-helix factors (bHLH)	bHLH	cluster_07	0.5655649717514124	0.5703537982073521	0.056943056943056944	0.06893106893106893	0.2715472027972028	0.3393187457703587
MA2406.1	PK03576.1	Basic helix-loop-helix factors (bHLH)	bHLH	cluster_07	0.5654802259887005	0.5643944593096842	0.060939060939060936	0.0939060939060939	0.2800994186536355	0.3831569500018698
MA1163.3	PHL11	Tryptophan cluster factors	GARP_G2-like	cluster_04	0.565395480225989	0.5409439130546586	0.054945054945054944	0.13386613386613386	0.26873767258382647	0.45132499079867505
MA1178.3	MYB3R1	Tryptophan cluster factors	MYB	cluster_11	0.5650847457627125	0.5576999563082982	0.06293706293706294	0.053946053946053944	0.28082443871917556	0.30265322912381737
MA0974.3	CDF3	Other C4 zinc finger-type factors	DOF	cluster_03	0.5650847457627122	0.5442505372105702	0.06293706293706294	0.24675324675324675	0.28082443871917556	0.5883522727272728
MA2397.1	ILR3	Basic helix-loop-helix factors (bHLH)	NA	cluster_07	0.5648305084745763	0.604972944302123	0.059940059940059943	0.07692307692307693	0.277177368086459	0.35571095571095573
MA1430.2	TB1	TCP	NA	cluster_01	0.5647457627118645	0.5428306309598467	0.06493506493506493	0.12787212787212787	0.2847439916405433	0.4429219429219429
MA2009.2	NAC010	GCM domain factors	NAC	cluster_16	0.5646892655367236	0.5773263725029077	0.056943056943056944	0.013986013986013986	0.2715472027972028	0.16333666333666336
MA1688.2	ARF16	B3	ARF	cluster_17	0.5639265536723165	0.5352168321592305	0.04795204795204795	0.17082917082917082	0.2455531046135073	0.505204098227354
MA1813.2	EIL4	EIL	NA	cluster_46	0.5637005649717515	0.5709034115703381	0.06293706293706294	0.04395604395604396	0.28082443871917556	0.26830769230769236
MA2071.1	PK15505.1	Basic helix-loop-helix factors (bHLH)	bHLH	cluster_07	0.5636440677966101	0.5679854223977457	0.07392607392607392	0.03996003996003996	0.3024753024753025	0.26484532416735806
MA1776.2	MYB67	Tryptophan cluster factors	MYB	cluster_02	0.5633898305084745	0.5594487434662581	0.07092907092907093	0.058941058941058944	0.3024753024753025	0.31448970609809773
MA0960.1	BHLH104	Basic helix-loop-helix factors (bHLH)	bHLH	cluster_07	0.563135593220339	0.570993787137991	0.05194805194805195	0.03296703296703297	0.2607655502392344	0.2418639053254438
MA1678.3	NTL8	GCM domain factors	NAC	cluster_25	0.5627118644067797	0.6009100958109794	0.07192807192807193	0.06493506493506493	0.3024753024753025	0.33030303030303027
MA1784.1	NAC011	GCM domain factors	NAC	cluster_16	0.562033898305085	0.6036415708664445	0.07092907092907093	0.005994005994005994	0.3024753024753025	0.12703962703962704
MA2057.1	PK01630.1	Basic helix-loop-helix factors (bHLH)	bHLH	cluster_07	0.5619209039548024	0.5648462873032936	0.07892107892107893	0.1068931068931069	0.3118245390972663	0.40552550897378487
MA2046.2	NAC035	GCM domain factors	NAC	cluster_20	0.561779661016949	0.5391111627932804	0.07092907092907093	0.15284715284715283	0.3024753024753025	0.4740747057820228
MA1412.2	TSAR2	Basic helix-loop-helix factors (bHLH)	bHLH	cluster_07	0.5615536723163841	0.5783277318051787	0.08091908091908091	0.016983016983016984	0.3118245390972663	0.16612874305182
MA0959.1	AIB	Basic helix-loop-helix factors (bHLH)	bHLH	cluster_07	0.5613841807909604	0.574098525642495	0.04795204795204795	0.014985014985014986	0.2455531046135073	0.16333666333666336
MA1327.3	ATHB-23	Homeo domain factors	HD-ZIP	cluster_09	0.5612994350282486	0.6760166259096222	0.057942057942057944	0.11188811188811189	0.27459497024714413	0.4144205309253853
MA1659.2	ABF4	Basic leucine zipper factors (bZIP)	Group A	cluster_07	0.5610451977401131	0.5732772548715974	0.058941058941058944	0.026973026973026972	0.277177368086459	0.21216927402494412
MA1733.2	ASR3	Tryptophan cluster factors	Trihelix	cluster_02	0.5609887005649724	0.5342896157855642	0.06393606393606394	0.16883116883116883	0.2819839120417155	0.5031960227272727
MA2015.2	NAC002	GCM domain factors	NAC	cluster_20	0.5609887005649717	0.55693499612027	0.07492507492507493	0.07192807192807193	0.3024753024753025	0.343006993006993
MA2076.1	PK18401.1	Basic helix-loop-helix factors (bHLH)	bHLH	cluster_07	0.5608474576271186	0.5753684795719337	0.08291708291708291	0.029970029970029972	0.3163286713286713	0.2264072561102264
MA1675.2	NAC029	GCM domain factors	NAC	cluster_20	0.5607344632768362	0.5430776670650889	0.07392607392607392	0.13286713286713286	0.3024753024753025	0.45132499079867505
MA2033.2	NAC038	GCM domain factors	NAC	cluster_16	0.5606779661016953	0.5805218947608214	0.07392607392607392	0.01998001998001998	0.3024753024753025	0.19055944055944055
MA2005.2	NAC016	GCM domain factors	NAC	cluster_16	0.5606779661016951	0.5613493722607686	0.08791208791208792	0.053946053946053944	0.32720450281425895	0.30265322912381737
MA1691.2	ARF27	B3	ARF	cluster_22	0.5605932203389832	0.6068718303565971	0.07992007992007992	0.001998001998001998	0.3118245390972663	0.10163170163170163
MA0945.2	ARR1	Tryptophan cluster factors	GARP_ARR-B	cluster_13	0.5604237288135594	0.728054925949941	0.030969030969030968	0.023976023976023976	0.20024890363873415	0.20326340326340325
MA2006.2	NAC020	GCM domain factors	NAC	cluster_16	0.5602824858757055	0.6037509634854187	0.06793206793206794	0.002997002997002997	0.29618381618381623	0.1088911088911089
MA2077.1	PK18474.1	Basic helix-loop-helix factors (bHLH)	bHLH	cluster_07	0.5601694915254238	0.5653820406648812	0.07892107892107893	0.10589410589410589	0.3118245390972663	0.40552550897378487
MA1770.2	MYB40	Tryptophan cluster factors	MYB	cluster_02	0.5596610169491526	0.5076919608806119	0.07792207792207792	0.3986013986013986	0.3118245390972663	0.7328502822478725
MA2382.1	e_gw1.209.40.1	Basic helix-loop-helix factors (bHLH)	bHLH	cluster_07	0.5596045197740114	0.6032274203386753	0.055944055944055944	0.07492507492507493	0.2701602195273081	0.3528878528878529
MA0988.2	PHYPADRAFT_143875	Basic helix-loop-helix factors (bHLH)	NA	cluster_07	0.5596045197740114	0.6032274203386753	0.07192807192807193	0.08091908091908091	0.3024753024753025	0.3592154971465316
MA1771.2	MYB41	Tryptophan cluster factors	MYB	cluster_02	0.5595197740112992	0.5404050042197727	0.07892107892107893	0.14085914085914086	0.3118245390972663	0.4573426573426574
MA1268.2	CDF5	Other C4 zinc finger-type factors	DOF	cluster_08	0.5594350282485872	0.5562709420708868	0.06293706293706294	0.06293706293706294	0.28082443871917556	0.3266733266733267
MA1403.1	BPC5	BBR/BPC	NA	cluster_21	0.5593785310734476	0.5122864779273195	0.059940059940059943	0.34965034965034963	0.277177368086459	0.6825139146567718
MA1828.2	Zm00001d038683	TCP	NA	cluster_01	0.5586158192090396	0.5907451598233607	0.07492507492507493	0.008991008991008992	0.3024753024753025	0.1385886840432295
MA1764.2	MYB116	Tryptophan cluster factors	MYB	cluster_02	0.5585028248587572	0.5456049829009721	0.08691308691308691	0.10589410589410589	0.3250719868366927	0.40552550897378487
MA1766.2	MYB17	Tryptophan cluster factors	MYB	cluster_02	0.557824858757062	0.5403304091356553	0.07492507492507493	0.12887112887112886	0.3024753024753025	0.4429219429219429
MA1677.2	NAC078	GCM domain factors	NAC	cluster_25	0.5575706214689267	0.640627678366611	0.08291708291708291	0.03696303696303696	0.3163286713286713	0.2540792540792541
MA1741.1	BRN2	GCM domain factors	NAC	cluster_16	0.5571751412429383	0.572316098121997	0.07392607392607392	0.02097902097902098	0.3024753024753025	0.19055944055944057
MA1351.3	GBF3	Basic leucine zipper factors (bZIP)	Group G	cluster_07	0.5571186440677968	0.544726336197815	0.07392607392607392	0.14185814185814186	0.3024753024753025	0.4586345857532298
MA2433.1	SPL15D	C3H(C),C2HC zinc-fingers like factors	SBP	cluster_38	0.5565536723163848	0.5410222382670921	0.0919080919080919	0.12487512487512488	0.32922945599001935	0.44110981610981614
MA2014.2	BAM8	Basic helix-loop-helix factors (bHLH)	BES/BZR	cluster_07	0.5564124293785312	0.5438252138776551	0.08091908091908091	0.0979020979020979	0.3118245390972663	0.3870430088046668
MA1214.2	ATHB-40	Homeo domain factors	HD-ZIP	cluster_09	0.5561864406779662	0.5213198079264275	0.0919080919080919	0.22977022977022976	0.32922945599001935	0.5729238082179259
MA1293.2	MYB57	Tryptophan cluster factors	MYB	cluster_02	0.5555367231638417	0.5500030199419288	0.0899100899100899	0.07792207792207792	0.3282363569444909	0.35815991237677985
MA0950.1	ATHB-12	Homeo domain factors	HD-ZIP	cluster_09	0.555310734463277	0.5528948068517945	0.08491508491508491	0.24175824175824176	0.319163595025664	0.5818975976704683
MA2028.2	MYB49	Tryptophan cluster factors	MYB	cluster_02	0.5551694915254244	0.5381004870905608	0.08491508491508491	0.12887112887112886	0.319163595025664	0.4429219429219429
MA2045.2	NAC031	GCM domain factors	NAC	cluster_16	0.5551412429378528	0.5841820373538593	0.07492507492507493	0.00999000999000999	0.3024753024753025	0.1385886840432295
MA1354.1	AT4G12670	Tryptophan cluster factors	Myb-related	cluster_34	0.5550847457627123	0.5133088597795813	0.09090909090909091	0.33966033966033965	0.32922945599001935	0.6786503313918458
MA1349.2	BZIP16	Basic leucine zipper factors (bZIP)	Group G	cluster_07	0.5549717514124296	0.5584364163943139	0.0979020979020979	0.056943056943056944	0.3410926972570808	0.3081386698407975
MA1824.2	Zm00001d005692	Homeo domain factors	HD-ZIP	cluster_09	0.5546892655367233	0.5571475459981999	0.07992007992007992	0.2087912087912088	0.3118245390972663	0.5493368700265252
MA0943.2	ARF5	B3	ARF	cluster_15	0.5544632768361581	0.5167310726798502	0.08891108891108891	0.34765234765234765	0.32772541468193644	0.6818990777859673
MA1380.1	TCX6	CPP	NA	cluster_06	0.553926553672316	0.5385688882137132	0.08891108891108891	0.12087912087912088	0.32772541468193644	0.4350507982583454
MA0549.2	BZR2	Basic helix-loop-helix factors (bHLH)	BES/BZR	cluster_07	0.5537853107344637	0.5477797822938086	0.08091908091908091	0.08191808191808192	0.3118245390972663	0.3592154971465316
MA1822.2	Zm00001d018571	Basic leucine zipper factors (bZIP)	NA	cluster_28	0.5537570621468928	0.566510976212105	0.0919080919080919	0.03596403596403597	0.32922945599001935	0.2540792540792541
MA1792.1	NAC098	GCM domain factors	NAC	cluster_16	0.5537288135593217	0.5532740367056248	0.0979020979020979	0.06793206793206794	0.3410926972570808	0.3387723387723388
MA1384.1	PHL7	Tryptophan cluster factors	GARP_G2-like	cluster_04	0.5536158192090397	0.5324612031942383	0.11988011988011989	0.21178821178821178	0.3875785231717435	0.5515167426430224
MA0586.3	SPL14	C3H(C),C2HC zinc fingers factors	SBP	cluster_28	0.5532485875706216	0.5241395388398212	0.09290709290709291	0.2957042957042957	0.33125285929024245	0.637351349215756
MA1408.2	FaEOBII	Tryptophan cluster factors	MYB-related	cluster_02	0.5530790960451978	0.5531847901969319	0.08491508491508491	0.13486513486513488	0.319163595025664	0.45132499079867505
MA1810.2	GLYMA-08G357600	B3	LAV	cluster_29	0.5525988700564974	0.5587698715883777	0.11988011988011989	0.07192807192807193	0.3875785231717435	0.343006993006993
MA1747.2	DOF4.3	Other C4 zinc finger-type factors	DOF	cluster_03	0.552033898305085	0.5075622695815667	0.1048951048951049	0.41058941058941056	0.36051786051786056	0.7371287535993418
MA1187.2	RVE4	Tryptophan cluster factors	MYB-related	cluster_13	0.5520056497175142	0.5311881859244562	0.1028971028971029	0.2857142857142857	0.3552510837578711	0.6264367816091954
MA2038.2	NAC103	GCM domain factors	NAC	cluster_25	0.551949152542373	0.5889513126604244	0.10589410589410589	0.1798201798201798	0.36231929505472105	0.5119507358313328
MA1809.2	GLYMA-07G038400	C3H zinc finger factors	GRF	cluster_22	0.5515254237288136	0.5228682089107606	0.0959040959040959	0.3276723276723277	0.3403480240689543	0.664930813866984
MA0563.2	SEP3	MADS box factors	Type II	cluster_23	0.5515254237288134	0.5184622407546873	0.1108891108891109	0.2727272727272727	0.37272419210745206	0.6138374899436846
MA1816.2	O11	Basic helix-loop-helix factors (bHLH)	bHLH	cluster_07	0.5514689265536723	0.6051549230449285	0.11288711288711288	0.08291708291708291	0.37449072666463973	0.3594643992371265
MA1292.2	MYB27	Tryptophan cluster factors	MYB	cluster_02	0.5503672316384186	0.528258748498216	0.10789210789210789	0.19880119880119881	0.3642552138127359	0.5398053903391982
MA0565.3	FUS3	B3	LAV	cluster_29	0.5502824858757063	0.6083126946545813	0.1028971028971029	0.04595404595404595	0.3552510837578711	0.2739291958041958
MA1189.2	AT5G61620	Tryptophan cluster factors	MYB-related	cluster_05	0.5502259887005655	0.5314950458032168	0.12887112887112886	0.1878121878121878	0.4029863579043907	0.5210934520025429
MA2037.2	NAC096	GCM domain factors	NAC	cluster_25	0.5496045197740113	0.5806200627923688	0.0979020979020979	0.13686313686313686	0.3410926972570808	0.45536281899918263
MA2392.1	GRMZM2G135447	Homeo domain factors	TALE-type HD	cluster_14	0.5493785310734466	0.5964767256612026	0.11188811188811189	0.00999000999000999	0.37443258495890075	0.1385886840432295
MA1775.2	MYB61	Tryptophan cluster factors	MYB	cluster_02	0.5493785310734461	0.5516590945655575	0.11788211788211789	0.09290709290709291	0.38437630745323054	0.38111888111888115
MA0935.1	NAC025	GCM domain factors	NAC	cluster_20	0.5493220338983051	0.5680288503878977	0.1068931068931069	0.04495504495504495	0.36248640248640246	0.2722277722277722
MA0936.1	NAC046	GCM domain factors	NAC	cluster_20	0.5492372881355934	0.5126458168704418	0.14185814185814186	0.44155844155844154	0.427817242046491	0.7554015491235222
MA0557.2	FHY3	GCM domain factors	FRS/FRF	cluster_07	0.5488418079096041	0.5504887108919106	0.11388611388611389	0.09490509490509491	0.3761692852601944	0.3851733373009969
MA2068.1	PK10344.1	TCP	NA	cluster_01	0.5488135593220342	0.535503861968902	0.12187812187812187	0.10789210789210789	0.39237555693251897	0.40552550897378487
MA1212.2	ATHB-13	Homeo domain factors	HD-ZIP	cluster_09	0.5480225988700567	0.5583814605139067	0.11688311688311688	0.3946053946053946	0.3827545844713227	0.7325642727102581
MA1352.1	TRP1	Tryptophan cluster factors	Myb-related	cluster_34	0.5476836158192094	0.530251915091458	0.12487512487512488	0.2007992007992008	0.39865991748836943	0.5413773505646298
MA2374.1	AHL13	A.T hook factors	AHL	cluster_09	0.5476836158192091	0.5882038720612153	0.12487512487512488	0.26173826173826176	0.39865991748836943	0.6033422770582891
MA1068.3	TGA2	Basic leucine zipper factors (bZIP)	Group D	cluster_14	0.5476271186440679	0.5290772155069865	0.13586413586413587	0.23476523476523475	0.41938382902238325	0.5759674409192094
MA2035.2	NAC075	GCM domain factors	NAC	cluster_16	0.5475141242937851	0.5613114311204487	0.1068931068931069	0.04095904095904096	0.36248640248640246	0.26484532416735806
MA1694.2	ARF35	B3	ARF	cluster_17	0.5469774011299438	0.5349918751963252	0.11588411588411589	0.13786213786213786	0.38111888111888115	0.45536281899918263
MA1203.1	AGL63	MADS box factors	MIKC	cluster_23	0.5464689265536726	0.5248155095938747	0.0979020979020979	0.21978021978021978	0.3410926972570808	0.5627258647392875
MA1332.2	BEH2	Basic helix-loop-helix factors (bHLH)	BES/BZR	cluster_07	0.5459322033898303	0.550721550955084	0.13386613386613386	0.08191808191808192	0.4152026834953664	0.3592154971465316
MA1382.2	FAR1	GCM domain factors	FRS/FRF	cluster_07	0.5455932203389837	0.5254049833413634	0.13886113886113885	0.22077922077922077	0.42211573287270493	0.5633931286105198
MA2360.1	PK28565.1	Tryptophan cluster factors	MYB	cluster_11	0.5455367231638419	0.5431589962535468	0.12887112887112886	0.12787212787212787	0.4029863579043907	0.4429219429219429
MA2020.2	HSFB4	Heat shock factors	HSF	cluster_04	0.5451412429378532	0.5398545922454023	0.11288711288711288	0.12287712287712288	0.37449072666463973	0.44016546833448245
MA0968.3	BZIP68	Basic leucine zipper factors (bZIP)	Group G	cluster_07	0.5449152542372883	0.5537870031151627	0.12787212787212787	0.07992007992007992	0.4029863579043907	0.3592154971465316
MA1411.2	TSAR1	Basic helix-loop-helix factors (bHLH)	bHLH	cluster_07	0.544689265536723	0.5604493546825502	0.14285714285714285	0.04095904095904096	0.428389440017347	0.26484532416735806
MA1761.2	HSFB3	Heat shock factors	HSF	cluster_04	0.544180790960452	0.5581051953106675	0.13686313686313686	0.05094905094905095	0.41938382902238325	0.2922866607077133
MA0580.1	DYT1	Basic helix-loop-helix factors (bHLH)	bHLH	cluster_07	0.5441242937853105	0.5229637664336915	0.14385614385614387	0.23776223776223776	0.428389440017347	0.5795929310306307
MA1756.2	GRF9	C3H zinc finger factors	GRF	cluster_22	0.5440960451977401	0.5448574133761415	0.12687312687312688	0.2997002997002997	0.4016771610132606	0.6441445878065596
MA1070.3	TGA7	Basic leucine zipper factors (bZIP)	Group D	cluster_14	0.543841807909605	0.5259034588808044	0.14085914085914086	0.25274725274725274	0.4264901764901765	0.5933727810650887
MA1745.2	BZIP63	Basic leucine zipper factors (bZIP)	Group C	cluster_07	0.543502824858757	0.584656359020193	0.13686313686313686	0.02197802197802198	0.41938382902238325	0.19499105545617176
MA1336.2	TGA3	Basic leucine zipper factors (bZIP)	Group D	cluster_14	0.5433333333333337	0.5239500669559645	0.14785214785214784	0.26073926073926074	0.4322267770543632	0.6033422770582891
MA1294.2	MYB62	Tryptophan cluster factors	MYB	cluster_02	0.5432768361581922	0.5134903347496625	0.16083916083916083	0.4175824175824176	0.457911491493581	0.7409660107334526
MA1830.2	Zm00001d015407	Tryptophan cluster factors	GARP_G2-like	cluster_04	0.5432203389830508	0.5347597405361297	0.14585414585414586	0.17182817182817184	0.4296784296784297	0.5061965061965062
MA2453.1	SPL8B	C3H(C),C2HC zinc-fingers like factors	SBP	cluster_33	0.5431073446327684	0.5151200417708495	0.14485514485514486	0.3276723276723277	0.428389440017347	0.664930813866984
MA1331.2	BEH4	Basic helix-loop-helix factors (bHLH)	BES/BZR	cluster_07	0.5425988700564974	0.5479037709165899	0.14785214785214784	0.0999000999000999	0.4322267770543632	0.38889681746824606
MA0552.2	PIF1	Basic helix-loop-helix factors (bHLH)	bHLH	cluster_07	0.542542372881356	0.6041147253123793	0.16083916083916083	0.08491508491508491	0.457911491493581	0.36604638299553555
MA1195.2	AT5G56840	Tryptophan cluster factors	MYB-related	cluster_05	0.5424293785310741	0.5162523381110095	0.14385614385614387	0.3226773226773227	0.428389440017347	0.6618354763516054
MA1209.2	ATHB-20	Homeo domain factors	HD-ZIP	cluster_09	0.5424293785310734	0.5543962709663202	0.13186813186813187	0.43956043956043955	0.4106750392464678	0.7536732929991357
MA1280.2	DOF5.4	Other C4 zinc finger-type factors	DOF	cluster_03	0.5421186440677966	0.6776614617753928	0.12687312687312688	0.15184815184815184	0.4016771610132606	0.47289853004138716
MA2407.1	PK24978.1	Basic leucine zipper factors (bZIP)	Group A	cluster_07	0.5411581920903955	0.5794310771339319	0.14485514485514486	0.056943056943056944	0.428389440017347	0.3081386698407975
MA1400.2	AT1G19000	Tryptophan cluster factors	MYB-related	cluster_05	0.540932203389831	0.521985911769474	0.13886113886113885	0.27972027972027974	0.42211573287270493	0.6252559035167731
MA1356.1	TRP2	Tryptophan cluster factors	Myb-related	cluster_34	0.5408474576271187	0.5156715321926594	0.15484515484515485	0.2937062937062937	0.4458371816862383	0.6366417673235855
MA0934.1	AHL25	A.T hook factors	AHL	cluster_09	0.5404519774011299	0.5758808697513229	0.17382617382617382	0.21678321678321677	0.485821870437255	0.5569211932848297
MA0590.1	LFY	LEAFY	NA	cluster_42	0.5403389830508477	0.5421027809392754	0.15884115884115885	0.11588411588411589	0.45562332404437667	0.4250941366325982
MA0931.2	ABI5	Basic leucine zipper factors (bZIP)	Group A	cluster_07	0.5397175141242939	0.567160954124966	0.17582417582417584	0.09090909090909091	0.4878321678321679	0.3769762845849802
MA1427.3	NAC028	GCM domain factors	NAC	cluster_25	0.5396892655367233	0.6089000068585309	0.15184815184815184	0.1258741258741259	0.44053285117923896	0.4425896683961201
MA1743.2	BZIP2	Basic leucine zipper factors (bZIP)	Group S	cluster_14	0.5391242937853106	0.5260982746852693	0.16583416583416583	0.2007992007992008	0.4686350686350686	0.5413773505646298
MA2007.2	MYB107	Tryptophan cluster factors	MYB	cluster_02	0.5390112994350282	0.5428056419617133	0.17482517482517482	0.2087912087912088	0.4868306875606146	0.5493368700265252
MA1786.2	NAC019	GCM domain factors	NAC	cluster_20	0.538954802259887	0.5282966917609916	0.15484515484515485	0.22977022977022976	0.4458371816862383	0.5729238082179259
MA1037.2	MYB24	Tryptophan cluster factors	MYB	cluster_02	0.5389265536723165	0.5498772150961878	0.17082917082917082	0.35864135864135865	0.4809692152865584	0.6927679915021687
MA1097.1	ARALYDRAFT_493022	TCP	NA	cluster_01	0.5388135593220339	0.4947002268052884	0.18981018981018982	0.5204795204795205	0.509947798680193	0.8355911870556223
MA2442.1	SPL3B	C3H(C),C2HC zinc-fingers like factors	SBP	cluster_38	0.5387570621468931	0.5375517019604594	0.17282717282717283	0.14785214785214784	0.4848056355409297	0.4680962191335635
MA0977.1	DOF2.5	Other C4 zinc finger-type factors	DOF	cluster_03	0.5384745762711864	0.5418760570196337	0.14985014985014986	0.3956043956043956	0.436395665403299	0.7326362957430919
MA1674.3	NAC017	GCM domain factors	NAC	cluster_25	0.5375141242937854	0.5813463834618541	0.1848151848151848	0.11888111888111888	0.5054264731684086	0.4340014052932713
MA2008.2	MYB99	Tryptophan cluster factors	MYB	cluster_02	0.5368926553672316	0.5354937828674661	0.1878121878121878	0.17782217782217782	0.509947798680193	0.5100688784899311
MA2043.2	NAC004	GCM domain factors	NAC	cluster_25	0.5368079096045199	0.653060127590216	0.16283716283716285	0.15884115884115885	0.461876413549276	0.486730137332547
MA1170.2	MYB118	Tryptophan cluster factors	MYB	cluster_11	0.5366101694915258	0.5466589034264125	0.17782217782217782	0.0899100899100899	0.49158812202290464	0.3748710306087355
MA1687.1	ARF14	B3	ARF	cluster_01	0.5362146892655366	0.5192137650216411	0.18081918081918083	0.2827172827172827	0.49806871828532484	0.6252559035167731
MA2367.1	WIP5	C2H2 zinc finger factors	C2H2	cluster_05	0.5359322033898305	0.5414431318025325	0.18681318681318682	0.12487512487512488	0.509065934065934	0.44110981610981614
MA0550.3	BZR1	Basic helix-loop-helix factors (bHLH)	BES/BZR	cluster_07	0.5358757062146895	0.5506892632257928	0.1888111888111888	0.08291708291708291	0.509947798680193	0.3594643992371265
MA2075.1	PK18009.1	Basic leucine zipper factors (bZIP)	Group A	cluster_07	0.5358192090395479	0.5754769439571867	0.21178821178821178	0.15084915084915085	0.5440889077252714	0.47171271351599225
MA2441.1	SPL3A	C3H(C),C2HC zinc-fingers like factors	SBP	cluster_38	0.5357062146892658	0.5338416661675514	0.20279720279720279	0.18681318681318682	0.5299118689529648	0.5210934520025429
MA1353.2	AT1G72740	Tryptophan cluster factors	MYB-related	cluster_02	0.5357062146892656	0.5308613859798688	0.1978021978021978	0.21178821178821178	0.5258643795229161	0.5515167426430224
MA2403.1	DVH24_040989	Tryptophan cluster factors	Trihelix	cluster_18	0.535593220338983	0.6687814508455828	0.18181818181818182	0.16283716283716285	0.4990189666448659	0.49303474303474304
MA2091.1	PK27109.1	Basic leucine zipper factors (bZIP)	Group I	cluster_12	0.5354519774011299	0.5251788894380829	0.2007992007992008	0.22777222777222778	0.5283096214130697	0.5716783216783217
MA1095.1	ARALYDRAFT_495258	TCP	NA	cluster_01	0.5348870056497176	0.5283841239145255	0.2037962037962038	0.21178821178821178	0.5307047900904556	0.5515167426430224
MA1098.1	ARALYDRAFT_484486	TCP	NA	cluster_01	0.5348870056497176	0.5283841239145255	0.19880119880119881	0.22777222777222778	0.5266851204351204	0.5716783216783217
MA2375.1	BMY2	Basic helix-loop-helix factors (bHLH)	BES/BZR	cluster_07	0.5342090395480225	0.5320951386937668	0.18981018981018982	0.17582417582417584	0.509947798680193	0.5081585081585082
MA1762.2	MYB10	Tryptophan cluster factors	MYB	cluster_02	0.5338418079096048	0.5349384008362408	0.2177822177822178	0.1938061938061938	0.5538927738927739	0.5300147880793041
MA2049.2	NAC053	GCM domain factors	NAC	cluster_25	0.5330508474576271	0.6518354379124359	0.20679320679320679	0.16583416583416583	0.5366776081061795	0.4981553879191674
MA1735.2	AT2G38300	Tryptophan cluster factors	GARP_G2-like	cluster_04	0.532909604519774	0.4989037619757376	0.19480519480519481	0.46153846153846156	0.5197075651621107	0.7773482024583347
MA2438.1	SPL1D	C3H(C),C2HC zinc-fingers like factors	SBP	cluster_38	0.5328813559322041	0.5378883828904635	0.19080919080919082	0.13386613386613386	0.5108330266225003	0.45132499079867505
MA2422.1	OsbZIP42	Basic leucine zipper factors (bZIP)	Group A	cluster_07	0.5326836158192089	0.5405061799504657	0.22377622377622378	0.13986013986013987	0.5635025040965636	0.4573426573426574
MA1663.3	NAC050	GCM domain factors	NAC	cluster_25	0.5326271186440679	0.5685024281571865	0.2097902097902098	0.08191808191808192	0.5407767907767908	0.3592154971465316
MA1693.2	ARF34	B3	ARF	cluster_22	0.53228813559322	0.522396079345208	0.1998001998001998	0.2897102897102897	0.5275001814794202	0.6315684315684317
MA1415.2	REF6	C2H2 zinc finger factors	Jumonji	cluster_11	0.5321186440677969	0.5458897853021849	0.22477522477522477	0.15884115884115885	0.5641562384983437	0.486730137332547
MA1379.1	SOL1	CPP	NA	cluster_06	0.5319491525423728	0.5282464597357596	0.23976023976023977	0.22477522477522477	0.5698973923272989	0.5678923725281342
MA0082.2	squamosa	MADS box factors	Type II	cluster_23	0.5319209039548018	0.49266191853678454	0.22777222777222778	0.5814185814185814	0.564894652273293	0.8730542541937434
MA1800.1	TEM1	B3	RAV	cluster_17	0.5316949152542373	0.5736823078286475	0.23076923076923078	0.056943056943056944	0.5674166089501552	0.3081386698407975
MA1385.2	AT2G40260	Tryptophan cluster factors	GARP_G2-like	cluster_04	0.5312429378531074	0.4974722976138352	0.23876123876123875	0.5424575424575424	0.5698973923272989	0.8516360183026849
MA1197.2	CAMTA1	GCM domain factors	CAMTA	cluster_07	0.5312146892655368	0.5142798789956382	0.23976023976023977	0.34065934065934067	0.5698973923272989	0.6786503313918458
MA2427.1	SPL12B	C3H(C),C2HC zinc-fingers like factors	SBP	cluster_38	0.5308474576271188	0.5290070883409526	0.20279720279720279	0.17782217782217782	0.5299118689529648	0.5100688784899311
MA1790.1	NAC073	GCM domain factors	NAC	cluster_16	0.5305649717514126	0.5332170262698751	0.22877122877122877	0.15784215784215785	0.564894652273293	0.486730137332547
MA1329.3	ZHD1	Homeo domain factors	PLINC	cluster_09	0.5304519774011299	0.5121077086915324	0.22277722277722278	0.5404595404595405	0.562844440327884	0.8516360183026849
MA1069.3	TGA6	Basic leucine zipper factors (bZIP)	Group D	cluster_14	0.5302824858757065	0.5094024722568384	0.23576423576423577	0.3926073926073926	0.5692661768611136	0.732491898345557
MA1270.2	DOF3.2	Other C4 zinc finger-type factors	DOF	cluster_08	0.5300564971751411	0.540313613760625	0.23476523476523475	0.12787212787212787	0.5692661768611136	0.4429219429219429
MA2030.2	MYB96	Tryptophan cluster factors	MYB	cluster_02	0.5298587570621472	0.5166606003339922	0.24475524475524477	0.31368631368631367	0.5746100053792361	0.6575347729193883
MA2061.1	PK06517.1	Basic helix-loop-helix factors (bHLH)	bHLH	cluster_07	0.5298305084745762	0.5471527773257988	0.25374625374625376	0.20279720279720279	0.5866920957830049	0.542927248190406
MA0961.2	bHLH112	Basic helix-loop-helix factors (bHLH)	bHLH	cluster_07	0.5297175141242937	0.5400234687198827	0.22677322677322678	0.4175824175824176	0.564894652273293	0.7409660107334526
MA1036.1	MYB111	Tryptophan cluster factors	Myb	cluster_02	0.5296045197740114	0.5125412865784724	0.21578421578421578	0.36163836163836166	0.5506466777369787	0.6950379595215868
MA2420.1	SBP6	C3H(C),C2HC zinc-fingers like factors	SBP	cluster_26	0.5295197740112998	0.5656126583392973	0.25874125874125875	0.13786213786213786	0.5893121803569564	0.45536281899918263
MA1185.2	LHY	Tryptophan cluster factors	MYB-related	cluster_13	0.5293785310734463	0.5194653700997037	0.21578421578421578	0.3966033966033966	0.5506466777369787	0.7327079699961055
MA1787.2	NAC047	GCM domain factors	NAC	cluster_20	0.5292937853107347	0.5162630252875041	0.22277722277722278	0.30569430569430567	0.562844440327884	0.6533466533466533
MA1778.2	MYB80	Tryptophan cluster factors	MYB	cluster_02	0.5292937853107343	0.5077317539372375	0.23276723276723277	0.3996003996003996	0.5674166089501552	0.7329209252286176
MA1740.2	BHLH49	Basic helix-loop-helix factors (bHLH)	bHLH	cluster_07	0.5292090395480226	0.5482508937514453	0.24175824175824176	0.1888111888111888	0.5710883543700882	0.521967163271511
MA1785.2	NAC018	GCM domain factors	NAC	cluster_20	0.5291525423728812	0.531653526334274	0.2787212787212787	0.18081918081918083	0.6076123876123877	0.512881170873736
MA1020.1	GT-1	Tryptophan cluster factors	Trihelix	cluster_18	0.5288418079096044	0.5309209109574068	0.22777222777222778	0.3116883116883117	0.564894652273293	0.6569563033651431
MA1355.2	TRB2	Tryptophan cluster factors	MYB-related	cluster_02	0.5287570621468928	0.5328301651698115	0.23176823176823177	0.2077922077922078	0.5674166089501552	0.5493368700265252
MA1769.2	MYB39	Tryptophan cluster factors	MYB	cluster_02	0.5286440677966104	0.5141354267822663	0.23776223776223776	0.3246753246753247	0.5698973923272989	0.6623723869713174
MA2018.2	NAC69	GCM domain factors	NAC	cluster_20	0.5286440677966099	0.5509356979807898	0.22877122877122877	0.12487512487512488	0.564894652273293	0.44110981610981614
MA1039.1	MYB4	Tryptophan cluster factors	Myb	cluster_02	0.5285875706214691	0.5390696697745562	0.24175824175824176	0.14685314685314685	0.5710883543700882	0.46687062937062934
MA1047.3	TGA5	Basic leucine zipper factors (bZIP)	Group D	cluster_14	0.5283333333333337	0.5071137778635902	0.25274725274725274	0.42657342657342656	0.5866920957830049	0.7465034965034965
MA2436.1	SPL18A	C3H(C),C2HC zinc-fingers like factors	SBP	cluster_38	0.528079096045198	0.5182511138890942	0.23276723276723277	0.26573426573426573	0.5674166089501552	0.6088746088746089
MA2451.1	SPL7B	C3H(C),C2HC zinc-fingers like factors	SBP	cluster_38	0.5280790960451978	0.5101327746554601	0.24275724275724275	0.37362637362637363	0.5716783216783217	0.7129388024910412
MA1397.2	AT1G74840	Tryptophan cluster factors	MYB-related	cluster_05	0.5279661016949153	0.49427935386733646	0.26873126873126874	0.6603396603396603	0.6012960646391731	0.9258741258741259
MA2092.1	PK27149.1	Basic leucine zipper factors (bZIP)	Group S	cluster_07	0.5277401129943502	0.5712634060720563	0.2627372627372627	0.03996003996003996	0.5948621111825859	0.26484532416735806
MA2452.1	SPL8A	C3H(C),C2HC zinc-fingers like factors	SBP	cluster_33	0.5276836158192092	0.5189936833642357	0.23576423576423577	0.2957042957042957	0.5692661768611136	0.637351349215756
MA1204.1	AGL13	MADS box factors	MIKC	cluster_23	0.5272881355932201	0.5397308847522579	0.23776223776223776	0.11988011988011989	0.5698973923272989	0.4350507982583454
MA2445.1	SPL4D	C3H(C),C2HC zinc-fingers like factors	SBP	cluster_38	0.5270621468926554	0.5246782020702526	0.25774225774225773	0.2137862137862138	0.5887944390938403	0.5529453597250207
MA2352.1	PC-MYB1	Tryptophan cluster factors	MYB	cluster_11	0.5268079096045198	0.5337552462885797	0.26673326673326675	0.16083916083916083	0.6003465560987685	0.49088111888111885
MA0944.2	ARF8	B3	ARF	cluster_17	0.5261864406779662	0.5747856830388185	0.2867132867132867	0.23976023976023977	0.6205259529203191	0.5813269009471541
MA1692.2	ARF29	B3	ARF	cluster_15	0.5261016949152544	0.5262094700937462	0.2887112887112887	0.2827172827172827	0.6205259529203191	0.6252559035167731
MA0963.1	bHLH78	Basic helix-loop-helix factors (bHLH)	bHLH	cluster_07	0.5260169491525424	0.562686138470634	0.2097902097902098	0.06693306693306693	0.5407767907767908	0.3359863820390136
MA0940.1	AP1	MADS box factors	MIKC	cluster_23	0.5259887005649719	0.4902120292984039	0.25574425574425574	0.5874125874125874	0.5877495997977926	0.8770955072324935
MA1737.2	AT5G05090	Tryptophan cluster factors	GARP_G2-like	cluster_13	0.5255932203389831	0.5252115912090692	0.2887112887112887	0.4805194805194805	0.6205259529203191	0.8005160778086542
MA1760.1	HSFA6A	Heat shock factors	HSF	cluster_04	0.5253672316384187	0.5262316806798443	0.25674325674325676	0.2127872127872128	0.5882735882735883	0.5522334808049094
MA2426.1	SPL11B	C3H(C),C2HC zinc-fingers like factors	SBP	cluster_38	0.525367231638418	0.5155410592831002	0.27472527472527475	0.32367632367632365	0.6040789181999557	0.6621046513807907
MA0581.2	LEC2	B3	LAV	cluster_29	0.5252259887005648	0.6088464811713813	0.2517482517482518	0.17282717282717283	0.5866920957830049	0.5071812802582033
MA2027.2	MYB44	Tryptophan cluster factors	MYB	cluster_11	0.5251412429378532	0.5400125819000939	0.2727272727272727	0.14885114885114886	0.6031620553359683	0.46931168005548174
MA1090.2	WRKY60	GCM domain factors	WRKY	cluster_10	0.525084745762712	0.5553167264255028	0.28771228771228774	0.1838161838161838	0.6205259529203191	0.5175341263902149
MA1698.2	ARF7	B3	ARF	cluster_17	0.524943502824859	0.5149409710921736	0.26173826173826176	0.31868131868131866	0.5943639693639694	0.6618354763516054
MA1348.1	TGA9	Basic leucine zipper factors (bZIP)	Group D	cluster_14	0.524943502824859	0.5126854100914449	0.2547452547452547	0.3756243756243756	0.5872224452284874	0.7129388024910412
MA2350.1	OsFBH1	Basic helix-loop-helix factors (bHLH)	bHLH	cluster_07	0.5249152542372881	0.5391226229921906	0.24975024975024976	0.4165834165834166	0.5845381612252778	0.7409660107334526
MA2448.1	SPL5D	C3H(C),C2HC zinc-fingers like factors	SBP	cluster_38	0.5248587570621471	0.5225059742952	0.27672327672327673	0.2707292707292707	0.6067237360340809	0.6129567761615239
MA1279.2	DOF1.5	Other C4 zinc finger-type factors	DOF	cluster_08	0.5243785310734465	0.5049465462105812	0.2787212787212787	0.42357642357642356	0.6076123876123877	0.7463944831150373
MA0129.1	TGA1A	Basic leucine zipper factors (bZIP)	Group D	cluster_14	0.5243785310734463	0.5507149037298394	0.2947052947052947	0.1878121878121878	0.6302301050904402	0.5210934520025429
MA0952.1	ATHB-51	Homeo domain factors	HD-ZIP	cluster_09	0.5243502824858757	0.5426082841400641	0.27372627372627373	0.33666333666333664	0.6036218117142973	0.6786503313918458
MA2396.1	IDD1	C2H2 zinc finger factors	IDD	cluster_08	0.5242937853107347	0.5105000099343753	0.2727272727272727	0.3646353646353646	0.6031620553359683	0.6990371437607618
MA1401.2	RVE7	Tryptophan cluster factors	MYB-related	cluster_13	0.5238418079096047	0.5533237519508877	0.2727272727272727	0.2017982017982018	0.6031620553359683	0.542155028070521
MA1269.2	DOF4.5	Other C4 zinc finger-type factors	DOF	cluster_03	0.5235593220338984	0.5242858939135355	0.28471528471528473	0.24075924075924077	0.6189110035263882	0.5813269009471541
MA2365.1	VIT_17s0000g10420	Tryptophan cluster factors	Trihelix	cluster_18	0.5235310734463277	0.5230450036738914	0.25374625374625376	0.3916083916083916	0.5866920957830049	0.732491898345557
MA2431.1	SPL15A	C3H(C),C2HC zinc-fingers like factors	SBP	cluster_38	0.5233898305084747	0.5197192343326996	0.2677322677322677	0.25374625374625376	0.6008227067050597	0.5938907718048823
MA2429.1	SPL13D	C3H(C),C2HC zinc-fingers like factors	SBP	cluster_38	0.5228248587570627	0.503954964766258	0.2977022977022977	0.4515484515484515	0.6327210394062762	0.7622377622377622
MA2051.2	NAC68	GCM domain factors	NAC	cluster_07	0.5227401129943504	0.5198916858405465	0.26673326673326675	0.34665334665334663	0.6003465560987685	0.6818990777859673
MA1272.3	DOF2.2	Other C4 zinc finger-type factors	DOF	cluster_03	0.5220338983050847	0.755632582322357	0.0899100899100899	0.0899100899100899	0.3282363569444909	0.3748710306087355
MA2371.1	MYB31	Tryptophan cluster factors	MYB	cluster_02	0.5219209039548023	0.5547166877908946	0.2987012987012987	0.07492507492507493	0.633080808080808	0.3528878528878529
MA1738.1	ATMYB31	Tryptophan cluster factors	Myb	cluster_02	0.5219209039548023	0.5547166877908946	0.3006993006993007	0.06993006993006994	0.6355500455223446	0.34202976510668825
MA1416.1	RAMOSA1	C2H2 zinc finger factors	C2H2	cluster_21	0.5218079096045202	0.5027692368979004	0.2957042957042957	0.4915084915084915	0.6302301050904402	0.81173372082463
MA1823.2	Zm00001d027846	Other C4 zinc finger-type factors	DOF	cluster_25	0.5214689265536723	0.6573540787203733	0.2727272727272727	0.3386613386613387	0.6031620553359683	0.6786503313918458
MA1739.2	BHLH122	Basic helix-loop-helix factors (bHLH)	bHLH	cluster_07	0.5212146892655367	0.567283283396696	0.3206793206793207	0.4745254745254745	0.6666984241916122	0.7957427188196419
MA2089.1	PK25870.1	GCM domain factors	WRKY	cluster_10	0.5209322033898305	0.5763521575867474	0.3106893106893107	0.23376623376623376	0.6530466778400663	0.5759674409192094
MA2409.1	ZmbZIP25	Basic leucine zipper factors (bZIP)	D	cluster_14	0.5208192090395479	0.503803489704105	0.3176823176823177	0.42957042957042957	0.6640865983331737	0.7483156113293099
MA1038.2	MYB3	Tryptophan cluster factors	MYB	cluster_02	0.5202259887005649	0.5106119236170733	0.32167832167832167	0.3936063936063936	0.6669580419580419	0.732491898345557
MA1372.2	ZAT10	C2H2 zinc finger factors	C2H2	cluster_35	0.5201977401129942	0.5211848322518938	0.3206793206793207	0.26873126873126874	0.6666984241916122	0.6120655463939045
MA1340.2	BZIP3	Basic leucine zipper factors (bZIP)	Group S	cluster_14	0.5198022598870058	0.5159449068541949	0.3046953046953047	0.3076923076923077	0.6422168991229765	0.6539532890507821
MA0930.3	ABF3	Basic leucine zipper factors (bZIP)	Group A	cluster_07	0.518954802259887	0.5428528768308599	0.2957042957042957	0.3076923076923077	0.6302301050904402	0.6539532890507821
MA1759.2	HSFA4A	Heat shock factors	HSF	cluster_04	0.5181073446327684	0.5248111079922136	0.34465534465534464	0.23476523476523475	0.683044228498774	0.5759674409192094
MA1425.2	HYH	Basic leucine zipper factors (bZIP)	Group H	cluster_07	0.5172881355932204	0.5722656858459758	0.3256743256743257	0.13086913086913088	0.673413307559649	0.4477719589827213
MA1028.1	KAN4	Tryptophan cluster factors	GARP_G2-like	cluster_04	0.5170903954802261	0.5187411561033164	0.34765234765234765	0.4075924075924076	0.683656549635931	0.7370100348823753
MA1749.1	E2FC	Fork head/winged helix factors	E2F	cluster_27	0.5170621468926558	0.49992393905961663	0.34065934065934067	0.47652347652347654	0.6824222897521326	0.7973408170776592
MA2425.1	SPL11A	C3H(C),C2HC zinc-fingers like factors	SBP	cluster_38	0.5166666666666669	0.5231588306833435	0.3356643356643357	0.25074925074925075	0.6775446775446776	0.5923271774664964
MA2423.1	OsbZIP69	Basic leucine zipper factors (bZIP)	Group A	cluster_14	0.5165254237288139	0.5043421207464027	0.35564435564435565	0.4515484515484515	0.6957862650170342	0.7622377622377622
MA2443.1	SPL3D	C3H(C),C2HC zinc-fingers like factors	SBP	cluster_38	0.5163276836158197	0.5194322680543375	0.3356643356643357	0.2857142857142857	0.6775446775446776	0.6264367816091954
MA1202.1	AGL55	MADS box factors	Type I	cluster_43	0.5163276836158192	0.6615416043035066	0.3126873126873127	0.24075924075924077	0.6554407131330209	0.5813269009471541
MA2041.2	MYB13	Tryptophan cluster factors	MYB	cluster_02	0.5162994350282486	0.5117260369120112	0.34465534465534464	0.33766233766233766	0.683044228498774	0.6786503313918458
MA1781.2	MYB94	Tryptophan cluster factors	MYB	cluster_02	0.5161864406779664	0.5058610505317997	0.33966033966033965	0.4085914085914086	0.6824222897521326	0.7370100348823753
MA1330.2	ZHD6	Homeo domain factors	PLINC	cluster_09	0.5161581920903957	0.5309865054934734	0.34165834165834164	0.1798201798201798	0.6824222897521326	0.5119507358313328
MA1797.1	RAV2	B3	RAV	cluster_17	0.5161581920903956	0.5675391988994535	0.32967032967032966	0.07692307692307693	0.6764093815032153	0.35571095571095573
MA0973.2	CDF2	Other C4 zinc finger-type factors	DOF	cluster_03	0.5161016949152543	0.6013779858039983	0.3626373626373626	0.4385614385614386	0.7022647403358063	0.7536540036540037
MA0555.2	SVP	MADS box factors	Type II	cluster_23	0.5160451977401134	0.4894161677222633	0.3306693306693307	0.5964035964035964	0.6764093815032153	0.8853228483578679
MA1689.2	ARF18	B3	ARF	cluster_17	0.516045197740113	0.4991919059024315	0.34465534465534464	0.5324675324675324	0.683044228498774	0.8428894756695585
MA2455.1	SPL9D	C3H(C),C2HC zinc-fingers like factors	SBP	cluster_38	0.5156497175141244	0.5202526022337715	0.3336663336663337	0.26073926073926074	0.6770941824133314	0.6033422770582891
MA1339.1	BZIP43	Basic leucine zipper factors (bZIP)	Group S	cluster_14	0.5151412429378532	0.4989541986748782	0.3336663336663337	0.4965034965034965	0.6770941824133314	0.8164486375693272
MA1774.2	MYB60	Tryptophan cluster factors	MYB	cluster_02	0.515112994350283	0.5047785351370665	0.3306693306693307	0.4015984015984016	0.6764093815032153	0.7330611971760297
MA2421.1	SBP8	C3H(C),C2HC zinc-fingers like factors	SBP	cluster_26	0.5151129943502826	0.5452615057724806	0.3276723276723277	0.17582417582417584	0.6757134757134757	0.5081585081585082
MA2446.1	SPL5A	C3H(C),C2HC zinc-fingers like factors	SBP	cluster_38	0.5148022598870058	0.5367002522095603	0.38161838161838163	0.15084915084915085	0.7297614666035719	0.47171271351599225
MA2059.1	PK05432.1	GCM domain factors	WRKY	cluster_10	0.5147175141242937	0.5952899682572786	0.34165834165834164	0.1878121878121878	0.6824222897521326	0.5210934520025429
MA2357.1	PK21687.1	Tryptophan cluster factors	MYB-related	cluster_18	0.514491525423729	0.5535150794711957	0.3726273726273726	0.4965034965034965	0.7143585058157922	0.8164486375693272
MA1765.2	MYB121	Tryptophan cluster factors	MYB	cluster_02	0.5144632768361583	0.5333380308984511	0.34565434565434566	0.21678321678321677	0.6832493930939527	0.5569211932848297
MA0953.2	ATHB-6	Homeo domain factors	HD-ZIP	cluster_09	0.5141242937853107	0.6333589957047621	0.3596403596403596	0.2517482517482518	0.7018045892726199	0.592851592851593
MA0978.1	DREB1E	AP2/EREBP	ERF/DREB	cluster_15	0.51409604519774	0.49377804481382465	0.36163836163836166	0.5494505494505495	0.7022647403358063	0.8555729984301413
MA1191.2	RVE7L	Tryptophan cluster factors	MYB-related	cluster_13	0.5139830508474577	0.5498686168202924	0.36863136863136864	0.24575424575424576	0.7102670057215512	0.5883522727272728
MA1392.3	MYB98	Tryptophan cluster factors	MYB	cluster_11	0.5139265536723162	0.5303891306697639	0.36663336663336665	0.20679320679320679	0.7082057183323007	0.5493368700265252
MA1186.2	YAB4	Tryptophan cluster factors	MYB-related	cluster_05	0.5138418079096048	0.4938861941685275	0.33266733266733267	0.5324675324675324	0.6770941824133314	0.8428894756695585
MA2454.1	SPL8D1	C3H(C),C2HC zinc-fingers like factors	SBP	cluster_33	0.5135028248587571	0.518143823864823	0.3726273726273726	0.3126873126873127	0.7143585058157922	0.6572463349322853
MA1328.1	ZHD9	Homeo domain factors	PLINC	cluster_06	0.513276836158192	0.4931965487276147	0.35064935064935066	0.5484515484515484	0.6877775181117083	0.8555729984301413
MA1161.1	TSO1	CPP	NA	cluster_06	0.5130790960451981	0.5137261457409981	0.3876123876123876	0.34265734265734266	0.7375268123397799	0.6808530011655012
MA0967.1	BZIP60	Basic leucine zipper factors (bZIP)	Group K	cluster_14	0.5116384180790962	0.492936038372705	0.3966033966033966	0.5714285714285714	0.749030672297999	0.8667992047713717
MA1183.2	RVE6	Tryptophan cluster factors	MYB-related	cluster_13	0.5113841807909604	0.5203786494178294	0.3966033966033966	0.4065934065934066	0.749030672297999	0.7370100348823753
MA1180.2	MYB3R4	Tryptophan cluster factors	MYB	cluster_11	0.5113559322033897	0.5134533501897741	0.39760239760239763	0.34465534465534464	0.7490632823966158	0.6818990777859673
MA0947.1	ARR14	Tryptophan cluster factors	GARP_ARR-B	cluster_13	0.5109039548022599	0.5080878180845882	0.42357642357642356	0.3886113886113886	0.7694971694971694	0.7321246654579988
MA1077.2	WRKY18	GCM domain factors	WRKY	cluster_10	0.5109039548022599	0.6299566931289461	0.3626373626373626	0.23476523476523475	0.7022647403358063	0.5759674409192094
MA2083.1	PK21166.1	Tryptophan cluster factors	MYB	cluster_02	0.5108757062146896	0.5029719664425951	0.3836163836163836	0.4165834165834166	0.7317482517482518	0.7409660107334526
MA2104.1	IDD11	C2H2 zinc finger factors	IDD	cluster_08	0.5108192090395482	0.5041469574595409	0.42157842157842157	0.44455544455544455	0.7694971694971694	0.7588273024514636
MA2082.1	PK20392.1	Homeo domain factors	HD-ZIP	cluster_09	0.5107627118644068	0.7321355185453792	0.34765234765234765	0.34765234765234765	0.683656549635931	0.6818990777859673
MA0548.3	AGL15	MADS box factors	Type II	cluster_23	0.5104802259887005	0.5233525681345481	0.3986013986013986	0.25074925074925075	0.7490957318543525	0.5923271774664964
MA2417.1	EREB71	AP2/EREBP	ERF/DREB	cluster_15	0.5102824858757063	0.5146968205773912	0.4035964035964036	0.34065934065934067	0.7529421797714482	0.6786503313918458
MA2361.1	PRUPE_ppa000682mg	C3H(C),C2HC zinc-fingers like factors	SBP	cluster_28	0.5096892655367233	0.5285010680330218	0.41358641358641357	0.5684315684315684	0.7640744797371304	0.8667992047713717
MA2412.1	ZmbZIP72	Basic leucine zipper factors (bZIP)	S	cluster_14	0.509632768361582	0.4952315462235606	0.42957042957042957	0.5604395604395604	0.7730241456656551	0.8636645612452064
MA1060.2	SPL7	C3H(C),C2HC zinc fingers factors	SBP	cluster_28	0.5096045197740113	0.5321361412890081	0.4145854145854146	0.34665334665334663	0.7640744797371304	0.6818990777859673
MA2368.1	WRKY51	GCM domain factors	WRKY	cluster_10	0.5091807909604519	0.6285207607542325	0.3926073926073926	0.26173826173826176	0.7451727377100511	0.6033422770582891
MA1184.2	RVE1	Tryptophan cluster factors	MYB-related	cluster_13	0.5091242937853108	0.5440654711036231	0.42857142857142855	0.2787212787212787	0.7730241456656551	0.6252559035167731
MA1157.2	NUC	C2H2 zinc finger factors	IDD	cluster_08	0.5089830508474579	0.5018517975005967	0.4405594405594406	0.5034965034965035	0.7817368677833794	0.8243944896305413
MA2444.1	SPL4A	C3H(C),C2HC zinc-fingers like factors	SBP	cluster_38	0.5089830508474577	0.5207035279922447	0.4045954045954046	0.2647352647352647	0.7529421797714482	0.6084126716656837
MA1358.2	bHLH130	Basic helix-loop-helix factors (bHLH)	bHLH	cluster_07	0.5089830508474577	0.5048856759610618	0.41858141858141856	0.48951048951048953	0.7658935788432191	0.8101876431594436
MA1746.1	BZIP69	Basic leucine zipper factors (bZIP)	Group I	cluster_12	0.5084180790960454	0.5086206944933821	0.4015984015984016	0.39760239760239763	0.7528736619645711	0.7327792979966893
MA1772.2	MYB43	Tryptophan cluster factors	MYB	cluster_02	0.508333333333333	0.5127324269385317	0.4145854145854146	0.3596403596403596	0.7640744797371304	0.6929434202161474
MA2355.1	PK06791.1	C3H(C),C2HC zinc-fingers like factors	SBP	cluster_28	0.508220338983051	0.5280600929268588	0.43456543456543456	0.5784215784215784	0.7783413769329263	0.8730542541937434
MA1827.2	Zm00001d044785	Tryptophan cluster factors	GARP_G2-like	cluster_05	0.5080790960451979	0.5559989991120268	0.43756243756243757	0.23376623376623376	0.7800470557479903	0.5759674409192094
MA0969.2	CAMTA2	GCM domain factors	CAMTA	cluster_07	0.507457627118644	0.520366306666902	0.42357642357642356	0.4785214785214785	0.7694971694971694	0.7989319214702147
MA1341.2	BZIP53	Basic leucine zipper factors (bZIP)	Group S	cluster_14	0.5074293785310735	0.5084006564338778	0.41058941058941056	0.37462537462537465	0.7622377622377622	0.7129388024910412
MA0972.1	CCA1	Tryptophan cluster factors	Myb-related	cluster_13	0.5071186440677966	0.5504641572888344	0.4515484515484515	0.2707292707292707	0.7937786351579456	0.6129567761615239
MA1182.2	RVE8	Tryptophan cluster factors	MYB-related	cluster_13	0.5070621468926552	0.5435642321996249	0.4045954045954046	0.17582417582417584	0.7529421797714482	0.5081585081585082
MA2435.1	SPL16D	C3H(C),C2HC zinc-fingers like factors	SBP	cluster_38	0.5070056497175144	0.5229086814012959	0.42857142857142855	0.25574425574425574	0.7730241456656551	0.5967365967365967
MA1042.1	MYB59	Tryptophan cluster factors	Myb	cluster_02	0.5066666666666668	0.5382664699824233	0.4155844155844156	0.2057942057942058	0.7640744797371304	0.5490244021712554
MA2434.1	SPL16A	C3H(C),C2HC zinc-fingers like factors	SBP	cluster_38	0.5064406779661021	0.5140865373387249	0.44555444555444557	0.3226773226773227	0.7886432274423036	0.6618354763516054
MA1665.3	HSFB2A	Heat shock factors	HSF	cluster_04	0.5063841807909606	0.5082597558169124	0.4695304695304695	0.42657342657342656	0.8105243173116476	0.7465034965034965
MA2042.2	MYB58	Tryptophan cluster factors	MYB	cluster_02	0.5062994350282486	0.5072632311407691	0.43956043956043955	0.43756243756243757	0.7817368677833794	0.7536540036540037
MA1174.2	MYB56	Tryptophan cluster factors	MYB	cluster_11	0.505960451977401	0.5151039020269338	0.42857142857142855	0.33966033966033965	0.7730241456656551	0.6786503313918458
MA1779.2	MYB83	Tryptophan cluster factors	MYB	cluster_02	0.5057344632768361	0.5002275109671566	0.41858141858141856	0.5644355644355644	0.7658935788432191	0.8663184205352878
MA2430.1	SPL14B	C3H(C),C2HC zinc-fingers like factors	SBP	cluster_38	0.505480225988701	0.5235751780051551	0.44755244755244755	0.23576423576423577	0.7886432274423036	0.5765644611798458
MA1343.2	BZIP52	Basic leucine zipper factors (bZIP)	Group I	cluster_12	0.5048870056497174	0.5162951844605481	0.43656343656343655	0.35064935064935066	0.7800470557479903	0.6825139146567718
MA1323.2	GATA19	Other C4 zinc finger-type factors	C4-GATA-related	cluster_13	0.504830508474576	0.5167558711514851	0.43356643356643354	0.3106893106893107	0.7783413769329263	0.6566646649749144
MA1092.2	WRKY63	GCM domain factors	WRKY	cluster_10	0.5047175141242938	0.5632138007485705	0.4645354645354645	0.4275724275724276	0.8072790845518119	0.7465395016882431
MA1261.2	ERF122	AP2/EREBP	ERF/DREB	cluster_24	0.5045480225988701	0.49657079066446913	0.44655344655344653	0.5284715284715285	0.7886432274423036	0.8416375291375291
MA2437.1	SPL19B	C3H(C),C2HC zinc-fingers like factors	SBP	cluster_38	0.5042372881355935	0.5238967254259133	0.46553446553446554	0.22377622377622378	0.8072790845518119	0.5672467067815905
MA2428.1	SPL13B	C3H(C),C2HC zinc-fingers like factors	SBP	cluster_38	0.5041242937853109	0.5093967518259567	0.4645354645354645	0.3756243756243756	0.8072790845518119	0.7129388024910412
MA0937.1	NAC055	GCM domain factors	NAC	cluster_20	0.5037005649717514	0.49647879347327895	0.4945054945054945	0.5784215784215784	0.8300289731960013	0.8730542541937434
MA1334.2	BZIP11	Basic leucine zipper factors (bZIP)	Group S	cluster_14	0.5034180790960454	0.5060573030975338	0.47952047952047955	0.42657342657342656	0.8198290598290598	0.7465034965034965
MA1030.2	P0510F09.23	Tryptophan cluster factors	MYB	cluster_02	0.5033333333333334	0.5805512142214186	0.4825174825174825	0.27172827172827174	0.8198290598290598	0.613398435883643
MA1324.1	GATA20	Other C4 zinc finger-type factors	C4-GATA-related	cluster_13	0.5032768361581923	0.49475050190056963	0.4805194805194805	0.5294705294705294	0.8198290598290598	0.8416375291375291
MA2353.1	PK02532.1	Tryptophan cluster factors	MYB-related	cluster_13	0.503135593220339	0.5867458444050355	0.48151848151848153	0.4515484515484515	0.8198290598290598	0.7622377622377622
MA1802.2	TRP5	Tryptophan cluster factors	MYB-related	cluster_18	0.5030225988700565	0.5199149303938545	0.45754245754245754	0.5704295704295704	0.8006993006993007	0.8667992047713717
MA1169.1	MYB105	Tryptophan cluster factors	Myb	cluster_11	0.5026836158192091	0.5159884419876397	0.4675324675324675	0.3166833166833167	0.8089053803339518	0.6601895372387175
MA2026.2	MYB108	Tryptophan cluster factors	MYB	cluster_02	0.5026553672316385	0.49615827140882135	0.4965034965034965	0.5484515484515484	0.8300289731960013	0.8555729984301413
MA2359.1	PK23829.1	Tryptophan cluster factors	MYB-related	cluster_05	0.5024293785310736	0.5510760898879581	0.46253746253746253	0.6083916083916084	0.8072790845518119	0.8926976869284562
MA1078.2	WRKY2	GCM domain factors	WRKY	cluster_10	0.5023446327683615	0.5441338076929785	0.5004995004995005	0.2817182817182817	0.8300289731960013	0.6252559035167731
MA2389.1	GBF1	Basic leucine zipper factors (bZIP)	NA	cluster_07	0.5023163841807908	0.55794009024336	0.4775224775224775	0.0979020979020979	0.8198290598290598	0.3870430088046668
MA2072.1	PK16335.1	Basic leucine zipper factors (bZIP)	Group D	cluster_12	0.5021751412429379	0.4942400885401302	0.45254745254745254	0.5214785214785215	0.7937786351579456	0.8355911870556223
MA0001.3	AGL3	MADS box factors	Type II	cluster_23	0.5018644067796608	0.4871163650986173	0.5014985014985015	0.6363636363636364	0.8300289731960013	0.915544981334455
MA2387.1	NAC094	GCM domain factors	NAC	cluster_16	0.5017514124293786	0.5530022949103792	0.4965034965034965	0.06493506493506493	0.8300289731960013	0.33030303030303027
MA2424.1	OsbZIP77	Basic leucine zipper factors (bZIP)	Group A	cluster_14	0.5014124293785309	0.5163900883246636	0.47952047952047955	0.32167832167832167	0.8198290598290598	0.6618354763516054
MA1829.2	Zm00001d035604	Tryptophan cluster factors	MYB	cluster_02	0.5012711864406779	0.5275631978972962	0.4835164835164835	0.6243756243756243	0.8198290598290598	0.9074259074259073
MA2025.2	MYB93	Tryptophan cluster factors	MYB	cluster_02	0.500536723163842	0.519488616196206	0.4995004995004995	0.44555444555444557	0.8300289731960013	0.7588349150849151
MA1780.2	MYB92	Tryptophan cluster factors	MYB	cluster_02	0.5002824858757062	0.5277167942357378	0.5084915084915085	0.6153846153846154	0.8378044369423678	0.8994989684644857
MA0556.2	AP3	MADS box factors	Type II	cluster_23	0.5002542372881352	0.4685625614839171	0.4985014985014985	0.8301698301698301	0.8300289731960013	1.0
MA1669.2	DREB1B	AP2/EREBP	ERF/DREB	cluster_15	0.4993785310734464	0.47602483300120985	0.5134865134865135	0.7482517482517482	0.8407515231549567	0.9860381414785561
MA1337.2	BZIP44	Basic leucine zipper factors (bZIP)	Group S	cluster_14	0.49932203389830543	0.5066679159414786	0.47952047952047955	0.37962037962037964	0.8198290598290598	0.7187353589338702
MA2031.2	AT5G04760	Tryptophan cluster factors	MYB-related	cluster_05	0.49909604519774015	0.5026095773218193	0.5334665334665335	0.6003996003996004	0.8585204269414796	0.8878001843118122
MA1156.2	JKD	C2H2 zinc finger factors	IDD	cluster_08	0.49906779661016937	0.48835975249580965	0.4855144855144855	0.6003996003996004	0.8213914688415798	0.8878001843118122
MA0980.3	RAP2-10	AP2/EREBP	ERF/DREB	cluster_15	0.49895480225988703	0.5031987086821001	0.4955044955044955	0.5344655344655345	0.8300289731960013	0.8443006269093225
MA1162.1	TCX2	CPP	NA	cluster_06	0.49892655367231675	0.4927898188424741	0.5274725274725275	0.5794205794205795	0.8526727509778358	0.8730542541937434
MA1057.2	SPL12	C3H(C),C2HC zinc fingers factors	SBP	cluster_28	0.4988418079096046	0.48723188097646003	0.4965034965034965	0.7962037962037962	0.8300289731960013	1.0
MA0578.1	SPL8	C3H(C),C2HC zinc fingers factors	SBP	cluster_40	0.4987853107344633	0.49805717488844853	0.5394605394605395	0.5414585414585414	0.8629106742314291	0.8516360183026849
MA2032.2	TRB1	Tryptophan cluster factors	MYB-related	cluster_02	0.49855932203389863	0.5297063855112039	0.5094905094905094	0.3206793206793207	0.8378044369423678	0.6618354763516054
MA2439.1	SPL2A	C3H(C),C2HC zinc-fingers like factors	SBP	cluster_38	0.4984745762711863	0.5148909228584985	0.5014985014985015	0.3096903096903097	0.8300289731960013	0.6563714063714063
MA2354.1	PK06182.1	Tryptophan cluster factors	MYB	cluster_02	0.4984463276836159	0.4863979341801565	0.5244755244755245	0.6183816183816184	0.851246418125399	0.900429722948807
MA1205.1	AGL6	MADS box factors	MIKC	cluster_23	0.4980790960451975	0.5076063657785707	0.5114885114885115	0.4075924075924076	0.8392811489585683	0.7370100348823753
MA0554.2	SOC1	MADS box factors	Type II	cluster_23	0.4980225988700568	0.48603080350103955	0.5234765234765235	0.6403596403596403	0.851246418125399	0.9163982085330401
MA2358.1	PK22320.1	C3H(C),C2HC zinc-fingers like factors	SBP	cluster_28	0.49793785310734473	0.4860800228601234	0.5254745254745254	0.7862137862137862	0.851246418125399	1.0
MA1706.2	AT1G14600	Tryptophan cluster factors	GARP_G2-like	cluster_04	0.49751412429378533	0.4898159761546095	0.5554445554445554	0.8201798201798202	0.8769663326364358	1.0
MA2047.2	NAC037	GCM domain factors	NAC	cluster_25	0.4975141242937852	0.5713573922859386	0.5064935064935064	0.5804195804195804	0.8364817001180637	0.8730542541937434
MA2362.1	TEIL	EIL	NA	cluster_26	0.49748587570621466	0.47264146829493464	0.5344655344655345	0.8391608391608392	0.8585204269414796	1.0
MA1394.3	MYB73	Tryptophan cluster factors	MYB	cluster_11	0.4966101694915256	0.5258531941148779	0.5464535464535465	0.26673326673326675	0.8704468808852943	0.6093337799924626
MA0573.2	ATHB-9	Homeo domain factors	HD-ZIP	cluster_09	0.4965536723163842	0.5337976208591346	0.5494505494505495	0.19080919080919082	0.8715816408124101	0.5255863270303703
MA1190.2	RVE5	Tryptophan cluster factors	MYB-related	cluster_13	0.4964689265536722	0.538100574487852	0.5194805194805194	0.19880119880119881	0.8469308469308469	0.5398053903391982
MA2404.1	OsTRBF3	Tryptophan cluster factors	MYB-related	cluster_02	0.49621468926553686	0.5390653078968013	0.5574425574425574	0.42157842157842157	0.8769663326364358	0.7463209644184121
MA1767.2	MYB23	Tryptophan cluster factors	MYB	cluster_45	0.49590395480225985	0.7196826936313107	0.6033966033966034	0.6033966033966034	0.9161946963927162	0.8905060123628789
MA1043.2	NAC083	GCM domain factors	NAC	cluster_20	0.4958474576271186	0.5307830659196614	0.5344655344655345	0.4085914085914086	0.8585204269414796	0.7370100348823753
MA0939.1	NAC079	GCM domain factors	NAC	cluster_20	0.4954237288135593	0.4901066132993999	0.5154845154845155	0.6603396603396603	0.8422156002455787	0.9258741258741259
MA1158.2	MGP	C2H2 zinc finger factors	IDD	cluster_08	0.49514124293785305	0.494801206517988	0.5454545454545454	0.5574425574425574	0.8704468808852943	0.8625322046374678
MA1277.2	DOF1.7	Other C4 zinc finger-type factors	DOF	cluster_03	0.4945480225988703	0.5005086732491183	0.5574425574425574	0.5474525474525475	0.8769663326364358	0.8555729984301413
MA1267.2	DOF5.8	Other C4 zinc finger-type factors	DOF	cluster_08	0.4939265536723168	0.5389255318357109	0.5394605394605395	0.13986013986013987	0.8629106742314291	0.4573426573426574
MA2450.1	SPL7A	C3H(C),C2HC zinc-fingers like factors	SBP	cluster_38	0.4935593220338982	0.5082915374990324	0.5664335664335665	0.3936063936063936	0.8890165276202237	0.732491898345557
MA1666.3	HSFB2B	Heat shock factors	HSF	cluster_04	0.49350282485875707	0.5167910131404228	0.5724275724275725	0.32167832167832167	0.8929070929070929	0.6618354763516054
MA1041.1	MYB55	Tryptophan cluster factors	Myb	cluster_02	0.4933898305084744	0.49920558596903264	0.5804195804195804	0.4885114885114885	0.8998425509581696	0.8101876431594436
MA1009.1	ARF3	B3	ARF	cluster_15	0.4932485875706211	0.5295427096517086	0.5734265734265734	0.16983016983016982	0.8929070929070929	0.5042039672389867
MA0970.2	CAMTA3	GCM domain factors	CAMTA	cluster_07	0.4925706214689266	0.5191500165248442	0.5494505494505495	0.5004995004995005	0.8715816408124101	0.8212497180239117
MA1227.3	ERF027	AP2/EREBP	ERF/DREB	cluster_15	0.492457627118644	0.4886968164033957	0.5924075924075924	0.7292707292707292	0.9076445642710703	0.9760361589629883
MA1796.1	RAP2-7	AP2/EREBP	AP2	cluster_36	0.4922033898305087	0.48593110067082507	0.5774225774225774	0.6573426573426573	0.8972982211271416	0.9258741258741259
MA0096.1	bZIP910	Basic leucine zipper factors (bZIP)	Group S	cluster_14	0.4915254237288136	0.5470821215680025	0.5874125874125874	0.42357642357642356	0.9054460690824326	0.7463944831150373
MA1667.3	HSFC1	Heat shock factors	HSF	cluster_39	0.4914971751412428	0.5088989241061023	0.6153846153846154	0.5584415584415584	0.9218452780096615	0.8625322046374678
MA2410.1	ZmbZIP54	Basic leucine zipper factors (bZIP)	S	cluster_14	0.4914406779661018	0.4834970216733392	0.6063936063936064	0.6973026973026973	0.9161946963927162	0.9569099964783417
MA1682.2	TCX3	CPP	NA	cluster_06	0.49138418079096013	0.5052610603324159	0.5554445554445554	0.4145854145854146	0.8769663326364358	0.7409660107334526
MA1295.2	WRKY20	GCM domain factors	WRKY	cluster_10	0.4911016949152541	0.5184630440878105	0.5874125874125874	0.35364635364635366	0.9054460690824326	0.6865958469011905
MA1240.2	ERF077	AP2/EREBP	ERF/DREB	cluster_24	0.49045197740113033	0.4761072305667557	0.5714285714285714	0.7552447552447552	0.8929070929070929	0.9884249541196368
MA2066.1	PK09021.1	Basic leucine zipper factors (bZIP)	Group D	cluster_14	0.49033898305084744	0.4869631040976124	0.5814185814185814	0.6463536463536463	0.8998425509581696	0.9200892391190898
MA2349.1	OsCCA1	Tryptophan cluster factors	MYB-related	cluster_13	0.4902542372881356	0.6114275603458684	0.6053946053946054	0.4385614385614386	0.9161946963927162	0.7536540036540037
MA1300.2	WRKY6	GCM domain factors	WRKY	cluster_10	0.4900847457627119	0.5189161068699163	0.6313686313686314	0.3906093906093906	0.9299889299889301	0.732491898345557
MA1196.2	AT5G05790	Tryptophan cluster factors	MYB-related	cluster_05	0.4900282485875699	0.48447724672386794	0.5674325674325674	0.6773226773226774	0.8890165276202237	0.9393093295089665
MA1670.2	DREB1C	AP2/EREBP	ERF/DREB	cluster_15	0.49	0.4732443297144609	0.6053946053946054	0.8051948051948052	0.9161946963927162	1.0
MA1091.1	WRKY62	GCM domain factors	WRKY	cluster_10	0.4888700564971752	0.49357149954413276	0.5894105894105894	0.5824175824175825	0.9066941123392737	0.8730542541937434
MA2414.1	EREB127	AP2/EREBP	ERF/DREB	cluster_15	0.48872881355932235	0.47885384893907607	0.6503496503496503	0.7812187812187812	0.9380279455893822	1.0
MA0097.1	bZIP911	Basic leucine zipper factors (bZIP)	Group S	cluster_14	0.4885028248587568	0.4973703703433828	0.6113886113886113	0.5074925074925075	0.9182864379714772	0.8273862889247505
MA2105.1	GLYMA-13G317000	Basic leucine zipper factors (bZIP)	Group A	cluster_07	0.48830508474576284	0.5810699379654991	0.5954045954045954	0.6053946053946054	0.9104082290455037	0.8917298917298918
MA0575.2	MYB77	Tryptophan cluster factors	MYB	cluster_11	0.48830508474576273	0.5183072254780164	0.6213786213786214	0.29270729270729273	0.924194713668398	0.6362839439762518
MA1281.2	DOF5.1	Other C4 zinc finger-type factors	DOF	cluster_08	0.4881920903954804	0.5336178488796697	0.6163836163836164	0.16783216783216784	0.9218452780096615	0.5021801727684081
MA1676.3	NAC062	GCM domain factors	NAC	cluster_25	0.4881920903954802	0.559863801903737	0.6343656343656343	0.7762237762237763	0.9308095750403441	1.0
MA1093.2	WRKY75	GCM domain factors	WRKY	cluster_10	0.4881638418079097	0.484301199045109	0.6273726273726273	0.8381618381618382	0.9294860479326499	1.0
MA1744.2	BZIP30	Basic leucine zipper factors (bZIP)	Group I	cluster_12	0.4877966101694916	0.49765832501339835	0.6003996003996004	0.5064935064935064	0.9161946963927162	0.8273862889247505
MA2372.1	AZF1	C2H2 zinc finger factors	NA	cluster_19	0.4875988700564971	0.48484522566756855	0.6173826173826173	0.6863136863136863	0.9218452780096615	0.9486546062633019
MA1159.2	SGR5	C2H2 zinc finger factors	IDD	cluster_08	0.4875141242937856	0.4855724169911627	0.6393606393606394	0.6663336663336663	0.9345443828202449	0.9277601960083712
MA0576.2	RAX3	Tryptophan cluster factors	MYB	cluster_02	0.48725988700564976	0.5025549036820237	0.6473526473526473	0.4875124875124875	0.9372487095447246	0.8101876431594436
MA1366.2	DF1	Tryptophan cluster factors	Trihelix	cluster_10	0.4871751412429379	0.4918775227664862	0.6293706293706294	0.7962037962037962	0.9299889299889301	1.0
MA1192.2	DIV1	Tryptophan cluster factors	MYB-related	cluster_05	0.48697740112994303	0.5077656566117353	0.6103896103896104	0.41058941058941056	0.9182864379714772	0.7371287535993418
MA1742.2	BZIP18	Basic leucine zipper factors (bZIP)	Group I	cluster_12	0.4868079096045198	0.5038945746424321	0.5914085914085914	0.43756243756243757	0.9076445642710703	0.7536540036540037
MA1417.2	O2	Basic leucine zipper factors (bZIP)	Group C	cluster_14	0.48666666666666664	0.48159151127723693	0.6313686313686314	0.6933066933066933	0.9299889299889301	0.9565877160813869
MA0034.2	Gam1	Tryptophan cluster factors	MYB	cluster_11	0.4866101694915256	0.47440390622448186	0.6083916083916084	0.7652347652347652	0.9173968324165953	0.9963722284541396
MA2348.1	IDD6	C2H2 zinc finger factors	IDD	cluster_08	0.48652542372881324	0.47973424884982563	0.6193806193806194	0.7172827172827173	0.9230222902097902	0.9738197745315184
MA2440.1	SPL2B	C3H(C),C2HC zinc-fingers like factors	SBP	cluster_38	0.48632768361581935	0.5188759132262796	0.6343656343656343	0.2817182817182817	0.9308095750403441	0.6252559035167731
MA1181.2	MYB113	Tryptophan cluster factors	MYB	cluster_11	0.4863276836158189	0.4886403394713066	0.6443556443556444	0.6373626373626373	0.9372487095447246	0.915544981334455
MA1370.2	IDD5	C2H2 zinc finger factors	IDD	cluster_08	0.48607344632768396	0.47738229388089903	0.6063936063936064	0.7342657342657343	0.9161946963927162	0.9760361589629883
MA1398.3	KUA1	Tryptophan cluster factors	MYB-related	cluster_05	0.4859887005649719	0.4984429328478171	0.6473526473526473	0.5234765234765235	0.9372487095447246	0.8355911870556223
MA1012.1	AGL27	MADS box factors	MIKC	cluster_23	0.4858757062146888	0.4983908719203372	0.6423576423576424	0.5134865134865135	0.9371297918143042	0.8335961910429996
MA1160.2	IDD6	C2H2 zinc finger factors	IDD	cluster_08	0.4857909604519777	0.47839264855227787	0.6383616383616384	0.7502497502497503	0.9345443828202449	0.9869664817940681
MA2447.1	SPL5B	C3H(C),C2HC zinc-fingers like factors	SBP	cluster_33	0.4857344632768361	0.5203784420151428	0.6543456543456544	0.6383616383616384	0.94201081936931	0.915544981334455
MA2345.1	OS02G0104500	Tryptophan cluster factors	Trihelix	cluster_10	0.48548022598870055	0.6656974424013906	0.6743256743256744	0.6763236763236763	0.9503406354235083	0.9393093295089665
MA0005.3	AG	MADS box factors	Type II	cluster_23	0.4851412429378531	0.48986923991846193	0.6233766233766234	0.5894105894105894	0.9253625751680227	0.8783599213286714
MA1350.1	BZIP42	Basic leucine zipper factors (bZIP)	Group S	cluster_14	0.484406779661017	0.4853572465213236	0.6503496503496503	0.6643356643356644	0.9380279455893822	0.9277601960083712
MA1357.2	bHLH80	Basic helix-loop-helix factors (bHLH)	bHLH	cluster_07	0.4840112994350283	0.4821311208274116	0.6643356643356644	0.7072927072927073	0.9503406354235083	0.9636863136863137
MA1346.2	TGA10	Basic leucine zipper factors (bZIP)	Group D	cluster_14	0.48375706214689257	0.48628347206489025	0.6453546453546454	0.6413586413586414	0.9372487095447246	0.9163982085330401
MA1188.1	At3g11280	Tryptophan cluster factors	Myb-related	cluster_05	0.4832203389830507	0.4788937993925546	0.6753246753246753	0.7312687312687313	0.9503406354235083	0.9760361589629883
MA0933.1	AHL20	A.T hook factors	AHL	cluster_09	0.48265536723163854	0.5268011204041181	0.6733266733266733	0.932067932067932	0.9503406354235083	1.0
MA0942.2	ARF1	B3	ARF	cluster_15	0.4825706214689268	0.48597863686557996	0.6713286713286714	0.8051948051948052	0.9503406354235083	1.0
MA1815.2	GRF4	C3H zinc finger factors	GRF	cluster_12	0.48257062146892665	0.48935493881718634	0.6833166833166833	0.7462537462537463	0.9584018922254216	0.9851065889128173
MA1194.2	AT3G10580	Tryptophan cluster factors	MYB-related	cluster_05	0.4823163841807909	0.48222134646708	0.6683316683316683	0.7042957042957043	0.9503406354235083	0.9613195391370705
MA1374.2	IDD7	C2H2 zinc finger factors	IDD	cluster_08	0.4821468926553675	0.48779712079884385	0.6863136863136863	0.6283716283716284	0.9608391608391608	0.9109318711591439
MA1172.2	MYB3R5	Tryptophan cluster factors	MYB	cluster_11	0.4821468926553671	0.48485066160595947	0.6663336663336663	0.6613386613386614	0.9503406354235083	0.9258741258741259
MA2050.2	NAC101	GCM domain factors	NAC	cluster_25	0.4819209039548022	0.5358482742333388	0.6663336663336663	0.5224775224775224	0.9503406354235083	0.8355911870556223
MA1799.2	SPL10	C3H(C),C2HC zinc fingers factors	SBP	cluster_28	0.4818926553672316	0.4784959949870837	0.6613386613386614	0.8341658341658341	0.9502851197766452	1.0
MA1311.3	WRKY28	GCM domain factors	WRKY	cluster_10	0.48186440677966114	0.5280273726917667	0.6743256743256744	0.3866133866133866	0.9503406354235083	0.7301634009554802
MA1310.2	WRKY42	GCM domain factors	WRKY	cluster_10	0.4814971751412428	0.5123049591880232	0.6953046953046953	0.4385614385614386	0.9644921865138473	0.7536540036540037
MA2055.1	PK00315.1	Basic leucine zipper factors (bZIP)	Group I	cluster_12	0.4813276836158193	0.481223786663729	0.6993006993006993	0.6993006993006993	0.9644921865138473	0.957578264029877
MA2024.2	MYB63	Tryptophan cluster factors	MYB	cluster_02	0.481327683615819	0.5048106898289294	0.6733266733266733	0.44655344655344653	0.9503406354235083	0.7588424938090862
MA1825.2	Zm00001d044409	Tryptophan cluster factors	MYB-related	cluster_05	0.4812146892655368	0.6304605267289719	0.6713286713286714	0.6173826173826173	0.9503406354235083	0.900429722948807
MA1345.2	BZIP48	Basic leucine zipper factors (bZIP)	Group S	cluster_14	0.480819209039548	0.49358316931261775	0.6883116883116883	0.5704295704295704	0.9618714618714618	0.8667992047713717
MA0589.2	WRKY1	GCM domain factors	WRKY	cluster_10	0.4801412429378532	0.5068763963683544	0.6763236763236763	0.4015984015984016	0.9503406354235083	0.7330611971760297
MA2086.1	PK23964.1	Basic leucine zipper factors (bZIP)	Group G	cluster_07	0.47957627118644064	0.5056665970822434	0.6913086913086913	0.5164835164835165	0.9642934761764743	0.8355911870556223
MA0121.2	ARR10	Tryptophan cluster factors	GARP_ARR-B	cluster_13	0.4793220338983051	0.5340307730471294	0.7002997002997003	0.35064935064935066	0.9644921865138473	0.6825139146567718
MA1223.2	ERF035	AP2/EREBP	ERF/DREB	cluster_15	0.47920903954802263	0.4794884895056473	0.6943056943056943	0.7002997002997003	0.9644921865138473	0.957578264029877
MA0971.2	DREB1A	AP2/EREBP	ERF/DREB	cluster_15	0.47881355932203384	0.465703217157599	0.7112887112887113	0.8451548451548452	0.9674033631252883	1.0
MA0955.2	POPTR_0002s00440g	C3H(C),C2HC zinc fingers factors	SBP	cluster_28	0.4787853107344633	0.5126662781971849	0.6983016983016983	0.7292707292707292	0.9644921865138473	0.9760361589629883
MA2449.1	SPL6A	C3H(C),C2HC zinc-fingers like factors	SBP	cluster_38	0.47816384180790966	0.5167194809179908	0.6963036963036963	0.3026973026973027	0.9644921865138473	0.6487585448259605
MA1312.2	WRKY47	GCM domain factors	WRKY	cluster_10	0.47788135593220354	0.48387555799277565	0.7112887112887113	0.6563436563436563	0.9674033631252883	0.9258741258741259
MA1367.2	AT1G76870	Tryptophan cluster factors	Trihelix	cluster_18	0.47706214689265564	0.4490921455032899	0.7062937062937062	0.9530469530469531	0.9674033631252883	1.0
MA1402.1	BPC6	BBR/BPC	NA	cluster_21	0.47700564971751375	0.48894946465657846	0.7102897102897103	0.6123876123876124	0.9674033631252883	0.896836369005275
MA1309.1	WRKY3	GCM domain factors	WRKY	cluster_10	0.4764971751412429	0.4647992615961905	0.7002997002997003	0.8631368631368631	0.9644921865138473	1.0
MA1304.2	WRKY59	GCM domain factors	WRKY	cluster_10	0.47635593220338984	0.48706664682280654	0.7302697302697303	0.6963036963036963	0.9861872640633703	0.9569099964783417
MA1317.2	WRKY50	GCM domain factors	WRKY	cluster_10	0.4763276836158191	0.48285133550943093	0.7322677322677322	0.8511488511488512	0.9871383033927204	1.0
MA2017.2	JUB1	GCM domain factors	NAC	cluster_47	0.47596045197740106	0.49877474508939573	0.7102897102897103	0.6303696303696303	0.9674033631252883	0.9109318711591439
MA2106.1	Zm00001d024644	Tryptophan cluster factors	MYB-related	cluster_05	0.4751412429378531	0.4736591774212789	0.7172827172827173	0.7552447552447552	0.9717179983137431	0.9884249541196368
MA1803.2	VIP1	Basic leucine zipper factors (bZIP)	Group I	cluster_12	0.4747175141242941	0.48701264339190303	0.7092907092907093	0.6373626373626373	0.9674033631252883	0.915544981334455
MA2103.1	AT4G09450	Tryptophan cluster factors	MYB-related	cluster_05	0.474406779661017	0.6106227001262582	0.7762237762237763	0.7252747252747253	1.0	0.9760361589629883
MA1199.1	AGL16	MADS box factors	MIKC	cluster_23	0.47420903954802307	0.48904921958432024	0.7152847152847153	0.5934065934065934	0.9711071846303163	0.8825910931174089
MA1768.2	MYB30	Tryptophan cluster factors	MYB	cluster_02	0.47409604519774023	0.49441427876791444	0.7182817182817183	0.5224775224775224	0.9717179983137431	0.8355911870556223
MA2388.1	GATA1	Other C4 zinc finger-type factors	C4-GATA-related	cluster_13	0.47406779661016946	0.4590828818643015	0.7372627372627373	0.8961038961038961	0.9921189921189921	1.0
MA1664.3	HSFA6B	Heat shock factors	HSF	cluster_39	0.4736440677966102	0.4996734112238104	0.7092907092907093	0.6453546453546454	0.9674033631252883	0.9200892391190898
MA1373.1	GAF1	C2H2 zinc finger factors	IDD	cluster_08	0.4721186440677966	0.4759610614263217	0.7762237762237763	0.7772227772227772	1.0	1.0
MA1218.2	DREB1D	AP2/EREBP	ERF/DREB	cluster_15	0.47180790960451974	0.46487975815209676	0.7592407592407593	0.8511488511488512	1.0	1.0
MA1805.2	WRKY53	GCM domain factors	WRKY	cluster_10	0.4715819209039549	0.4781374036657551	0.7532467532467533	0.8791208791208791	1.0	1.0
MA2029.2	MYB88	Tryptophan cluster factors	MYB	cluster_49	0.47158192090395484	0.480096035763343	0.7672327672327672	0.7132867132867133	1.0	0.9701207883026066
MA0558.2	FLC	MADS box factors	Type II	cluster_23	0.47124293785310734	0.4941432158964601	0.7652347652347652	0.5654345654345654	1.0	0.8663184205352878
MA1405.2	SIZF2	C2H2 zinc finger factors	C2H2	cluster_35	0.4712146892655368	0.49134983732181314	0.7652347652347652	0.5684315684315684	1.0	0.8667992047713717
MA2036.2	NAC076	GCM domain factors	NAC	cluster_25	0.4707909604519774	0.5594316562069447	0.7562437562437563	0.7222777222777222	1.0	0.9760361589629883
MA2369.1	ZHD14	Homeo domain factors	PLINC	cluster_04	0.47056497175141254	0.5122601274857215	0.7552447552447552	0.35864135864135865	1.0	0.6927679915021687
MA1793.2	NID1	Tryptophan cluster factors	MYB-related	cluster_05	0.47050847457627115	0.6094829083232706	0.8001998001998002	0.7362637362637363	1.0	0.9766171328671328
MA1316.2	WRKY71	GCM domain factors	WRKY	cluster_10	0.46960451977401124	0.46839771698922383	0.7792207792207793	0.8341658341658341	1.0	1.0
MA1273.2	DOF4.2	Other C4 zinc finger-type factors	DOF	cluster_03	0.4695480225988701	0.45852248571438176	0.7902097902097902	0.9010989010989011	1.0	1.0
MA1278.2	DOF3.4	Other C4 zinc finger-type factors	DOF	cluster_08	0.4688418079096047	0.49785835156106395	0.7762237762237763	0.5104895104895105	1.0	0.8304978603486067
MA2048.2	NAC045	GCM domain factors	NAC	cluster_25	0.4686440677966102	0.5010602427477837	0.7902097902097902	0.7222777222777222	1.0	0.9760361589629883
MA1673.2	LBD18	Other C4 zinc finger-type factors	LBD	cluster_15	0.4685875706214688	0.46639629836576646	0.7722277722277723	0.8341658341658341	1.0	1.0
MA0585.2	AGL1	MADS box factors	Type II	cluster_23	0.46827683615819193	0.45983980382685974	0.7892107892107892	0.8891108891108891	1.0	1.0
MA1080.1	WRKY23	GCM domain factors	WRKY	cluster_10	0.4677401129943504	0.5092008102706521	0.7752247752247752	0.43156843156843155	1.0	0.7500836293547
MA1371.2	IDD4	C2H2 zinc finger factors	IDD	cluster_08	0.4676553672316387	0.4745724635068262	0.7972027972027972	0.7812187812187812	1.0	1.0
MA1046.1	NTL9	GCM domain factors	NAC	cluster_32	0.4676553672316384	0.4976164972551841	0.7792207792207793	0.46253746253746253	1.0	0.7773482024583347
MA1241.2	ERF043	AP2/EREBP	ERF/DREB	cluster_15	0.46709039548022613	0.4741988578163026	0.7772227772227772	0.7612387612387612	1.0	0.9928635467097006
MA1409.2	OsRR22	Tryptophan cluster factors	GARP_ARR-B	cluster_13	0.466949152542373	0.4700115671059742	0.7762237762237763	0.7942057942057942	1.0	1.0
MA1252.2	ERF086	AP2/EREBP	ERF/DREB	cluster_24	0.46658192090395467	0.4657627616915674	0.7812187812187812	0.8451548451548452	1.0	1.0
MA0946.1	ARR11	Tryptophan cluster factors	GARP_ARR-B	cluster_13	0.46655367231638434	0.480494218190294	0.7942057942057942	0.7442557442557443	1.0	0.9841718073953776
MA1662.2	AT3G10030	Tryptophan cluster factors	Trihelix	cluster_11	0.46579096045197743	0.4994645837372462	0.7962037962037962	0.6533466533466533	1.0	0.9258741258741259
MA2391.1	Lg3	Homeo domain factors	TALE-type HD	cluster_14	0.4653107344632768	0.4474899794456258	0.8061938061938062	0.961038961038961	1.0	1.0
MA1010.2	PHYPADRAFT_64121	AP2/EREBP	ERF/DREB	cluster_15	0.4651129943502825	0.47677363205807816	0.8021978021978022	0.7542457542457542	1.0	0.9884249541196368
MA1253.2	ERF036	AP2/EREBP	ERF/DREB	cluster_15	0.4624858757062147	0.4841059650333702	0.8231768231768232	0.6963036963036963	1.0	0.9569099964783417
MA1193.2	AT2G38090	Tryptophan cluster factors	MYB-related	cluster_05	0.46240112994350313	0.47151601509751023	0.7942057942057942	0.7852147852147852	1.0	1.0
MA2363.1	TOE2	AP2/EREBP	AP2	cluster_36	0.46197740112994357	0.4724592580141418	0.8101898101898102	0.7602397602397603	1.0	0.9928635467097006
MA1081.3	WRKY25	GCM domain factors	WRKY	cluster_10	0.46175141242937867	0.5189992330593279	0.8331668331668332	0.3166833166833167	1.0	0.6601895372387175
MA0948.2	ARR18	Tryptophan cluster factors	GARP_ARR-B	cluster_13	0.4616101694915255	0.4846085182718278	0.8141858141858141	0.7322677322677322	1.0	0.9760361589629883
MA2044.2	NAC007	GCM domain factors	NAC	cluster_25	0.4616101694915254	0.5551079439908355	0.8271728271728271	0.7692307692307693	1.0	0.9998689555759404
MA1758.2	HSFA1E	Heat shock factors	HSF	cluster_04	0.4615819209039544	0.4801019956207357	0.8321678321678322	0.7322677322677322	1.0	0.9760361589629883
MA2395.1	PHYPA_011264	AP2/EREBP	ERF/DREB	cluster_15	0.46138418079096055	0.4624599457149765	0.8141858141858141	0.8761238761238761	1.0	1.0
MA1076.3	WRKY15	GCM domain factors	WRKY	cluster_10	0.46090395480225993	0.5004107417701043	0.8401598401598401	0.5614385614385614	1.0	0.8636645612452064
MA1296.2	WRKY46	GCM domain factors	WRKY	cluster_10	0.4607909604519772	0.45862142322428007	0.8421578421578422	0.8981018981018981	1.0	1.0
MA2415.1	EREB138	AP2/EREBP	ERF/DREB	cluster_24	0.4601694915254238	0.4498399786003448	0.8431568431568431	0.952047952047952	1.0	1.0
MA1045.2	NAC043	GCM domain factors	NAC	cluster_32	0.4600847457627119	0.474959158635173	0.8341658341658341	0.8021978021978022	1.0	1.0
MA2065.1	PK08602.1	AP2/EREBP	NA	cluster_15	0.45966101694915273	0.500046244433925	0.8441558441558441	0.5534465534465535	1.0	0.8600401635024852
MA1335.1	TGA4	Basic leucine zipper factors (bZIP)	Group D	cluster_14	0.45957627118644084	0.4788521487383865	0.8451548451548452	0.7332667332667333	1.0	0.9760361589629883
MA1391.3	MYB33	Tryptophan cluster factors	MYB	cluster_11	0.4588700564971756	0.44886476135537756	0.8441558441558441	0.9430569430569431	1.0	1.0
MA1298.2	WRKY29	GCM domain factors	WRKY	cluster_10	0.45875706214689277	0.4605317420614182	0.8271728271728271	0.9010989010989011	1.0	1.0
MA1393.3	MYB70	Tryptophan cluster factors	MYB	cluster_11	0.4579661016949154	0.5074855967677679	0.8661338661338661	0.7332667332667333	1.0	0.9760361589629883
MA1089.2	WRKY57	GCM domain factors	WRKY	cluster_10	0.4578248587570622	0.620093805258375	0.8951048951048951	0.913086913086913	1.0	1.0
MA2010.2	SMB	GCM domain factors	NAC	cluster_25	0.4577683615819209	0.5016438595858019	0.8861138861138861	0.9180819180819181	1.0	1.0
MA1305.2	WRKY55	GCM domain factors	WRKY	cluster_10	0.45774011299435025	0.4891746116928875	0.8551448551448552	0.6653346653346653	1.0	0.9277601960083712
MA1023.1	PHYPADRAFT_28324	AP2/EREBP	ERF/DREB	cluster_15	0.45768361581920913	0.46031451333191853	0.8251748251748252	0.8761238761238761	1.0	1.0
MA1315.2	WRKY24	GCM domain factors	WRKY	cluster_10	0.45709039548022623	0.4536218688796671	0.8431568431568431	0.9150849150849151	1.0	1.0
MA2053.2	NAC105	GCM domain factors	NAC	cluster_25	0.457090395480226	0.4480467915629097	0.8571428571428571	0.939060939060939	1.0	1.0
MA1301.2	WRKY33	GCM domain factors	WRKY	cluster_10	0.45680790960451967	0.4531236198772117	0.8311688311688312	0.9090909090909091	1.0	1.0
MA2022.2	LOB	Other C4 zinc finger-type factors	LBD	cluster_24	0.45658192090395516	0.48803324231481215	0.8551448551448552	0.6083916083916084	1.0	0.8926976869284562
MA1008.2	PHYPADRAFT_182268	AP2/EREBP	ERF/DREB	cluster_15	0.4565819209039548	0.49531976453185106	0.8701298701298701	0.6293706293706294	1.0	0.9109318711591439
MA0559.1	PI	MADS box factors	MIKC	cluster_23	0.45621468926553704	0.45252458860547423	0.8441558441558441	0.9070929070929071	1.0	1.0
MA1404.1	BPC1	BBR/BPC	NA	cluster_21	0.45564971751412425	0.48078269015948966	0.8581418581418582	0.7282717282717283	1.0	0.9760361589629883
MA1748.2	DREB1F	AP2/EREBP	ERF/DREB	cluster_15	0.4553107344632769	0.4426280032369651	0.8471528471528471	0.98001998001998	1.0	1.0
MA1804.2	WIN1	AP2/EREBP	ERF/DREB	cluster_30	0.454915254237288	0.45382690834700473	0.8731268731268731	0.9560439560439561	1.0	1.0
MA0574.1	MYB15	Tryptophan cluster factors	Myb	cluster_02	0.45477401129943557	0.4927068474472258	0.8541458541458542	0.5564435564435565	1.0	0.8625322046374678
MA1681.2	SRM1	Tryptophan cluster factors	MYB-related	cluster_05	0.45468926553672345	0.45156172184216536	0.8621378621378621	0.913086913086913	1.0	1.0
MA1004.2	ERF13	AP2/EREBP	ERF/DREB	cluster_24	0.45451977401129945	0.4563347264466994	0.8501498501498501	0.9150849150849151	1.0	1.0
MA1248.2	ERF012	AP2/EREBP	ERF/DREB	cluster_15	0.4537853107344634	0.47532535121678793	0.8551448551448552	0.7372627372627373	1.0	0.9766171328671328
MA1752.2	ERF025	AP2/EREBP	ERF/DREB	cluster_15	0.4534745762711865	0.4665597228651353	0.8711288711288712	0.8601398601398601	1.0	1.0
MA1306.2	WRKY11	GCM domain factors	WRKY	cluster_10	0.4533050847457628	0.4561955293875637	0.8601398601398601	0.8971028971028971	1.0	1.0
MA1396.2	GATA6	Other C4 zinc finger-type factors	C4-GATA-related	cluster_13	0.4528531073446329	0.4631519231706761	0.8711288711288712	0.8551448551448552	1.0	1.0
MA0123.1	abi4	AP2/EREBP	ERF/DREB	cluster_24	0.45271186440677935	0.4685588205419378	0.8861138861138861	0.8271728271728271	1.0	1.0
MA1247.2	ERF087	AP2/EREBP	ERF/DREB	cluster_24	0.451864406779661	0.4622920045257398	0.8801198801198801	0.8781218781218781	1.0	1.0
MA1325.2	GATA14	Other C4 zinc finger-type factors	C4-GATA-related	cluster_13	0.4516384180790962	0.4432834108190603	0.8831168831168831	0.965034965034965	1.0	1.0
MA1307.3	WRKY31	GCM domain factors	WRKY	cluster_10	0.45149717514124305	0.48780677842437575	0.8621378621378621	0.5864135864135864	1.0	0.8770955072324935
MA1173.2	MYB101	Tryptophan cluster factors	MYB	cluster_11	0.45084745762711853	0.4594281032773014	0.8841158841158842	0.9050949050949051	1.0	1.0
MA1079.3	WRKY21	GCM domain factors	WRKY	cluster_10	0.4492937853107346	0.45451115669402237	0.9090909090909091	0.935064935064935	1.0	1.0
MA2013.2	ERF115	AP2/EREBP	ERF/DREB	cluster_24	0.44926553672316416	0.46384304803826554	0.9000999000999002	0.8591408591408591	1.0	1.0
MA1085.3	WRKY40	GCM domain factors	WRKY	cluster_10	0.4489265536723164	0.6178292969084226	0.9330669330669331	0.9340659340659341	1.0	1.0
MA1251.2	RAP2-9	AP2/EREBP	ERF/DREB	cluster_15	0.44855932203389837	0.4616766274109182	0.8881118881118881	0.8761238761238761	1.0	1.0
MA2386.1	estExt_gwp_gw1.C_550163	AP2/EREBP	ERF/DREB	cluster_15	0.4483050847457627	0.4897896006307935	0.8951048951048951	0.6543456543456544	1.0	0.9258741258741259
MA1177.2	MYB65	Tryptophan cluster factors	MYB	cluster_11	0.4482768361581921	0.4408681865329196	0.8861138861138861	0.9760239760239761	1.0	1.0
MA0588.2	TGA1	Basic leucine zipper factors (bZIP)	Group D	cluster_14	0.44754237288135623	0.45355355955049265	0.8851148851148851	0.9230769230769231	1.0	1.0
MA1378.1	AIL6	AP2/EREBP	AP2	cluster_31	0.4469491525423736	0.4566396216526322	0.9100899100899101	0.913086913086913	1.0	1.0
MA2405.1	OsMSL08	Tryptophan cluster factors	Trihelix	cluster_10	0.4465254237288136	0.5678048094681831	0.9200799200799201	0.958041958041958	1.0	1.0
MA1377.2	PLT1	AP2/EREBP	AP2	cluster_31	0.44649717514124326	0.45315022199130955	0.9040959040959041	0.926073926073926	1.0	1.0
MA1297.2	WRKY26	GCM domain factors	WRKY	cluster_10	0.4459322033898304	0.44662325807088454	0.9070929070929071	0.952047952047952	1.0	1.0
MA1303.2	WRKY22	GCM domain factors	WRKY	cluster_10	0.4454519774011299	0.4537001081973327	0.913086913086913	0.922077922077922	1.0	1.0
MA2039.2	ASIL2	Tryptophan cluster factors	Trihelix	cluster_15	0.4453107344632769	0.44720655655830194	0.935064935064935	0.965034965034965	1.0	1.0
MA1671.2	ERF118	AP2/EREBP	ERF/DREB	cluster_24	0.44528248587570624	0.45005271110126877	0.9100899100899101	0.929070929070929	1.0	1.0
MA1262.2	ERF2	AP2/EREBP	ERF/DREB	cluster_24	0.44508474576271184	0.44159811661811077	0.9020979020979021	0.9660339660339661	1.0	1.0
MA1818.1	Zm00001d052229	AP2/EREBP	ERF/DREB	cluster_24	0.44485875706214717	0.4863970123196551	0.9250749250749251	0.6573426573426573	1.0	0.9258741258741259
MA2040.2	ENAP2	Tryptophan cluster factors	Trihelix	cluster_15	0.44480225988700584	0.44650298715882275	0.9040959040959041	0.9530469530469531	1.0	1.0
MA0976.3	CRF4	AP2/EREBP	ERF/DREB	cluster_24	0.44480225988700534	0.45470964349275417	0.8971028971028971	0.9080919080919081	1.0	1.0
MA0584.2	SEP1	MADS box factors	Type II	cluster_23	0.4447740112994351	0.4443902062865895	0.9180819180819181	0.975024975024975	1.0	1.0
MA1075.1	WRKY12	GCM domain factors	WRKY	cluster_10	0.44449152542372866	0.5044998607281059	0.9140859140859141	0.5204795204795205	1.0	0.8355911870556223
MA1365.3	AT5G47660	Tryptophan cluster factors	Trihelix	cluster_10	0.4433898305084746	0.5004154604349217	0.919080919080919	0.971028971028971	1.0	1.0
MA1751.2	EIL3	EIL	NA	cluster_26	0.4433050847457628	0.45000612186725575	0.9120879120879121	0.9440559440559441	1.0	1.0
MA1243.2	DREB2E	AP2/EREBP	ERF/DREB	cluster_15	0.44203389830508477	0.468031848490908	0.919080919080919	0.8471528471528471	1.0	1.0
MA1246.2	LEP	AP2/EREBP	ERF/DREB	cluster_24	0.44169491525423704	0.4522563684965997	0.9230769230769231	0.9340659340659341	1.0	1.0
MA1087.3	WRKY45	GCM domain factors	WRKY	cluster_10	0.44161016949152515	0.4572327407990909	0.913086913086913	0.9090909090909091	1.0	1.0
MA1086.2	WRKY43	GCM domain factors	WRKY	cluster_10	0.4414689265536723	0.5546707410204693	0.9340659340659341	0.9170829170829171	1.0	1.0
MA0995.3	ERF039	AP2/EREBP	ERF/DREB	cluster_15	0.4407909604519773	0.46527402851606503	0.9370629370629371	0.9140859140859141	1.0	1.0
MA1832.2	Zm00001d002364	AP2/EREBP	ERF/DREB	cluster_24	0.44067796610169524	0.4813343844990691	0.9250749250749251	0.6783216783216783	1.0	0.9393093295089665
MA1230.2	ERF037	AP2/EREBP	ERF/DREB	cluster_15	0.4404519774011301	0.4646939067915973	0.9240759240759241	0.8601398601398601	1.0	1.0
MA1000.3	ERF105	AP2/EREBP	ERF/DREB	cluster_24	0.4402824858757064	0.4586652765499574	0.922077922077922	0.8981018981018981	1.0	1.0
MA2416.1	EREB29	AP2/EREBP	ERF/DREB	cluster_24	0.4401694915254238	0.45102768580016617	0.9210789210789211	0.9310689310689311	1.0	1.0
MA1231.3	ERF15	AP2/EREBP	ERF/DREB	cluster_24	0.4398870056497176	0.45502601244151913	0.9150849150849151	0.9040959040959041	1.0	1.0
MA1171.2	MYB52	Tryptophan cluster factors	MYB	cluster_11	0.4397175141242938	0.4820610624911616	0.9170829170829171	0.8511488511488512	1.0	1.0
MA2021.2	LBD13	Other C4 zinc finger-type factors	LBD	cluster_48	0.4394915254237287	0.47443139146933494	0.9200799200799201	0.8231768231768232	1.0	1.0
MA1679.2	RAP2-1	AP2/EREBP	ERF/DREB	cluster_15	0.43870056497175147	0.4603482861101941	0.929070929070929	0.8831168831168831	1.0	1.0
MA2063.1	PK07402.1	AP2/EREBP	NA	cluster_15	0.4383898305084746	0.4751062121473478	0.9170829170829171	0.9100899100899101	1.0	1.0
MA1256.2	RAP2-12	AP2/EREBP	ERF/DREB	cluster_24	0.43836158192090374	0.44044467947892174	0.9300699300699301	0.9690309690309691	1.0	1.0
MA2343.1	MYB3R3	Tryptophan cluster factors	MYB	cluster_11	0.43799435028248607	0.44802262527902315	0.929070929070929	0.948051948051948	1.0	1.0
MA1314.2	WRKY14	GCM domain factors	WRKY	cluster_10	0.437401129943503	0.44793616583588497	0.951048951048951	0.957042957042957	1.0	1.0
MA1302.2	WRKY65	GCM domain factors	WRKY	cluster_10	0.4373728813559324	0.44811765773077034	0.951048951048951	0.954045954045954	1.0	1.0
MA2351.1	OsEIL3	Other all-alpha-helical DNA-binding domains	EIL	cluster_26	0.43683615819209043	0.4589446815248758	0.9430569430569431	0.8941058941058941	1.0	1.0
MA1235.1	AIL7	AP2/EREBP	AP2	cluster_31	0.43621468926553664	0.44392477713233625	0.9470529470529471	0.9660339660339661	1.0	1.0
MA0994.3	ERF8	AP2/EREBP	ERF/DREB	cluster_24	0.4356779661016951	0.4471398367943412	0.935064935064935	0.9460539460539461	1.0	1.0
MA0054.1	myb.Ph3	Tryptophan cluster factors	Myb	cluster_11	0.43567796610169507	0.4396448368001126	0.9430569430569431	0.97002997002997	1.0	1.0
MA1094.3	WRKY8	GCM domain factors	WRKY	cluster_10	0.4355649717514127	0.44995680408137406	0.9330669330669331	0.945054945054945	1.0	1.0
MA1299.2	WRKY17	GCM domain factors	WRKY	cluster_10	0.4348305084745764	0.44004775297312965	0.945054945054945	0.971028971028971	1.0	1.0
MA1661.2	GTL1	Tryptophan cluster factors	Trihelix	cluster_10	0.4342090395480226	0.47624619458461886	0.9600399600399601	0.8201798201798202	1.0	1.0
MA1220.2	TINY	AP2/EREBP	ERF/DREB	cluster_15	0.4335593220338982	0.464030604012003	0.938061938061938	0.8521478521478522	1.0	1.0
MA1001.4	ERF076	AP2/EREBP	ERF/DREB	cluster_24	0.4333898305084746	0.4487315152012959	0.952047952047952	0.954045954045954	1.0	1.0
MA1225.1	ERF5	AP2/EREBP	ERF/DREB	cluster_24	0.43305084745762723	0.4282322178188923	0.938061938061938	0.9920079920079921	1.0	1.0
MA1084.1	WRKY38	GCM domain factors	WRKY	cluster_10	0.4328248587570621	0.5006926917260326	0.9600399600399601	0.5214785214785215	1.0	0.8355911870556223
MA0571.2	ANT	AP2/EREBP	AP2	cluster_31	0.43276836158192117	0.4391643775673072	0.957042957042957	0.975024975024975	1.0	1.0
MA1219.3	ERF011	AP2/EREBP	ERF/DREB	cluster_15	0.432090395480226	0.4652124896798518	0.9410589410589411	0.8841158841158842	1.0	1.0
MA2398.1	AS2	Other C4 zinc finger-type factors	LBD	cluster_37	0.431751412429379	0.4535923112758461	0.9430569430569431	0.9120879120879121	1.0	1.0
MA1754.2	ERF073	AP2/EREBP	ERF/DREB	cluster_24	0.43121468926553674	0.4515577589171688	0.9410589410589411	0.9240759240759241	1.0	1.0
MA1257.2	ERF9	AP2/EREBP	ERF/DREB	cluster_37	0.4310734463276841	0.4543756461497412	0.9530469530469531	0.919080919080919	1.0	1.0
MA1795.2	RAP2-4	AP2/EREBP	ERF/DREB	cluster_15	0.43081920903954835	0.4448162641968987	0.9590409590409591	0.961038961038961	1.0	1.0
MA0553.1	SMZ	AP2/EREBP	AP2	cluster_36	0.429858757062147	0.4368246710699351	0.9660339660339661	0.984015984015984	1.0	1.0
MA1414.2	E2FA	Fork head/winged helix factors	E2F	cluster_44	0.4287570621468927	0.45432485499785313	0.9600399600399601	0.97002997002997	1.0	1.0
MA0998.2	ERF096	AP2/EREBP	ERF/DREB	cluster_24	0.42858757062146907	0.45235070746521494	0.9590409590409591	0.949050949050949	1.0	1.0
MA1032.2	DREB1G	AP2/EREBP	ERF/DREB	cluster_15	0.42822033898305084	0.44316469123657737	0.958041958041958	0.973026973026973	1.0	1.0
MA1821.2	Zm00001d020595	AP2/EREBP	ERF/DREB	cluster_24	0.42807909604519806	0.4657636994831118	0.9600399600399601	0.8561438561438561	1.0	1.0
MA2408.1	BAD1	TCP	NA	cluster_01	0.42790960451977406	0.44521877620729616	0.961038961038961	0.957042957042957	1.0	1.0
MA1238.3	ERF038	AP2/EREBP	ERF/DREB	cluster_15	0.4275706214689265	0.4603773314932911	0.9530469530469531	0.8841158841158842	1.0	1.0
MA1007.1	PHYPADRAFT_173530	AP2/EREBP	ERF/DREB	cluster_15	0.42669491525423714	0.43961463852042665	0.9630369630369631	0.973026973026973	1.0	1.0
MA1229.2	ERF034	AP2/EREBP	ERF/DREB	cluster_15	0.4261864406779661	0.46656167021788225	0.9690309690309691	0.8591408591408591	1.0	1.0
MA1250.2	DREB2D	AP2/EREBP	ERF/DREB	cluster_24	0.42615819209039574	0.4298035092680888	0.9630369630369631	0.989010989010989	1.0	1.0
MA0582.2	RAV1	B3	RAV	cluster_17	0.4261016949152543	0.5875035725267952	0.974025974025974	0.942057942057942	1.0	1.0
MA1308.2	WRKY70	GCM domain factors	WRKY	cluster_10	0.425677966101695	0.44724617528439325	0.975024975024975	0.958041958041958	1.0	1.0
MA1083.3	WRKY30	GCM domain factors	WRKY	cluster_10	0.4256214689265536	0.47098222631198106	0.972027972027972	0.8171828171828172	1.0	1.0
MA1228.2	ERF091	AP2/EREBP	ERF/DREB	cluster_24	0.42446327683615814	0.43510586541118407	0.967032967032967	0.985014985014985	1.0	1.0
MA1179.2	MYB1	Tryptophan cluster factors	MYB	cluster_11	0.42437853107344625	0.46988100803518795	0.972027972027972	0.9250749250749251	1.0	1.0
MA1817.2	Zm00001d020267	AP2/EREBP	ERF/DREB	cluster_24	0.42406779661016925	0.45346444747390097	0.971028971028971	0.935064935064935	1.0	1.0
MA1381.2	AT3G46070	C2H2 zinc finger factors	C2H2	cluster_19	0.4234180790960452	0.4838951602638337	0.965034965034965	0.9110889110889111	1.0	1.0
MA1175.2	MYB81	Tryptophan cluster factors	MYB	cluster_11	0.4226836158192092	0.46046685706786084	0.973026973026973	0.9070929070929071	1.0	1.0
MA1233.3	ERF021	AP2/EREBP	ERF/DREB	cluster_15	0.4200000000000003	0.44011274928488753	0.9690309690309691	0.9690309690309691	1.0	1.0
MA1313.2	WRKY7	GCM domain factors	WRKY	cluster_10	0.4200000000000002	0.4440624656814988	0.98001998001998	0.964035964035964	1.0	1.0
MA1221.1	RAP2-6	AP2/EREBP	ERF/DREB	cluster_24	0.41949152542372875	0.4292934559661557	0.971028971028971	0.986013986013986	1.0	1.0
MA1259.2	ERF023	AP2/EREBP	ERF/DREB	cluster_15	0.41937853107344647	0.46148946290537496	0.978021978021978	0.8771228771228772	1.0	1.0
MA1318.2	WRKY27	GCM domain factors	WRKY	cluster_10	0.41774011299435043	0.4445842238656052	0.975024975024975	0.9590409590409591	1.0	1.0
MA1244.2	ABR1	AP2/EREBP	ERF/DREB	cluster_24	0.41745762711864415	0.4378012416945648	0.981018981018981	0.9820179820179821	1.0	1.0
MA1258.2	DREB2A	AP2/EREBP	ERF/DREB	cluster_15	0.4172033898305087	0.4835417793452502	0.985014985014985	0.6593406593406593	1.0	0.9258741258741259
MA2011.2	ERF010	AP2/EREBP	ERF/DREB	cluster_15	0.41720338983050853	0.4508990413498715	0.984015984015984	0.939060939060939	1.0	1.0
MA1831.2	Zm00001d031796	AP2/EREBP	ERF/DREB	cluster_24	0.4161299435028244	0.44247338014705	0.975024975024975	0.961038961038961	1.0	1.0
MA1232.2	ERF054	AP2/EREBP	ERF/DREB	cluster_15	0.4153954802259888	0.4450205055509711	0.977022977022977	0.9630369630369631	1.0	1.0
MA0986.1	DREB2C	AP2/EREBP	ERF/DREB	cluster_15	0.4149152542372882	0.44732629455434286	0.975024975024975	0.9530469530469531	1.0	1.0
MA2074.1	PK17878.1	AP2/EREBP	ERF/DREB	cluster_24	0.4146610169491525	0.4313612378131727	0.974025974025974	0.989010989010989	1.0	1.0
MA1013.1	GATA10	Other C4 zinc finger-type factors	C4-GATA-related	cluster_13	0.41449152542372886	0.4319295697955482	0.983016983016983	0.987012987012987	1.0	1.0
MA1245.3	ERF112	AP2/EREBP	ERF/DREB	cluster_24	0.41395480225988707	0.44131789842623814	0.987012987012987	0.972027972027972	1.0	1.0
MA2088.1	PK24580.1	AP2/EREBP	ERF/DREB	cluster_15	0.4134745762711865	0.43711862000498264	0.9760239760239761	0.974025974025974	1.0	1.0
MA1005.3	ERF082	AP2/EREBP	ERF/DREB	cluster_24	0.41274011299435037	0.4412993723357367	0.981018981018981	0.965034965034965	1.0	1.0
MA1426.2	MYB124	Tryptophan cluster factors	MYB	cluster_07	0.41234463276836153	0.42689533089478826	0.977022977022977	0.987012987012987	1.0	1.0
MA0567.1	ERF1B	AP2/EREBP	ERF/DREB	cluster_24	0.41149717514124307	0.42900013803060405	0.987012987012987	0.995004995004995	1.0	1.0
MA1048.1	ERF018	AP2/EREBP	ERF/DREB	cluster_15	0.4112146892655367	0.4478722862029968	0.977022977022977	0.951048951048951	1.0	1.0
MA1260.2	ERF013	AP2/EREBP	ERF/DREB	cluster_15	0.4106214689265539	0.4530698276684515	0.984015984015984	0.939060939060939	1.0	1.0
MA1264.2	ERF095	AP2/EREBP	ERF/DREB	cluster_24	0.41056497175141293	0.427056033812632	0.986013986013986	0.99000999000999	1.0	1.0
MA1018.2	GATA9	Other C4 zinc finger-type factors	C4-GATA-related	cluster_13	0.4096610169491526	0.510526093427607	0.99000999000999	0.994005994005994	1.0	1.0
MA1049.2	ERF094	AP2/EREBP	ERF/DREB	cluster_24	0.40954802259887013	0.428197790735602	0.989010989010989	0.9920079920079921	1.0	1.0
MA1424.2	ERF019	AP2/EREBP	ERF/DREB	cluster_15	0.40915254237288134	0.45387837120960667	0.99000999000999	0.922077922077922	1.0	1.0
MA1051.1	RAP2-3	AP2/EREBP	ERF/DREB	cluster_24	0.4090677966101698	0.42927610024317575	0.9920079920079921	0.991008991008991	1.0	1.0
MA1376.2	DEAR3	AP2/EREBP	ERF/DREB	cluster_24	0.40881355932203384	0.44268749479300457	0.986013986013986	0.984015984015984	1.0	1.0
MA1794.2	NLP7	RWP-RK	NA	cluster_10	0.4086723163841806	0.4384203762314358	0.984015984015984	0.996003996003996	1.0	1.0
MA0975.1	CRF2	AP2/EREBP	ERF/DREB	cluster_24	0.40615819209039533	0.4304732451082138	0.984015984015984	0.986013986013986	1.0	1.0
MA1053.1	ERF109	AP2/EREBP	ERF/DREB	cluster_24	0.4061299435028248	0.4235143766655867	0.985014985014985	0.993006993006993	1.0	1.0
MA1833.2	Zm00001d049364	AP2/EREBP	ERF/DREB	cluster_24	0.4059322033898306	0.4353191960232942	0.987012987012987	0.978021978021978	1.0	1.0
MA1820.2	Zm00001d024324	AP2/EREBP	ERF/DREB	cluster_24	0.40581920903954805	0.44283963288948675	0.987012987012987	0.962037962037962	1.0	1.0
MA1265.3	ERF015	AP2/EREBP	ERF/DREB	cluster_15	0.40579096045197754	0.44321771716591235	0.991008991008991	0.967032967032967	1.0	1.0
MA1242.1	DREB2F	AP2/EREBP	ERF/DREB	cluster_24	0.40420903954802256	0.42740203272600674	0.989010989010989	0.993006993006993	1.0	1.0
MA1208.2	GT-2	Tryptophan cluster factors	Trihelix	cluster_10	0.39991525423728813	0.4346773753140787	0.9920079920079921	0.984015984015984	1.0	1.0
MA2078.1	PK19363.1	AP2/EREBP	ERF/DREB	cluster_24	0.3994350282485876	0.4232810788479214	0.994005994005994	0.993006993006993	1.0	1.0
MA1819.2	Zm00001d005892	AP2/EREBP	ERF/DREB	cluster_24	0.398672316384181	0.4403531050001878	0.995004995004995	0.974025974025974	1.0	1.0
MA1239.2	ERF104	AP2/EREBP	ERF/DREB	cluster_24	0.39802259887005637	0.41975051373814054	0.997002997002997	0.997002997002997	1.0	1.0
MA1263.2	ERF055	AP2/EREBP	ERF/DREB	cluster_15	0.39683615819209067	0.4407207624760878	0.997002997002997	0.9790209790209791	1.0	1.0
MA2418.1	IG1	Other C4 zinc finger-type factors	LBD	cluster_24	0.39598870056497165	0.431509725150855	0.995004995004995	0.985014985014985	1.0	1.0
MA0579.2	CDC5	Tryptophan cluster factors	MYB-related	cluster_41	0.3927401129943506	0.4247686748384097	0.994005994005994	0.9920079920079921	1.0	1.0
MA1222.1	ERF014	AP2/EREBP	ERF/DREB	cluster_24	0.38745762711864423	0.4176758885194734	0.999000999000999	0.999000999000999	1.0	1.0
MA1226.2	DREB2G	AP2/EREBP	ERF/DREB	cluster_24	0.3868361581920906	0.43025963951647933	1.0	0.997002997002997	1.0	1.0
MA1750.1	E2FE	Fork head/winged helix factors	E2F	cluster_27	0.38649717514124277	0.41413121597648606	0.993006993006993	0.996003996003996	1.0	1.0
MA1732.1	E2FD	Fork head/winged helix factors	E2F	cluster_27	0.38649717514124277	0.41413121597648606	0.998001998001998	0.999000999000999	1.0	1.0
MA1006.2	ERF6	AP2/EREBP	ERF/DREB	cluster_15	0.3821468926553672	0.41802467212753064	0.999000999000999	0.998001998001998	1.0	1.0
MA1753.2	ERF057	AP2/EREBP	ERF/DREB	cluster_24	0.3820338983050849	0.40923755277485413	0.999000999000999	0.999000999000999	1.0	1.0
MA1015.2	GATA12	Other C4 zinc finger-type factors	C4-GATA-related	cluster_13	0.3814971751412429	0.5008547922311156	0.997002997002997	0.996003996003996	1.0	1.0
MA1034.1	Os05g0497200	AP2/EREBP	ERF/DREB	cluster_24	0.3779378531073446	0.4248467131146912	0.997002997002997	0.993006993006993	1.0	1.0
MA0992.3	ERF4	AP2/EREBP	ERF/DREB	cluster_24	0.37228813559322066	0.4061534601630388	1.0	1.0	1.0	1.0
MA1266.2	RAP2-11	AP2/EREBP	ERF/DREB	cluster_24	0.37124293785310764	0.4032975165434409	1.0	1.0	1.0	1.0
MA1812.2	ASR1	Tryptophan cluster factors	MYB-related	cluster_01	0.36138418079096063	0.39681311070594516	1.0	1.0	1.0	1.0
MA1014.1	GATA11	Other C4 zinc finger-type factors	C4-GATA-related	cluster_13	0.36025423728813566	0.40725995302086115	1.0	1.0	1.0	1.0
MA1234.2	ERF017	AP2/EREBP	ERF/DREB	cluster_15	0.3381920903954801	0.3895314265674904	1.0	1.0	1.0	1.0
