motif_id	tf_name	tf_class	tf_family	jaspar_cluster	auc_roc	auc_prc	p_value_roc	p_value_prc	p_value_roc_adj	p_value_prc_adj
MA0935.1	NAC025	GCM domain factors	NAC	cluster_20	0.5564369973508553	0.5525209002782051	0.000999000999000999	0.000999000999000999	0.003229821026431196	0.003849685667867486
MA0931.2	ABI5	Basic leucine zipper factors (bZIP)	Group A	cluster_07	0.5509278064847265	0.5498531255722792	0.000999000999000999	0.000999000999000999	0.003229821026431196	0.003849685667867486
MA1785.2	NAC018	GCM domain factors	NAC	cluster_20	0.5504323724276677	0.5460494854063483	0.000999000999000999	0.000999000999000999	0.003229821026431196	0.003849685667867486
MA0941.2	ABF2	Basic leucine zipper factors (bZIP)	Group A	cluster_07	0.5499480683182592	0.5571471545553422	0.000999000999000999	0.000999000999000999	0.003229821026431196	0.003849685667867486
MA1786.2	NAC019	GCM domain factors	NAC	cluster_20	0.5498567882144153	0.5444199010093766	0.000999000999000999	0.000999000999000999	0.003229821026431196	0.003849685667867486
MA2087.1	PK24205.1	Basic leucine zipper factors (bZIP)	Group A	cluster_07	0.5496193412572747	0.5413250511929149	0.000999000999000999	0.000999000999000999	0.003229821026431196	0.003849685667867486
MA1734.1	AT1G19040	GCM domain factors	NAC	cluster_16	0.5495234953315992	0.5416778764822082	0.000999000999000999	0.000999000999000999	0.003229821026431196	0.003849685667867486
MA0966.2	BIM3	Basic helix-loop-helix factors (bHLH)	bHLH	cluster_07	0.5494207461739745	0.583671634724895	0.000999000999000999	0.000999000999000999	0.003229821026431196	0.003849685667867486
MA1787.2	NAC047	GCM domain factors	NAC	cluster_20	0.54916235941326	0.5453416604134537	0.000999000999000999	0.000999000999000999	0.003229821026431196	0.003849685667867486
MA1816.2	O11	Basic helix-loop-helix factors (bHLH)	bHLH	cluster_07	0.547609580329519	0.5830134704655862	0.000999000999000999	0.000999000999000999	0.003229821026431196	0.003849685667867486
MA2092.1	PK27149.1	Basic leucine zipper factors (bZIP)	Group S	cluster_07	0.5471147518191231	0.5361318630721963	0.000999000999000999	0.000999000999000999	0.003229821026431196	0.003849685667867486
MA2384.1	estExt_Genewise1.C_2060077	Basic leucine zipper factors (bZIP)	bZIP	cluster_07	0.5466376173821927	0.5459952719072548	0.000999000999000999	0.000999000999000999	0.003229821026431196	0.003849685667867486
MA2105.1	GLYMA-13G317000	Basic leucine zipper factors (bZIP)	Group A	cluster_07	0.5460286917697246	0.6311176559687108	0.000999000999000999	0.000999000999000999	0.003229821026431196	0.003849685667867486
MA1344.2	BZIP28	Basic leucine zipper factors (bZIP)	Group B	cluster_07	0.5459842688665926	0.5340018806903235	0.000999000999000999	0.000999000999000999	0.003229821026431196	0.003849685667867486
MA1791.1	NAC087	GCM domain factors	NAC	cluster_16	0.5450327249527119	0.5386824325918294	0.000999000999000999	0.000999000999000999	0.003229821026431196	0.003849685667867486
MA1338.3	DPBF3	Basic leucine zipper factors (bZIP)	Group A	cluster_07	0.5445470401969134	0.5337299639350437	0.000999000999000999	0.000999000999000999	0.003229821026431196	0.003849685667867486
MA0581.2	LEC2	B3	LAV	cluster_29	0.5442393377160379	0.614320539594111	0.000999000999000999	0.000999000999000999	0.003229821026431196	0.003849685667867486
MA0570.3	ABF1	Basic leucine zipper factors (bZIP)	Group A	cluster_07	0.5441966587872942	0.5344780710352426	0.000999000999000999	0.000999000999000999	0.003229821026431196	0.003849685667867486
MA0561.1	PIF4	Basic helix-loop-helix factors (bHLH)	bHLH	cluster_07	0.544123508750513	0.5432802370046012	0.000999000999000999	0.000999000999000999	0.003229821026431196	0.003849685667867486
MA2389.1	GBF1	Basic leucine zipper factors (bZIP)	NA	cluster_07	0.5435047975039852	0.5509985592654953	0.000999000999000999	0.000999000999000999	0.003229821026431196	0.003849685667867486
MA1810.2	GLYMA-08G357600	B3	LAV	cluster_29	0.5432876121381581	0.5443557045806053	0.000999000999000999	0.000999000999000999	0.003229821026431196	0.003849685667867486
MA2005.2	NAC016	GCM domain factors	NAC	cluster_16	0.5430185072015247	0.539357188491701	0.000999000999000999	0.000999000999000999	0.003229821026431196	0.003849685667867486
MA2060.1	PK05451.1	Basic helix-loop-helix factors (bHLH)	bHLH	cluster_07	0.5429022422424024	0.5295849926833293	0.000999000999000999	0.000999000999000999	0.003229821026431196	0.003849685667867486
MA1362.2	bHLH77	Basic helix-loop-helix factors (bHLH)	bHLH	cluster_07	0.5423344574701573	0.5268839927757583	0.000999000999000999	0.000999000999000999	0.003229821026431196	0.003849685667867486
MA1835.2	TFLG2-Zm00001d042777	Basic leucine zipper factors (bZIP)	Group D	cluster_28	0.5421862075363436	0.5413644739401862	0.000999000999000999	0.000999000999000999	0.003229821026431196	0.003849685667867486
MA1364.2	BHLH72	Basic helix-loop-helix factors (bHLH)	bHLH	cluster_07	0.5417299644592561	0.5348312413780645	0.000999000999000999	0.000999000999000999	0.003229821026431196	0.003849685667867486
MA2033.2	NAC038	GCM domain factors	NAC	cluster_16	0.5417234124443732	0.5387395569279361	0.000999000999000999	0.000999000999000999	0.003229821026431196	0.003849685667867486
MA1025.2	HBI1	Basic helix-loop-helix factors (bHLH)	bHLH	cluster_07	0.5415700274748632	0.5351503687399473	0.000999000999000999	0.000999000999000999	0.003229821026431196	0.003849685667867486
MA0937.1	NAC055	GCM domain factors	NAC	cluster_20	0.5412046406189561	0.5451942902010293	0.000999000999000999	0.000999000999000999	0.003229821026431196	0.003849685667867486
MA1788.1	NAC054	GCM domain factors	NAC	cluster_16	0.5412014796653803	0.5378054008906669	0.000999000999000999	0.000999000999000999	0.003229821026431196	0.003849685667867486
MA0938.3	NAC058	GCM domain factors	NAC	cluster_16	0.5409414821505438	0.5391784558356276	0.000999000999000999	0.000999000999000999	0.003229821026431196	0.003849685667867486
MA1425.2	HYH	Basic leucine zipper factors (bZIP)	Group H	cluster_07	0.5407339855313101	0.5540724308288922	0.000999000999000999	0.000999000999000999	0.003229821026431196	0.003849685667867486
MA1672.2	GBF2	Basic leucine zipper factors (bZIP)	Group G	cluster_07	0.5407262829777686	0.5342169034820387	0.000999000999000999	0.000999000999000999	0.003229821026431196	0.003849685667867486
MA1792.1	NAC098	GCM domain factors	NAC	cluster_16	0.5406081044911946	0.536268633680803	0.000999000999000999	0.000999000999000999	0.003229821026431196	0.003849685667867486
MA1659.2	ABF4	Basic leucine zipper factors (bZIP)	Group A	cluster_07	0.540581702656727	0.5352292523511212	0.000999000999000999	0.000999000999000999	0.003229821026431196	0.003849685667867486
MA0939.1	NAC079	GCM domain factors	NAC	cluster_20	0.5403717232961796	0.5371635373057118	0.000999000999000999	0.000999000999000999	0.003229821026431196	0.003849685667867486
MA2413.1	ZmbZIP96	Basic leucine zipper factors (bZIP)	D	cluster_07	0.5402806611891345	0.5284276435224948	0.000999000999000999	0.000999000999000999	0.003229821026431196	0.003849685667867486
MA1822.2	Zm00001d018571	Basic leucine zipper factors (bZIP)	NA	cluster_28	0.5398905559184797	0.5380980280888792	0.000999000999000999	0.000999000999000999	0.003229821026431196	0.003849685667867486
MA2382.1	e_gw1.209.40.1	Basic helix-loop-helix factors (bHLH)	bHLH	cluster_07	0.5398504081747832	0.5786753649273665	0.000999000999000999	0.000999000999000999	0.003229821026431196	0.003849685667867486
MA0988.2	PHYPADRAFT_143875	Basic helix-loop-helix factors (bHLH)	NA	cluster_07	0.539826367972298	0.5786691312197172	0.000999000999000999	0.000999000999000999	0.003229821026431196	0.003849685667867486
MA1061.2	SPT	Basic helix-loop-helix factors (bHLH)	bHLH	cluster_07	0.5397735885252298	0.5462908178524895	0.000999000999000999	0.000999000999000999	0.003229821026431196	0.003849685667867486
MA2045.2	NAC031	GCM domain factors	NAC	cluster_16	0.539308795129273	0.5382331077666104	0.000999000999000999	0.000999000999000999	0.003229821026431196	0.003849685667867486
MA1660.2	NAC013	GCM domain factors	NAC	cluster_16	0.53912755501331	0.5384464501526958	0.000999000999000999	0.000999000999000999	0.003229821026431196	0.003849685667867486
MA1740.2	BHLH49	Basic helix-loop-helix factors (bHLH)	bHLH	cluster_07	0.5389205428314054	0.5340863119200089	0.000999000999000999	0.000999000999000999	0.003229821026431196	0.003849685667867486
MA1360.3	bHLH74	Basic helix-loop-helix factors (bHLH)	bHLH	cluster_07	0.538761950160603	0.5785957858867375	0.000999000999000999	0.000999000999000999	0.003229821026431196	0.003849685667867486
MA2061.1	PK06517.1	Basic helix-loop-helix factors (bHLH)	bHLH	cluster_07	0.5386164736305017	0.5338168378910698	0.000999000999000999	0.000999000999000999	0.003229821026431196	0.003849685667867486
MA2422.1	OsbZIP42	Basic leucine zipper factors (bZIP)	Group A	cluster_07	0.5386107209372121	0.5284393183107019	0.000999000999000999	0.000999000999000999	0.003229821026431196	0.003849685667867486
MA1349.2	BZIP16	Basic leucine zipper factors (bZIP)	Group G	cluster_07	0.5385070271267951	0.5306830919296915	0.000999000999000999	0.000999000999000999	0.003229821026431196	0.003849685667867486
MA0560.2	PIF3	Basic helix-loop-helix factors (bHLH)	bHLH	cluster_07	0.5384270949673985	0.5455856018634703	0.000999000999000999	0.000999000999000999	0.003229821026431196	0.003849685667867486
MA0968.3	BZIP68	Basic leucine zipper factors (bZIP)	Group G	cluster_07	0.5382787360351851	0.5317815739544614	0.000999000999000999	0.000999000999000999	0.003229821026431196	0.003849685667867486
MA1359.3	BPE	Basic helix-loop-helix factors (bHLH)	bHLH	cluster_07	0.5380365052594148	0.577693255353366	0.000999000999000999	0.000999000999000999	0.003229821026431196	0.003849685667867486
MA2067.1	PK09702.1	Basic helix-loop-helix factors (bHLH)	bHLH	cluster_07	0.5379661407372798	0.5274054477279407	0.000999000999000999	0.000999000999000999	0.003229821026431196	0.003849685667867486
MA0930.3	ABF3	Basic leucine zipper factors (bZIP)	Group A	cluster_07	0.5378500816640228	0.5637693616390245	0.000999000999000999	0.000999000999000999	0.003229821026431196	0.003849685667867486
MA2080.1	PK20225.1	Basic helix-loop-helix factors (bHLH)	bHLH	cluster_07	0.5377665888902534	0.5782720636177416	0.000999000999000999	0.000999000999000999	0.003229821026431196	0.003849685667867486
MA0956.2	BEE2	Basic helix-loop-helix factors (bHLH)	bHLH	cluster_07	0.5376958247073212	0.5782612023566298	0.000999000999000999	0.000999000999000999	0.003229821026431196	0.003849685667867486
MA1056.2	SPL11	C3H(C),C2HC zinc fingers factors	SBP	cluster_28	0.537557469405966	0.5316426573698052	0.000999000999000999	0.000999000999000999	0.003229821026431196	0.003849685667867486
MA2086.1	PK23964.1	Basic leucine zipper factors (bZIP)	Group G	cluster_07	0.5369926760342311	0.5479440760781882	0.000999000999000999	0.000999000999000999	0.003229821026431196	0.003849685667867486
MA1021.2	PHYPADRAFT_48267	Basic helix-loop-helix factors (bHLH)	NA	cluster_07	0.5369093043697943	0.527818186568969	0.000999000999000999	0.000999000999000999	0.003229821026431196	0.003849685667867486
MA2393.1	PHYPA_008731	Basic helix-loop-helix factors (bHLH)	NA	cluster_07	0.5367483016232769	0.5324597334541469	0.000999000999000999	0.001998001998001998	0.003229821026431196	0.006657098360155128
MA0965.3	BIM2	Basic helix-loop-helix factors (bHLH)	bHLH	cluster_07	0.536650166731218	0.5772433993783866	0.000999000999000999	0.000999000999000999	0.003229821026431196	0.003849685667867486
MA1789.1	NAC071	GCM domain factors	NAC	cluster_16	0.5366306196849651	0.5290227295637421	0.000999000999000999	0.000999000999000999	0.003229821026431196	0.003849685667867486
MA1741.1	BRN2	GCM domain factors	NAC	cluster_16	0.536605840715551	0.5306323567267117	0.000999000999000999	0.000999000999000999	0.003229821026431196	0.003849685667867486
MA0551.2	HY5	Basic leucine zipper factors (bZIP)	Group H	cluster_07	0.5364596133075913	0.5277067166280556	0.000999000999000999	0.000999000999000999	0.003229821026431196	0.003849685667867486
MA1043.2	NAC083	GCM domain factors	NAC	cluster_20	0.5364452134079659	0.5448144690692938	0.000999000999000999	0.000999000999000999	0.003229821026431196	0.003849685667867486
MA1811.2	GLYMA-13G317000	Basic leucine zipper factors (bZIP)	Group A	cluster_07	0.536437171748293	0.5422564568497623	0.000999000999000999	0.000999000999000999	0.003229821026431196	0.003849685667867486
MA0552.2	PIF1	Basic helix-loop-helix factors (bHLH)	bHLH	cluster_07	0.536310285500718	0.576762388556842	0.000999000999000999	0.000999000999000999	0.003229821026431196	0.003849685667867486
MA1363.1	LRL2	Basic helix-loop-helix factors (bHLH)	bHLH	cluster_07	0.5363045206964953	0.5269863530668328	0.000999000999000999	0.000999000999000999	0.003229821026431196	0.003849685667867486
MA1044.2	NAC92	GCM domain factors	NAC	cluster_20	0.5361559074346838	0.5221161749069417	0.000999000999000999	0.001998001998001998	0.003229821026431196	0.006657098360155128
MA2075.1	PK18009.1	Basic leucine zipper factors (bZIP)	Group A	cluster_07	0.5360657536476312	0.5607378543259776	0.000999000999000999	0.000999000999000999	0.003229821026431196	0.003849685667867486
MA2006.2	NAC020	GCM domain factors	NAC	cluster_16	0.5359047509011144	0.5410375151959234	0.000999000999000999	0.000999000999000999	0.003229821026431196	0.003849685667867486
MA2406.1	PK03576.1	Basic helix-loop-helix factors (bHLH)	bHLH	cluster_07	0.535729045481641	0.5340834218234589	0.000999000999000999	0.000999000999000999	0.003229821026431196	0.003849685667867486
MA1333.2	BEH3	Basic helix-loop-helix factors (bHLH)	BES/BZR	cluster_07	0.5351460251553771	0.5255889724256602	0.000999000999000999	0.000999000999000999	0.003229821026431196	0.003849685667867486
MA1011.2	PHYPADRAFT_72483	Basic helix-loop-helix factors (bHLH)	NA	cluster_07	0.5350989499578661	0.5767077588522186	0.000999000999000999	0.000999000999000999	0.003229821026431196	0.003849685667867486
MA1351.3	GBF3	Basic leucine zipper factors (bZIP)	Group G	cluster_07	0.534990629770951	0.5349105720628968	0.000999000999000999	0.000999000999000999	0.003229821026431196	0.003849685667867486
MA0964.3	BIM1	Basic helix-loop-helix factors (bHLH)	bHLH	cluster_07	0.5349530737669672	0.5249932984054484	0.000999000999000999	0.000999000999000999	0.003229821026431196	0.003849685667867486
MA0936.1	NAC046	GCM domain factors	NAC	cluster_20	0.5349312014215329	0.5327519151846648	0.000999000999000999	0.000999000999000999	0.003229821026431196	0.003849685667867486
MA2342.1	URI	Basic helix-loop-helix factors (bHLH)	bHLH	cluster_07	0.5349273501447621	0.576623693152036	0.000999000999000999	0.000999000999000999	0.003229821026431196	0.003849685667867486
MA0960.1	BHLH104	Basic helix-loop-helix factors (bHLH)	bHLH	cluster_07	0.5348868875168	0.5154593918155976	0.000999000999000999	0.002997002997002997	0.003229821026431196	0.009183587496840508
MA2014.2	BAM8	Basic helix-loop-helix factors (bHLH)	BES/BZR	cluster_07	0.5346637677936856	0.5241417497174885	0.000999000999000999	0.000999000999000999	0.003229821026431196	0.003849685667867486
MA2076.1	PK18401.1	Basic helix-loop-helix factors (bHLH)	bHLH	cluster_07	0.5345889343371841	0.5305781270552541	0.000999000999000999	0.000999000999000999	0.003229821026431196	0.003849685667867486
MA0568.2	MYC3	Basic helix-loop-helix factors (bHLH)	bHLH	cluster_07	0.5342080091539279	0.5772210000039457	0.000999000999000999	0.000999000999000999	0.003229821026431196	0.003849685667867486
MA1074.2	UNE10	Basic helix-loop-helix factors (bHLH)	bHLH	cluster_07	0.5340025471714795	0.531690849652687	0.000999000999000999	0.001998001998001998	0.003229821026431196	0.006657098360155128
MA2071.1	PK15505.1	Basic helix-loop-helix factors (bHLH)	bHLH	cluster_07	0.5339554598630349	0.5212022165552226	0.000999000999000999	0.001998001998001998	0.003229821026431196	0.006657098360155128
MA1320.2	SPL15	C3H(C),C2HC zinc fingers factors	SBP	cluster_28	0.5337919985970692	0.5320013150577899	0.000999000999000999	0.000999000999000999	0.003229821026431196	0.003849685667867486
MA1093.2	WRKY75	GCM domain factors	WRKY	cluster_10	0.5335958014785512	0.5495981087102356	0.000999000999000999	0.000999000999000999	0.003229821026431196	0.003849685667867486
MA2077.1	PK18474.1	Basic helix-loop-helix factors (bHLH)	bHLH	cluster_07	0.533416075229242	0.531146890877721	0.000999000999000999	0.000999000999000999	0.003229821026431196	0.003849685667867486
MA2375.1	BMY2	Basic helix-loop-helix factors (bHLH)	BES/BZR	cluster_07	0.5333280771883067	0.5249465846274657	0.000999000999000999	0.000999000999000999	0.003229821026431196	0.003849685667867486
MA1808.2	GLYMA-06G314400	Basic leucine zipper factors (bZIP)	Group A	cluster_07	0.5331780106145063	0.5334628847714797	0.000999000999000999	0.000999000999000999	0.003229821026431196	0.003849685667867486
MA0565.3	FUS3	B3	LAV	cluster_29	0.5330755763411463	0.5859720507580615	0.000999000999000999	0.000999000999000999	0.003229821026431196	0.003849685667867486
MA2424.1	OsbZIP77	Basic leucine zipper factors (bZIP)	Group A	cluster_14	0.5327764726228715	0.5191264114373867	0.000999000999000999	0.001998001998001998	0.003229821026431196	0.006657098360155128
MA0128.1	EmBP-1	Basic leucine zipper factors (bZIP)	Group G	cluster_07	0.5325694119972363	0.5399337682559912	0.000999000999000999	0.000999000999000999	0.003229821026431196	0.003849685667867486
MA1305.2	WRKY55	GCM domain factors	WRKY	cluster_10	0.5325532923450913	0.5309789387743962	0.000999000999000999	0.000999000999000999	0.003229821026431196	0.003849685667867486
MA1311.3	WRKY28	GCM domain factors	WRKY	cluster_10	0.5324980786004412	0.5520838588554967	0.000999000999000999	0.000999000999000999	0.003229821026431196	0.003849685667867486
MA0957.1	BHLH3	Basic helix-loop-helix factors (bHLH)	bHLH	cluster_07	0.5324485448834816	0.5186235416229166	0.000999000999000999	0.000999000999000999	0.003229821026431196	0.003849685667867486
MA0562.1	PIF5	Basic helix-loop-helix factors (bHLH)	bHLH	cluster_07	0.5322227244222539	0.528918633795403	0.000999000999000999	0.000999000999000999	0.003229821026431196	0.003849685667867486
MA1317.2	WRKY50	GCM domain factors	WRKY	cluster_10	0.532142319936461	0.5421510412260392	0.000999000999000999	0.000999000999000999	0.003229821026431196	0.003849685667867486
MA1307.3	WRKY31	GCM domain factors	WRKY	cluster_10	0.532120120595829	0.5297698538446821	0.000999000999000999	0.000999000999000999	0.003229821026431196	0.003849685667867486
MA1784.1	NAC011	GCM domain factors	NAC	cluster_16	0.5320806268425275	0.5321509548790474	0.000999000999000999	0.000999000999000999	0.003229821026431196	0.003849685667867486
MA1033.1	OJ1058_F05.8	Basic leucine zipper factors (bZIP)	Group A	cluster_07	0.5319955112037033	0.5458731660907061	0.000999000999000999	0.000999000999000999	0.003229821026431196	0.003849685667867486
MA1298.2	WRKY29	GCM domain factors	WRKY	cluster_10	0.531988910745087	0.5242101530719583	0.000999000999000999	0.000999000999000999	0.003229821026431196	0.003849685667867486
MA1315.2	WRKY24	GCM domain factors	WRKY	cluster_10	0.5319845508091195	0.5233025066265475	0.000999000999000999	0.000999000999000999	0.003229821026431196	0.003849685667867486
MA0549.2	BZR2	Basic helix-loop-helix factors (bHLH)	BES/BZR	cluster_07	0.5319775870225046	0.5244613310512835	0.000999000999000999	0.000999000999000999	0.003229821026431196	0.003849685667867486
MA1303.2	WRKY22	GCM domain factors	WRKY	cluster_10	0.5319736267473361	0.5226211651870678	0.000999000999000999	0.000999000999000999	0.003229821026431196	0.003849685667867486
MA1332.2	BEH2	Basic helix-loop-helix factors (bHLH)	BES/BZR	cluster_07	0.5318169112711854	0.5245086808665101	0.000999000999000999	0.000999000999000999	0.003229821026431196	0.003849685667867486
MA2407.1	PK24978.1	Basic leucine zipper factors (bZIP)	Group A	cluster_07	0.5317002587621998	0.5483601932180675	0.000999000999000999	0.000999000999000999	0.003229821026431196	0.003849685667867486
MA1675.2	NAC029	GCM domain factors	NAC	cluster_20	0.5315694364613212	0.5312657605568276	0.000999000999000999	0.000999000999000999	0.003229821026431196	0.003849685667867486
MA1091.1	WRKY62	GCM domain factors	WRKY	cluster_10	0.5315305845874811	0.5276275811508268	0.000999000999000999	0.000999000999000999	0.003229821026431196	0.003849685667867486
MA2401.1	Os05g0437700	Basic leucine zipper factors (bZIP)	NA	cluster_07	0.5314391591524382	0.5458154250150534	0.000999000999000999	0.000999000999000999	0.003229821026431196	0.003849685667867486
MA1314.2	WRKY14	GCM domain factors	WRKY	cluster_10	0.5314098022502597	0.5232623467595425	0.000999000999000999	0.000999000999000999	0.003229821026431196	0.003849685667867486
MA1316.2	WRKY71	GCM domain factors	WRKY	cluster_10	0.5312671717894702	0.5217438949196053	0.000999000999000999	0.000999000999000999	0.003229821026431196	0.003849685667867486
MA1302.2	WRKY65	GCM domain factors	WRKY	cluster_10	0.531259263350063	0.5254076043151837	0.000999000999000999	0.000999000999000999	0.003229821026431196	0.003849685667867486
MA1055.3	SPL1	C3H(C),C2HC zinc fingers factors	SBP	cluster_28	0.5311973401483977	0.5282398214739551	0.000999000999000999	0.000999000999000999	0.003229821026431196	0.003849685667867486
MA1331.2	BEH4	Basic helix-loop-helix factors (bHLH)	BES/BZR	cluster_07	0.5311610800142706	0.5236181561912202	0.000999000999000999	0.000999000999000999	0.003229821026431196	0.003849685667867486
MA2452.1	SPL8A	C3H(C),C2HC zinc-fingers like factors	SBP	cluster_33	0.5311257039782723	0.5236501266911238	0.000999000999000999	0.000999000999000999	0.003229821026431196	0.003849685667867486
MA1308.2	WRKY70	GCM domain factors	WRKY	cluster_10	0.531119539513252	0.5260913342765379	0.000999000999000999	0.000999000999000999	0.003229821026431196	0.003849685667867486
MA1300.2	WRKY6	GCM domain factors	WRKY	cluster_10	0.5310638171094059	0.5354446683903417	0.000999000999000999	0.000999000999000999	0.003229821026431196	0.003849685667867486
MA0550.3	BZR1	Basic helix-loop-helix factors (bHLH)	BES/BZR	cluster_07	0.5310227126019829	0.5236761030991849	0.000999000999000999	0.000999000999000999	0.003229821026431196	0.003849685667867486
MA0958.1	BHLH13	Basic helix-loop-helix factors (bHLH)	bHLH	cluster_07	0.5309946879024623	0.5187100909524943	0.000999000999000999	0.000999000999000999	0.003229821026431196	0.003849685667867486
MA1084.1	WRKY38	GCM domain factors	WRKY	cluster_10	0.5309040981218122	0.5323416862194388	0.000999000999000999	0.000999000999000999	0.003229821026431196	0.003849685667867486
MA1197.2	CAMTA1	GCM domain factors	CAMTA	cluster_07	0.5308806755769228	0.5236418806193289	0.000999000999000999	0.000999000999000999	0.003229821026431196	0.003849685667867486
MA1745.2	BZIP63	Basic leucine zipper factors (bZIP)	Group C	cluster_07	0.5308283684562507	0.5288838657885239	0.000999000999000999	0.000999000999000999	0.003229821026431196	0.003849685667867486
MA1086.2	WRKY43	GCM domain factors	WRKY	cluster_10	0.530819370032852	0.6241700263239809	0.000999000999000999	0.000999000999000999	0.003229821026431196	0.003849685667867486
MA1322.3	SPL9	C3H(C),C2HC zinc fingers factors	SBP	cluster_28	0.5308179409427296	0.5359404072546128	0.000999000999000999	0.000999000999000999	0.003229821026431196	0.003849685667867486
MA0569.2	MYC4	Basic helix-loop-helix factors (bHLH)	bHLH	cluster_07	0.530740697410513	0.5295895109507412	0.000999000999000999	0.001998001998001998	0.003229821026431196	0.006657098360155128
MA1045.2	NAC043	GCM domain factors	NAC	cluster_32	0.5307137990277824	0.5322714770535711	0.000999000999000999	0.000999000999000999	0.003229821026431196	0.003849685667867486
MA2009.2	NAC010	GCM domain factors	NAC	cluster_16	0.5305294706238396	0.5300632142493009	0.000999000999000999	0.000999000999000999	0.003229821026431196	0.003849685667867486
MA2046.2	NAC035	GCM domain factors	NAC	cluster_20	0.5305167662548711	0.5370736563805506	0.000999000999000999	0.000999000999000999	0.003229821026431196	0.003849685667867486
MA0577.4	SPL3	C3H(C),C2HC zinc fingers factors	SBP	cluster_28	0.5303489450529384	0.5279274918799061	0.000999000999000999	0.000999000999000999	0.003229821026431196	0.003849685667867486
MA2064.1	PK07858.1	Basic helix-loop-helix factors (bHLH)	bHLH	cluster_07	0.5302299793557033	0.5288735498369806	0.000999000999000999	0.004995004995004995	0.003229821026431196	0.01385886840432295
MA2453.1	SPL8B	C3H(C),C2HC zinc-fingers like factors	SBP	cluster_33	0.5300838367242744	0.5221422168547769	0.000999000999000999	0.000999000999000999	0.003229821026431196	0.003849685667867486
MA0566.1	MYC2	Basic helix-loop-helix factors (bHLH)	bHLH	cluster_07	0.530060934949513	0.5177060901088841	0.000999000999000999	0.001998001998001998	0.003229821026431196	0.006657098360155128
MA2397.1	ILR3	Basic helix-loop-helix factors (bHLH)	NA	cluster_07	0.530049768669064	0.5736031493833156	0.000999000999000999	0.000999000999000999	0.003229821026431196	0.003849685667867486
MA0564.2	ABI3	B3	LAV	cluster_29	0.5300152282874582	0.5640049757612099	0.000999000999000999	0.000999000999000999	0.003229821026431196	0.003849685667867486
MA1083.3	WRKY30	GCM domain factors	WRKY	cluster_10	0.530001579265694	0.5281683844255332	0.000999000999000999	0.000999000999000999	0.003229821026431196	0.003849685667867486
MA0962.2	bHLH34	Basic helix-loop-helix factors (bHLH)	bHLH	cluster_07	0.5299115223661082	0.5234962425017161	0.000999000999000999	0.002997002997002997	0.003229821026431196	0.009183587496840508
MA2376.1	CAMTA5	GCM domain factors	CAMTA	cluster_07	0.5297549764430228	0.5217392074132147	0.000999000999000999	0.000999000999000999	0.003229821026431196	0.003849685667867486
MA1743.2	BZIP2	Basic leucine zipper factors (bZIP)	Group S	cluster_14	0.5297290590458843	0.517947359302545	0.000999000999000999	0.000999000999000999	0.003229821026431196	0.003849685667867486
MA1306.2	WRKY11	GCM domain factors	WRKY	cluster_10	0.5296712898943226	0.5203500629972714	0.000999000999000999	0.000999000999000999	0.003229821026431196	0.003849685667867486
MA1081.3	WRKY25	GCM domain factors	WRKY	cluster_10	0.52964244165134	0.5262795697257856	0.000999000999000999	0.000999000999000999	0.003229821026431196	0.003849685667867486
MA1295.2	WRKY20	GCM domain factors	WRKY	cluster_10	0.5292876639729528	0.5263575848370657	0.000999000999000999	0.000999000999000999	0.003229821026431196	0.003849685667867486
MA1686.1	ARF13	B3	ARF	cluster_01	0.5292063632781018	0.5188359297218853	0.000999000999000999	0.000999000999000999	0.003229821026431196	0.003849685667867486
MA1805.2	WRKY53	GCM domain factors	WRKY	cluster_10	0.5291072352895158	0.5466512460764352	0.000999000999000999	0.000999000999000999	0.003229821026431196	0.003849685667867486
MA0970.2	CAMTA3	GCM domain factors	CAMTA	cluster_07	0.5288704665446369	0.5406663417172003	0.000999000999000999	0.000999000999000999	0.003229821026431196	0.003849685667867486
MA1078.2	WRKY2	GCM domain factors	WRKY	cluster_10	0.5286170815993507	0.5487597795457079	0.000999000999000999	0.000999000999000999	0.003229821026431196	0.003849685667867486
MA1309.1	WRKY3	GCM domain factors	WRKY	cluster_10	0.5286054914362378	0.5205963762909795	0.000999000999000999	0.000999000999000999	0.003229821026431196	0.003849685667867486
MA1301.2	WRKY33	GCM domain factors	WRKY	cluster_10	0.5285438710079035	0.5188648661427928	0.000999000999000999	0.000999000999000999	0.003229821026431196	0.003849685667867486
MA1783.1	NAC005	GCM domain factors	NAC	cluster_16	0.5284110625139726	0.5221684900902017	0.000999000999000999	0.000999000999000999	0.003229821026431196	0.003849685667867486
MA0586.3	SPL14	C3H(C),C2HC zinc fingers factors	SBP	cluster_28	0.5283610685815506	0.5263272876469101	0.000999000999000999	0.000999000999000999	0.003229821026431196	0.003849685667867486
MA0969.2	CAMTA2	GCM domain factors	CAMTA	cluster_07	0.5283331771022947	0.5399680506067621	0.000999000999000999	0.000999000999000999	0.003229821026431196	0.003849685667867486
MA1090.2	WRKY60	GCM domain factors	WRKY	cluster_10	0.5282282116438872	0.548816658095412	0.000999000999000999	0.000999000999000999	0.003229821026431196	0.003849685667867486
MA1411.2	TSAR1	Basic helix-loop-helix factors (bHLH)	bHLH	cluster_07	0.5282128186477373	0.519609344321144	0.000999000999000999	0.000999000999000999	0.003229821026431196	0.003849685667867486
MA2057.1	PK01630.1	Basic helix-loop-helix factors (bHLH)	bHLH	cluster_07	0.5280858112908294	0.5285643882928459	0.000999000999000999	0.003996003996003996	0.003229821026431196	0.011505475656419052
MA0959.1	AIB	Basic helix-loop-helix factors (bHLH)	bHLH	cluster_07	0.5278796589851864	0.5170290821019067	0.000999000999000999	0.001998001998001998	0.003229821026431196	0.006657098360155128
MA2423.1	OsbZIP69	Basic leucine zipper factors (bZIP)	Group A	cluster_14	0.5276574960257964	0.5173984577174193	0.000999000999000999	0.000999000999000999	0.003229821026431196	0.003849685667867486
MA1340.2	BZIP3	Basic leucine zipper factors (bZIP)	Group S	cluster_14	0.5272554493749676	0.5164779456618461	0.000999000999000999	0.000999000999000999	0.003229821026431196	0.003849685667867486
MA1094.3	WRKY8	GCM domain factors	WRKY	cluster_10	0.5271094520747356	0.5221427893431199	0.000999000999000999	0.000999000999000999	0.003229821026431196	0.003849685667867486
MA1329.3	ZHD1	Homeo domain factors	PLINC	cluster_09	0.5270772127704464	0.5318385404061761	0.000999000999000999	0.001998001998001998	0.003229821026431196	0.006657098360155128
MA1361.2	bHLH18	Basic helix-loop-helix factors (bHLH)	bHLH	cluster_07	0.5269958878537259	0.525887331593489	0.000999000999000999	0.000999000999000999	0.003229821026431196	0.003849685667867486
MA1310.2	WRKY42	GCM domain factors	WRKY	cluster_10	0.5269707576672497	0.5337948645942286	0.000999000999000999	0.000999000999000999	0.003229821026431196	0.003849685667867486
MA1297.2	WRKY26	GCM domain factors	WRKY	cluster_10	0.5268949674470221	0.5225692049667795	0.000999000999000999	0.000999000999000999	0.003229821026431196	0.003849685667867486
MA1334.2	BZIP11	Basic leucine zipper factors (bZIP)	Group S	cluster_14	0.5268243970390227	0.5141952951565835	0.000999000999000999	0.003996003996003996	0.003229821026431196	0.011505475656419052
MA1341.2	BZIP53	Basic leucine zipper factors (bZIP)	Group S	cluster_14	0.5268243970390207	0.5138692541419765	0.000999000999000999	0.005994005994005994	0.003229821026431196	0.016275539407212006
MA1807.2	ZHD10	Homeo domain factors	PLINC	cluster_09	0.5265980073639319	0.6001590054620367	0.000999000999000999	0.000999000999000999	0.003229821026431196	0.003849685667867486
MA1076.3	WRKY15	GCM domain factors	WRKY	cluster_10	0.5263889121015106	0.5339671874620796	0.000999000999000999	0.000999000999000999	0.003229821026431196	0.003849685667867486
MA1663.3	NAC050	GCM domain factors	NAC	cluster_25	0.5262945073768903	0.5336864613986269	0.000999000999000999	0.000999000999000999	0.003229821026431196	0.003849685667867486
MA1059.3	SPL5	C3H(C),C2HC zinc fingers factors	SBP	cluster_28	0.5261329111946444	0.5214652995209573	0.000999000999000999	0.000999000999000999	0.003229821026431196	0.003849685667867486
MA1080.1	WRKY23	GCM domain factors	WRKY	cluster_10	0.5260839709134139	0.5253746729277755	0.000999000999000999	0.000999000999000999	0.003229821026431196	0.003849685667867486
MA1299.2	WRKY17	GCM domain factors	WRKY	cluster_10	0.525853742072486	0.5215076991556412	0.000999000999000999	0.000999000999000999	0.003229821026431196	0.003849685667867486
MA2396.1	IDD1	C2H2 zinc finger factors	IDD	cluster_08	0.5257063035711982	0.5195539986187845	0.000999000999000999	0.001998001998001998	0.003229821026431196	0.006657098360155128
MA2454.1	SPL8D1	C3H(C),C2HC zinc-fingers like factors	SBP	cluster_33	0.5256437384900721	0.5158788009625817	0.000999000999000999	0.003996003996003996	0.003229821026431196	0.011505475656419052
MA2047.2	NAC037	GCM domain factors	NAC	cluster_25	0.5253604516506112	0.5707845443173875	0.000999000999000999	0.002997002997002997	0.003229821026431196	0.009183587496840508
MA1289.2	TCP3	TCP	NA	cluster_01	0.5252272919396171	0.5206608739288019	0.000999000999000999	0.001998001998001998	0.003229821026431196	0.006657098360155128
MA1304.2	WRKY59	GCM domain factors	WRKY	cluster_10	0.525162910218503	0.5170412087713554	0.000999000999000999	0.014985014985014986	0.003229821026431196	0.03618217225812163
MA1674.3	NAC017	GCM domain factors	NAC	cluster_25	0.5249324149370437	0.5551245099911096	0.000999000999000999	0.000999000999000999	0.003229821026431196	0.003849685667867486
MA1060.2	SPL7	C3H(C),C2HC zinc fingers factors	SBP	cluster_28	0.5248877982589807	0.5390087265255428	0.000999000999000999	0.001998001998001998	0.003229821026431196	0.006657098360155128
MA1089.2	WRKY57	GCM domain factors	WRKY	cluster_10	0.524878908833981	0.6807513732683217	0.000999000999000999	0.000999000999000999	0.003229821026431196	0.003849685667867486
MA2035.2	NAC075	GCM domain factors	NAC	cluster_16	0.5248716786068355	0.526362998591158	0.000999000999000999	0.000999000999000999	0.003229821026431196	0.003849685667867486
MA2015.2	NAC002	GCM domain factors	NAC	cluster_20	0.5247963364911379	0.5273183273079413	0.000999000999000999	0.000999000999000999	0.003229821026431196	0.003849685667867486
MA1321.2	SPL13A	C3H(C),C2HC zinc fingers factors	SBP	cluster_28	0.5247174458720008	0.5229981451906168	0.000999000999000999	0.000999000999000999	0.003229821026431196	0.003849685667867486
MA1085.3	WRKY40	GCM domain factors	WRKY	cluster_10	0.524599848710222	0.6806246245117519	0.000999000999000999	0.000999000999000999	0.003229821026431196	0.003849685667867486
MA1412.2	TSAR2	Basic helix-loop-helix factors (bHLH)	bHLH	cluster_07	0.5240672946427773	0.5152738896031714	0.000999000999000999	0.003996003996003996	0.003229821026431196	0.011505475656419052
MA1292.2	MYB27	Tryptophan cluster factors	MYB	cluster_02	0.5238690507765413	0.5183878507179033	0.000999000999000999	0.000999000999000999	0.003229821026431196	0.003849685667867486
MA0587.2	TCP16	TCP	NA	cluster_01	0.5234880287058183	0.5255470578298587	0.000999000999000999	0.000999000999000999	0.003229821026431196	0.003849685667867486
MA0940.1	AP1	MADS box factors	MIKC	cluster_23	0.5233674280325958	0.5189374395235045	0.000999000999000999	0.000999000999000999	0.003229821026431196	0.003849685667867486
MA2089.1	PK25870.1	GCM domain factors	WRKY	cluster_10	0.5233188510793628	0.5711610864546235	0.000999000999000999	0.013986013986013986	0.003229821026431196	0.03409370182533122
MA1087.3	WRKY45	GCM domain factors	WRKY	cluster_10	0.5232103976721815	0.5192592133523365	0.000999000999000999	0.000999000999000999	0.003229821026431196	0.003849685667867486
MA1696.2	ARF39	B3	ARF	cluster_01	0.5231012176090064	0.5209282659298203	0.000999000999000999	0.000999000999000999	0.003229821026431196	0.003849685667867486
MA1336.2	TGA3	Basic leucine zipper factors (bZIP)	Group D	cluster_14	0.5229143943528172	0.5166735954383705	0.000999000999000999	0.000999000999000999	0.003229821026431196	0.003849685667867486
MA1092.2	WRKY63	GCM domain factors	WRKY	cluster_10	0.5229066191336759	0.5846688694393719	0.000999000999000999	0.000999000999000999	0.003229821026431196	0.003849685667867486
MA1075.1	WRKY12	GCM domain factors	WRKY	cluster_10	0.5227950532166519	0.5249830836885231	0.000999000999000999	0.001998001998001998	0.003229821026431196	0.006657098360155128
MA1037.2	MYB24	Tryptophan cluster factors	MYB	cluster_02	0.522777456030651	0.548988726022277	0.000999000999000999	0.000999000999000999	0.003229821026431196	0.003849685667867486
MA0580.1	DYT1	Basic helix-loop-helix factors (bHLH)	bHLH	cluster_07	0.5226750459791587	0.5142558176918824	0.000999000999000999	0.002997002997002997	0.003229821026431196	0.009183587496840508
MA1327.3	ATHB-23	Homeo domain factors	HD-ZIP	cluster_09	0.5226688936250712	0.6708161667094443	0.000999000999000999	0.000999000999000999	0.003229821026431196	0.003849685667867486
MA1079.3	WRKY21	GCM domain factors	WRKY	cluster_10	0.522577504522828	0.5199038885370613	0.000999000999000999	0.000999000999000999	0.003229821026431196	0.003849685667867486
MA2018.2	NAC69	GCM domain factors	NAC	cluster_20	0.5225106763931996	0.5245844456246858	0.000999000999000999	0.002997002997002997	0.003229821026431196	0.009183587496840508
MA1318.2	WRKY27	GCM domain factors	WRKY	cluster_10	0.5223787883301955	0.5172233440809437	0.000999000999000999	0.002997002997002997	0.003229821026431196	0.009183587496840508
MA1337.2	BZIP44	Basic leucine zipper factors (bZIP)	Group S	cluster_14	0.5222879926636806	0.5130516293946903	0.000999000999000999	0.006993006993006993	0.003229821026431196	0.018462506351779706
MA2066.1	PK09021.1	Basic leucine zipper factors (bZIP)	Group D	cluster_14	0.5222842624962428	0.519295282425096	0.000999000999000999	0.001998001998001998	0.003229821026431196	0.006657098360155128
MA1374.2	IDD7	C2H2 zinc finger factors	IDD	cluster_08	0.522269148051558	0.5138937836562535	0.000999000999000999	0.005994005994005994	0.003229821026431196	0.016275539407212006
MA0097.1	bZIP911	Basic leucine zipper factors (bZIP)	Group S	cluster_14	0.5222566859012514	0.514698214747807	0.000999000999000999	0.002997002997002997	0.003229821026431196	0.009183587496840508
MA1695.2	ARF36	B3	ARF	cluster_01	0.521797306092454	0.5161362499570189	0.000999000999000999	0.002997002997002997	0.003229821026431196	0.009183587496840508
MA1207.2	GT-3a	Tryptophan cluster factors	Trihelix	cluster_07	0.5217846743890826	0.5165989274134507	0.000999000999000999	0.000999000999000999	0.003229821026431196	0.003849685667867486
MA1157.2	NUC	C2H2 zinc finger factors	IDD	cluster_08	0.5216865273860906	0.5175861466290897	0.000999000999000999	0.000999000999000999	0.003229821026431196	0.003849685667867486
MA2104.1	IDD11	C2H2 zinc finger factors	IDD	cluster_08	0.5215142493607238	0.5170946755221865	0.001998001998001998	0.000999000999000999	0.0058409023926265305	0.003849685667867486
MA1313.2	WRKY7	GCM domain factors	WRKY	cluster_10	0.5214277046317775	0.5178450795054642	0.001998001998001998	0.001998001998001998	0.0058409023926265305	0.006657098360155128
MA1290.1	TCP17	TCP	NA	cluster_01	0.521342915988152	0.5209646004785777	0.000999000999000999	0.000999000999000999	0.003229821026431196	0.003849685667867486
MA2079.1	PK19717.1	TCP	NA	cluster_01	0.5212989654114163	0.5225766660430016	0.000999000999000999	0.000999000999000999	0.003229821026431196	0.003849685667867486
MA1156.2	JKD	C2H2 zinc finger factors	IDD	cluster_08	0.5212401668305288	0.5166626903565591	0.001998001998001998	0.001998001998001998	0.0058409023926265305	0.006657098360155128
MA1677.2	NAC078	GCM domain factors	NAC	cluster_25	0.5211324158574746	0.5906240081834577	0.000999000999000999	0.000999000999000999	0.003229821026431196	0.003849685667867486
MA2023.2	PHL4	Tryptophan cluster factors	GARP_G2-like	cluster_04	0.5210949204081585	0.515694114734531	0.000999000999000999	0.003996003996003996	0.003229821026431196	0.011505475656419052
MA2417.1	EREB71	AP2/EREBP	ERF/DREB	cluster_15	0.5210316407819695	0.5197532689665777	0.000999000999000999	0.000999000999000999	0.003229821026431196	0.003849685667867486
MA1427.3	NAC028	GCM domain factors	NAC	cluster_25	0.520754227745131	0.5855724501970195	0.000999000999000999	0.002997002997002997	0.003229821026431196	0.009183587496840508
MA1270.2	DOF3.2	Other C4 zinc finger-type factors	DOF	cluster_08	0.5206778319782416	0.5132152840940567	0.000999000999000999	0.004995004995004995	0.003229821026431196	0.01385886840432295
MA1772.2	MYB43	Tryptophan cluster factors	MYB	cluster_02	0.5205377205915659	0.5136988895518454	0.000999000999000999	0.001998001998001998	0.003229821026431196	0.006657098360155128
MA1158.2	MGP	C2H2 zinc finger factors	IDD	cluster_08	0.5205040400862203	0.5151229925733849	0.001998001998001998	0.002997002997002997	0.0058409023926265305	0.009183587496840508
MA2034.2	NAC057	GCM domain factors	NAC	cluster_25	0.5203646916883391	0.5858575997853375	0.000999000999000999	0.000999000999000999	0.003229821026431196	0.003849685667867486
MA1067.1	TCP5	TCP	NA	cluster_01	0.5203177860438934	0.5166661015287097	0.001998001998001998	0.000999000999000999	0.0058409023926265305	0.003849685667867486
MA2368.1	WRKY51	GCM domain factors	WRKY	cluster_10	0.5202697904154558	0.6311099370881613	0.001998001998001998	0.004995004995004995	0.0058409023926265305	0.01385886840432295
MA1176.2	MYB119	Tryptophan cluster factors	MYB	cluster_11	0.5200899067240145	0.5137269812884274	0.000999000999000999	0.003996003996003996	0.003229821026431196	0.011505475656419052
MA1834.2	Zm00001d034298	Basic helix-loop-helix factors (bHLH)	bHLH	cluster_07	0.5200565168810664	0.5236284426793457	0.001998001998001998	0.003996003996003996	0.0058409023926265305	0.011505475656419052
MA1688.2	ARF16	B3	ARF	cluster_17	0.5198124815762428	0.5165492337878519	0.002997002997002997	0.001998001998001998	0.00831532104259377	0.006657098360155128
MA0961.2	bHLH112	Basic helix-loop-helix factors (bHLH)	bHLH	cluster_07	0.5196098777740396	0.5496605093065176	0.000999000999000999	0.001998001998001998	0.003229821026431196	0.006657098360155128
MA1685.2	ARF10	B3	ARF	cluster_01	0.5194528595245589	0.51375456180289	0.000999000999000999	0.005994005994005994	0.003229821026431196	0.016275539407212006
MA1096.1	ARALYDRAFT_496250	TCP	NA	cluster_01	0.5194418870190416	0.5189048363640475	0.001998001998001998	0.000999000999000999	0.0058409023926265305	0.003849685667867486
MA1370.2	IDD5	C2H2 zinc finger factors	IDD	cluster_08	0.5194236721754459	0.5138257885873364	0.000999000999000999	0.004995004995004995	0.003229821026431196	0.01385886840432295
MA1828.2	Zm00001d038683	TCP	NA	cluster_01	0.5193588786826021	0.5160268112387936	0.000999000999000999	0.006993006993006993	0.003229821026431196	0.018462506351779706
MA2059.1	PK05432.1	GCM domain factors	WRKY	cluster_10	0.5193294370038908	0.5807500442696949	0.001998001998001998	0.017982017982017984	0.0058409023926265305	0.04183012109841378
MA1348.1	TGA9	Basic leucine zipper factors (bZIP)	Group D	cluster_14	0.5192550637628532	0.5149346566725851	0.001998001998001998	0.002997002997002997	0.0058409023926265305	0.009183587496840508
MA0129.1	TGA1A	Basic leucine zipper factors (bZIP)	Group D	cluster_14	0.519211621845314	0.5410427842620767	0.000999000999000999	0.000999000999000999	0.003229821026431196	0.003849685667867486
MA1790.1	NAC073	GCM domain factors	NAC	cluster_16	0.5191721402029447	0.5114790113254813	0.000999000999000999	0.014985014985014986	0.003229821026431196	0.03618217225812163
MA1330.2	ZHD6	Homeo domain factors	PLINC	cluster_09	0.5191608285912983	0.508343102460374	0.001998001998001998	0.06493506493506493	0.0058409023926265305	0.12639146567717996
MA2008.2	MYB99	Tryptophan cluster factors	MYB	cluster_02	0.5191601988227688	0.5150959038665062	0.001998001998001998	0.012987012987012988	0.0058409023926265305	0.031964809384164225
MA2026.2	MYB108	Tryptophan cluster factors	MYB	cluster_02	0.5191128329628603	0.5151354724636013	0.000999000999000999	0.003996003996003996	0.003229821026431196	0.011505475656419052
MA0974.3	CDF3	Other C4 zinc finger-type factors	DOF	cluster_03	0.5189807753467908	0.535347211664821	0.000999000999000999	0.000999000999000999	0.003229821026431196	0.003849685667867486
MA1692.2	ARF29	B3	ARF	cluster_15	0.5188935887383821	0.5245476068806438	0.000999000999000999	0.000999000999000999	0.003229821026431196	0.003849685667867486
MA1286.2	TCP24	TCP	NA	cluster_01	0.5188923292013251	0.5172042103212089	0.000999000999000999	0.000999000999000999	0.003229821026431196	0.003849685667867486
MA1350.1	BZIP42	Basic leucine zipper factors (bZIP)	Group S	cluster_14	0.5188893741336137	0.5081991445451802	0.000999000999000999	0.056943056943056944	0.003229821026431196	0.11226757738385645
MA2355.1	PK06791.1	C3H(C),C2HC zinc-fingers like factors	SBP	cluster_28	0.5188641228378049	0.5480886668916229	0.001998001998001998	0.000999000999000999	0.0058409023926265305	0.003849685667867486
MA1829.2	Zm00001d035604	Tryptophan cluster factors	MYB	cluster_02	0.5188608771076961	0.5466735569069172	0.000999000999000999	0.006993006993006993	0.003229821026431196	0.018462506351779706
MA1739.2	BHLH122	Basic helix-loop-helix factors (bHLH)	bHLH	cluster_07	0.5187730243979594	0.5601745932902022	0.001998001998001998	0.03896103896103896	0.0058409023926265305	0.08166833166833166
MA1057.2	SPL12	C3H(C),C2HC zinc fingers factors	SBP	cluster_28	0.5186962289702728	0.5273164266667959	0.000999000999000999	0.01998001998001998	0.003229821026431196	0.045780045780045776
MA1070.3	TGA7	Basic leucine zipper factors (bZIP)	Group D	cluster_14	0.5186299700545067	0.5169750899579328	0.001998001998001998	0.001998001998001998	0.0058409023926265305	0.006657098360155128
MA1068.3	TGA2	Basic leucine zipper factors (bZIP)	Group D	cluster_14	0.5186230062678929	0.5177679742646683	0.000999000999000999	0.001998001998001998	0.003229821026431196	0.006657098360155128
MA1326.2	ZHD5	Homeo domain factors	PLINC	cluster_09	0.5184908275424908	0.5337031477736464	0.000999000999000999	0.015984015984015984	0.003229821026431196	0.03787516830995092
MA2050.2	NAC101	GCM domain factors	NAC	cluster_25	0.5184301880997486	0.5400848219159748	0.000999000999000999	0.022977022977022976	0.003229821026431196	0.05186825009310216
MA1077.2	WRKY18	GCM domain factors	WRKY	cluster_10	0.5184240357456619	0.6304856928250671	0.000999000999000999	0.000999000999000999	0.003229821026431196	0.003849685667867486
MA1382.2	FAR1	GCM domain factors	FRS/FRF	cluster_07	0.5183061358105526	0.5125440488722197	0.003996003996003996	0.00999000999000999	0.010660668003325347	0.02540792540792541
MA1389.2	PHL1	Tryptophan cluster factors	GARP_G2-like	cluster_04	0.5182219648245205	0.5131830923827669	0.002997002997002997	0.00999000999000999	0.00831532104259377	0.02540792540792541
MA1035.1	TCP4	TCP	NA	cluster_01	0.5180298127577054	0.5152571183546109	0.000999000999000999	0.002997002997002997	0.003229821026431196	0.009183587496840508
MA2019.2	HSFA1B	Heat shock factors	HSF	cluster_04	0.5178586368272649	0.5334969082945822	0.000999000999000999	0.003996003996003996	0.003229821026431196	0.011505475656419052
MA1275.2	DOF1.6	Other C4 zinc finger-type factors	DOF	cluster_03	0.5178462957862915	0.5490980432118673	0.002997002997002997	0.008991008991008992	0.00831532104259377	0.023254711390304612
MA0977.1	DOF2.5	Other C4 zinc finger-type factors	DOF	cluster_03	0.5176847843805779	0.553104903132409	0.002997002997002997	0.004995004995004995	0.00831532104259377	0.01385886840432295
MA0578.1	SPL8	C3H(C),C2HC zinc fingers factors	SBP	cluster_40	0.5176277055522112	0.5095138323764153	0.001998001998001998	0.023976023976023976	0.0058409023926265305	0.05396373537966458
MA2051.2	NAC68	GCM domain factors	NAC	cluster_07	0.5176227037367807	0.5212890855862609	0.000999000999000999	0.012987012987012988	0.003229821026431196	0.031964809384164225
MA2400.1	LjTCP20	TCP	NA	cluster_01	0.5175570624786089	0.5162266458082947	0.003996003996003996	0.002997002997002997	0.010660668003325347	0.009183587496840508
MA1159.2	SGR5	C2H2 zinc finger factors	IDD	cluster_08	0.5175233456404633	0.5089270885104227	0.000999000999000999	0.055944055944055944	0.003229821026431196	0.1108709472345836
MA2352.1	PC-MYB1	Tryptophan cluster factors	MYB	cluster_11	0.5173452059234088	0.5060206646387717	0.002997002997002997	0.1848151848151848	0.00831532104259377	0.3154675302326309
MA1054.2	ARALYDRAFT_897773	TCP	NA	cluster_01	0.5173331797666992	0.5126663478642353	0.001998001998001998	0.007992007992007992	0.0058409023926265305	0.020811952552566886
MA1345.2	BZIP48	Basic leucine zipper factors (bZIP)	Group S	cluster_14	0.5172426020969838	0.5095704652948154	0.002997002997002997	0.027972027972027972	0.00831532104259377	0.060979020979020984
MA1180.2	MYB3R4	Tryptophan cluster factors	MYB	cluster_11	0.5172379151658186	0.5028773456259389	0.003996003996003996	0.2707292707292707	0.010660668003325347	0.4250338139227028
MA1358.2	bHLH130	Basic helix-loop-helix factors (bHLH)	bHLH	cluster_07	0.5169723950654244	0.5157509822274395	0.001998001998001998	0.015984015984015984	0.0058409023926265305	0.03787516830995092
MA1268.2	CDF5	Other C4 zinc finger-type factors	DOF	cluster_08	0.5169381574571494	0.513643809932124	0.004995004995004995	0.006993006993006993	0.012746450873541175	0.018462506351779706
MA2361.1	PRUPE_ppa000682mg	C3H(C),C2HC zinc-fingers like factors	SBP	cluster_28	0.5168623309041225	0.5474430480114769	0.002997002997002997	0.000999000999000999	0.00831532104259377	0.003849685667867486
MA2390.1	GLYMA19G26560	Basic leucine zipper factors (bZIP)	NA	cluster_01	0.5167752411831796	0.5188872202230834	0.004995004995004995	0.000999000999000999	0.012746450873541175	0.003849685667867486
MA1160.2	IDD6	C2H2 zinc finger factors	IDD	cluster_08	0.5167740179789209	0.5101433354215398	0.002997002997002997	0.03296703296703297	0.00831532104259377	0.07045895281189399
MA0096.1	bZIP910	Basic leucine zipper factors (bZIP)	Group S	cluster_14	0.5166504743489223	0.5538962841969607	0.001998001998001998	0.007992007992007992	0.0058409023926265305	0.020811952552566886
MA1019.2	Glyma19g26560.1	TCP	NA	cluster_01	0.5166219773230046	0.5174108560666012	0.002997002997002997	0.001998001998001998	0.00831532104259377	0.006657098360155128
MA1794.2	NLP7	RWP-RK	NA	cluster_10	0.5165912276635035	0.531981301896371	0.002997002997002997	0.013986013986013986	0.00831532104259377	0.03409370182533122
MA1690.2	ARF25	B3	ARF	cluster_01	0.5165449517875861	0.511803818637184	0.002997002997002997	0.012987012987012988	0.00831532104259377	0.031964809384164225
MA0559.1	PI	MADS box factors	MIKC	cluster_23	0.5164945703053019	0.5142664336919497	0.003996003996003996	0.003996003996003996	0.010660668003325347	0.011505475656419052
MA1294.2	MYB62	Tryptophan cluster factors	MYB	cluster_02	0.5164694280078896	0.5189472385657479	0.003996003996003996	0.003996003996003996	0.010660668003325347	0.011505475656419052
MA1795.2	RAP2-4	AP2/EREBP	ERF/DREB	cluster_15	0.5164031933139895	0.5206341911770265	0.002997002997002997	0.000999000999000999	0.00831532104259377	0.003849685667867486
MA1777.2	MYB74	Tryptophan cluster factors	MYB	cluster_02	0.5162927416028242	0.5125454210952989	0.004995004995004995	0.003996003996003996	0.012746450873541175	0.011505475656419052
MA1050.1	OsI_08196	TCP	NA	cluster_01	0.5162560696969679	0.5184402828292775	0.000999000999000999	0.000999000999000999	0.003229821026431196	0.003849685667867486
MA2348.1	IDD6	C2H2 zinc finger factors	IDD	cluster_08	0.5161431231335565	0.5099636495700923	0.000999000999000999	0.024975024975024976	0.003229821026431196	0.05555668820974944
MA2038.2	NAC103	GCM domain factors	NAC	cluster_25	0.5161002625408109	0.571000320996791	0.001998001998001998	0.01898101898101898	0.0058409023926265305	0.04362204060999242
MA2043.2	NAC004	GCM domain factors	NAC	cluster_25	0.5160903315755526	0.6343176542944737	0.001998001998001998	0.005994005994005994	0.0058409023926265305	0.016275539407212006
MA1031.2	OJ1581_H09.2	TCP	NA	cluster_01	0.5159834283678265	0.523335381581698	0.001998001998001998	0.015984015984015984	0.0058409023926265305	0.03787516830995092
MA1748.2	DREB1F	AP2/EREBP	ERF/DREB	cluster_15	0.5159274516343824	0.5304934012096404	0.001998001998001998	0.002997002997002997	0.0058409023926265305	0.009183587496840508
MA1799.2	SPL10	C3H(C),C2HC zinc fingers factors	SBP	cluster_28	0.515906051615344	0.5253639282518199	0.005994005994005994	0.056943056943056944	0.014994841224349421	0.11226757738385645
MA2346.1	OsTCP7	TCP	NA	cluster_01	0.5158680232849644	0.523304353825011	0.003996003996003996	0.017982017982017984	0.010660668003325347	0.04183012109841378
MA1780.2	MYB92	Tryptophan cluster factors	MYB	cluster_02	0.5157691980697111	0.5455622757200126	0.003996003996003996	0.00999000999000999	0.010660668003325347	0.02540792540792541
MA2364.1	VIT_15s0048g01150	TCP	NA	cluster_01	0.5156135241338196	0.5174310546058289	0.002997002997002997	0.001998001998001998	0.00831532104259377	0.006657098360155128
MA1778.2	MYB80	Tryptophan cluster factors	MYB	cluster_02	0.5156035931685613	0.5090794586905445	0.004995004995004995	0.028971028971028972	0.012746450873541175	0.06244320651100313
MA2377.1	cassava45561.m1	TCP	NA	cluster_01	0.5155434623850167	0.5198003868950434	0.004995004995004995	0.000999000999000999	0.012746450873541175	0.003849685667867486
MA1369.2	HDG1	Homeo domain factors	HD-ZIP	cluster_09	0.5155385332351865	0.5115283302393896	0.001998001998001998	0.028971028971028972	0.0058409023926265305	0.06244320651100313
MA1048.1	ERF018	AP2/EREBP	ERF/DREB	cluster_15	0.5154488759963969	0.5267652688863331	0.005994005994005994	0.000999000999000999	0.014994841224349421	0.003849685667867486
MA1065.3	TCP20	TCP	NA	cluster_01	0.5153839129504884	0.5196587703185663	0.003996003996003996	0.000999000999000999	0.010660668003325347	0.003849685667867486
MA1371.2	IDD4	C2H2 zinc finger factors	IDD	cluster_08	0.515369089168198	0.508240480171356	0.007992007992007992	0.061938061938061936	0.019297158537664866	0.12086634593028454
MA2049.2	NAC053	GCM domain factors	NAC	cluster_25	0.5152905982098586	0.6340662435143268	0.003996003996003996	0.006993006993006993	0.010660668003325347	0.018462506351779706
MA2010.2	SMB	GCM domain factors	NAC	cluster_25	0.5152827866579176	0.5437381438149579	0.001998001998001998	0.001998001998001998	0.0058409023926265305	0.006657098360155128
MA2028.2	MYB49	Tryptophan cluster factors	MYB	cluster_02	0.5152130397933783	0.5125067133245643	0.004995004995004995	0.00999000999000999	0.012746450873541175	0.02540792540792541
MA1428.2	TCP8	TCP	NA	cluster_01	0.5150918093516267	0.5183049562770078	0.005994005994005994	0.000999000999000999	0.014994841224349421	0.003849685667867486
MA1328.1	ZHD9	Homeo domain factors	PLINC	cluster_06	0.515081733055169	0.5065552025385208	0.003996003996003996	0.10589410589410589	0.010660668003325347	0.19706634828586048
MA1339.1	BZIP43	Basic leucine zipper factors (bZIP)	Group S	cluster_14	0.5150585163961453	0.506674004495564	0.004995004995004995	0.08491508491508491	0.012746450873541175	0.16197552447552446
MA1312.2	WRKY47	GCM domain factors	WRKY	cluster_10	0.5148710270386279	0.5159496180266248	0.007992007992007992	0.001998001998001998	0.019297158537664866	0.006657098360155128
MA2036.2	NAC076	GCM domain factors	NAC	cluster_25	0.5148587465523201	0.5664097920861972	0.007992007992007992	0.015984015984015984	0.019297158537664866	0.03787516830995092
MA0082.2	squamosa	MADS box factors	Type II	cluster_23	0.5148072629751106	0.512989433311463	0.00999000999000999	0.012987012987012988	0.023453469607315758	0.031964809384164225
MA1760.1	HSFA6A	Heat shock factors	HSF	cluster_04	0.5147147354451413	0.5162510958689324	0.003996003996003996	0.001998001998001998	0.010660668003325347	0.006657098360155128
MA0589.2	WRKY1	GCM domain factors	WRKY	cluster_10	0.514642312064355	0.5131135186934673	0.004995004995004995	0.004995004995004995	0.012746450873541175	0.01385886840432295
MA2433.1	SPL15D	C3H(C),C2HC zinc-fingers like factors	SBP	cluster_38	0.5146010258929333	0.510606890590785	0.005994005994005994	0.024975024975024976	0.014994841224349421	0.05555668820974944
MA1199.1	AGL16	MADS box factors	MIKC	cluster_23	0.5145994878044108	0.5152043851763014	0.014985014985014986	0.003996003996003996	0.033827119625936194	0.011505475656419052
MA0955.2	POPTR_0002s00440g	C3H(C),C2HC zinc fingers factors	SBP	cluster_28	0.5145492153205243	0.5456872260491288	0.005994005994005994	0.005994005994005994	0.014994841224349421	0.016275539407212006
MA1277.2	DOF1.7	Other C4 zinc finger-type factors	DOF	cluster_03	0.5144924755982868	0.5109775190016517	0.008991008991008992	0.1038961038961039	0.021437937062937062	0.19382084907757283
MA1764.2	MYB116	Tryptophan cluster factors	MYB	cluster_02	0.5144145901866081	0.5088566069240014	0.006993006993006993	0.06593406593406594	0.017267522121891053	0.1280093951849677
MA1062.3	TCP15	TCP	NA	cluster_01	0.5143707607192068	0.5192047515957091	0.007992007992007992	0.000999000999000999	0.019297158537664866	0.003849685667867486
MA1430.2	TB1	TCP	NA	cluster_01	0.5143395266223743	0.5142187687056851	0.006993006993006993	0.004995004995004995	0.017267522121891053	0.01385886840432295
MA1282.2	TCP13	TCP	NA	cluster_01	0.5141296925930257	0.5171926550845126	0.007992007992007992	0.002997002997002997	0.019297158537664866	0.009183587496840508
MA1291.1	TCP7	TCP	NA	cluster_01	0.5140940137836952	0.519081462743274	0.008991008991008992	0.000999000999000999	0.021437937062937062	0.003849685667867486
MA2447.1	SPL5B	C3H(C),C2HC zinc-fingers like factors	SBP	cluster_33	0.5140919670359775	0.5502144293085762	0.00999000999000999	0.005994005994005994	0.023453469607315758	0.016275539407212006
MA2374.1	AHL13	A.T hook factors	AHL	cluster_09	0.5140809703085939	0.5961666597966471	0.006993006993006993	0.003996003996003996	0.017267522121891053	0.011505475656419052
MA1285.2	TCP9	TCP	NA	cluster_01	0.5139513833229066	0.5180661282980581	0.00999000999000999	0.000999000999000999	0.023453469607315758	0.003849685667867486
MA1047.3	TGA5	Basic leucine zipper factors (bZIP)	Group D	cluster_14	0.5138877767015206	0.5164223881357939	0.013986013986013986	0.001998001998001998	0.032142556238941786	0.006657098360155128
MA1287.2	TCP21	TCP	NA	cluster_01	0.5138693317501913	0.5168547332057137	0.004995004995004995	0.000999000999000999	0.012746450873541175	0.003849685667867486
MA2391.1	Lg3	Homeo domain factors	TALE-type HD	cluster_14	0.513858649907073	0.5137799544514003	0.013986013986013986	0.2917082917082917	0.032142556238941786	0.4533063677666529
MA2358.1	PK22320.1	C3H(C),C2HC zinc-fingers like factors	SBP	cluster_28	0.5138525823295187	0.524613481541664	0.005994005994005994	0.061938061938061936	0.014994841224349421	0.12086634593028454
MA1373.1	GAF1	C2H2 zinc finger factors	IDD	cluster_08	0.5138514923455278	0.5086210268486653	0.004995004995004995	0.04695304695304695	0.012746450873541175	0.09502698892619317
MA1375.2	ANL2	Homeo domain factors	HD-ZIP	cluster_09	0.5138327325099358	0.5109318757957667	0.008991008991008992	0.025974025974025976	0.021437937062937062	0.05711291590254127
MA1346.2	TGA10	Basic leucine zipper factors (bZIP)	Group D	cluster_14	0.5138254175062582	0.5126503435220788	0.014985014985014986	0.015984015984015984	0.033827119625936194	0.03787516830995092
MA0963.1	bHLH78	Basic helix-loop-helix factors (bHLH)	bHLH	cluster_07	0.5137896296985274	0.503387862450453	0.002997002997002997	0.3836163836163836	0.00831532104259377	0.5661495177936183
MA1284.2	TCP1	TCP	NA	cluster_01	0.5137812973764571	0.5161920710217258	0.012987012987012988	0.001998001998001998	0.030210643015521066	0.006657098360155128
MA1761.2	HSFB3	Heat shock factors	HSF	cluster_04	0.5137524975772086	0.5142406879537816	0.01898101898101898	0.011988011988011988	0.04222308303940957	0.030088332719911664
MA1765.2	MYB121	Tryptophan cluster factors	MYB	cluster_02	0.5137454853468617	0.5145947489967272	0.004995004995004995	0.002997002997002997	0.012746450873541175	0.009183587496840508
MA1670.2	DREB1C	AP2/EREBP	ERF/DREB	cluster_15	0.5137035209631778	0.5163074389868113	0.013986013986013986	0.012987012987012988	0.032142556238941786	0.031964809384164225
MA1063.2	TCP19	TCP	NA	cluster_01	0.5133913858807347	0.519108440579918	0.007992007992007992	0.000999000999000999	0.019297158537664866	0.003849685667867486
MA1028.1	KAN4	Tryptophan cluster factors	GARP_G2-like	cluster_04	0.5133889273612874	0.5239703327929901	0.00999000999000999	0.007992007992007992	0.023453469607315758	0.020811952552566886
MA1757.2	HDG7	Homeo domain factors	HD-ZIP	cluster_09	0.5133525461178283	0.5108227965747368	0.008991008991008992	0.029970029970029972	0.021437937062937062	0.06441445878065596
MA1687.1	ARF14	B3	ARF	cluster_01	0.5133441895738914	0.5088861243006	0.00999000999000999	0.04395604395604396	0.023453469607315758	0.09015715467328372
MA2354.1	PK06182.1	Tryptophan cluster factors	MYB	cluster_02	0.5133325146342466	0.5136959701427737	0.004995004995004995	0.006993006993006993	0.012746450873541175	0.018462506351779706
MA2044.2	NAC007	GCM domain factors	NAC	cluster_25	0.5131999483589808	0.565201791077596	0.014985014985014986	0.025974025974025976	0.033827119625936194	0.05711291590254127
MA0548.3	AGL15	MADS box factors	Type II	cluster_23	0.5131682419357528	0.5155299609340416	0.011988011988011988	0.002997002997002997	0.028057831738813335	0.009183587496840508
MA1813.2	EIL4	EIL	NA	cluster_46	0.5131606847134109	0.5147167700849145	0.013986013986013986	0.0999000999000999	0.032142556238941786	0.18728200546382365
MA1288.2	TCP22	TCP	NA	cluster_01	0.5131359178549313	0.516097651908738	0.012987012987012988	0.001998001998001998	0.030210643015521066	0.006657098360155128
MA0973.2	CDF2	Other C4 zinc finger-type factors	DOF	cluster_03	0.5130475322641319	0.6095781440114029	0.007992007992007992	0.00999000999000999	0.019297158537664866	0.02540792540792541
MA1823.2	Zm00001d027846	Other C4 zinc finger-type factors	DOF	cluster_25	0.5128743459187732	0.6577083563944145	0.006993006993006993	0.014985014985014986	0.017267522121891053	0.03618217225812163
MA1042.1	MYB59	Tryptophan cluster factors	Myb	cluster_02	0.5128635792991211	0.5167189833188576	0.014985014985014986	0.052947052947052944	0.033827119625936194	0.105479377019847
MA1769.2	MYB39	Tryptophan cluster factors	MYB	cluster_02	0.5128439716982042	0.5090684343050128	0.014985014985014986	0.05194805194805195	0.033827119625936194	0.10376011423131842
MA1276.2	DOF3.5	Other C4 zinc finger-type factors	DOF	cluster_03	0.5127368262718115	0.6087770756169385	0.02097902097902098	0.07692307692307693	0.045474411951684675	0.14783956597558615
MA1357.2	bHLH80	Basic helix-loop-helix factors (bHLH)	bHLH	cluster_07	0.5127183207658181	0.5107832981303143	0.026973026973026972	0.05194805194805195	0.05732707404016596	0.10376011423131842
MA1040.1	MYB46	Tryptophan cluster factors	Myb	cluster_02	0.5126610360515835	0.5185313349566613	0.01998001998001998	0.03496503496503497	0.04393301223272405	0.0743128737557707
MA1170.2	MYB118	Tryptophan cluster factors	MYB	cluster_11	0.5125522072054716	0.5113339592607274	0.02097902097902098	0.012987012987012988	0.045474411951684675	0.031964809384164225
MA0971.2	DREB1A	AP2/EREBP	ERF/DREB	cluster_15	0.5125307950755009	0.5109171341981649	0.014985014985014986	0.04195804195804196	0.033827119625936194	0.08652428652428652
MA1392.3	MYB98	Tryptophan cluster factors	MYB	cluster_11	0.512417569960622	0.5128912759921695	0.02097902097902098	0.04595404595404595	0.045474411951684675	0.09350116550116551
MA2380.1	DOF4.7	Other C4 zinc finger-type factors	DOF	cluster_03	0.5122207915173086	0.5353378247611139	0.01998001998001998	0.061938061938061936	0.04393301223272405	0.12086634593028454
MA1041.1	MYB55	Tryptophan cluster factors	Myb	cluster_02	0.5122095646821928	0.5109513502249154	0.016983016983016984	0.030969030969030968	0.03822431256059575	0.06637463659935569
MA2362.1	TEIL	EIL	NA	cluster_26	0.5121855608125081	0.511459011077245	0.01998001998001998	0.3786213786213786	0.04393301223272405	0.5609477900740036
MA1372.2	ZAT10	C2H2 zinc finger factors	C2H2	cluster_35	0.5121570880084565	0.5163085821854423	0.024975024975024976	0.002997002997002997	0.05383035044051994	0.009183587496840508
MA1098.1	ARALYDRAFT_484486	TCP	NA	cluster_01	0.5118514443862312	0.5166419461056683	0.01898101898101898	0.003996003996003996	0.04222308303940957	0.011505475656419052
MA1095.1	ARALYDRAFT_495258	TCP	NA	cluster_01	0.5118514443862312	0.5166419461056683	0.01898101898101898	0.001998001998001998	0.04222308303940957	0.006657098360155128
MA0556.2	AP3	MADS box factors	Type II	cluster_23	0.5117264232223762	0.5116493801283212	0.017982017982017984	0.01098901098901099	0.04035376388317565	0.02776362710137545
MA0557.2	FHY3	GCM domain factors	FRS/FRF	cluster_07	0.511673910215839	0.5098726519800812	0.027972027972027972	0.11688311688311688	0.05912093446719485	0.21593660576711424
MA2408.1	BAD1	TCP	NA	cluster_01	0.5116583355556887	0.512955223898273	0.02097902097902098	0.006993006993006993	0.045474411951684675	0.018462506351779706
MA1689.2	ARF18	B3	ARF	cluster_17	0.5116320184977555	0.5130074449858042	0.025974025974025976	0.08591408591408592	0.05551311433664375	0.1630657899314616
MA2068.1	PK10344.1	TCP	NA	cluster_01	0.5116190234663865	0.5100931200759236	0.02197802197802198	0.04895104895104895	0.04750490302898235	0.09880859880859881
MA1694.2	ARF35	B3	ARF	cluster_17	0.5114289302582222	0.5148563179930787	0.04095904095904096	0.003996003996003996	0.08224144276775856	0.011505475656419052
MA1698.2	ARF7	B3	ARF	cluster_17	0.5113803169721887	0.5112883096100423	0.029970029970029972	0.028971028971028972	0.06264967908803526	0.06244320651100313
MA0951.1	ATHB-16	Homeo domain factors	HD-ZIP	cluster_09	0.5113191567593179	0.5873863740839987	0.03196803196803197	0.1018981018981019	0.06646214820601741	0.19055944055944057
MA1697.2	ARF4	B3	ARF	cluster_17	0.511298374397875	0.5115525402036367	0.03296703296703297	0.08691308691308691	0.06835284280936454	0.16455256901907026
MA2386.1	estExt_gwp_gw1.C_550163	AP2/EREBP	ERF/DREB	cluster_15	0.5112028918001957	0.5251160715019391	0.02097902097902098	0.015984015984015984	0.045474411951684675	0.03787516830995092
MA2037.2	NAC096	GCM domain factors	NAC	cluster_25	0.5111837565256736	0.5489975961852148	0.029970029970029972	0.04095904095904096	0.06264967908803526	0.08538729030532309
MA2399.1	LjSGA_053525.1	TCP	NA	cluster_01	0.5111714518174998	0.5129322532571943	0.025974025974025976	0.013986013986013986	0.05551311433664375	0.03409370182533122
MA2053.2	NAC105	GCM domain factors	NAC	cluster_25	0.5111378318668204	0.5076998214344977	0.025974025974025976	0.13086913086913088	0.05551311433664375	0.23718087138514693
MA1066.1	TCP23	TCP	NA	cluster_01	0.5111247762807867	0.5139987288181119	0.03796203796203796	0.006993006993006993	0.07744661755356942	0.018462506351779706
MA1178.3	MYB3R1	Tryptophan cluster factors	MYB	cluster_11	0.5111187692578979	0.5034971875593361	0.028971028971028972	0.3956043956043956	0.06106324614611908	0.580473372781065
MA1773.2	MYB51	Tryptophan cluster factors	MYB	cluster_02	0.511085706410147	0.5061789109159301	0.03596403596403597	0.12787212787212787	0.07376494473268669	0.23285545003922092
MA1069.3	TGA6	Basic leucine zipper factors (bZIP)	Group D	cluster_14	0.5110731958161085	0.5146273149102019	0.01998001998001998	0.004995004995004995	0.04393301223272405	0.01385886840432295
MA2025.2	MYB93	Tryptophan cluster factors	MYB	cluster_02	0.5110458372179151	0.5199498042272955	0.03196803196803197	0.07292707292707293	0.06646214820601741	0.14122679351105746
MA1766.2	MYB17	Tryptophan cluster factors	MYB	cluster_02	0.5109953225153643	0.5089948844628652	0.027972027972027972	0.04195804195804196	0.05912093446719485	0.08652428652428652
MA1394.3	MYB73	Tryptophan cluster factors	MYB	cluster_11	0.5108548114678919	0.5065948508523961	0.04095904095904096	0.3036963036963037	0.08224144276775856	0.4662379873647479
MA1163.3	PHL11	Tryptophan cluster factors	GARP_G2-like	cluster_04	0.5108385707064133	0.5116427083767986	0.03596403596403597	0.028971028971028972	0.07376494473268669	0.06244320651100313
MA1758.2	HSFA1E	Heat shock factors	HSF	cluster_04	0.5108321882445959	0.512626630662435	0.026973026973026972	0.004995004995004995	0.05732707404016596	0.01385886840432295
MA1263.2	ERF055	AP2/EREBP	ERF/DREB	cluster_15	0.5107732564434402	0.5133813546465603	0.03996003996003996	0.008991008991008992	0.08087403312867504	0.023254711390304612
MA1781.2	MYB94	Tryptophan cluster factors	MYB	cluster_02	0.5107000942957259	0.516024793717877	0.03896103896103896	0.002997002997002997	0.07906189555125726	0.009183587496840508
MA1274.1	DOF3.6	Other C4 zinc finger-type factors	DOF	cluster_08	0.5106597527770967	0.5105236283291708	0.029970029970029972	0.024975024975024976	0.06264967908803526	0.05555668820974944
MA1408.2	FaEOBII	Tryptophan cluster factors	MYB-related	cluster_02	0.5106594984474998	0.5148039255815527	0.04295704295704296	0.12087912087912088	0.0844748035469685	0.2222428174235403
MA1296.2	WRKY46	GCM domain factors	WRKY	cluster_10	0.5106517595611582	0.5106531182690046	0.03496503496503497	0.025974025974025976	0.07210357210357211	0.05711291590254127
MA1383.2	KAN2	Tryptophan cluster factors	GARP_G2-like	cluster_04	0.510589800026693	0.5094153282742294	0.04595404595404595	0.13386613386613386	0.08990496682804375	0.2414653904015606
MA1097.1	ARALYDRAFT_493022	TCP	NA	cluster_01	0.510555538196551	0.5125099472509514	0.03696303696303696	0.01898101898101898	0.0756107163613866	0.04362204060999242
MA1335.1	TGA4	Basic leucine zipper factors (bZIP)	Group D	cluster_14	0.5103803051034743	0.5050882930804986	0.04195804195804196	0.1938061938061938	0.08336975524475525	0.3271551457392165
MA2387.1	NAC094	GCM domain factors	NAC	cluster_16	0.510292270729739	0.5117020990721439	0.04795204795204795	0.017982017982017984	0.09357394523634932	0.04183012109841378
MA1218.2	DREB1D	AP2/EREBP	ERF/DREB	cluster_15	0.5102801597964978	0.5088332657487936	0.04895104895104895	0.08591408591408592	0.09503727824338512	0.1630657899314616
MA1830.2	Zm00001d015407	Tryptophan cluster factors	GARP_G2-like	cluster_04	0.5102090322855674	0.5069111631949487	0.04295704295704296	0.08091908091908091	0.0844748035469685	0.15512879080718275
MA2350.1	OsFBH1	Basic helix-loop-helix factors (bHLH)	bHLH	cluster_07	0.5102052052306635	0.5461679842660839	0.04195804195804196	0.007992007992007992	0.08336975524475525	0.020811952552566886
MA1172.2	MYB3R5	Tryptophan cluster factors	MYB	cluster_11	0.5102015840616252	0.5000772103540038	0.04095904095904096	0.47052947052947053	0.08224144276775856	0.6623874280700849
MA1385.2	AT2G40260	Tryptophan cluster factors	GARP_G2-like	cluster_04	0.5101693205354684	0.5099381418947131	0.04195804195804196	0.11888111888111888	0.08336975524475525	0.21909732779297997
MA0554.2	SOC1	MADS box factors	Type II	cluster_23	0.5101339566104023	0.5122659499956774	0.04295704295704296	0.01098901098901099	0.0844748035469685	0.02776362710137545
MA1771.2	MYB41	Tryptophan cluster factors	MYB	cluster_02	0.5101124718148311	0.5084113868860113	0.03896103896103896	0.04395604395604396	0.07906189555125726	0.09015715467328372
MA0585.2	AGL1	MADS box factors	Type II	cluster_23	0.5100818432646624	0.5053222316010383	0.04495504495504495	0.15984015984015984	0.08817660488611645	0.2801832870326021
MA1776.2	MYB67	Tryptophan cluster factors	MYB	cluster_02	0.5097934819441733	0.5125399725984822	0.04895104895104895	0.03496503496503497	0.09503727824338512	0.0743128737557707
MA1280.2	DOF5.4	Other C4 zinc finger-type factors	DOF	cluster_03	0.5096619329872997	0.6650609820362317	0.03496503496503497	0.026973026973026972	0.07210357210357211	0.058969683611517415
MA2425.1	SPL11A	C3H(C),C2HC zinc-fingers like factors	SBP	cluster_38	0.5096546906492214	0.5068101225531007	0.04295704295704296	0.09290709290709291	0.0844748035469685	0.17546562348542546
MA0574.1	MYB15	Tryptophan cluster factors	Myb	cluster_02	0.5096539639932264	0.5091252698297676	0.04995004995004995	0.04495504495504495	0.09673068048702567	0.0917130997344901
MA1032.2	DREB1G	AP2/EREBP	ERF/DREB	cluster_15	0.509337166201486	0.5122937700890664	0.060939060939060936	0.02097902097902098	0.11653259021680074	0.04763986013986014
MA1770.2	MYB40	Tryptophan cluster factors	MYB	cluster_02	0.5092351679217225	0.5107121176498292	0.055944055944055944	0.017982017982017984	0.10806408781092326	0.04183012109841378
MA1205.1	AGL6	MADS box factors	MIKC	cluster_23	0.5092052660275493	0.5107236495326614	0.06793206793206794	0.02197802197802198	0.12861580107237677	0.049760328692079435
MA1036.1	MYB111	Tryptophan cluster factors	Myb	cluster_02	0.5091493256269044	0.5144250489714627	0.058941058941058944	0.01898101898101898	0.11299504515584917	0.04362204060999242
MA1384.1	PHL7	Tryptophan cluster factors	GARP_G2-like	cluster_04	0.5090699505704365	0.5100275827560784	0.058941058941058944	0.025974025974025976	0.11299504515584917	0.05711291590254127
MA2441.1	SPL3A	C3H(C),C2HC zinc-fingers like factors	SBP	cluster_38	0.5090552600084154	0.5064409922254983	0.07392607392607392	0.12287712287712288	0.1389300354817596	0.2253731845077999
MA1269.2	DOF4.5	Other C4 zinc finger-type factors	DOF	cluster_03	0.5090034615469381	0.5056994565425346	0.06593406593406594	0.1258741258741259	0.1251435132032147	0.2303164461437843
MA1759.2	HSFA4A	Heat shock factors	HSF	cluster_04	0.5088885772342072	0.5143350534725701	0.056943056943056944	0.001998001998001998	0.10971604153422335	0.006657098360155128
MA0563.2	SEP3	MADS box factors	Type II	cluster_23	0.5088836723062444	0.504090728498909	0.07192807192807193	0.2947052947052947	0.13550893550893553	0.4561057603653953
MA0943.2	ARF5	B3	ARF	cluster_15	0.5088554296099239	0.5170702359944698	0.07192807192807193	0.03596403596403597	0.13550893550893553	0.07622377622377623
MA0034.2	Gam1	Tryptophan cluster factors	MYB	cluster_11	0.5088310018575746	0.5079763704461155	0.06593406593406594	0.2077922077922078	0.1251435132032147	0.3446640316205534
MA1762.2	MYB10	Tryptophan cluster factors	MYB	cluster_02	0.5086561926471619	0.5028607997223775	0.06593406593406594	0.29270729270729273	0.1251435132032147	0.45393427710500883
MA0990.2	HDG11	Homeo domain factors	HD-ZIP	cluster_09	0.5086513967175984	0.507816621382388	0.07692307692307693	0.15284715284715283	0.1442071442071442	0.2712148316799479
MA1665.3	HSFB2A	Heat shock factors	HSF	cluster_04	0.5081355557380278	0.5061056458821741	0.07992007992007992	0.15984015984015984	0.14836744763752063	0.2801832870326021
MA1410.2	StBRC1	TCP	NA	cluster_01	0.5080931553607472	0.5112622588386503	0.07792207792207792	0.026973026973026972	0.14572192513368984	0.058969683611517415
MA1064.2	TCP2	TCP	NA	cluster_01	0.5080533588341145	0.5078037724671342	0.1008991008991009	0.2907092907092907	0.1859565555217729	0.4526758955330384
MA1008.2	PHYPADRAFT_182268	AP2/EREBP	ERF/DREB	cluster_15	0.5079209742228474	0.5235331488454358	0.07992007992007992	0.04195804195804196	0.14836744763752063	0.08652428652428652
MA0553.1	SMZ	AP2/EREBP	AP2	cluster_36	0.5078275383728866	0.5066605003078231	0.12187812187812187	0.17482517482517482	0.21880707527766352	0.30043155043155045
MA2351.1	OsEIL3	Other all-alpha-helical DNA-binding domains	EIL	cluster_26	0.5077258307555211	0.5201459231835751	0.07892107892107893	0.024975024975024976	0.14722929881854088	0.05555668820974944
MA1293.2	MYB57	Tryptophan cluster factors	MYB	cluster_02	0.5076154153771554	0.5063694689463478	0.0969030969030969	0.15084915084915085	0.17945889062393916	0.26892033200444415
MA1796.1	RAP2-7	AP2/EREBP	AP2	cluster_36	0.5075705080366941	0.5063623051404119	0.0989010989010989	0.16883116883116883	0.1827155894952505	0.2921047206761493
MA1027.2	KAN1	Tryptophan cluster factors	GARP_G2-like	cluster_04	0.5074905032116984	0.6984244269548953	0.04195804195804196	0.04995004995004995	0.08336975524475525	0.10029444239970557
MA0558.2	FLC	MADS box factors	Type II	cluster_23	0.5074646463692272	0.5138736111136943	0.10589410589410589	0.002997002997002997	0.19422404518558364	0.009183587496840508
MA1212.2	ATHB-13	Homeo domain factors	HD-ZIP	cluster_09	0.5073328309718225	0.5520361674325662	0.10989010989010989	0.2017982017982018	0.20011015237745547	0.336183467187834
MA1038.2	MYB3	Tryptophan cluster factors	MYB	cluster_02	0.5071276838736384	0.5133943105977758	0.12287712287712288	0.04095904095904096	0.22008273416724122	0.08538729030532309
MA1167.2	EFM	Tryptophan cluster factors	GARP_G2-like	cluster_04	0.5071176439099812	0.5122058746259743	0.11788211788211789	0.04995004995004995	0.21263370199540413	0.10029444239970557
MA0978.1	DREB1E	AP2/EREBP	ERF/DREB	cluster_15	0.5070347082391405	0.5088473406381017	0.11888111888111888	0.17782217782217782	0.21392993798654175	0.3042114835836809
MA1426.2	MYB124	Tryptophan cluster factors	MYB	cluster_07	0.5070277081197267	0.5068368704999783	0.10989010989010989	0.1978021978021978	0.20011015237745547	0.3316990701606086
MA2030.2	MYB96	Tryptophan cluster factors	MYB	cluster_02	0.5070236509570899	0.5109690305786477	0.10789210789210789	0.016983016983016984	0.19741409669467222	0.03999395666062333
MA2027.2	MYB44	Tryptophan cluster factors	MYB	cluster_11	0.5069373363358756	0.5035229856728279	0.1258741258741259	0.3986013986013986	0.22492261836524133	0.5826300136644964
MA2432.1	SPL15B	C3H(C),C2HC zinc-fingers like factors	SBP	cluster_52	0.5069250316277023	0.6111095537299003	0.1028971028971029	0.21678321678321677	0.18918190243491448	0.35647757414998793
MA1234.2	ERF017	AP2/EREBP	ERF/DREB	cluster_15	0.5068434887141846	0.5122623132843043	0.12687312687312688	0.01898101898101898	0.22617802757989675	0.04362204060999242
MA1204.1	AGL13	MADS box factors	MIKC	cluster_23	0.5068383536784896	0.5116826312252266	0.12987012987012986	0.011988011988011988	0.23044397463002111	0.030088332719911664
MA1417.2	O2	Basic leucine zipper factors (bZIP)	Group C	cluster_14	0.5067970675070682	0.5015942322480494	0.14085914085914086	0.41058941058941056	0.24593941527579974	0.5967232767232767
MA1666.3	HSFB2B	Heat shock factors	HSF	cluster_04	0.5067862645546171	0.5032493053519864	0.11488511488511488	0.24975024975024976	0.20821221533810608	0.3994956825145505
MA2082.1	PK20392.1	Homeo domain factors	HD-ZIP	cluster_09	0.5067549456812532	0.7363311659461804	0.004995004995004995	0.004995004995004995	0.012746450873541175	0.01385886840432295
MA1368.3	GT-4	Tryptophan cluster factors	Trihelix	cluster_02	0.5066251528096998	0.4994077783162158	0.13186813186813187	0.5674325674325674	0.2329059829059829	0.7689713113741382
MA2430.1	SPL14B	C3H(C),C2HC zinc-fingers like factors	SBP	cluster_38	0.5066238932726432	0.5066873783883081	0.15184815184815184	0.10989010989010989	0.26094626094626094	0.20400524050159086
MA0021.1	Dof3	Other C4 zinc finger-type factors	DOF	cluster_03	0.5065657607930819	0.575049130167146	0.1108891108891109	0.3256743256743257	0.20144855144855145	0.4940149313906769
MA1166.2	PHL12	Tryptophan cluster factors	GARP_G2-like	cluster_04	0.5065632538299	0.5039000885891192	0.13486513486513488	0.23376623376623376	0.23655654690137454	0.3794970986460348
MA1232.2	ERF054	AP2/EREBP	ERF/DREB	cluster_15	0.5065606499792545	0.5079446467717099	0.13786213786213786	0.15884115884115885	0.24125874125874125	0.2801832870326021
MA1012.1	AGL27	MADS box factors	MIKC	cluster_23	0.5064890138091273	0.5087770386546825	0.13486513486513488	0.04195804195804196	0.23655654690137454	0.08652428652428652
MA1824.2	Zm00001d005692	Homeo domain factors	HD-ZIP	cluster_09	0.506487681606472	0.5283243689863909	0.13386613386613386	0.3156843156843157	0.2358888224939033	0.48077272029367846
MA2421.1	SBP8	C3H(C),C2HC zinc-fingers like factors	SBP	cluster_26	0.5064458867758544	0.5120340970815681	0.11688311688311688	0.5944055944055944	0.21133132270573027	0.7887503800547278
MA1751.2	EIL3	EIL	NA	cluster_26	0.5064420718318827	0.5107297736341881	0.13186813186813187	0.4075924075924076	0.2329059829059829	0.5934981049484866
MA1669.2	DREB1B	AP2/EREBP	ERF/DREB	cluster_15	0.5063793493086234	0.5078072460994631	0.15084915084915085	0.15284715284715283	0.2598146774219009	0.2712148316799479
MA1735.2	AT2G38300	Tryptophan cluster factors	GARP_G2-like	cluster_04	0.5063455719158112	0.5065080300458992	0.12887112887112886	0.16083916083916083	0.22920436207149494	0.2801832870326021
MA0952.1	ATHB-51	Homeo domain factors	HD-ZIP	cluster_09	0.5062517121831873	0.5281796863023381	0.14785214785214784	0.2997002997002997	0.25697309524188794	0.4610309045792917
MA0005.3	AG	MADS box factors	Type II	cluster_23	0.5061911332951126	0.5042980009704686	0.16283716283716285	0.2087912087912088	0.27609945609945613	0.34482184482184486
MA0932.1	AHL12	A.T hook factors	AHL	cluster_09	0.5061408729221576	0.5634465378501322	0.15084915084915085	0.16083916083916083	0.2598146774219009	0.2801832870326021
MA2437.1	SPL19B	C3H(C),C2HC zinc-fingers like factors	SBP	cluster_38	0.5061192306844536	0.5052012122661215	0.14885114885114886	0.14185814185814186	0.25812142403051497	0.2540792540792541
MA1243.2	DREB2E	AP2/EREBP	ERF/DREB	cluster_15	0.505998133462969	0.5057139354178329	0.17682317682317683	0.17282717282717283	0.29393482334658805	0.2976684714833699
MA1171.2	MYB52	Tryptophan cluster factors	MYB	cluster_11	0.5059626363176367	0.5229776241278112	0.14585414585414586	0.7062937062937062	0.2540792540792541	0.8791225088125576
MA2414.1	EREB127	AP2/EREBP	ERF/DREB	cluster_15	0.5059422778388566	0.5132162389494266	0.16583416583416583	0.04495504495504495	0.27993687728201	0.0917130997344901
MA0555.2	SVP	MADS box factors	Type II	cluster_23	0.5059193155094305	0.5087490970224913	0.14985014985014986	0.04695304695304695	0.2592645449788307	0.09502698892619317
MA2428.1	SPL13B	C3H(C),C2HC zinc-fingers like factors	SBP	cluster_38	0.5058382570332438	0.5079930307842901	0.18281718281718282	0.07392607392607392	0.30192534737989285	0.14243836971109697
MA0110.4	ATHB-5	Homeo domain factors	HD-ZIP	cluster_09	0.5057744687478583	0.5255315044425249	0.16083916083916083	0.47652347652347654	0.2739291958041958	0.6695900784298575
MA1401.2	RVE7	Tryptophan cluster factors	MYB-related	cluster_13	0.5057659668727221	0.5282486022523122	0.17782217782217782	0.4405594405594406	0.2949528732137428	0.6354382857218396
MA1378.1	AIL6	AP2/EREBP	AP2	cluster_31	0.5057373366265375	0.5029501172666554	0.15784215784215785	0.2597402597402597	0.2694263231175983	0.4118924553707162
MA1279.2	DOF1.5	Other C4 zinc finger-type factors	DOF	cluster_08	0.505731087384987	0.49737864274344945	0.16383616383616384	0.7042957042957043	0.27717736808645904	0.8791225088125576
MA2439.1	SPL2A	C3H(C),C2HC zinc-fingers like factors	SBP	cluster_38	0.5056899102119624	0.5074024521309446	0.15484515484515485	0.07392607392607392	0.2654985463974228	0.14243836971109697
MA2410.1	ZmbZIP54	Basic leucine zipper factors (bZIP)	S	cluster_14	0.5056748199891441	0.5158375805458043	0.16183816183816183	0.02097902097902098	0.27501674272275606	0.04763986013986014
MA2420.1	SBP6	C3H(C),C2HC zinc-fingers like factors	SBP	cluster_26	0.5055916784324381	0.5242360071443614	0.16883116883116883	0.5174825174825175	0.2831168831168831	0.7139948658936001
MA1377.2	PLT1	AP2/EREBP	AP2	cluster_31	0.5055743355760369	0.5053203592356329	0.17582417582417584	0.15684315684315683	0.29355327385961966	0.2776596952931059
MA2011.2	ERF010	AP2/EREBP	ERF/DREB	cluster_15	0.5055677472283518	0.510332069980467	0.17282717282717283	0.14085914085914086	0.28918230891915103	0.2528835870012341
MA1209.2	ATHB-20	Homeo domain factors	HD-ZIP	cluster_09	0.5055420114952135	0.5514774298947513	0.16883116883116883	0.24175824175824176	0.2831168831168831	0.38998211091234347
MA0967.1	BZIP60	Basic leucine zipper factors (bZIP)	Group K	cluster_14	0.5055003135520615	0.5137992255289163	0.15684315684315683	0.03896103896103896	0.26832136473392076	0.08166833166833166
MA1774.2	MYB60	Tryptophan cluster factors	MYB	cluster_02	0.505449060082582	0.5114850150305414	0.1838161838161838	0.016983016983016984	0.3029195426603634	0.03999395666062333
MA2449.1	SPL6A	C3H(C),C2HC zinc-fingers like factors	SBP	cluster_38	0.5054337276410977	0.4996513030677883	0.16783216783216784	0.5324675324675324	0.28268420321400456	0.7333442730554643
MA2024.2	MYB63	Tryptophan cluster factors	MYB	cluster_02	0.5054097479932789	0.5003762872947759	0.1928071928071928	0.4885114885114885	0.31233946520570727	0.6851732825997532
MA0975.1	CRF2	AP2/EREBP	ERF/DREB	cluster_24	0.5053884448617064	0.5069385933666082	0.2007992007992008	0.26073926073926074	0.3239107615428969	0.4118924553707162
MA0588.2	TGA1	Basic leucine zipper factors (bZIP)	Group D	cluster_14	0.5053480912321445	0.510200358837181	0.18581418581418582	0.11188811188811189	0.3048951048951049	0.20721026546269264
MA1009.1	ARF3	B3	ARF	cluster_15	0.5053152100483932	0.5066977534513698	0.21078921078921078	0.2887112887112887	0.33788270552976435	0.4504840762509474
MA1278.2	DOF3.4	Other C4 zinc finger-type factors	DOF	cluster_08	0.5052877787845994	0.5006247930992354	0.18981018981018982	0.46553446553446554	0.310118147377248	0.6602282475888424
MA1706.2	AT1G14600	Tryptophan cluster factors	GARP_G2-like	cluster_04	0.5052836005126319	0.5159566867489793	0.18581418581418582	0.8211788211788211	0.3048951048951049	0.9565792985640312
MA0980.3	RAP2-10	AP2/EREBP	ERF/DREB	cluster_15	0.5052575256733618	0.5115095165588888	0.17682317682317683	0.14785214785214784	0.29393482334658805	0.26419482157187074
MA0934.1	AHL25	A.T hook factors	AHL	cluster_09	0.5051827406605933	0.562697422543131	0.18181818181818182	0.16983016983016982	0.3009268388877933	0.29316837009144703
MA1198.2	HAT2	Homeo domain factors	HD-ZIP	cluster_09	0.5050915090004823	0.5488018565991434	0.1928071928071928	0.061938061938061936	0.31233946520570727	0.12086634593028454
MA1747.2	DOF4.3	Other C4 zinc finger-type factors	DOF	cluster_03	0.5050769637696588	0.5011662720878524	0.1928071928071928	0.3996003996003996	0.31233946520570727	0.5829734319218066
MA0953.2	ATHB-6	Homeo domain factors	HD-ZIP	cluster_09	0.5048579859857126	0.6176728332329092	0.19480519480519481	0.2077922077922078	0.31490755007704163	0.3446640316205534
MA2444.1	SPL4A	C3H(C),C2HC zinc-fingers like factors	SBP	cluster_38	0.5047720468034291	0.5066194198610566	0.1888111888111888	0.0989010989010989	0.30914793361145293	0.18586585827965138
MA2446.1	SPL5A	C3H(C),C2HC zinc-fingers like factors	SBP	cluster_38	0.5047052671175323	0.5062065195896511	0.23676323676323677	0.13586413586413587	0.3740172870607653	0.24449135769890487
MA1424.2	ERF019	AP2/EREBP	ERF/DREB	cluster_15	0.5046802217075882	0.5045422973308578	0.21978021978021978	0.26073926073926074	0.3515562006128044	0.4118924553707162
MA2083.1	PK21166.1	Tryptophan cluster factors	MYB	cluster_02	0.5046738392457703	0.5065818838808964	0.23876123876123875	0.22377622377622378	0.3763942668901346	0.36718550266937366
MA1251.2	RAP2-9	AP2/EREBP	ERF/DREB	cluster_15	0.5045940524175728	0.5110285666487562	0.22977022977022976	0.03896103896103896	0.364479595248826	0.08166833166833166
MA1175.2	MYB81	Tryptophan cluster factors	MYB	cluster_11	0.5045521970322888	0.5046704006540995	0.22577422577422576	0.3986013986013986	0.35963618844620926	0.5826300136644964
MA2435.1	SPL16D	C3H(C),C2HC zinc-fingers like factors	SBP	cluster_38	0.5045392262227855	0.5046184532151089	0.2087912087912088	0.1918081918081918	0.3353846153846154	0.3259457691528961
MA1211.2	ATHB-X	Homeo domain factors	HD-ZIP	cluster_09	0.5044529237125047	0.5004483742571681	0.20679320679320679	0.6033966033966034	0.3328759847747189	0.7951495827143497
MA1202.1	AGL55	MADS box factors	Type I	cluster_43	0.504321641196163	0.6390040760126033	0.1918081918081918	0.1958041958041958	0.31233946520570727	0.3290718092480207
MA1023.1	PHYPADRAFT_28324	AP2/EREBP	ERF/DREB	cluster_15	0.5043012948283166	0.5096527622153106	0.22277722277722278	0.16883116883116883	0.3556046463996255	0.2921047206761493
MA2392.1	GRMZM2G135447	Homeo domain factors	TALE-type HD	cluster_14	0.50423111197018	0.5097083732970483	0.24575424575424576	0.3776223776223776	0.3850318059763645	0.5605561753421675
MA2440.1	SPL2B	C3H(C),C2HC zinc-fingers like factors	SBP	cluster_38	0.504212146248723	0.5038478639246908	0.24975024975024976	0.24275724275724275	0.38889681746824606	0.39076746038771354
MA2395.1	PHYPA_011264	AP2/EREBP	ERF/DREB	cluster_15	0.504054994778977	0.5094212840628547	0.23176823176823177	0.16083916083916083	0.3668862258073876	0.2801832870326021
MA2443.1	SPL3D	C3H(C),C2HC zinc-fingers like factors	SBP	cluster_38	0.5039751837289123	0.5062931795109302	0.25374625374625376	0.12987012987012986	0.3943144431942803	0.2359307359307359
MA2411.1	ZmbZIP57	Basic leucine zipper factors (bZIP)	S	cluster_14	0.5039064178499661	0.5080729154978425	0.24975024975024976	0.08391608391608392	0.38889681746824606	0.1604711078395289
MA2436.1	SPL18A	C3H(C),C2HC zinc-fingers like factors	SBP	cluster_38	0.5038943190276555	0.5017545438752833	0.23976023976023977	0.3516483516483517	0.3771898204887896	0.5260935143288085
MA0944.2	ARF8	B3	ARF	cluster_17	0.5038707148187684	0.5574590146946583	0.25774225774225773	0.23376623376623376	0.39971004605150945	0.3794970986460348
MA2372.1	AZF1	C2H2 zinc finger factors	NA	cluster_19	0.5038410188104598	0.5052486515876585	0.26173826173826176	0.35864135864135865	0.40508376005333413	0.5344596809440559
MA1219.3	ERF011	AP2/EREBP	ERF/DREB	cluster_15	0.5037227555473525	0.5207461634323437	0.22777222777222778	0.0969030969030969	0.3620629370629371	0.18256064922731588
MA2369.1	ZHD14	Homeo domain factors	PLINC	cluster_04	0.5037050978066856	0.506107298577137	0.26573426573426573	0.13186813186813187	0.4096065550611005	0.23842508202697776
MA1283.2	TCP14	TCP	NA	cluster_01	0.5036303006829844	0.5092758353408544	0.24675324675324675	0.03796203796203796	0.38580476900149036	0.08023555391976445
MA1406.2	ATHB-4	Homeo domain factors	HD-ZIP	cluster_09	0.5035698186823743	0.506996048265748	0.24075924075924077	0.2087912087912088	0.37798210020432244	0.34482184482184486
MA1168.2	MYR2	Tryptophan cluster factors	GARP_G2-like	cluster_04	0.503543416847907	0.5166847399009221	0.26973026973026976	0.44255744255744256	0.4140929493042169	0.637115714474205
MA1752.2	ERF025	AP2/EREBP	ERF/DREB	cluster_15	0.5035259165493722	0.5086957085790947	0.2677322677322677	0.1938061938061938	0.4118542747575005	0.3271551457392165
MA1049.2	ERF094	AP2/EREBP	ERF/DREB	cluster_24	0.5035032691042101	0.5065680418559201	0.27972027972027974	0.35064935064935066	0.42856741651922375	0.5260935143288085
MA2063.1	PK07402.1	AP2/EREBP	NA	cluster_15	0.5033819538859262	0.532650137171941	0.26373626373626374	0.2007992007992008	0.407349735284958	0.33525118207831556
MA2438.1	SPL1D	C3H(C),C2HC zinc-fingers like factors	SBP	cluster_38	0.5032402680779292	0.5036861055988808	0.3226773226773227	0.26073926073926074	0.483699012186242	0.4118924553707162
MA2445.1	SPL4D	C3H(C),C2HC zinc-fingers like factors	SBP	cluster_38	0.5031649865168981	0.5002901533487593	0.29270729270729273	0.4675324675324675	0.4475664615945178	0.6618316748186878
MA1281.2	DOF5.1	Other C4 zinc finger-type factors	DOF	cluster_08	0.5031487215335532	0.4994961640448623	0.3066933066933067	0.5474525474525475	0.4670798263612635	0.7472384502795951
MA2007.2	MYB107	Tryptophan cluster factors	MYB	cluster_02	0.5030618255875439	0.5128872601754073	0.3106893106893107	0.2817182817182817	0.47034909534909536	0.4404734609652643
MA1206.2	ARF2	B3	ARF	cluster_17	0.5030464810351264	0.5573662062509684	0.3146853146853147	0.23976023976023977	0.474515602974101	0.3884014075096878
MA1174.2	MYB56	Tryptophan cluster factors	MYB	cluster_11	0.5029374463031505	0.5003853567783535	0.3076923076923077	0.5064935064935064	0.4676677903769537	0.7064982549443243
MA1393.3	MYB70	Tryptophan cluster factors	MYB	cluster_11	0.50292728523016	0.533773880097434	0.3106893106893107	0.6573426573426573	0.47034909534909536	0.8401213526841667
MA0571.2	ANT	AP2/EREBP	AP2	cluster_31	0.5028583740200135	0.50214386400624	0.3166833166833167	0.33266733266733267	0.47658652984096767	0.5036213786213786
MA2091.1	PK27109.1	Basic leucine zipper factors (bZIP)	Group I	cluster_12	0.5027474015387184	0.5067774414117772	0.3066933066933067	0.2547452547452547	0.4670798263612635	0.40663311583813677
MA1169.1	MYB105	Tryptophan cluster factors	Myb	cluster_11	0.5026678811510527	0.5005869777682945	0.3256743256743257	0.46853146853146854	0.4872343342931579	0.662017612017612
MA1214.2	ATHB-40	Homeo domain factors	HD-ZIP	cluster_09	0.5026648413068082	0.5000656443448155	0.3126873126873127	0.5764235764235764	0.47243647441667247	0.7729546376295059
MA1203.1	AGL63	MADS box factors	MIKC	cluster_23	0.5024739124442499	0.5087196246717314	0.34265734265734266	0.054945054945054944	0.507665150383597	0.10917467948717949
MA1738.1	ATMYB31	Tryptophan cluster factors	Myb	cluster_02	0.5024181415966716	0.5044320241623517	0.34865134865134867	0.19480519480519481	0.5135540135540136	0.32811559301625526
MA2371.1	MYB31	Tryptophan cluster factors	MYB	cluster_02	0.5024181415966716	0.5044320241623517	0.3336663336663337	0.18981018981018982	0.49821411465247084	0.32327047952047955
MA1024.2	HAT1	Homeo domain factors	HD-ZIP	cluster_09	0.5024140965449686	0.5238583603758096	0.33666333666333664	0.5904095904095904	0.5007292902029744	0.7875568487456599
MA2416.1	EREB29	AP2/EREBP	ERF/DREB	cluster_24	0.5023650714872053	0.4998269715156834	0.34565434565434566	0.4955044955044955	0.5111129180896623	0.6924357693588462
MA2429.1	SPL13D	C3H(C),C2HC zinc-fingers like factors	SBP	cluster_38	0.5023225136677931	0.5051760988004288	0.33466533466533466	0.12787212787212787	0.49872978583916083	0.23285545003922092
MA1376.2	DEAR3	AP2/EREBP	ERF/DREB	cluster_24	0.5022061639321392	0.5099550587375759	0.38461538461538464	0.5104895104895105	0.553701015965167	0.7081881754609027
MA1039.1	MYB4	Tryptophan cluster factors	Myb	cluster_02	0.5021549831282591	0.5060837516249022	0.32167832167832167	0.34665334665334663	0.4831507075601564	0.5216893560088826
MA1804.2	WIN1	AP2/EREBP	ERF/DREB	cluster_30	0.5021029424481188	0.5114236945092278	0.3776223776223776	0.5444555444555444	0.5456929434202161	0.7471575187402525
MA0576.2	RAX3	Tryptophan cluster factors	MYB	cluster_02	0.5020969233142972	0.5051350139763218	0.37362637362637363	0.16083916083916083	0.543003663003663	0.2801832870326021
MA1053.1	ERF109	AP2/EREBP	ERF/DREB	cluster_24	0.5020925754892638	0.5044073493858706	0.34765234765234765	0.21678321678321677	0.5130730005004667	0.35647757414998793
MA1664.3	HSFA6B	Heat shock factors	HSF	cluster_39	0.502091848833269	0.5134552994071766	0.33966033966033965	0.5924075924075924	0.5042039672389867	0.7887503800547278
MA2442.1	SPL3B	C3H(C),C2HC zinc-fingers like factors	SBP	cluster_38	0.5020630490340192	0.5031104379809169	0.3776223776223776	0.30569430569430567	0.5456929434202161	0.46742435920792635
MA2434.1	SPL16A	C3H(C),C2HC zinc-fingers like factors	SBP	cluster_38	0.5020348426704987	0.4990688325745459	0.35664335664335667	0.5704295704295704	0.5233055406132329	0.7689713113741382
MA2048.2	NAC045	GCM domain factors	NAC	cluster_25	0.5019777275093312	0.5145095522623482	0.35864135864135865	0.4645354645354645	0.5242209897382311	0.6600382857366097
MA0954.3	ATHB-7	Homeo domain factors	HD-ZIP	cluster_09	0.5019760683114759	0.49756187304378063	0.35764235764235763	0.7292707292707292	0.523764143725756	0.894587727385155
MA1007.1	PHYPADRAFT_173530	AP2/EREBP	ERF/DREB	cluster_15	0.5019511197889986	0.5071507912031613	0.35264735264735264	0.17782217782217782	0.5184391716183624	0.3042114835836809
MA2020.2	HSFB4	Heat shock factors	HSF	cluster_04	0.5019185292676449	0.49946940090076414	0.3756243756243756	0.5894105894105894	0.5448695790901114	0.7875568487456599
MA2431.1	SPL15A	C3H(C),C2HC zinc-fingers like factors	SBP	cluster_38	0.5017178874366265	0.49868384951190925	0.36563436563436563	0.5874125874125874	0.5324027117920248	0.7863084284136915
MA0001.3	AGL3	MADS box factors	Type II	cluster_23	0.501680040770246	0.49845210608814683	0.36563436563436563	0.7672327672327672	0.5324027117920248	0.9216365395610678
MA1004.2	ERF13	AP2/EREBP	ERF/DREB	cluster_24	0.5015873800200119	0.5045864748192203	0.4075924075924076	0.5984015984015985	0.5802108339421772	0.7899315217654318
MA1010.2	PHYPADRAFT_64121	AP2/EREBP	ERF/DREB	cluster_15	0.5014978075577553	0.5037839805577748	0.4085914085914086	0.35764235764235763	0.5805498040134911	0.5340139312742053
MA1046.1	NTL9	GCM domain factors	NAC	cluster_32	0.5014754023312579	0.5118243860423335	0.4255744255744256	0.5104895104895105	0.6002094024275171	0.7081881754609027
MA1051.1	RAP2-3	AP2/EREBP	ERF/DREB	cluster_24	0.5014542929746175	0.5052164026333542	0.38461538461538464	0.1938061938061938	0.553701015965167	0.3271551457392165
MA1414.2	E2FA	Fork head/winged helix factors	E2F	cluster_44	0.5013603121326603	0.5219781307674304	0.41058941058941056	0.45054945054945056	0.5823043127875841	0.6473996812979863
MA1235.1	AIL7	AP2/EREBP	AP2	cluster_31	0.5013500783940714	0.5018024660620438	0.3986013986013986	0.36363636363636365	0.5716783216783217	0.5408470671628567
MA0933.1	AHL20	A.T hook factors	AHL	cluster_09	0.5013478378714213	0.5896681955660079	0.4225774225774226	0.5134865134865135	0.5970862470862471	0.7110530123234298
MA2427.1	SPL12B	C3H(C),C2HC zinc-fingers like factors	SBP	cluster_38	0.5013404986458759	0.5026531080120925	0.3936063936063936	0.2997002997002997	0.565577548628396	0.4610309045792917
MA1182.2	RVE8	Tryptophan cluster factors	MYB-related	cluster_13	0.5012846309108321	0.5117281330982162	0.4065934065934066	0.6423576423576424	0.5798705966930267	0.8265073880588215
MA2052.2	ZAT6	C2H2 zinc finger factors	C2H2	cluster_09	0.5012466631351188	0.5237401007474675	0.42857142857142855	0.6203796203796204	0.603321033210332	0.8091447014523937
MA2360.1	PK28565.1	Tryptophan cluster factors	MYB	cluster_11	0.5012321784589613	0.501820683583673	0.41858141858141856	0.6743256743256744	0.592537332797073	0.8575174825174826
MA1833.2	Zm00001d049364	AP2/EREBP	ERF/DREB	cluster_24	0.501179411122827	0.4990407773769275	0.43756243756243757	0.5974025974025974	0.613713492389963	0.7899315217654318
MA1227.3	ERF027	AP2/EREBP	ERF/DREB	cluster_15	0.5011134792022578	0.5170833009788138	0.44655344655344653	0.24075924075924077	0.621752335255985	0.3891934336849591
MA1006.2	ERF6	AP2/EREBP	ERF/DREB	cluster_15	0.5010994910743634	0.5043197038127136	0.40559440559440557	0.32367632367632365	0.5795290851470627	0.4919622210458863
MA2450.1	SPL7A	C3H(C),C2HC zinc-fingers like factors	SBP	cluster_38	0.5010819907758279	0.4981407014371787	0.4025974025974026	0.6333666333666333	0.5763261129114787	0.8204732449214621
MA2041.2	MYB13	Tryptophan cluster factors	MYB	cluster_02	0.5010315608498094	0.4953116612509798	0.44755244755244755	0.8771228771228772	0.6220082285656056	0.9929447407192215
MA1229.2	ERF034	AP2/EREBP	ERF/DREB	cluster_15	0.5008467237866724	0.5001261452616864	0.44955044955044954	0.5604395604395604	0.6236490781945327	0.7622377622377623
MA1744.2	BZIP30	Basic leucine zipper factors (bZIP)	Group I	cluster_12	0.5008402928811203	0.49783347398819744	0.45354645354645357	0.7062937062937062	0.6280507151650527	0.8791225088125576
MA0949.2	ARR2	Tryptophan cluster factors	GARP_ARR-B	cluster_13	0.5008299985878651	0.5055690863256379	0.43356643356643354	0.5094905094905094	0.6092287086762225	0.7081881754609027
MA1415.2	REF6	C2H2 zinc finger factors	Jumonji	cluster_11	0.5007562187825555	0.5202614712019726	0.4835164835164835	0.02097902097902098	0.651807556401196	0.04763986013986014
MA1775.2	MYB61	Tryptophan cluster factors	MYB	cluster_02	0.5007407046770728	0.5058387619764613	0.4565434565434565	0.3956043956043956	0.6292574332142677	0.580473372781065
MA1679.2	RAP2-1	AP2/EREBP	ERF/DREB	cluster_15	0.500699176286986	0.5082306707214874	0.45754245754245754	0.22977022977022976	0.6292574332142677	0.37540617840403706
MA1267.2	DOF5.8	Other C4 zinc finger-type factors	DOF	cluster_08	0.5006212545425089	0.49895966445894985	0.48151848151848153	0.5684315684315684	0.6514159599265983	0.7689713113741382
MA2426.1	SPL11B	C3H(C),C2HC zinc-fingers like factors	SBP	cluster_38	0.5006037542439739	0.503679458735978	0.4755244755244755	0.24375624375624375	0.6467471922017377	0.39154950312845044
MA0986.1	DREB2C	AP2/EREBP	ERF/DREB	cluster_15	0.5005701948479605	0.5081696704783573	0.4595404595404595	0.24575424575424576	0.6294961770724786	0.3939295998119528
MA2072.1	PK16335.1	Basic leucine zipper factors (bZIP)	Group D	cluster_12	0.5005465543062725	0.5042140518410432	0.44155844155844154	0.45454545454545453	0.6181818181818182	0.6494722505958461
MA1253.2	ERF036	AP2/EREBP	ERF/DREB	cluster_15	0.500521048680865	0.5007656995134847	0.46353646353646355	0.5694305694305695	0.6338321177030855	0.7689713113741382
MA2448.1	SPL5D	C3H(C),C2HC zinc-fingers like factors	SBP	cluster_38	0.5005091920772213	0.5008777601036902	0.45854145854145856	0.45354645354645357	0.6292574332142677	0.64926068303179
MA1691.2	ARF27	B3	ARF	cluster_22	0.5004983891247697	0.5055886153943916	0.44655344655344653	0.4595404595404595	0.621752335255985	0.6553820011763937
MA1179.2	MYB1	Tryptophan cluster factors	MYB	cluster_11	0.5004837470064804	0.5197979589463669	0.45854145854145856	0.8581418581418582	0.6292574332142677	0.9860877074732497
MA1258.2	DREB2A	AP2/EREBP	ERF/DREB	cluster_15	0.5004593676978646	0.5048866733322771	0.4695304695304695	0.22777222777222778	0.6408796927580469	0.3729403643566734
MA1259.2	ERF023	AP2/EREBP	ERF/DREB	cluster_15	0.5004295384692891	0.4997327931129259	0.45554445554445555	0.5644355644355644	0.6292574332142677	0.7663066470895652
MA1215.2	ATHB-53	Homeo domain factors	HD-ZIP	cluster_09	0.5004177787531113	0.5069966629504721	0.4785214785214785	0.6473526473526473	0.6496652813378793	0.831532104259377
MA0947.1	ARR14	Tryptophan cluster factors	GARP_ARR-B	cluster_13	0.5004019739852307	0.5024617368003849	0.4825174825174825	0.45354645354645357	0.6516121047094497	0.64926068303179
MA1210.3	HAT22	Homeo domain factors	HD-ZIP	cluster_09	0.5003642605391166	0.5058748301246107	0.48151848151848153	0.7282717282717283	0.6514159599265983	0.894587727385155
MA2451.1	SPL7B	C3H(C),C2HC zinc-fingers like factors	SBP	cluster_38	0.500343853616604	0.5038495748082052	0.44455544455544455	0.2007992007992008	0.6212377366223519	0.33525118207831556
MA0575.2	MYB77	Tryptophan cluster factors	MYB	cluster_11	0.5003297322684436	0.4949778383422746	0.4755244755244755	0.8931068931068931	0.6467471922017377	0.9962581278370751
MA2088.1	PK24580.1	AP2/EREBP	ERF/DREB	cluster_15	0.5002941987903116	0.5011806645098666	0.5124875124875125	0.5744255744255744	0.6836153357132377	0.7729546376295059
MA1183.2	RVE6	Tryptophan cluster factors	MYB-related	cluster_13	0.5002146541807794	0.5139694221657984	0.5034965034965035	0.5524475524475524	0.6727983050224732	0.7527097902097901
MA1662.2	AT3G10030	Tryptophan cluster factors	Trihelix	cluster_11	0.5001991279643628	0.5171863783206229	0.5164835164835165	0.5944055944055944	0.6865451621549183	0.7887503800547278
MA1213.3	ZHD3	Homeo domain factors	PLINC	cluster_09	0.5000192563838546	0.5058815304934967	0.4995004995004995	0.7422577422577422	0.6698047119839738	0.9047007305793247
MA1187.2	RVE4	Tryptophan cluster factors	MYB-related	cluster_13	0.4998848129139364	0.5134499519756064	0.4885114885114885	0.5474525474525475	0.6562222988279326	0.7472384502795951
MA1265.3	ERF015	AP2/EREBP	ERF/DREB	cluster_15	0.49987157566390306	0.5022246071311292	0.4885114885114885	0.46053946053946054	0.6562222988279326	0.6555813589395679
MA1261.2	ERF122	AP2/EREBP	ERF/DREB	cluster_24	0.4997040330134347	0.49931339370999966	0.5014985014985015	0.5404595404595405	0.6713041344620292	0.743010143010143
MA1272.3	DOF2.2	Other C4 zinc finger-type factors	DOF	cluster_03	0.49969697233935517	0.7415707456136611	0.5454545454545454	0.5454545454545454	0.718794159208667	0.747184592786029
MA1185.2	LHY	Tryptophan cluster factors	MYB-related	cluster_13	0.49963145219051697	0.5132971236723881	0.5174825174825175	0.5754245754245755	0.6866768014594101	0.7729546376295059
MA1671.2	ERF118	AP2/EREBP	ERF/DREB	cluster_24	0.49960656422270455	0.49962572959472706	0.5394605394605395	0.6883116883116883	0.7121252449972173	0.8705889152170145
MA0008.4	HAT5	Homeo domain factors	HD-ZIP	cluster_09	0.49954049908187037	0.5057900593622978	0.5284715284715285	0.7202797202797203	0.700041278166278	0.894587727385155
MA1233.3	ERF021	AP2/EREBP	ERF/DREB	cluster_15	0.49952481542332217	0.49969014695449027	0.5744255744255744	0.7502497502497503	0.7441200565139444	0.9086358086358086
MA1223.2	ERF035	AP2/EREBP	ERF/DREB	cluster_15	0.4995124259386152	0.5002370835801465	0.5364635364635365	0.5174825174825175	0.7093963229145205	0.7139948658936001
MA1768.2	MYB30	Tryptophan cluster factors	MYB	cluster_02	0.49945102350707926	0.5023871605697549	0.5154845154845155	0.3066933066933067	0.6864130633764141	0.468013986013986
MA1388.2	PHL2	Tryptophan cluster factors	GARP_G2-like	cluster_04	0.4993340076700962	0.5799870302123207	0.5484515484515484	0.7262737262737263	0.7202556479664912	0.894587727385155
MA1817.2	Zm00001d020267	AP2/EREBP	ERF/DREB	cluster_24	0.4992520650957819	0.49740796720835895	0.5514485514485514	0.7472527472527473	0.7229471559368467	0.9064449064449065
MA1409.2	OsRR22	Tryptophan cluster factors	GARP_ARR-B	cluster_13	0.49924514975290085	0.5020947425593594	0.5474525474525475	0.3806193806193806	0.7201832650108513	0.5628150918848593
MA1256.2	RAP2-12	AP2/EREBP	ERF/DREB	cluster_24	0.49923423780204873	0.4967339695699446	0.5584415584415584	0.7442557442557443	0.7296077210460772	0.9056892071246138
MA2412.1	ZmbZIP72	Basic leucine zipper factors (bZIP)	S	cluster_14	0.49920953149823694	0.5043476962233129	0.5804195804195804	0.2627372627372627	0.7493403381728255	0.4141911807201063
MA1367.2	AT1G76870	Tryptophan cluster factors	Trihelix	cluster_18	0.4991368295659851	0.5030639409754435	0.5694305694305695	0.7392607392607392	0.7389039531896675	0.9039358077819616
MA0972.1	CCA1	Tryptophan cluster factors	Myb-related	cluster_13	0.49910345183397076	0.5236653313987968	0.5664335664335665	0.9180819180819181	0.7362671400150106	1.0
MA0942.2	ARF1	B3	ARF	cluster_15	0.4989857577847263	0.5206880368454181	0.5524475524475524	0.2987012987012987	0.7230145497726972	0.4610309045792917
MA1191.2	RVE7L	Tryptophan cluster factors	MYB-related	cluster_13	0.49889642754113417	0.5255119593586637	0.5614385614385614	0.6303696303696303	0.7310198334089119	0.8179796394082108
MA1676.3	NAC062	GCM domain factors	NAC	cluster_25	0.4988603127382069	0.585470174055803	0.5984015984015985	0.8641358641358642	0.7622377622377623	0.9914822020085179
MA1667.3	HSFC1	Heat shock factors	HSF	cluster_39	0.4987926489541848	0.5122779788142401	0.5774225774225774	0.6893106893106893	0.7467346213108924	0.8705889152170145
MA2363.1	TOE2	AP2/EREBP	AP2	cluster_36	0.49875534727979975	0.5002622923222552	0.6063936063936064	0.6353646353646354	0.7711305361305362	0.8216664691240962
MA2106.1	Zm00001d024644	Tryptophan cluster factors	MYB-related	cluster_05	0.49874425366494973	0.5005911724306212	0.5964035964035964	0.7022977022977023	0.7622377622377623	0.8784477817264702
MA1678.3	NTL8	GCM domain factors	NAC	cluster_25	0.4987010297442099	0.5335603571997966	0.5964035964035964	0.913086913086913	0.7622377622377623	1.0
MA1693.2	ARF34	B3	ARF	cluster_22	0.4986759964451989	0.4991386161380518	0.5984015984015985	0.7712287712287712	0.7622377622377623	0.9223315869083895
MA1273.2	DOF4.2	Other C4 zinc finger-type factors	DOF	cluster_03	0.49864777797074644	0.4973005067071683	0.6243756243756243	0.7992007992007992	0.7926765414286212	0.9454111779693175
MA1220.2	TINY	AP2/EREBP	ERF/DREB	cluster_15	0.49857834599046963	0.4981258559653817	0.5954045954045954	0.6963036963036963	0.7622377622377623	0.8748837369527024
MA2345.1	OS02G0104500	Tryptophan cluster factors	Trihelix	cluster_10	0.4985743493824998	0.6909192096403172	0.6563436563436563	0.6513486513486514	0.8196239112769391	0.8351363401698972
MA0995.3	ERF039	AP2/EREBP	ERF/DREB	cluster_15	0.49852049206237337	0.5164405659937888	0.5964035964035964	0.27372627372627373	0.7622377622377623	0.42885656438017833
MA2078.1	PK19363.1	AP2/EREBP	ERF/DREB	cluster_24	0.49849226147698605	0.49648986083362295	0.5894105894105894	0.8291708291708292	0.7596626346626347	0.9629487711679493
MA1184.2	RVE1	Tryptophan cluster factors	MYB-related	cluster_13	0.49842546968015794	0.5250617913561755	0.5604395604395604	0.6383616383616384	0.7309664694280079	0.8227532602532602
MA2344.1	REV	Homeo domain factors	HD-ZIP	cluster_09	0.49837617818186364	0.5006651750364799	0.6333666333666333	0.4695304695304695	0.8012301230123012	0.6622028618331761
MA2415.1	EREB138	AP2/EREBP	ERF/DREB	cluster_24	0.49824615520257914	0.5021421409609957	0.5924075924075924	0.34265734265734266	0.7622377622377623	0.51669476768291
MA1260.2	ERF013	AP2/EREBP	ERF/DREB	cluster_15	0.4982158415366737	0.5019868304508486	0.6343656343656343	0.4115884115884116	0.8012301230123012	0.5970379430455476
MA2405.1	OsMSL08	Tryptophan cluster factors	Trihelix	cluster_10	0.49815112070942935	0.6317347873856246	0.6523476523476524	0.6283716283716284	0.8186533860875965	0.8179796394082108
MA2419.1	UB3	C3H(C),C2HC zinc-fingers like factors	SBP	cluster_26	0.4980880833019053	0.4956907570393863	0.6583416583416584	0.8351648351648352	0.8207756295991591	0.9684358194996493
MA1242.1	DREB2F	AP2/EREBP	ERF/DREB	cluster_24	0.4978577454625782	0.495653348430154	0.6623376623376623	0.8241758241758241	0.824410499777547	0.9586069418386491
MA1190.2	RVE5	Tryptophan cluster factors	MYB-related	cluster_13	0.4978353644579474	0.509746989502323	0.6733266733266733	0.7862137862137862	0.8313078507253264	0.9329410869068724
MA1231.3	ERF15	AP2/EREBP	ERF/DREB	cluster_24	0.4978009209638074	0.5064511462567183	0.6343656343656343	0.23176823176823177	0.8012301230123012	0.3778614547845317
MA1682.2	TCX3	CPP	NA	cluster_06	0.49772671727583473	0.4988243549220675	0.6483516483516484	0.6293706293706294	0.8149790901026487	0.8179796394082108
MA1746.1	BZIP69	Basic leucine zipper factors (bZIP)	Group I	cluster_12	0.4977248279702482	0.4939290846671874	0.6363636363636364	0.8851148851148851	0.8012301230123012	0.9942719045660222
MA2353.1	PK02532.1	Tryptophan cluster factors	MYB-related	cluster_13	0.49772114624654323	0.57843297651633	0.6363636363636364	0.7862137862137862	0.8012301230123012	0.9329410869068724
MA2365.1	VIT_17s0000g10420	Tryptophan cluster factors	Trihelix	cluster_18	0.4976933637656863	0.5091844829691424	0.6693306693306693	0.8171828171828172	0.8277136153959492	0.9557109557109558
MA0123.1	abi4	AP2/EREBP	ERF/DREB	cluster_24	0.497601308562115	0.49832000687423106	0.6543456543456544	0.6373626373626373	0.8196239112769391	0.8227532602532602
MA0584.2	SEP1	MADS box factors	Type II	cluster_23	0.49758480136010624	0.5045285696084651	0.6653346653346653	0.16583416583416583	0.8254477230086986	0.28822657979833377
MA1381.2	AT3G46070	C2H2 zinc finger factors	C2H2	cluster_19	0.4974599255274491	0.5198428763677235	0.6553446553446554	0.8371628371628371	0.8196239112769391	0.9686531320419368
MA1230.2	ERF037	AP2/EREBP	ERF/DREB	cluster_15	0.49708182219163805	0.49805697789101816	0.6873126873126874	0.7392607392607392	0.8457034109208021	0.9039358077819616
MA2349.1	OsCCA1	Tryptophan cluster factors	MYB-related	cluster_13	0.49705729755182343	0.6082831854290968	0.6883116883116883	0.6983016983016983	0.8457034109208021	0.8748837369527024
MA1390.3	HHO2	Tryptophan cluster factors	GARP_G2-like	cluster_04	0.4970265600032551	0.5185576071667891	0.6643356643356644	0.2677322677322677	0.8254477230086986	0.42119529954581497
MA0590.1	LFY	LEAFY	NA	cluster_42	0.496962493166406	0.4937929339074628	0.7222777222777222	0.8891108891108891	0.8706127995227522	0.9947091032135019
MA1737.2	AT5G05090	Tryptophan cluster factors	GARP_G2-like	cluster_13	0.4969448838694721	0.5161182879693665	0.6693306693306693	0.6983016983016983	0.8277136153959492	0.8748837369527024
MA2455.1	SPL9D	C3H(C),C2HC zinc-fingers like factors	SBP	cluster_38	0.49691863947713727	0.5006282552822452	0.6873126873126874	0.43356643356643354	0.8457034109208021	0.6265363424454333
MA1161.1	TSO1	CPP	NA	cluster_06	0.4969000734164785	0.49190968596022805	0.6953046953046953	0.948051948051948	0.8515529414405819	1.0
MA1177.2	MYB65	Tryptophan cluster factors	MYB	cluster_11	0.49688055059209135	0.5044293749038335	0.7022977022977023	0.6063936063936064	0.8546302182665818	0.797660171154147
MA1803.2	VIP1	Basic leucine zipper factors (bZIP)	Group I	cluster_12	0.49687095873296466	0.4968131705774898	0.7012987012987013	0.7662337662337663	0.8546302182665818	0.9216365395610678
MA0054.1	myb.Ph3	Tryptophan cluster factors	Myb	cluster_11	0.49685337365789684	0.5003156039847381	0.6993006993006993	0.7682317682317682	0.8537062937062937	0.9216365395610678
MA2409.1	ZmbZIP25	Basic leucine zipper factors (bZIP)	D	cluster_14	0.496844617453162	0.5017122443835693	0.7192807192807192	0.4195804195804196	0.8697483182427714	0.6074760154456549
MA1814.2	RIN	MADS box factors	Type II	cluster_23	0.4968126688112714	0.49911090718413215	0.6993006993006993	0.6843156843156843	0.8537062937062937	0.8687734894057689
MA1800.1	TEM1	B3	RAV	cluster_17	0.4966965734052139	0.5101276072428117	0.7092907092907093	0.6523476523476524	0.8603955662779191	0.8351363401698972
MA1194.2	AT3G10580	Tryptophan cluster factors	MYB-related	cluster_05	0.49668323926771585	0.496248453833009	0.7292707292707292	0.7902097902097902	0.8760940317544091	0.9362268166615992
MA1767.2	MYB23	Tryptophan cluster factors	MYB	cluster_45	0.4966557837820555	0.707856522440235	0.7992007992007992	0.8071928071928072	0.9352610579604445	0.9475201721355566
MA2042.2	MYB58	Tryptophan cluster factors	MYB	cluster_02	0.496646446252526	0.49577861891836056	0.6923076923076923	0.8761238761238761	0.8492456096957705	0.9929447407192215
MA1241.2	ERF043	AP2/EREBP	ERF/DREB	cluster_15	0.49659312181346216	0.4977840881640403	0.7302697302697303	0.7232767232767233	0.8760940317544091	0.894587727385155
MA2398.1	AS2	Other C4 zinc finger-type factors	LBD	cluster_37	0.4965261967963674	0.49527493628271063	0.7112887112887113	0.8031968031968032	0.8614496614496614	0.9454567004644046
MA2021.2	LBD13	Other C4 zinc finger-type factors	LBD	cluster_48	0.49652207907906565	0.5069070893058099	0.7442557442557443	0.4905094905094905	0.8872923951048951	0.6867132867132867
MA0976.3	CRF4	AP2/EREBP	ERF/DREB	cluster_24	0.4964404150562163	0.4981307746593124	0.7552447552447552	0.6923076923076923	0.8975883929154956	0.8716679360243716
MA1733.2	ASR3	Tryptophan cluster factors	Trihelix	cluster_02	0.49640324660209634	0.4967719150927333	0.7242757242757243	0.7702297702297702	0.8716441287419207	0.9223315869083895
MA1245.3	ERF112	AP2/EREBP	ERF/DREB	cluster_24	0.49633701190819696	0.49939574829771477	0.7342657342657343	0.5964035964035964	0.879505110274341	0.7899315217654318
MA1248.2	ERF012	AP2/EREBP	ERF/DREB	cluster_15	0.4961351710947874	0.5063844174491304	0.7422577422577422	0.3046953046953047	0.8862952384079144	0.46683236442272585
MA1240.2	ERF077	AP2/EREBP	ERF/DREB	cluster_24	0.4961020719142363	0.493492597292867	0.7062937062937062	0.8921078921078921	0.8581243597167163	0.9962581278370751
MA0998.2	ERF096	AP2/EREBP	ERF/DREB	cluster_24	0.4960834695207775	0.5139700459608204	0.7222777222777222	0.6193806193806194	0.8706127995227522	0.8091447014523937
MA1001.4	ERF076	AP2/EREBP	ERF/DREB	cluster_24	0.49599237108093164	0.49757411664167633	0.7372627372627373	0.6713286713286714	0.881710765723305	0.8551315128944512
MA1831.2	Zm00001d031796	AP2/EREBP	ERF/DREB	cluster_24	0.49581995983530097	0.4895867262801504	0.7722277722277723	0.98001998001998	0.9149220344872518	1.0
MA2074.1	PK17878.1	AP2/EREBP	ERF/DREB	cluster_24	0.4958082848956554	0.4957903781874091	0.7702297702297702	0.936063936063936	0.9139740508325268	1.0
MA0573.2	ATHB-9	Homeo domain factors	HD-ZIP	cluster_09	0.4957047000836376	0.49853495558798777	0.7792207792207793	0.6203796203796204	0.9189265139806099	0.8091447014523937
MA1208.2	GT-2	Tryptophan cluster factors	Trihelix	cluster_10	0.4955493531429448	0.49651166231054966	0.7772227772227772	0.7782217782217782	0.9189265139806099	0.9277862762237762
MA1818.1	Zm00001d052229	AP2/EREBP	ERF/DREB	cluster_24	0.4954737930304488	0.4962727546386547	0.7532467532467533	0.7812187812187812	0.8966104098709403	0.9299062871605773
MA1386.3	HHO3	Tryptophan cluster factors	GARP_G2-like	cluster_04	0.4954598170134876	0.5301488541586261	0.7782217782217782	0.6073926073926074	0.9189265139806099	0.797660171154147
MA1162.1	TCX2	CPP	NA	cluster_06	0.4954299272302478	0.4907842529454247	0.7952047952047953	0.98001998001998	0.9334480903711673	1.0
MA0948.2	ARR18	Tryptophan cluster factors	GARP_ARR-B	cluster_13	0.4954113127258539	0.5146134351640255	0.7812187812187812	0.33966033966033965	0.9198610031943365	0.5131897805165132
MA1026.3	ATHB-15	Homeo domain factors	HD-ZIP	cluster_09	0.4952893314062406	0.503277010174037	0.7922077922077922	0.25774225774225773	0.9313629359854321	0.41055812663328317
MA1825.2	Zm00001d044409	Tryptophan cluster factors	MYB-related	cluster_05	0.49526577564108626	0.6282161645600908	0.8121878121878122	0.8041958041958042	0.9475524475524476	0.9454567004644046
MA1226.2	DREB2G	AP2/EREBP	ERF/DREB	cluster_24	0.4949807448272395	0.4934016456372899	0.8031968031968032	0.9100899100899101	0.9384979492177041	1.0
MA1000.3	ERF105	AP2/EREBP	ERF/DREB	cluster_24	0.49488399058156995	0.4978031157301864	0.8201798201798202	0.6863136863136863	0.9519297091376	0.8698626954440908
MA1181.2	MYB113	Tryptophan cluster factors	MYB	cluster_11	0.4947657030965962	0.5017337488384378	0.8251748251748252	0.3946053946053946	0.9539521084975631	0.580473372781065
MA1673.2	LBD18	Other C4 zinc finger-type factors	LBD	cluster_15	0.4947589936395801	0.5008770851130795	0.8291708291708292	0.8751248751248751	0.9553839825333037	0.9929447407192215
MA2367.1	WIP5	C2H2 zinc finger factors	C2H2	cluster_05	0.494630423972284	0.4958503725689675	0.8371628371628371	0.8101898101898102	0.9602364602364603	0.9495773044160142
MA1238.3	ERF038	AP2/EREBP	ERF/DREB	cluster_15	0.4946234965184699	0.49683898891021677	0.8421578421578422	0.8891108891108891	0.9619257987521461	0.9947091032135019
MA1247.2	ERF087	AP2/EREBP	ERF/DREB	cluster_24	0.49447648189984705	0.49361008404280315	0.7972027972027972	0.9010989010989011	0.9343559666140312	0.9993291592128802
MA0567.1	ERF1B	AP2/EREBP	ERF/DREB	cluster_24	0.4944398705486569	0.4965148799667592	0.8291708291708292	0.8381618381618382	0.9553839825333037	0.9686531320419368
MA1228.2	ERF091	AP2/EREBP	ERF/DREB	cluster_24	0.49442442910877293	0.4955818602773342	0.8181818181818182	0.8031968031968032	0.9519297091376	0.9454567004644046
MA1034.1	Os05g0497200	AP2/EREBP	ERF/DREB	cluster_24	0.4943932797884753	0.4963962723943024	0.8221778221778222	0.916083916083916	0.9519297091376	1.0
MA1398.3	KUA1	Tryptophan cluster factors	MYB-related	cluster_05	0.494388895630642	0.5014611852343279	0.8201798201798202	0.8011988011988012	0.9519297091376	0.9454567004644046
MA0945.2	ARR1	Tryptophan cluster factors	GARP_ARR-B	cluster_13	0.4943551909034296	0.6634893703094676	0.8811188811188811	0.9440559440559441	0.9915836376013367	1.0
MA1387.2	HRS1	Tryptophan cluster factors	GARP_G2-like	cluster_04	0.49434361285124995	0.5020680376913381	0.8451548451548452	0.3516483516483517	0.9624673833629057	0.5260935143288085
MA1343.2	BZIP52	Basic leucine zipper factors (bZIP)	Group I	cluster_12	0.49431762278851343	0.5025760337341472	0.8371628371628371	0.7662337662337663	0.9602364602364603	0.9216365395610678
MA2017.2	JUB1	GCM domain factors	NAC	cluster_47	0.4942863281370163	0.5070715196700166	0.8221778221778222	0.916083916083916	0.9519297091376	1.0
MA0121.2	ARR10	Tryptophan cluster factors	GARP_ARR-B	cluster_13	0.49428259796957774	0.5161304704633766	0.8381618381618382	0.7222777222777222	0.9602364602364603	0.894587727385155
MA2055.1	PK00315.1	Basic leucine zipper factors (bZIP)	Group I	cluster_12	0.49414168726130875	0.5006054903245902	0.8401598401598401	0.7262737262737263	0.9610823958650045	0.894587727385155
MA1250.2	DREB2D	AP2/EREBP	ERF/DREB	cluster_24	0.4941106711612768	0.49363632552177206	0.8581418581418582	0.8961038961038961	0.9729007990523593	0.99814200398142
MA1188.1	At3g11280	Tryptophan cluster factors	Myb-related	cluster_05	0.49410869707915817	0.4965569509676805	0.8451548451548452	0.7752247752247752	0.9624673833629057	0.9256596298849818
MA1173.2	MYB101	Tryptophan cluster factors	MYB	cluster_11	0.4937714802539713	0.4944642873238776	0.8301698301698301	0.957042957042957	0.9553839825333037	1.0
MA1821.2	Zm00001d020595	AP2/EREBP	ERF/DREB	cluster_24	0.4936084549816029	0.4940080967063523	0.8561438561438561	0.8861138861138861	0.9729007990523593	0.9942719045660222
MA0582.2	RAV1	B3	RAV	cluster_17	0.4933666844212949	0.6139059429433562	0.8991008991008991	0.8751248751248751	0.9985647540232693	0.9929447407192215
MA1020.1	GT-1	Tryptophan cluster factors	Trihelix	cluster_18	0.49336383835198294	0.507151317200083	0.8581418581418582	0.8741258741258742	0.9729007990523593	0.9929447407192215
MA1405.2	SIZF2	C2H2 zinc finger factors	C2H2	cluster_35	0.4933270695586604	0.49802613543273083	0.8721278721278721	0.6653346653346653	0.9843691811147431	0.8489136281778422
MA1252.2	ERF086	AP2/EREBP	ERF/DREB	cluster_24	0.4930405491000245	0.4930410666090377	0.8631368631368631	0.9170829170829171	0.9771119088626506	1.0
MA1005.3	ERF082	AP2/EREBP	ERF/DREB	cluster_24	0.4929178290134845	0.49880278022116953	0.8961038961038961	0.7462537462537463	0.9966869864829048	0.9064449064449065
MA1164.2	HHO5	Tryptophan cluster factors	GARP_G2-like	cluster_04	0.4929099932396772	0.5244724699738532	0.8841158841158842	0.988011988011988	0.9920300287947347	1.0
MA1196.2	AT5G05790	Tryptophan cluster factors	MYB-related	cluster_05	0.49288337340841143	0.4946251205139648	0.8811188811188811	0.8391608391608392	0.9915836376013367	0.9686531320419368
MA2103.1	AT4G09450	Tryptophan cluster factors	MYB-related	cluster_05	0.4928767245060616	0.6218624109121362	0.906093906093906	0.9100899100899101	1.0	1.0
MA1754.2	ERF073	AP2/EREBP	ERF/DREB	cluster_24	0.4927930864010938	0.4948143007918372	0.8891108891108891	0.8701298701298701	0.9961697626895865	0.9929447407192215
MA1756.2	GRF9	C3H zinc finger factors	GRF	cluster_22	0.49276112564826785	0.5188459853143208	0.8701298701298701	0.965034965034965	0.9835690235690236	1.0
MA2016.2	GRF6	C3H zinc finger factors	GRF	cluster_22	0.49274371012626633	0.5187566686634758	0.8931068931068931	0.971028971028971	0.9966869864829048	1.0
MA1797.1	RAV2	B3	RAV	cluster_17	0.49273060609649855	0.5092051140067049	0.8841158841158842	0.7262737262737263	0.9920300287947347	0.894587727385155
MA1239.2	ERF104	AP2/EREBP	ERF/DREB	cluster_24	0.49271597608914053	0.4924719585959066	0.8961038961038961	0.942057942057942	0.9966869864829048	1.0
MA1793.2	NID1	Tryptophan cluster factors	MYB-related	cluster_05	0.49271545531901284	0.6219277989916225	0.9150849150849151	0.9210789210789211	1.0	1.0
MA1832.2	Zm00001d002364	AP2/EREBP	ERF/DREB	cluster_24	0.4926238603309044	0.4947817345198211	0.8941058941058941	0.8861138861138861	0.9966869864829048	0.9942719045660222
MA1323.2	GATA19	Other C4 zinc finger-type factors	C4-GATA-related	cluster_13	0.49245685056149874	0.49918539526862377	0.9010989010989011	0.7622377622377622	0.9993291592128802	0.9216365395610678
MA1244.2	ABR1	AP2/EREBP	ERF/DREB	cluster_24	0.49243506299259704	0.4934820987683682	0.9100899100899101	0.903096903096903	1.0	1.0
MA2359.1	PK23829.1	Tryptophan cluster factors	MYB-related	cluster_05	0.49214654422997595	0.5569058644782194	0.9090909090909091	0.919080919080919	1.0	1.0
MA1165.3	HHO6	Tryptophan cluster factors	GARP_G2-like	cluster_04	0.49196222793696803	0.5774716829048286	0.9200799200799201	0.8831168831168831	1.0	0.9942719045660222
MA2029.2	MYB88	Tryptophan cluster factors	MYB	cluster_49	0.49191673927171115	0.492626393481668	0.8961038961038961	0.936063936063936	0.9966869864829048	1.0
MA2388.1	GATA1	Other C4 zinc finger-type factors	C4-GATA-related	cluster_13	0.49172887447526353	0.49553964240485154	0.9200799200799201	0.8491508491508492	1.0	0.9787040753808125
MA1827.2	Zm00001d044785	Tryptophan cluster factors	GARP_G2-like	cluster_05	0.49167158976102954	0.5239426748258798	0.9410589410589411	0.9300699300699301	1.0	1.0
MA1379.1	SOL1	CPP	NA	cluster_06	0.4916401740001988	0.49322030702783354	0.9280719280719281	0.9210789210789211	1.0	1.0
MA1742.2	BZIP18	Basic leucine zipper factors (bZIP)	Group I	cluster_12	0.4915125368747634	0.4920090662515696	0.9110889110889111	0.9310689310689311	1.0	1.0
MA2418.1	IG1	Other C4 zinc finger-type factors	LBD	cluster_24	0.4914904949762634	0.49507574590409104	0.9200799200799201	0.8551448551448552	1.0	0.9841259796010927
MA1391.3	MYB33	Tryptophan cluster factors	MYB	cluster_11	0.4914343244678875	0.496061264913274	0.9250749250749251	0.8181818181818182	1.0	0.9557109557109558
MA1753.2	ERF057	AP2/EREBP	ERF/DREB	cluster_24	0.49137363658141225	0.49070286028318244	0.942057942057942	0.968031968031968	1.0	1.0
MA2013.2	ERF115	AP2/EREBP	ERF/DREB	cluster_24	0.4912429111679997	0.49348157213153254	0.9180819180819181	0.8981018981018981	1.0	0.9989092540112948
MA1222.1	ERF014	AP2/EREBP	ERF/DREB	cluster_24	0.4911756470447748	0.49174655279542545	0.936063936063936	0.951048951048951	1.0	1.0
MA2031.2	AT5G04760	Tryptophan cluster factors	MYB-related	cluster_05	0.490935111799658	0.5096061983028557	0.9400599400599401	0.8731268731268731	1.0	0.9929447407192215
MA0946.1	ARR11	Tryptophan cluster factors	GARP_ARR-B	cluster_13	0.49087218339053357	0.5007984849234594	0.9410589410589411	0.7682317682317682	1.0	0.9216365395610678
MA1186.2	YAB4	Tryptophan cluster factors	MYB-related	cluster_05	0.4908569236146481	0.4935738098479521	0.9300699300699301	0.9010989010989011	1.0	0.9993291592128802
MA0992.3	ERF4	AP2/EREBP	ERF/DREB	cluster_24	0.49081148339312497	0.48899495241349067	0.9330669330669331	0.99000999000999	1.0	1.0
MA1262.2	ERF2	AP2/EREBP	ERF/DREB	cluster_24	0.4908000627830772	0.49322842828720037	0.9430569430569431	0.913086913086913	1.0	1.0
MA1749.1	E2FC	Fork head/winged helix factors	E2F	cluster_27	0.4906228919406826	0.49690523851219115	0.935064935064935	0.7412587412587412	1.0	0.9047007305793247
MA1246.2	LEP	AP2/EREBP	ERF/DREB	cluster_24	0.49042848724028415	0.49192006851633485	0.942057942057942	0.951048951048951	1.0	1.0
MA1681.2	SRM1	Tryptophan cluster factors	MYB-related	cluster_05	0.49042030024941335	0.49258821177962164	0.9400599400599401	0.954045954045954	1.0	1.0
MA2065.1	PK08602.1	AP2/EREBP	NA	cluster_15	0.49031206483903	0.5025567863360619	0.9500499500499501	0.6903096903096904	1.0	0.8705889152170145
MA1380.1	TCX6	CPP	NA	cluster_06	0.49030569448814626	0.496710297634598	0.952047952047952	0.7292707292707292	1.0	0.894587727385155
MA2343.1	MYB3R3	Tryptophan cluster factors	MYB	cluster_11	0.4902816421747262	0.4974429809533308	0.9470529470529471	0.8751248751248751	1.0	0.9929447407192215
MA1352.1	TRP1	Tryptophan cluster factors	Myb-related	cluster_34	0.49025272126614566	0.4881253673201318	0.949050949050949	0.99000999000999	1.0	1.0
MA1324.1	GATA20	Other C4 zinc finger-type factors	C4-GATA-related	cluster_13	0.49009315972068296	0.5019750537286722	0.945054945054945	0.6133866133866134	1.0	0.8041477422920722
MA1815.2	GRF4	C3H zinc finger factors	GRF	cluster_12	0.4899677025632303	0.5017633187545588	0.9400599400599401	0.8801198801198801	1.0	0.9942719045660222
MA1264.2	ERF095	AP2/EREBP	ERF/DREB	cluster_24	0.4898975075941609	0.49327197994896765	0.9590409590409591	0.906093906093906	1.0	1.0
MA1396.2	GATA6	Other C4 zinc finger-type factors	C4-GATA-related	cluster_13	0.4897676541679417	0.4946745721850296	0.958041958041958	0.8851148851148851	1.0	0.9942719045660222
MA2403.1	DVH24_040989	Tryptophan cluster factors	Trihelix	cluster_18	0.4896341432398828	0.6352157521335997	0.984015984015984	0.981018981018981	1.0	1.0
MA2022.2	LOB	Other C4 zinc finger-type factors	LBD	cluster_24	0.4891658497842189	0.4909951307635591	0.964035964035964	0.962037962037962	1.0	1.0
MA2404.1	OsTRBF3	Tryptophan cluster factors	MYB-related	cluster_02	0.48914790138115505	0.5139887373878312	0.971028971028971	0.999000999000999	1.0	1.0
MA1030.2	P0510F09.23	Tryptophan cluster factors	MYB	cluster_02	0.48905969745435446	0.5431745792448655	0.9630369630369631	0.998001998001998	1.0	1.0
MA1809.2	GLYMA-07G038400	C3H zinc finger factors	GRF	cluster_22	0.4889092433306908	0.5027338043446511	0.957042957042957	0.8701298701298701	1.0	0.9929447407192215
MA1192.2	DIV1	Tryptophan cluster factors	MYB-related	cluster_05	0.4883314912603876	0.49217908226037954	0.978021978021978	0.9400599400599401	1.0	1.0
MA1266.2	RAP2-11	AP2/EREBP	ERF/DREB	cluster_24	0.48818648705668305	0.48972840068421686	0.974025974025974	0.983016983016983	1.0	1.0
MA1397.2	AT1G74840	Tryptophan cluster factors	MYB-related	cluster_05	0.48805651252113064	0.5003752953568974	0.9820179820179821	0.952047952047952	1.0	1.0
MA1365.3	AT5G47660	Tryptophan cluster factors	Trihelix	cluster_10	0.48789440767968817	0.5702975242940306	0.988011988011988	0.971028971028971	1.0	1.0
MA0994.3	ERF8	AP2/EREBP	ERF/DREB	cluster_24	0.4878293114135124	0.4901059245817271	0.981018981018981	0.975024975024975	1.0	1.0
MA0950.1	ATHB-12	Homeo domain factors	HD-ZIP	cluster_09	0.4877660560091906	0.5138039703836886	0.984015984015984	0.986013986013986	1.0	1.0
MA1661.2	GTL1	Tryptophan cluster factors	Trihelix	cluster_10	0.4875949648552829	0.5095893838922194	0.9760239760239761	0.8191808191808192	1.0	0.9557109557109558
MA1820.2	Zm00001d024324	AP2/EREBP	ERF/DREB	cluster_24	0.48728482807682505	0.4929052839977839	0.981018981018981	0.961038961038961	1.0	1.0
MA1750.1	E2FE	Fork head/winged helix factors	E2F	cluster_27	0.48704223397305757	0.4842639549543526	0.983016983016983	1.0	1.0	1.0
MA1732.1	E2FD	Fork head/winged helix factors	E2F	cluster_27	0.48704223397305757	0.4842639549543526	0.987012987012987	1.0	1.0	1.0
MA0579.2	CDC5	Tryptophan cluster factors	MYB-related	cluster_41	0.48676020667065284	0.48704232514129214	0.989010989010989	0.996003996003996	1.0	1.0
MA1225.1	ERF5	AP2/EREBP	ERF/DREB	cluster_24	0.48675979489892296	0.48817747851553206	0.983016983016983	0.988011988011988	1.0	1.0
MA1221.1	RAP2-6	AP2/EREBP	ERF/DREB	cluster_24	0.4867175640747093	0.48921472085540546	0.99000999000999	0.988011988011988	1.0	1.0
MA2039.2	ASIL2	Tryptophan cluster factors	Trihelix	cluster_15	0.4861069429315867	0.4908064909101667	0.989010989010989	0.994005994005994	1.0	1.0
MA1819.2	Zm00001d005892	AP2/EREBP	ERF/DREB	cluster_24	0.4856477690086549	0.4913257027460442	0.997002997002997	0.999000999000999	1.0	1.0
MA1325.2	GATA14	Other C4 zinc finger-type factors	C4-GATA-related	cluster_13	0.485283036143143	0.48975396021762496	0.99000999000999	0.995004995004995	1.0	1.0
MA1366.2	DF1	Tryptophan cluster factors	Trihelix	cluster_10	0.4850538488424732	0.5145903003985944	0.995004995004995	1.0	1.0	1.0
MA2040.2	ENAP2	Tryptophan cluster factors	Trihelix	cluster_15	0.48457719884287265	0.48996711457483605	0.995004995004995	0.996003996003996	1.0	1.0
MA1195.2	AT5G56840	Tryptophan cluster factors	MYB-related	cluster_05	0.48451556630360637	0.4847481815197088	0.994005994005994	0.998001998001998	1.0	1.0
MA1403.1	BPC5	BBR/BPC	NA	cluster_21	0.4839853133134758	0.479138179504708	0.9920079920079921	1.0	1.0	1.0
MA1257.2	ERF9	AP2/EREBP	ERF/DREB	cluster_37	0.48385445467979765	0.48544886258475894	0.999000999000999	0.996003996003996	1.0	1.0
MA1193.2	AT2G38090	Tryptophan cluster factors	MYB-related	cluster_05	0.4838465583513242	0.4892972913961615	0.998001998001998	0.983016983016983	1.0	1.0
MA1402.1	BPC6	BBR/BPC	NA	cluster_21	0.4837756246153258	0.4795477849061907	0.997002997002997	1.0	1.0	1.0
MA1018.2	GATA9	Other C4 zinc finger-type factors	C4-GATA-related	cluster_13	0.48357523711390643	0.5716610280213101	0.998001998001998	0.999000999000999	1.0	1.0
MA1189.2	AT5G61620	Tryptophan cluster factors	MYB-related	cluster_05	0.48355860880256596	0.4835174345646168	0.997002997002997	0.999000999000999	1.0	1.0
MA1015.2	GATA12	Other C4 zinc finger-type factors	C4-GATA-related	cluster_13	0.4829779864410836	0.5711300441904066	1.0	0.999000999000999	1.0	1.0
MA1779.2	MYB83	Tryptophan cluster factors	MYB	cluster_02	0.4827542369494399	0.4969653305831868	0.998001998001998	0.994005994005994	1.0	1.0
MA1013.1	GATA10	Other C4 zinc finger-type factors	C4-GATA-related	cluster_13	0.482467728601737	0.489054212501059	1.0	0.999000999000999	1.0	1.0
MA1416.1	RAMOSA1	C2H2 zinc finger factors	C2H2	cluster_21	0.48237128924033235	0.4842801931127168	1.0	1.0	1.0	1.0
MA1400.2	AT1G19000	Tryptophan cluster factors	MYB-related	cluster_05	0.48192772631034964	0.48394540706349987	0.999000999000999	0.999000999000999	1.0	1.0
MA1355.2	TRB2	Tryptophan cluster factors	MYB-related	cluster_02	0.48189975005456	0.4792899108897246	0.998001998001998	1.0	1.0	1.0
MA1356.1	TRP2	Tryptophan cluster factors	Myb-related	cluster_34	0.4818993625046949	0.48175835403180434	1.0	1.0	1.0	1.0
MA1353.2	AT1G72740	Tryptophan cluster factors	MYB-related	cluster_02	0.48075957835543637	0.47968173107157525	0.998001998001998	1.0	1.0	1.0
MA1014.1	GATA11	Other C4 zinc finger-type factors	C4-GATA-related	cluster_13	0.48002977351828185	0.4919070880922271	1.0	0.999000999000999	1.0	1.0
MA1404.1	BPC1	BBR/BPC	NA	cluster_21	0.47994722539730517	0.4782679997616043	1.0	1.0	1.0	1.0
MA2357.1	PK21687.1	Tryptophan cluster factors	MYB-related	cluster_18	0.4778678144924754	0.5364764106217066	1.0	0.994005994005994	1.0	1.0
MA1802.2	TRP5	Tryptophan cluster factors	MYB-related	cluster_18	0.47776118983621413	0.5093291384397568	1.0	0.999000999000999	1.0	1.0
MA2032.2	TRB1	Tryptophan cluster factors	MYB-related	cluster_02	0.4753969176706028	0.4858215324976225	1.0	1.0	1.0	1.0
MA1354.1	AT4G12670	Tryptophan cluster factors	Myb-related	cluster_34	0.47090938091089257	0.4783692161140446	1.0	1.0	1.0	1.0
MA1812.2	ASR1	Tryptophan cluster factors	MYB-related	cluster_01	0.4634499180210931	0.4707983542938475	1.0	1.0	1.0	1.0
