motif_id	tf_name	tf_class	tf_family	jaspar_cluster	auc_roc	auc_prc	p_value_roc	p_value_prc	p_value_roc_adj	p_value_prc_adj
MA0555.2	SVP	MADS box factors	Type II	cluster_23	0.621977875516459	0.6216263503306027	0.000999000999000999	0.000999000999000999	0.03811188811188811	0.025407925407925407
MA0001.3	AGL3	MADS box factors	Type II	cluster_23	0.6171864587498326	0.5772847978281159	0.000999000999000999	0.003996003996003996	0.03811188811188811	0.05978335390100096
MA1012.1	AGL27	MADS box factors	MIKC	cluster_23	0.6158736505397835	0.5983107874056239	0.000999000999000999	0.000999000999000999	0.03811188811188811	0.025407925407925407
MA1301.2	WRKY33	GCM domain factors	WRKY	cluster_10	0.6112355057976803	0.6059431876495388	0.000999000999000999	0.000999000999000999	0.03811188811188811	0.025407925407925407
MA0556.2	AP3	MADS box factors	Type II	cluster_23	0.6059576169532179	0.6001446237800293	0.000999000999000999	0.000999000999000999	0.03811188811188811	0.025407925407925407
MA0955.2	POPTR_0002s00440g	C3H(C),C2HC zinc fingers factors	SBP	cluster_28	0.6052112488337998	0.6283351035083733	0.000999000999000999	0.000999000999000999	0.03811188811188811	0.025407925407925407
MA0584.2	SEP1	MADS box factors	Type II	cluster_23	0.6043382646941206	0.5975356183672099	0.000999000999000999	0.000999000999000999	0.03811188811188811	0.025407925407925407
MA1203.1	AGL63	MADS box factors	MIKC	cluster_23	0.6042782886845254	0.6176033005106968	0.000999000999000999	0.000999000999000999	0.03811188811188811	0.025407925407925407
MA1304.2	WRKY59	GCM domain factors	WRKY	cluster_10	0.6010795681727303	0.6486025027278163	0.000999000999000999	0.000999000999000999	0.03811188811188811	0.025407925407925407
MA1330.2	ZHD6	Homeo domain factors	PLINC	cluster_09	0.5983606557377055	0.5848588725472403	0.000999000999000999	0.000999000999000999	0.03811188811188811	0.025407925407925407
MA0553.1	SMZ	AP2/EREBP	AP2	cluster_36	0.5967746234839398	0.5582375577940565	0.000999000999000999	0.016983016983016984	0.03811188811188811	0.1727738927738928
MA1317.2	WRKY50	GCM domain factors	WRKY	cluster_10	0.595921631347461	0.6250506052322311	0.000999000999000999	0.000999000999000999	0.03811188811188811	0.025407925407925407
MA1297.2	WRKY26	GCM domain factors	WRKY	cluster_10	0.5958150073304015	0.59494082254719	0.001998001998001998	0.000999000999000999	0.04483751542575072	0.025407925407925407
MA1309.1	WRKY3	GCM domain factors	WRKY	cluster_10	0.595081967213114	0.5721103876169776	0.000999000999000999	0.003996003996003996	0.03811188811188811	0.05978335390100096
MA1298.2	WRKY29	GCM domain factors	WRKY	cluster_10	0.5945954951352792	0.5761380075469174	0.000999000999000999	0.000999000999000999	0.03811188811188811	0.025407925407925407
MA1199.1	AGL16	MADS box factors	MIKC	cluster_23	0.5938158070105296	0.6034577465799553	0.001998001998001998	0.000999000999000999	0.04483751542575072	0.025407925407925407
MA2344.1	REV	Homeo domain factors	HD-ZIP	cluster_09	0.5936492069838721	0.5435178737676529	0.001998001998001998	0.03696303696303696	0.04483751542575072	0.30002975747656596
MA1315.2	WRKY24	GCM domain factors	WRKY	cluster_10	0.5935159269625483	0.583490914654484	0.000999000999000999	0.000999000999000999	0.03811188811188811	0.025407925407925407
MA1087.3	WRKY45	GCM domain factors	WRKY	cluster_10	0.5927029188324677	0.5826383006370899	0.001998001998001998	0.002997002997002997	0.04483751542575072	0.05444555444555445
MA1279.2	DOF1.5	Other C4 zinc finger-type factors	DOF	cluster_08	0.5924296947887512	0.5963092657647793	0.001998001998001998	0.000999000999000999	0.04483751542575072	0.025407925407925407
MA0548.3	AGL15	MADS box factors	Type II	cluster_23	0.5919832067173133	0.5983691643595019	0.000999000999000999	0.000999000999000999	0.03811188811188811	0.025407925407925407
MA1296.2	WRKY46	GCM domain factors	WRKY	cluster_10	0.5903638544582164	0.5948568035469632	0.001998001998001998	0.000999000999000999	0.04483751542575072	0.025407925407925407
MA0558.2	FLC	MADS box factors	Type II	cluster_23	0.5900706384113019	0.578689573834842	0.001998001998001998	0.001998001998001998	0.04483751542575072	0.04355644355644356
MA0554.2	SOC1	MADS box factors	Type II	cluster_23	0.589510862321737	0.5657268190251641	0.001998001998001998	0.005994005994005994	0.04483751542575072	0.07885218230045817
MA2358.1	PK22320.1	C3H(C),C2HC zinc-fingers like factors	SBP	cluster_28	0.588791150206584	0.620067405851497	0.000999000999000999	0.000999000999000999	0.03811188811188811	0.025407925407925407
MA1387.2	HRS1	Tryptophan cluster factors	GARP_G2-like	cluster_04	0.5863587898174053	0.5503414541269431	0.001998001998001998	0.027972027972027972	0.04483751542575072	0.24817043421694587
MA1303.2	WRKY22	GCM domain factors	WRKY	cluster_10	0.5844728775156609	0.5645089259685889	0.001998001998001998	0.004995004995004995	0.04483751542575072	0.06805694305694306
MA1392.3	MYB98	Tryptophan cluster factors	MYB	cluster_11	0.5836998533919768	0.5702744625221554	0.000999000999000999	0.003996003996003996	0.03811188811188811	0.05978335390100096
MA1316.2	WRKY71	GCM domain factors	WRKY	cluster_10	0.5836132213781152	0.5807416584863319	0.002997002997002997	0.001998001998001998	0.05863367401828941	0.04355644355644356
MA1306.2	WRKY11	GCM domain factors	WRKY	cluster_10	0.5835532453685197	0.5874202681038485	0.001998001998001998	0.000999000999000999	0.04483751542575072	0.025407925407925407
MA0586.3	SPL14	C3H(C),C2HC zinc fingers factors	SBP	cluster_28	0.5832800213248034	0.5816322077496938	0.005994005994005994	0.003996003996003996	0.08166833166833166	0.05978335390100096
MA1761.2	HSFB3	Heat shock factors	HSF	cluster_04	0.5828735172597613	0.5597615725284505	0.002997002997002997	0.012987012987012988	0.05863367401828941	0.1436100131752306
MA1312.2	WRKY47	GCM domain factors	WRKY	cluster_10	0.5826669332267091	0.5606266348333093	0.001998001998001998	0.008991008991008992	0.04483751542575072	0.10554061323292092
MA1318.2	WRKY27	GCM domain factors	WRKY	cluster_10	0.5823470611755298	0.5745292982754721	0.003996003996003996	0.002997002997002997	0.06775446775446775	0.05444555444555445
MA1275.2	DOF1.6	Other C4 zinc finger-type factors	DOF	cluster_03	0.5816673330667734	0.626400118247593	0.006993006993006993	0.000999000999000999	0.0874699071420383	0.025407925407925407
MA1270.2	DOF3.2	Other C4 zinc finger-type factors	DOF	cluster_08	0.5807676929228299	0.5704572854470291	0.000999000999000999	0.003996003996003996	0.03811188811188811	0.05978335390100096
MA1057.2	SPL12	C3H(C),C2HC zinc fingers factors	SBP	cluster_28	0.5804011728641876	0.6147051871765147	0.004995004995004995	0.000999000999000999	0.0747291923762512	0.025407925407925407
MA1314.2	WRKY14	GCM domain factors	WRKY	cluster_10	0.5789550846328138	0.5545855719455869	0.001998001998001998	0.017982017982017984	0.04483751542575072	0.17818545091272364
MA1059.3	SPL5	C3H(C),C2HC zinc fingers factors	SBP	cluster_28	0.5785619085699051	0.5698163920938872	0.005994005994005994	0.004995004995004995	0.08166833166833166	0.06805694305694306
MA1799.2	SPL10	C3H(C),C2HC zinc fingers factors	SBP	cluster_28	0.5781220844995336	0.6140552131909519	0.002997002997002997	0.000999000999000999	0.05863367401828941	0.025407925407925407
MA0590.1	LFY	LEAFY	NA	cluster_42	0.578115420498469	0.5484941032461421	0.003996003996003996	0.026973026973026972	0.06775446775446775	0.2421225832990539
MA1028.1	KAN4	Tryptophan cluster factors	GARP_G2-like	cluster_04	0.578055444488871	0.5713037733847193	0.005994005994005994	0.015984015984015984	0.08166833166833166	0.17177189008174923
MA1276.2	DOF3.5	Other C4 zinc finger-type factors	DOF	cluster_03	0.5777555644408903	0.6673848193498512	0.000999000999000999	0.000999000999000999	0.03811188811188811	0.025407925407925407
MA0005.3	AG	MADS box factors	Type II	cluster_23	0.5772890843662544	0.5478364005185148	0.002997002997002997	0.03396603396603397	0.05863367401828941	0.2847921309459771
MA1299.2	WRKY17	GCM domain factors	WRKY	cluster_10	0.575636412101825	0.5718193947639403	0.006993006993006993	0.003996003996003996	0.0874699071420383	0.05978335390100096
MA1326.2	ZHD5	Homeo domain factors	PLINC	cluster_09	0.5751899240303876	0.5690319634496052	0.001998001998001998	0.016983016983016984	0.04483751542575072	0.1727738927738928
MA1796.1	RAP2-7	AP2/EREBP	AP2	cluster_36	0.5749966679994665	0.5525955244480499	0.005994005994005994	0.028971028971028972	0.08166833166833166	0.25119198982835345
MA2355.1	PK06791.1	C3H(C),C2HC zinc-fingers like factors	SBP	cluster_28	0.574916699986672	0.6145143620392294	0.004995004995004995	0.000999000999000999	0.0747291923762512	0.025407925407925407
MA1091.1	WRKY62	GCM domain factors	WRKY	cluster_10	0.5748300679728109	0.5708438265520798	0.004995004995004995	0.01098901098901099	0.0747291923762512	0.1251435132032147
MA1313.2	WRKY7	GCM domain factors	WRKY	cluster_10	0.5735105957616955	0.5800059978229603	0.007992007992007992	0.000999000999000999	0.09527972027972027	0.025407925407925407
MA2089.1	PK25870.1	GCM domain factors	WRKY	cluster_10	0.5720378515260561	0.6269159951575627	0.006993006993006993	0.004995004995004995	0.0874699071420383	0.06805694305694306
MA2415.1	EREB138	AP2/EREBP	ERF/DREB	cluster_24	0.571837931494069	0.5378499900623075	0.004995004995004995	0.060939060939060936	0.0747291923762512	0.40431742170872603
MA1302.2	WRKY65	GCM domain factors	WRKY	cluster_10	0.571831267493002	0.5467673720812107	0.006993006993006993	0.04595404595404595	0.0874699071420383	0.3437542849307555
MA1078.2	WRKY2	GCM domain factors	WRKY	cluster_10	0.5715180594428896	0.5802628902700363	0.002997002997002997	0.017982017982017984	0.05863367401828941	0.17818545091272364
MA0973.2	CDF2	Other C4 zinc finger-type factors	DOF	cluster_03	0.5710382513661204	0.6446148829597365	0.003996003996003996	0.007992007992007992	0.06775446775446775	0.09527972027972027
MA1205.1	AGL6	MADS box factors	MIKC	cluster_23	0.57073837131814	0.5887830019141056	0.003996003996003996	0.000999000999000999	0.06775446775446775	0.025407925407925407
MA0577.4	SPL3	C3H(C),C2HC zinc fingers factors	SBP	cluster_28	0.5707183793149403	0.5795300468576374	0.003996003996003996	0.002997002997002997	0.06775446775446775	0.05444555444555445
MA1320.2	SPL15	C3H(C),C2HC zinc fingers factors	SBP	cluster_28	0.5698187391709982	0.5856486872011663	0.007992007992007992	0.002997002997002997	0.09527972027972027	0.05444555444555445
MA1295.2	WRKY20	GCM domain factors	WRKY	cluster_10	0.5697720911635343	0.5609130355237726	0.003996003996003996	0.016983016983016984	0.06775446775446775	0.1727738927738928
MA0940.1	AP1	MADS box factors	MIKC	cluster_23	0.5693589230974276	0.537409721908467	0.007992007992007992	0.06693306693306693	0.09527972027972027	0.4255827505827506
MA2361.1	PRUPE_ppa000682mg	C3H(C),C2HC zinc-fingers like factors	SBP	cluster_28	0.5684392909502863	0.6116494096797193	0.004995004995004995	0.001998001998001998	0.0747291923762512	0.04355644355644356
MA1080.1	WRKY23	GCM domain factors	WRKY	cluster_10	0.5683393309342928	0.5642409901833412	0.004995004995004995	0.01098901098901099	0.0747291923762512	0.1251435132032147
MA1094.3	WRKY8	GCM domain factors	WRKY	cluster_10	0.5682193789150994	0.5719638235314823	0.013986013986013986	0.005994005994005994	0.1442071442071442	0.07885218230045817
MA1329.3	ZHD1	Homeo domain factors	PLINC	cluster_09	0.5679261628681859	0.5556277805914394	0.011988011988011988	0.04695304695304695	0.13652019622168876	0.3478172313123769
MA1204.1	AGL13	MADS box factors	MIKC	cluster_23	0.5673797147807544	0.5792166945839629	0.00999000999000999	0.002997002997002997	0.11549057003602459	0.05444555444555445
MA1750.1	E2FE	Fork head/winged helix factors	E2F	cluster_27	0.5673197387711584	0.5436086989486919	0.012987012987012988	0.04495504495504495	0.13956466069142126	0.3396108841653396
MA1732.1	E2FD	Fork head/winged helix factors	E2F	cluster_27	0.5673197387711584	0.5436086989486919	0.013986013986013986	0.04495504495504495	0.1442071442071442	0.3396108841653396
MA2369.1	ZHD14	Homeo domain factors	PLINC	cluster_04	0.5660469145675058	0.5302380609744285	0.008991008991008992	0.0989010989010989	0.10554061323292092	0.5543547361729181
MA1327.3	ATHB-23	Homeo domain factors	HD-ZIP	cluster_09	0.5660402505664401	0.6913125075037826	0.005994005994005994	0.003996003996003996	0.08166833166833166	0.05978335390100096
MA0990.2	HDG11	Homeo domain factors	HD-ZIP	cluster_09	0.565673730507797	0.5714040034078675	0.013986013986013986	0.006993006993006993	0.1442071442071442	0.0874699071420383
MA1300.2	WRKY6	GCM domain factors	WRKY	cluster_10	0.5631880581100892	0.5417837177711546	0.012987012987012988	0.08391608391608392	0.13956466069142126	0.5041572600627718
MA1794.2	NLP7	RWP-RK	NA	cluster_10	0.562994802079168	0.5489431910927499	0.012987012987012988	0.16683316683316685	0.13956466069142126	0.7232596948506039
MA1015.2	GATA12	Other C4 zinc finger-type factors	C4-GATA-related	cluster_13	0.5617219778755165	0.6511272014306105	0.006993006993006993	0.004995004995004995	0.0874699071420383	0.06805694305694306
MA1814.2	RIN	MADS box factors	Type II	cluster_23	0.5616220178595231	0.5874212962311472	0.016983016983016984	0.000999000999000999	0.1682862591953501	0.025407925407925407
MA1055.3	SPL1	C3H(C),C2HC zinc fingers factors	SBP	cluster_28	0.5613887778222043	0.5674080080391579	0.01898101898101898	0.004995004995004995	0.1810314685314685	0.06805694305694306
MA2009.2	NAC010	GCM domain factors	NAC	cluster_16	0.5610555777688911	0.5575279322373711	0.01998001998001998	0.011988011988011988	0.18367174993681018	0.13451254627725215
MA1830.2	Zm00001d015407	Tryptophan cluster factors	GARP_G2-like	cluster_04	0.5606890577102479	0.5314068540517312	0.017982017982017984	0.1038961038961039	0.17367442683898382	0.5543547361729181
MA1261.2	ERF122	AP2/EREBP	ERF/DREB	cluster_24	0.5605357856857249	0.5467307138568827	0.01998001998001998	0.03796203796203796	0.18367174993681018	0.3048951048951049
MA1079.3	WRKY21	GCM domain factors	WRKY	cluster_10	0.5603292016526722	0.5779268154140577	0.023976023976023976	0.001998001998001998	0.205547261727037	0.04355644355644356
MA1166.2	PHL12	Tryptophan cluster factors	GARP_G2-like	cluster_04	0.5600559776089562	0.5284192851520336	0.015984015984015984	0.11388611388611389	0.1604711078395289	0.591123162551734
MA1048.1	ERF018	AP2/EREBP	ERF/DREB	cluster_15	0.5600359856057574	0.5503796915237524	0.017982017982017984	0.05094905094905095	0.17367442683898382	0.37378967186659495
MA0563.2	SEP3	MADS box factors	Type II	cluster_23	0.5596161535385846	0.5306797162928565	0.015984015984015984	0.1008991008991009	0.1604711078395289	0.5543547361729181
MA1389.2	PHL1	Tryptophan cluster factors	GARP_G2-like	cluster_04	0.5592896174863381	0.5490720411711318	0.02197802197802198	0.026973026973026972	0.19499105545617176	0.2421225832990539
MA2449.1	SPL6A	C3H(C),C2HC zinc-fingers like factors	SBP	cluster_38	0.5586232173797145	0.5348454085360407	0.023976023976023976	0.0899100899100899	0.205547261727037	0.5317937876077411
MA0933.1	AHL20	A.T hook factors	AHL	cluster_09	0.5578701852592295	0.6394676377003569	0.01998001998001998	0.006993006993006993	0.18367174993681018	0.0874699071420383
MA2363.1	TOE2	AP2/EREBP	AP2	cluster_36	0.5578501932560307	0.520846407913081	0.027972027972027972	0.2017982017982018	0.23453469607315763	0.7885218230045816
MA1086.2	WRKY43	GCM domain factors	WRKY	cluster_10	0.5568505930960949	0.6534235998733824	0.026973026973026972	0.022977022977022976	0.22867132867132867	0.21643788310454976
MA1689.2	ARF18	B3	ARF	cluster_17	0.5545648407303743	0.5550519032070557	0.02097902097902098	0.026973026973026972	0.18831756478815304	0.2421225832990539
MA1280.2	DOF5.4	Other C4 zinc finger-type factors	DOF	cluster_03	0.5541450086632013	0.6944793818186275	0.012987012987012988	0.003996003996003996	0.13956466069142126	0.05978335390100096
MA1081.3	WRKY25	GCM domain factors	WRKY	cluster_10	0.5541050246568034	0.5410266016362847	0.03396603396603397	0.07292707292707293	0.2722277722277722	0.44514685314685315
MA1018.2	GATA9	Other C4 zinc finger-type factors	C4-GATA-related	cluster_13	0.5539850726376117	0.6477321998627811	0.022977022977022976	0.006993006993006993	0.20151113254561528	0.0874699071420383
MA0585.2	AGL1	MADS box factors	Type II	cluster_23	0.553585232573638	0.5514547062300134	0.03796203796203796	0.02097902097902098	0.2804459691252144	0.20008741258741258
MA0977.1	DOF2.5	Other C4 zinc finger-type factors	DOF	cluster_03	0.5530787684926032	0.5516336861750828	0.028971028971028972	0.24075924075924077	0.23768704413865707	0.8229469645398848
MA1827.2	Zm00001d044785	Tryptophan cluster factors	GARP_G2-like	cluster_05	0.5524256963881116	0.5554290383869199	0.02097902097902098	0.17882117882117882	0.18831756478815304	0.7496734035195574
MA0082.2	squamosa	MADS box factors	Type II	cluster_23	0.552412368385979	0.5384910263999739	0.028971028971028972	0.059940059940059943	0.23768704413865707	0.40431742170872603
MA1322.3	SPL9	C3H(C),C2HC zinc fingers factors	SBP	cluster_28	0.5521791283486602	0.5658980896886573	0.03896103896103896	0.025974025974025976	0.2804459691252144	0.24168514412416853
MA1321.2	SPL13A	C3H(C),C2HC zinc fingers factors	SBP	cluster_28	0.5519525523124079	0.5812381760438992	0.04495504495504495	0.000999000999000999	0.3146853146853147	0.025407925407925407
MA1305.2	WRKY55	GCM domain factors	WRKY	cluster_10	0.5517726242836197	0.5173763763760016	0.03596403596403597	0.3106893106893107	0.277177368086459	0.9077029840388618
MA1090.2	WRKY60	GCM domain factors	WRKY	cluster_10	0.5505997600959617	0.5676769772463454	0.03796203796203796	0.057942057942057944	0.2804459691252144	0.39828639828639834
MA1167.2	EFM	Tryptophan cluster factors	GARP_G2-like	cluster_04	0.5505331200852992	0.5196406709992104	0.03496503496503497	0.24375624375624375	0.2722277722277722	0.8229469645398848
MA2452.1	SPL8A	C3H(C),C2HC zinc-fingers like factors	SBP	cluster_33	0.550153272024523	0.5190235921563147	0.03896103896103896	0.23176823176823177	0.2804459691252144	0.817422396607917
MA1328.1	ZHD9	Homeo domain factors	PLINC	cluster_06	0.5501266160202595	0.5410253790699019	0.03796203796203796	0.052947052947052944	0.2804459691252144	0.3775570224168355
MA1835.2	TFLG2-Zm00001d042777	Basic leucine zipper factors (bZIP)	Group D	cluster_28	0.5499466879914702	0.5334338032744023	0.03396603396603397	0.13086913086913088	0.2722277722277722	0.6360073047971138
MA1056.2	SPL11	C3H(C),C2HC zinc fingers factors	SBP	cluster_28	0.5498667199786751	0.568273754818784	0.03696303696303696	0.007992007992007992	0.2804459691252144	0.09527972027972027
MA2398.1	AS2	Other C4 zinc finger-type factors	LBD	cluster_37	0.5497534319605505	0.5429328782134374	0.03496503496503497	0.03896103896103896	0.2722277722277722	0.30965909090909094
MA0950.1	ATHB-12	Homeo domain factors	HD-ZIP	cluster_09	0.5490670398507264	0.551514870344494	0.04395604395604396	0.23276723276723277	0.31054131054131057	0.817422396607917
MA1248.2	ERF012	AP2/EREBP	ERF/DREB	cluster_15	0.5490137278421966	0.5813381177550985	0.04295704295704296	0.001998001998001998	0.30631984837592313	0.04355644355644356
MA1198.2	HAT2	Homeo domain factors	HD-ZIP	cluster_09	0.5488404638144742	0.5691736343655153	0.04695304695304695	0.11188811188811189	0.3227493227493228	0.5887629611767543
MA0578.1	SPL8	C3H(C),C2HC zinc fingers factors	SBP	cluster_40	0.5481940557110473	0.5922051677206841	0.04995004995004995	0.000999000999000999	0.33727334612290366	0.025407925407925407
MA2380.1	DOF4.7	Other C4 zinc finger-type factors	DOF	cluster_03	0.548147407703585	0.5350233796647006	0.057942057942057944	0.2817182817182817	0.3715108420990774	0.8702471617451375
MA2088.1	PK24580.1	AP2/EREBP	ERF/DREB	cluster_15	0.5481340797014529	0.5446451989114863	0.03896103896103896	0.04395604395604396	0.2804459691252144	0.3387723387723388
MA0123.1	abi4	AP2/EREBP	ERF/DREB	cluster_24	0.5474876715980282	0.5281282237978797	0.059940059940059943	0.13586413586413587	0.37487103060873556	0.647902097902098
MA1380.1	TCX6	CPP	NA	cluster_06	0.5469745435159259	0.5244362765677366	0.06493506493506493	0.15884115884115885	0.3961235614778922	0.7129164952694365
MA2065.1	PK08602.1	AP2/EREBP	NA	cluster_15	0.5465680394508863	0.5949063905337876	0.04795204795204795	0.002997002997002997	0.32667332667332666	0.05444555444555445
MA1268.2	CDF5	Other C4 zinc finger-type factors	DOF	cluster_08	0.5465013994402228	0.5387276583356583	0.04695304695304695	0.054945054945054944	0.3227493227493228	0.38817663817663817
MA1093.2	WRKY75	GCM domain factors	WRKY	cluster_10	0.5461815273890445	0.5317200749785892	0.056943056943056944	0.30569430569430567	0.36819959701315635	0.9005589005589005
MA1024.2	HAT1	Homeo domain factors	HD-ZIP	cluster_09	0.5455751032920166	0.5491105788895672	0.056943056943056944	0.26173826173826176	0.36819959701315635	0.8462131089249734
MA1667.3	HSFC1	Heat shock factors	HSF	cluster_39	0.5454351592696256	0.5424061066667591	0.060939060939060936	0.16483516483516483	0.3780203536301097	0.7186813186813187
MA1014.1	GATA11	Other C4 zinc finger-type factors	C4-GATA-related	cluster_13	0.5453418632546981	0.515193499130171	0.055944055944055944	0.3836163836163836	0.36797685073547143	0.9840260074373786
MA0943.2	ARF5	B3	ARF	cluster_15	0.5448020791683328	0.5316631327173473	0.07092907092907093	0.13586413586413587	0.41629908552985473	0.647902097902098
MA1681.2	SRM1	Tryptophan cluster factors	MYB-related	cluster_05	0.5445888311342131	0.5321724024587746	0.06593406593406594	0.09290709290709291	0.3961235614778922	0.5329933224670067
MA2374.1	AHL13	A.T hook factors	AHL	cluster_09	0.5428961748633881	0.5947594119711388	0.06593406593406594	0.18981018981018982	0.3961235614778922	0.7622377622377623
MA1092.2	WRKY63	GCM domain factors	WRKY	cluster_10	0.5428761828601892	0.6106587737231988	0.059940059940059943	0.055944055944055944	0.37487103060873556	0.3916083916083916
MA2021.2	LBD13	Other C4 zinc finger-type factors	LBD	cluster_48	0.5428628548580569	0.530390453331608	0.08091908091908091	0.17682317682317683	0.425665243847062	0.7453927288181432
MA2447.1	SPL5B	C3H(C),C2HC zinc-fingers like factors	SBP	cluster_33	0.5426695988271357	0.542210952893621	0.059940059940059943	0.3386613386613387	0.37487103060873556	0.9389885476841998
MA0971.2	DREB1A	AP2/EREBP	ERF/DREB	cluster_15	0.5425163268026122	0.5337116005910401	0.06593406593406594	0.11388611388611389	0.3961235614778922	0.591123162551734
MA1269.2	DOF4.5	Other C4 zinc finger-type factors	DOF	cluster_03	0.5418232706917224	0.6047082305524347	0.08191808191808192	0.000999000999000999	0.425665243847062	0.025407925407925407
MA1274.1	DOF3.6	Other C4 zinc finger-type factors	DOF	cluster_08	0.541663334666132	0.530740688247016	0.07892107892107893	0.12887112887112886	0.425665243847062	0.6303119956966111
MA1027.2	KAN1	Tryptophan cluster factors	GARP_G2-like	cluster_04	0.5413901106224178	0.7183195801883796	0.03496503496503497	0.03696303696303696	0.2722277722277722	0.30002975747656596
MA2428.1	SPL13B	C3H(C),C2HC zinc-fingers like factors	SBP	cluster_38	0.5413834466213517	0.5179529802379192	0.07392607392607392	0.22977022977022976	0.425665243847062	0.817422396607917
MA1825.2	Zm00001d044409	Tryptophan cluster factors	MYB-related	cluster_05	0.5412101825936292	0.68151276749803	0.052947052947052944	0.028971028971028972	0.3543736964789596	0.25119198982835345
MA1234.2	ERF017	AP2/EREBP	ERF/DREB	cluster_15	0.5411768625882982	0.558634186279496	0.08591408591408592	0.02097902097902098	0.425665243847062	0.20008741258741258
MA2038.2	NAC103	GCM domain factors	NAC	cluster_25	0.5411635345861654	0.6077877132445493	0.08191808191808192	0.03496503496503497	0.425665243847062	0.2899817573730617
MA1379.1	SOL1	CPP	NA	cluster_06	0.5411502065840328	0.5376275363367375	0.07092907092907093	0.06593406593406594	0.41629908552985473	0.422753716871364
MA2020.2	HSFB4	Heat shock factors	HSF	cluster_04	0.5409769425563106	0.5348461463330815	0.07692307692307693	0.08891108891108891	0.425665243847062	0.5299934440559441
MA1032.2	DREB1G	AP2/EREBP	ERF/DREB	cluster_15	0.540850326536052	0.5401321231599311	0.07992007992007992	0.07392607392607392	0.425665243847062	0.4476634476634476
MA1163.3	PHL11	Tryptophan cluster factors	GARP_G2-like	cluster_04	0.5407370385179254	0.5323690860401576	0.08391608391608392	0.1028971028971029	0.425665243847062	0.5543547361729181
MA2418.1	IG1	Other C4 zinc finger-type factors	LBD	cluster_24	0.5407303745168606	0.5383209281872595	0.07792207792207792	0.060939060939060936	0.425665243847062	0.40431742170872603
MA1416.1	RAMOSA1	C2H2 zinc finger factors	C2H2	cluster_21	0.5407303745168597	0.5335902487728521	0.07792207792207792	0.15884115884115885	0.425665243847062	0.7129164952694365
MA1368.3	GT-4	Tryptophan cluster factors	Trihelix	cluster_02	0.5407170465147276	0.5314445247761818	0.08291708291708291	0.1018981018981019	0.425665243847062	0.5543547361729181
MA1341.2	BZIP53	Basic leucine zipper factors (bZIP)	Group S	cluster_14	0.5404304944688798	0.512611503158029	0.07892107892107893	0.2957042957042957	0.425665243847062	0.8983516483516484
MA1747.2	DOF4.3	Other C4 zinc finger-type factors	DOF	cluster_03	0.5404038384646145	0.5396418506029034	0.08691308691308691	0.05194805194805195	0.4278366794495827	0.37392795883361923
MA2423.1	OsbZIP69	Basic leucine zipper factors (bZIP)	Group A	cluster_14	0.5403705184592829	0.52152465546938	0.08291708291708291	0.18981018981018982	0.425665243847062	0.7622377622377623
MA1748.2	DREB1F	AP2/EREBP	ERF/DREB	cluster_15	0.5401106224176996	0.584745208467756	0.07692307692307693	0.007992007992007992	0.425665243847062	0.09527972027972027
MA1176.2	MYB119	Tryptophan cluster factors	MYB	cluster_11	0.5399040383846456	0.5025467544747595	0.07592407592407592	0.42157842157842157	0.425665243847062	0.9983911793727744
MA1085.3	WRKY40	GCM domain factors	WRKY	cluster_10	0.5398773823803812	0.688925086175497	0.054945054945054944	0.06593406593406594	0.3645484949832776	0.422753716871364
MA1273.2	DOF4.2	Other C4 zinc finger-type factors	DOF	cluster_03	0.5397174463547909	0.5099843156746771	0.07992007992007992	0.35364635364635366	0.425665243847062	0.9501132670146755
MA1660.2	NAC013	GCM domain factors	NAC	cluster_16	0.5388511262161791	0.5116340929403463	0.07692307692307693	0.3046953046953047	0.425665243847062	0.9005589005589005
MA1759.2	HSFA4A	Heat shock factors	HSF	cluster_04	0.5388377982140474	0.5444247157609448	0.07992007992007992	0.03996003996003996	0.425665243847062	0.31111745397459684
MA2352.1	PC-MYB1	Tryptophan cluster factors	MYB	cluster_11	0.5383579901372786	0.5410859864389785	0.1028971028971029	0.06593406593406594	0.4816594448496289	0.422753716871364
MA1207.2	GT-3a	Tryptophan cluster factors	Trihelix	cluster_07	0.5382780221244835	0.5480257220548375	0.11288711288711288	0.03996003996003996	0.5022838433243058	0.31111745397459684
MA1415.2	REF6	C2H2 zinc finger factors	Jumonji	cluster_11	0.538244702119152	0.5299338592572993	0.06693306693306693	0.24675324675324675	0.39898382867132864	0.8257575757575758
MA1797.1	RAV2	B3	RAV	cluster_17	0.5382047181127548	0.5836932333567838	0.08491508491508491	0.003996003996003996	0.425665243847062	0.05978335390100096
MA1229.2	ERF034	AP2/EREBP	ERF/DREB	cluster_15	0.5377382380381173	0.5298062456718563	0.1088911088911089	0.12187812187812187	0.4945471195471196	0.607797431326843
MA1232.2	ERF054	AP2/EREBP	ERF/DREB	cluster_15	0.5374783419965349	0.5828461495691286	0.09490509490509491	0.002997002997002997	0.4612266714177542	0.05444555444555445
MA2432.1	SPL15B	C3H(C),C2HC zinc-fingers like factors	SBP	cluster_52	0.5374716779954687	0.6280757703880784	0.08291708291708291	0.07092907092907093	0.425665243847062	0.43999090340553754
MA1230.2	ERF037	AP2/EREBP	ERF/DREB	cluster_15	0.5372584299613486	0.5180652482907628	0.08591408591408592	0.22977022977022976	0.425665243847062	0.817422396607917
MA2031.2	AT5G04760	Tryptophan cluster factors	MYB-related	cluster_05	0.5367719578835135	0.5443469309113823	0.0989010989010989	0.13686313686313686	0.4658119658119658	0.6486122573079095
MA1734.1	AT1G19040	GCM domain factors	NAC	cluster_16	0.5362388377982145	0.5314848931656645	0.0969030969030969	0.11688311688311688	0.4658119658119658	0.6025798525798526
MA1005.3	ERF082	AP2/EREBP	ERF/DREB	cluster_24	0.5359322937491671	0.5423614447399983	0.0979020979020979	0.05194805194805195	0.4658119658119658	0.37392795883361923
MA1168.2	MYR2	Tryptophan cluster factors	GARP_G2-like	cluster_04	0.5355990936958549	0.5506230280122602	0.11288711288711288	0.1028971028971029	0.5022838433243058	0.5543547361729181
MA2368.1	WRKY51	GCM domain factors	WRKY	cluster_10	0.5353991736638678	0.6492644583283811	0.08491508491508491	0.10789210789210789	0.425665243847062	0.5716783216783217
MA2437.1	SPL19B	C3H(C),C2HC zinc-fingers like factors	SBP	cluster_38	0.5351792616286823	0.5255498454925743	0.08791208791208792	0.14285714285714285	0.4299802761341224	0.6606060606060605
MA1308.2	WRKY70	GCM domain factors	WRKY	cluster_10	0.5351592696254831	0.5047041302927975	0.1108891108891109	0.43756243756243757	0.5006413704638557	1.0
MA1006.2	ERF6	AP2/EREBP	ERF/DREB	cluster_15	0.5349393575902972	0.5493507738164836	0.10789210789210789	0.030969030969030968	0.49294418156693603	0.26254856254856257
MA1000.3	ERF105	AP2/EREBP	ERF/DREB	cluster_24	0.5348593895775021	0.5246521009256967	0.11988011988011989	0.16883116883116883	0.5109973825057624	0.7236976506639428
MA1004.2	ERF13	AP2/EREBP	ERF/DREB	cluster_24	0.5347461015593763	0.5166447036344329	0.11988011988011989	0.34865134865134867	0.5109973825057624	0.9501132670146755
MA1804.2	WIN1	AP2/EREBP	ERF/DREB	cluster_30	0.5347327735572438	0.577269658799722	0.10589410589410589	0.016983016983016984	0.48968001695274416	0.1727738927738928
MA1807.2	ZHD10	Homeo domain factors	PLINC	cluster_09	0.5345061975209915	0.5846884761044367	0.1258741258741259	0.3226773226773227	0.5277030661646047	0.9243554952510176
MA1334.2	BZIP11	Basic leucine zipper factors (bZIP)	Group S	cluster_14	0.5343929095028649	0.5079303211690633	0.11388611388611389	0.34865134865134867	0.5022838433243058	0.9501132670146755
MA1008.2	PHYPADRAFT_182268	AP2/EREBP	ERF/DREB	cluster_15	0.5343196054911369	0.5321931714634608	0.10589410589410589	0.2887112887112887	0.48968001695274416	0.884685595528969
MA1077.2	WRKY18	GCM domain factors	WRKY	cluster_10	0.5341130214580834	0.649231412017641	0.0989010989010989	0.1038961038961039	0.4658119658119658	0.5543547361729181
MA1669.2	DREB1B	AP2/EREBP	ERF/DREB	cluster_15	0.5339197654271622	0.5346934667571153	0.10789210789210789	0.0919080919080919	0.49294418156693603	0.5329933224670067
MA2444.1	SPL4A	C3H(C),C2HC zinc-fingers like factors	SBP	cluster_38	0.5338731174196985	0.5190068811599036	0.12987012987012986	0.23576423576423577	0.5356265356265356	0.817422396607917
MA2017.2	JUB1	GCM domain factors	NAC	cluster_47	0.5337465013994399	0.5664347958543393	0.11588411588411589	0.029970029970029972	0.5052547452547453	0.25693407715879624
MA2033.2	NAC038	GCM domain factors	NAC	cluster_16	0.5335599093695857	0.5219490942515784	0.11888111888111888	0.16883116883116883	0.5109973825057624	0.7236976506639428
MA1083.3	WRKY30	GCM domain factors	WRKY	cluster_10	0.5330067972810878	0.5073968903856355	0.11988011988011989	0.3956043956043956	0.5109973825057624	0.9929149797570849
MA2386.1	estExt_gwp_gw1.C_550163	AP2/EREBP	ERF/DREB	cluster_15	0.532826869252299	0.528818501105234	0.13786213786213786	0.34965034965034963	0.5478583916083916	0.9501132670146755
MA1263.2	ERF055	AP2/EREBP	ERF/DREB	cluster_15	0.5326402772224438	0.5194752267992393	0.11388611388611389	0.2097902097902098	0.5022838433243058	0.7885218230045816
MA1791.1	NAC087	GCM domain factors	NAC	cluster_16	0.5326336132213775	0.5167046171243767	0.12787212787212787	0.24675324675324675	0.5331499101990905	0.8257575757575758
MA1089.2	WRKY57	GCM domain factors	WRKY	cluster_10	0.5323403971744636	0.686790320620399	0.08391608391608392	0.06793206793206794	0.425665243847062	0.4283650234063457
MA1220.2	TINY	AP2/EREBP	ERF/DREB	cluster_15	0.5323270691723311	0.5160563696542172	0.13586413586413587	0.25774225774225773	0.5456017666543983	0.8404159942621481
MA1180.2	MYB3R4	Tryptophan cluster factors	MYB	cluster_11	0.5322004531520742	0.5358626869475137	0.11488511488511488	0.06893106893106893	0.5037778313640382	0.4311016852000459
MA1664.3	HSFA6B	Heat shock factors	HSF	cluster_39	0.5321604691456749	0.5349188072630354	0.13186813186813187	0.22477522477522477	0.5380501851090086	0.817422396607917
MA1307.3	WRKY31	GCM domain factors	WRKY	cluster_10	0.5321471411435423	0.5241953534653644	0.13286713286713286	0.1888111888111888	0.5392426722213957	0.7622377622377623
MA1227.3	ERF027	AP2/EREBP	ERF/DREB	cluster_15	0.5321004931360787	0.5188524072495284	0.12087912087912088	0.33766233766233766	0.5123931623931623	0.9389885476841998
MA1783.1	NAC005	GCM domain factors	NAC	cluster_16	0.5317739570838326	0.5211267537802404	0.13086913086913088	0.18181818181818182	0.5368448755545531	0.753997353997354
MA1253.2	ERF036	AP2/EREBP	ERF/DREB	cluster_15	0.5317539650806339	0.5090210012558426	0.1258741258741259	0.37462537462537465	0.5277030661646047	0.9789012357505509
MA2039.2	ASIL2	Tryptophan cluster factors	Trihelix	cluster_15	0.5317073170731701	0.508375346077671	0.14685314685314685	0.4675324675324675	0.5716783216783217	1.0
MA1800.1	TEM1	B3	RAV	cluster_17	0.5314474210315875	0.5788539035626973	0.12887112887112886	0.013986013986013986	0.5343949528732137	0.15244755244755245
MA1424.2	ERF019	AP2/EREBP	ERF/DREB	cluster_15	0.5309809409569504	0.5337178880051069	0.15884115884115885	0.1028971028971029	0.5912685445395726	0.5543547361729181
MA1673.2	LBD18	Other C4 zinc finger-type factors	LBD	cluster_15	0.5307410369185651	0.5385157155838945	0.14885114885114886	0.13186813186813187	0.576514855702673	0.6368062317429406
MA2414.1	EREB127	AP2/EREBP	ERF/DREB	cluster_15	0.5307010529121683	0.5163614823194299	0.15784215784215785	0.31868131868131866	0.5912685445395726	0.9175616835994194
MA1378.1	AIL6	AP2/EREBP	AP2	cluster_31	0.530434492869519	0.5249126859875216	0.17282717282717283	0.15784215784215785	0.6028607755880483	0.7129164952694365
MA1376.2	DEAR3	AP2/EREBP	ERF/DREB	cluster_24	0.5303878448620551	0.5431684932270092	0.14485514485514486	0.12187812187812187	0.5697137913632759	0.607797431326843
MA2023.2	PHL4	Tryptophan cluster factors	GARP_G2-like	cluster_04	0.5301945888311335	0.521232160245734	0.16583416583416583	0.22577422577422576	0.5912685445395726	0.817422396607917
MA1823.2	Zm00001d027846	Other C4 zinc finger-type factors	DOF	cluster_25	0.5300013328002133	0.6625561676690147	0.13786213786213786	0.11988011988011989	0.5478583916083916	0.6057518640300098
MA0980.3	RAP2-10	AP2/EREBP	ERF/DREB	cluster_15	0.529748100759696	0.518544486346044	0.16283716283716285	0.3116883116883117	0.5912685445395726	0.9077029840388618
MA2443.1	SPL3D	C3H(C),C2HC zinc-fingers like factors	SBP	cluster_38	0.5295948287351733	0.5243542637173085	0.16583416583416583	0.15784215784215785	0.5912685445395726	0.7129164952694365
MA0567.1	ERF1B	AP2/EREBP	ERF/DREB	cluster_24	0.5295148607223776	0.5080185645626784	0.15584415584415584	0.41058941058941056	0.5912685445395726	0.9983911793727744
MA1692.2	ARF29	B3	ARF	cluster_15	0.5293749166999867	0.5082742015804894	0.15184815184815184	0.4155844155844156	0.582211758091155	0.9983911793727744
MA2387.1	NAC094	GCM domain factors	NAC	cluster_16	0.529041716646675	0.5243207033814752	0.14685314685314685	0.14985014985014986	0.5716783216783217	0.6887690622630382
MA1310.2	WRKY42	GCM domain factors	WRKY	cluster_10	0.5289750766360123	0.522105520768953	0.16483516483516483	0.2817182817182817	0.5912685445395726	0.8702471617451375
MA2059.1	PK05432.1	GCM domain factors	WRKY	cluster_10	0.5289750766360123	0.5857910253703388	0.15384615384615385	0.2777222777222777	0.586923076923077	0.8702471617451375
MA1349.2	BZIP16	Basic leucine zipper factors (bZIP)	Group G	cluster_07	0.5287818206050907	0.5055843251643475	0.13586413586413587	0.37662337662337664	0.5456017666543983	0.9807632640397146
MA1384.1	PHL7	Tryptophan cluster factors	GARP_G2-like	cluster_04	0.5287085165933617	0.5071427572734467	0.16483516483516483	0.36363636363636365	0.5912685445395726	0.9701207883026065
MA1245.3	ERF112	AP2/EREBP	ERF/DREB	cluster_24	0.5283153405304553	0.5397975485558885	0.16083916083916083	0.06293706293706294	0.5912685445395726	0.41397395707740536
MA1075.1	WRKY12	GCM domain factors	WRKY	cluster_10	0.528302012528322	0.5359441215453271	0.14285714285714285	0.11988011988011989	0.5647668393782382	0.6057518640300098
MA2430.1	SPL14B	C3H(C),C2HC zinc-fingers like factors	SBP	cluster_38	0.5280487804878048	0.5177644810324169	0.17382617382617382	0.23676323676323677	0.6028607755880483	0.817422396607917
MA1046.1	NTL9	GCM domain factors	NAC	cluster_32	0.5279021724643476	0.5247475933236212	0.15184815184815184	0.2707292707292707	0.582211758091155	0.8606934731934732
MA1231.3	ERF15	AP2/EREBP	ERF/DREB	cluster_24	0.5274823403971741	0.5071138496293227	0.1848151848151848	0.3916083916083916	0.6157815983143493	0.9886450183479887
MA1223.2	ERF035	AP2/EREBP	ERF/DREB	cluster_15	0.5273757163801144	0.5150925936019068	0.16583416583416583	0.2707292707292707	0.5912685445395726	0.8606934731934732
MA0986.1	DREB2C	AP2/EREBP	ERF/DREB	cluster_15	0.5273757163801143	0.5157812942361206	0.18981018981018982	0.35064935064935066	0.6168958160483584	0.9501132670146755
MA2360.1	PK28565.1	Tryptophan cluster factors	MYB	cluster_11	0.5269358923097427	0.5332484483309038	0.17682317682317683	0.12387612387612387	0.6050048606102418	0.6097902097902098
MA2367.1	WIP5	C2H2 zinc finger factors	C2H2	cluster_05	0.5268825803012124	0.5206308954533072	0.16083916083916083	0.1838161838161838	0.5912685445395726	0.7540416572674637
MA1696.2	ARF39	B3	ARF	cluster_01	0.5266759962681585	0.505214938752125	0.16583416583416583	0.38961038961038963	0.5912685445395726	0.9876170341286621
MA2453.1	SPL8B	C3H(C),C2HC zinc-fingers like factors	SBP	cluster_33	0.526529388244702	0.49290444078322404	0.17782217782217782	0.6113886113886113	0.6057067932067932	1.0
MA1757.2	HDG7	Homeo domain factors	HD-ZIP	cluster_09	0.5265160602425695	0.4970394467282576	0.15984015984015984	0.5194805194805194	0.5912685445395726	1.0
MA1792.1	NAC098	GCM domain factors	NAC	cluster_16	0.5264427562308404	0.530529614107539	0.1878121878121878	0.09290709290709291	0.6168958160483584	0.5329933224670067
MA2078.1	PK19363.1	AP2/EREBP	ERF/DREB	cluster_24	0.5263694522191124	0.5234783475943883	0.19080919080919082	0.2097902097902098	0.6168958160483584	0.7885218230045816
MA1743.2	BZIP2	Basic leucine zipper factors (bZIP)	Group S	cluster_14	0.5262828202052509	0.5072838834683796	0.1878121878121878	0.37362637362637363	0.6168958160483584	0.9789012357505509
MA2425.1	SPL11A	C3H(C),C2HC zinc-fingers like factors	SBP	cluster_38	0.5261228841796619	0.5164131217389795	0.17382617382617382	0.23376623376623376	0.6028607755880483	0.817422396607917
MA2439.1	SPL2A	C3H(C),C2HC zinc-fingers like factors	SBP	cluster_38	0.5258829801412773	0.5140344878607018	0.18981018981018982	0.2677322677322677	0.6168958160483584	0.8583181524357995
MA1259.2	ERF023	AP2/EREBP	ERF/DREB	cluster_15	0.5258296681327471	0.5234017680700879	0.16783216783216784	0.16083916083916083	0.59560904212067	0.7134899983737193
MA2350.1	OsFBH1	Basic helix-loop-helix factors (bHLH)	bHLH	cluster_07	0.5257363721178197	0.515670250480053	0.19080919080919082	0.6713286713286714	0.6168958160483584	1.0
MA1678.3	NTL8	GCM domain factors	NAC	cluster_25	0.5257230441156873	0.5284547763329922	0.17682317682317683	0.6543456543456544	0.6050048606102418	1.0
MA1183.2	RVE6	Tryptophan cluster factors	MYB-related	cluster_13	0.525529788084766	0.5369708748076129	0.17382617382617382	0.16983016983016982	0.6028607755880483	0.72391295854983
MA1233.3	ERF021	AP2/EREBP	ERF/DREB	cluster_15	0.5253298680527785	0.49928809373091515	0.17082917082917082	0.5244755244755245	0.6028607755880483	1.0
MA1178.3	MYB3R1	Tryptophan cluster factors	MYB	cluster_11	0.5248167399706781	0.528916135931408	0.16383616383616384	0.11788211788211789	0.5912685445395726	0.6036513821748721
MA1187.2	RVE4	Tryptophan cluster factors	MYB-related	cluster_13	0.5245701719312272	0.5353272355440857	0.17882117882117882	0.21578421578421578	0.6064024864024864	0.807075277663513
MA0998.2	ERF096	AP2/EREBP	ERF/DREB	cluster_24	0.5245235239237637	0.5635541865672062	0.18181818181818182	0.056943056943056944	0.6138374899436846	0.3949777495232041
MA1822.2	Zm00001d018571	Basic leucine zipper factors (bZIP)	NA	cluster_28	0.5244835399173667	0.5159941105365826	0.17682317682317683	0.2727272727272727	0.6050048606102418	0.863447755563938
MA1795.2	RAP2-4	AP2/EREBP	ERF/DREB	cluster_15	0.5241370118619219	0.5124173379708001	0.2037962037962038	0.2967032967032967	0.647902097902098	0.8983516483516484
MA2040.2	ENAP2	Tryptophan cluster factors	Trihelix	cluster_15	0.5240503798480614	0.5081130007104578	0.1968031968031968	0.44155844155844154	0.6335900386533297	1.0
MA1821.2	Zm00001d020595	AP2/EREBP	ERF/DREB	cluster_24	0.5239970678395307	0.5246864003864783	0.19880119880119881	0.16083916083916083	0.6373332549803139	0.7134899983737193
MA1218.2	DREB1D	AP2/EREBP	ERF/DREB	cluster_15	0.5239770758363321	0.5236182222532108	0.2097902097902098	0.2007992007992008	0.6587239920573253	0.7885218230045816
MA1172.2	MYB3R5	Tryptophan cluster factors	MYB	cluster_11	0.5239770758363316	0.5141185069437848	0.1848151848151848	0.2517482517482518	0.6157815983143493	0.8351474612344179
MA1076.3	WRKY15	GCM domain factors	WRKY	cluster_10	0.5232773557243766	0.5156875304621652	0.2077922077922078	0.37362637362637363	0.6551465063861758	0.9789012357505509
MA1260.2	ERF013	AP2/EREBP	ERF/DREB	cluster_15	0.5224043715846992	0.5380466005491779	0.1848151848151848	0.058941058941058944	0.6157815983143493	0.40153596403596403
MA2446.1	SPL5A	C3H(C),C2HC zinc-fingers like factors	SBP	cluster_38	0.5223310675729705	0.5186963474654915	0.21678321678321677	0.22777222777222778	0.6696582769457263	0.817422396607917
MA1251.2	RAP2-9	AP2/EREBP	ERF/DREB	cluster_15	0.5222577635612419	0.49981740548705234	0.2037962037962038	0.5124875124875125	0.647902097902098	1.0
MA1162.1	TCX2	CPP	NA	cluster_06	0.5219712115153938	0.525274294282638	0.24675324675324675	0.16483516483516483	0.726921726921727	0.7186813186813187
MA1241.2	ERF043	AP2/EREBP	ERF/DREB	cluster_15	0.5218379314940691	0.4985841874095793	0.23776223776223776	0.5224775224775224	0.7114219114219115	1.0
MA1694.2	ARF35	B3	ARF	cluster_17	0.5217779554844727	0.5005037190048874	0.18981018981018982	0.47052947052947053	0.6168958160483584	1.0
MA1084.1	WRKY38	GCM domain factors	WRKY	cluster_10	0.5217113154738098	0.5262210845591302	0.22377622377622378	0.19880119880119881	0.682965034965035	0.7859342729809051
MA1775.2	MYB61	Tryptophan cluster factors	MYB	cluster_02	0.5216446754631483	0.5190875320553094	0.23776223776223776	0.2807192807192807	0.7114219114219115	0.8702471617451375
MA1277.2	DOF1.7	Other C4 zinc finger-type factors	DOF	cluster_03	0.5216180194588826	0.5361794045982565	0.2217782217782218	0.09290709290709291	0.6795854747661977	0.5329933224670067
MA1356.1	TRP2	Tryptophan cluster factors	Myb-related	cluster_34	0.5211382113821136	0.49465249088795804	0.2077922077922078	0.5644355644355644	0.6551465063861758	1.0
MA1228.2	ERF091	AP2/EREBP	ERF/DREB	cluster_24	0.5208250033319993	0.5102546015474675	0.23576423576423577	0.3116883116883117	0.7114219114219115	0.9077029840388618
MA0934.1	AHL25	A.T hook factors	AHL	cluster_09	0.5206650673064106	0.5176772529286924	0.21578421578421578	0.8731268731268731	0.6692819375746205	1.0
MA1240.2	ERF077	AP2/EREBP	ERF/DREB	cluster_24	0.520651739304279	0.514110335359997	0.26073926073926074	0.3006993006993007	0.7423285669554326	0.8992023601398601
MA1754.2	ERF073	AP2/EREBP	ERF/DREB	cluster_24	0.520631747301079	0.5256476961573411	0.23176823176823177	0.14185814185814186	0.7045384893990472	0.6599863551083063
MA0938.3	NAC058	GCM domain factors	NAC	cluster_16	0.5205517792882846	0.5190683514152348	0.2137862137862138	0.2037962037962038	0.6657913515056373	0.7885218230045816
MA2422.1	OsbZIP42	Basic leucine zipper factors (bZIP)	Group A	cluster_07	0.5203718512594961	0.48867373854015456	0.2217782217782218	0.6813186813186813	0.6795854747661977	1.0
MA2395.1	PHYPA_011264	AP2/EREBP	ERF/DREB	cluster_15	0.5203585232573635	0.5087489483177942	0.2127872127872128	0.42657342657342656	0.6653960793305056	0.9983911793727744
MA2045.2	NAC031	GCM domain factors	NAC	cluster_16	0.5202718912435016	0.5151830923932288	0.25074925074925075	0.2987012987012987	0.7275905912269549	0.8992023601398601
MA1242.1	DREB2F	AP2/EREBP	ERF/DREB	cluster_24	0.5199520191923235	0.5300837809954343	0.24675324675324675	0.12387612387612387	0.726921726921727	0.6097902097902098
MA1808.2	GLYMA-06G314400	Basic leucine zipper factors (bZIP)	Group A	cluster_07	0.5192989470878318	0.5183930154960988	0.25574425574425574	0.31368631368631367	0.7308347083627983	0.9100481267781647
MA1266.2	RAP2-11	AP2/EREBP	ERF/DREB	cluster_24	0.5192389710782357	0.5175275033694717	0.25574425574425574	0.23576423576423577	0.7308347083627983	0.817422396607917
MA1776.2	MYB67	Tryptophan cluster factors	MYB	cluster_02	0.5187325069972013	0.5219513457709561	0.23676323676323677	0.20679320679320679	0.7114219114219115	0.7885218230045816
MA2082.1	PK20392.1	Homeo domain factors	HD-ZIP	cluster_09	0.5186925229908037	0.7408281026473212	0.0989010989010989	0.0989010989010989	0.4658119658119658	0.5543547361729181
MA2074.1	PK17878.1	AP2/EREBP	ERF/DREB	cluster_24	0.5181993869119017	0.5284206419396957	0.24675324675324675	0.18281718281718282	0.726921726921727	0.753997353997354
MA1752.2	ERF025	AP2/EREBP	ERF/DREB	cluster_15	0.5181927229108355	0.5114239317164345	0.28471528471528473	0.4165834165834166	0.7648571359911566	0.9983911793727744
MA1244.2	ABR1	AP2/EREBP	ERF/DREB	cluster_24	0.5180327868852468	0.5165069642656767	0.2887112887112887	0.2547452547452547	0.7648571359911566	0.8378044369423678
MA1706.2	AT1G14600	Tryptophan cluster factors	GARP_G2-like	cluster_04	0.5179128348660538	0.4916588729438121	0.25074925074925075	0.8141858141858141	0.7275905912269549	1.0
MA1417.2	O2	Basic leucine zipper factors (bZIP)	Group C	cluster_14	0.5178595228575226	0.48523727463276795	0.24275724275724275	0.7312687312687313	0.7235303758741258	1.0
MA1351.3	GBF3	Basic leucine zipper factors (bZIP)	Group G	cluster_07	0.517699586831934	0.5160588280188144	0.24975024975024976	0.33966033966033965	0.7275905912269549	0.9389885476841998
MA1034.1	Os05g0497200	AP2/EREBP	ERF/DREB	cluster_24	0.5174196987871518	0.5310194576388849	0.2817182817182817	0.16183816183816183	0.7648571359911566	0.7137717773555924
MA1049.2	ERF094	AP2/EREBP	ERF/DREB	cluster_24	0.5174063707850194	0.5055859036664587	0.2817182817182817	0.4965034965034965	0.7648571359911566	1.0
MA1164.2	HHO5	Tryptophan cluster factors	GARP_G2-like	cluster_04	0.5172997467679593	0.5552323646997497	0.2547452547452547	0.17282717282717283	0.7308347083627983	0.7325951825951826
MA1023.1	PHYPADRAFT_28324	AP2/EREBP	ERF/DREB	cluster_15	0.5172530987604956	0.5065528445834258	0.2807192807192807	0.4975024975024975	0.7648571359911566	1.0
MA1256.2	RAP2-12	AP2/EREBP	ERF/DREB	cluster_24	0.5172397707583627	0.509889025576536	0.2887112887112887	0.38961038961038963	0.7648571359911566	0.9876170341286621
MA0961.2	bHLH112	Basic helix-loop-helix factors (bHLH)	bHLH	cluster_07	0.5172131147540984	0.5115934865576945	0.2517482517482518	0.7442557442557443	0.7275905912269549	1.0
MA1219.3	ERF011	AP2/EREBP	ERF/DREB	cluster_15	0.5171997867519658	0.5208220940948576	0.28771228771228774	0.4695304695304695	0.7648571359911566	1.0
MA1340.2	BZIP3	Basic leucine zipper factors (bZIP)	Group S	cluster_14	0.5171064907370382	0.5038189638140438	0.26973026973026976	0.4175824175824176	0.7594250767682502	0.9983911793727744
MA2440.1	SPL2B	C3H(C),C2HC zinc-fingers like factors	SBP	cluster_38	0.5168799147007868	0.5011961861169228	0.27672327672327673	0.4955044955044955	0.7648571359911566	1.0
MA1184.2	RVE1	Tryptophan cluster factors	MYB-related	cluster_13	0.5168066106890579	0.5376038216188661	0.2647352647352647	0.32867132867132864	0.748122248122248	0.9322536199859619
MA0589.2	WRKY1	GCM domain factors	WRKY	cluster_10	0.516793282686925	0.5176414856643263	0.2857142857142857	0.23876123876123875	0.7648571359911566	0.8206073206073207
MA1688.2	ARF16	B3	ARF	cluster_17	0.5165133946421434	0.4778320513829014	0.2517482517482518	0.8201798201798202	0.7275905912269549	1.0
MA2106.1	Zm00001d024644	Tryptophan cluster factors	MYB-related	cluster_05	0.5164734106357456	0.4934037594643246	0.2897102897102897	0.6113886113886113	0.7648571359911566	1.0
MA1157.2	NUC	C2H2 zinc finger factors	IDD	cluster_08	0.5164067706250832	0.47382882795024645	0.2647352647352647	0.8741258741258742	0.748122248122248	1.0
MA0995.3	ERF039	AP2/EREBP	ERF/DREB	cluster_15	0.5162534986005598	0.505656952676987	0.2757242757242757	0.5324675324675324	0.7648571359911566	1.0
MA1670.2	DREB1C	AP2/EREBP	ERF/DREB	cluster_15	0.5161268825803009	0.5165120373317861	0.2857142857142857	0.26173826173826176	0.7648571359911566	0.8462131089249734
MA0953.2	ATHB-6	Homeo domain factors	HD-ZIP	cluster_09	0.5159736105557775	0.6020511965123863	0.2827172827172827	0.4075924075924076	0.7648571359911566	0.9983911793727744
MA1159.2	SGR5	C2H2 zinc finger factors	IDD	cluster_08	0.5159269625483142	0.4981622582134424	0.2837162837162837	0.5164835164835165	0.7648571359911566	1.0
MA1060.2	SPL7	C3H(C),C2HC zinc fingers factors	SBP	cluster_28	0.5158203385312541	0.5295749359580513	0.3116883116883117	0.3836163836163836	0.7953785345089692	0.9840260074373786
MA2424.1	OsbZIP77	Basic leucine zipper factors (bZIP)	Group A	cluster_14	0.5157936825269888	0.4929242959982293	0.3036963036963037	0.6093906093906094	0.7854924736280667	1.0
MA0974.3	CDF3	Other C4 zinc finger-type factors	DOF	cluster_03	0.5156670665067307	0.510715343006836	0.2817182817182817	0.5744255744255744	0.7648571359911566	1.0
MA0968.3	BZIP68	Basic leucine zipper factors (bZIP)	Group G	cluster_07	0.5156004264960679	0.48913870712195123	0.2887112887112887	0.6943056943056943	0.7648571359911566	1.0
MA2035.2	NAC075	GCM domain factors	NAC	cluster_16	0.5154338264694128	0.5176249112782317	0.2917082917082917	0.24175824175824176	0.7648571359911566	0.8229469645398848
MA1772.2	MYB43	Tryptophan cluster factors	MYB	cluster_02	0.5153805144608827	0.505243553234266	0.2907092907092907	0.4145854145854146	0.7648571359911566	0.9983911793727744
MA0945.2	ARR1	Tryptophan cluster factors	GARP_ARR-B	cluster_13	0.5153205384512861	0.6715390843640462	0.27972027972027974	0.37962037962037964	0.7648571359911566	0.9840260074373786
MA1672.2	GBF2	Basic leucine zipper factors (bZIP)	Group G	cluster_07	0.515160602425697	0.487681739697098	0.2987012987012987	0.7422577422577422	0.7752009894867038	1.0
MA1262.2	ERF2	AP2/EREBP	ERF/DREB	cluster_24	0.5151606024256954	0.503330673673765	0.32967032967032966	0.4595404595404595	0.8082140082140082	1.0
MA1190.2	RVE5	Tryptophan cluster factors	MYB-related	cluster_13	0.5151206184192988	0.504002757707967	0.2947052947052947	0.6443556443556444	0.7700422444449747	1.0
MA1811.2	GLYMA-13G317000	Basic leucine zipper factors (bZIP)	Group A	cluster_07	0.5149073703851795	0.5159413896373728	0.3116883116883117	0.46253746253746253	0.7953785345089692	1.0
MA2396.1	IDD1	C2H2 zinc finger factors	IDD	cluster_08	0.5147874183659863	0.4703737735288858	0.2807192807192807	0.919080919080919	0.7648571359911566	1.0
MA1010.2	PHYPADRAFT_64121	AP2/EREBP	ERF/DREB	cluster_15	0.5146741303478609	0.49679276161494107	0.2957042957042957	0.5174825174825175	0.7700422444449747	1.0
MA2454.1	SPL8D1	C3H(C),C2HC zinc-fingers like factors	SBP	cluster_33	0.5143475942956157	0.5225579708407087	0.3276723276723277	0.2097902097902098	0.8082140082140082	0.7885218230045816
MA2445.1	SPL4D	C3H(C),C2HC zinc-fingers like factors	SBP	cluster_38	0.514127682260429	0.49780511536013505	0.32167832167832167	0.5694305694305695	0.8073702613176297	1.0
MA1391.3	MYB33	Tryptophan cluster factors	MYB	cluster_11	0.514007730241236	0.49916899899815503	0.3306693306693307	0.5344655344655345	0.8082140082140082	1.0
MA1051.1	RAP2-3	AP2/EREBP	ERF/DREB	cluster_24	0.5135945621751299	0.49523864343373253	0.34065934065934067	0.6303696303696303	0.8122596153846153	1.0
MA2006.2	NAC020	GCM domain factors	NAC	cluster_16	0.5135012661602025	0.5111246009410685	0.3106893106893107	0.32367632367632365	0.7953785345089692	0.9243554952510176
MA2043.2	NAC004	GCM domain factors	NAC	cluster_25	0.513454618152739	0.6336803043326582	0.33266733266733267	0.21878121878121878	0.8082140082140082	0.8142930240491216
MA1818.1	Zm00001d052229	AP2/EREBP	ERF/DREB	cluster_24	0.513061442089831	0.5103634787820949	0.3166833166833167	0.3336663336663337	0.8000972537396379	0.9387854792266557
MA1221.1	RAP2-6	AP2/EREBP	ERF/DREB	cluster_24	0.5129414900706389	0.5068019493921327	0.32667332667332666	0.3836163836163836	0.8082140082140082	0.9840260074373786
MA1745.2	BZIP63	Basic leucine zipper factors (bZIP)	Group C	cluster_07	0.5128815140610422	0.5079665786897378	0.3516483516483517	0.5004995004995005	0.8230297310051912	1.0
MA0930.3	ABF3	Basic leucine zipper factors (bZIP)	Group A	cluster_07	0.5128548580567774	0.5321083541848305	0.3166833166833167	0.42357642357642356	0.8000972537396379	0.9983911793727744
MA2027.2	MYB44	Tryptophan cluster factors	MYB	cluster_11	0.5128282020525122	0.5331108535365051	0.3116883116883117	0.0989010989010989	0.7953785345089692	0.5543547361729181
MA0994.3	ERF8	AP2/EREBP	ERF/DREB	cluster_24	0.5128215380514456	0.510210765824595	0.3336663336663337	0.33266733266733267	0.8082140082140082	0.9387854792266557
MA0570.3	ABF1	Basic leucine zipper factors (bZIP)	Group A	cluster_07	0.512801546048247	0.4939843885159414	0.3516483516483517	0.5974025974025974	0.8230297310051912	1.0
MA2049.2	NAC053	GCM domain factors	NAC	cluster_25	0.5127082500333201	0.6336193684088121	0.32167832167832167	0.20679320679320679	0.8073702613176297	0.7885218230045816
MA2455.1	SPL9D	C3H(C),C2HC zinc-fingers like factors	SBP	cluster_38	0.5124083699853399	0.5113223037055898	0.3626373626373626	0.3436563436563437	0.8334105653382762	0.9466057408295676
MA2435.1	SPL16D	C3H(C),C2HC zinc-fingers like factors	SBP	cluster_38	0.5123350659736111	0.49794552207518283	0.36163836163836166	0.5494505494505495	0.8334105653382762	1.0
MA1007.1	PHYPADRAFT_173530	AP2/EREBP	ERF/DREB	cluster_15	0.5122550979608157	0.5006337968330071	0.3256743256743257	0.5364635364635365	0.8082140082140082	1.0
MA0562.1	PIF5	Basic helix-loop-helix factors (bHLH)	bHLH	cluster_07	0.512175129948021	0.5123198711282866	0.3306693306693307	0.44455544455544455	0.8082140082140082	1.0
MA0992.3	ERF4	AP2/EREBP	ERF/DREB	cluster_24	0.5120485139277623	0.49683675282851747	0.34865134865134867	0.5544455544455544	0.8230297310051912	1.0
MA2055.1	PK00315.1	Basic leucine zipper factors (bZIP)	Group I	cluster_12	0.5120418499266958	0.5027652277133353	0.33166833166833165	0.47352647352647353	0.8082140082140082	1.0
MA1833.2	Zm00001d049364	AP2/EREBP	ERF/DREB	cluster_24	0.5120018659202983	0.5191963117949641	0.3386613386613387	0.19880119880119881	0.8122596153846153	0.7859342729809051
MA1390.3	HHO2	Tryptophan cluster factors	GARP_G2-like	cluster_04	0.5118685858989738	0.5529955452089592	0.34965034965034963	0.07192807192807193	0.8230297310051912	0.4425896683961201
MA0034.2	Gam1	Tryptophan cluster factors	MYB	cluster_11	0.5118219378915101	0.4965493795620431	0.3386613386613387	0.5924075924075924	0.8122596153846153	1.0
MA1278.2	DOF3.4	Other C4 zinc finger-type factors	DOF	cluster_08	0.5117819538851124	0.527288916329864	0.31368631368631367	0.14085914085914086	0.7978088578088578	0.6593590458621134
MA1181.2	MYB113	Tryptophan cluster factors	MYB	cluster_11	0.5116886578701854	0.5168976363366691	0.3626373626373626	0.2817182817182817	0.8334105653382762	0.8702471617451375
MA1039.1	MYB4	Tryptophan cluster factors	Myb	cluster_02	0.5116486738637879	0.5205475682824879	0.35564435564435565	0.2677322677322677	0.8298368298368299	0.8583181524357995
MA1377.2	PLT1	AP2/EREBP	AP2	cluster_31	0.5116420098627221	0.5048203803841594	0.33966033966033965	0.41858141858141856	0.8122596153846153	0.9983911793727744
MA2052.2	ZAT6	C2H2 zinc finger factors	C2H2	cluster_09	0.5109422897507664	0.5316667342926139	0.34065934065934067	0.5084915084915085	0.8122596153846153	1.0
MA1758.2	HSFA1E	Heat shock factors	HSF	cluster_04	0.5109156337465014	0.5165815089444632	0.32967032967032966	0.22977022977022976	0.8082140082140082	0.817422396607917
MA1671.2	ERF118	AP2/EREBP	ERF/DREB	cluster_24	0.5106890577102494	0.513117383741338	0.3756243756243756	0.2957042957042957	0.8513883777041672	0.8983516483516484
MA1264.2	ERF095	AP2/EREBP	ERF/DREB	cluster_24	0.5103691856590699	0.503742916357386	0.34865134865134867	0.42157842157842157	0.8230297310051912	0.9983911793727744
MA1832.2	Zm00001d002364	AP2/EREBP	ERF/DREB	cluster_24	0.5102159136345462	0.5174916399688095	0.3836163836163836	0.25374625374625376	0.8528225397790615	0.8378044369423678
MA1053.1	ERF109	AP2/EREBP	ERF/DREB	cluster_24	0.5101626016260167	0.4907680500275583	0.3596403596403596	0.6463536463536463	0.8334105653382762	1.0
MA2013.2	ERF115	AP2/EREBP	ERF/DREB	cluster_24	0.5101159536185526	0.5227132340608752	0.3756243756243756	0.18281718281718282	0.8513883777041672	0.753997353997354
MA0096.1	bZIP910	Basic leucine zipper factors (bZIP)	Group S	cluster_14	0.5100159936025589	0.5440820218211186	0.3256743256743257	0.3016983016983017	0.8082140082140082	0.8992023601398601
MA1337.2	BZIP44	Basic leucine zipper factors (bZIP)	Group S	cluster_14	0.5096028255364522	0.48461847523636115	0.35864135864135865	0.7352647352647352	0.8334105653382762	1.0
MA2005.2	NAC016	GCM domain factors	NAC	cluster_16	0.509556177528989	0.5049566658952228	0.3856143856143856	0.39760239760239763	0.8528225397790615	0.9946578012151783
MA1206.2	ARF2	B3	ARF	cluster_17	0.5094495535119286	0.5564878499318555	0.34665334665334663	0.4255744255744256	0.8230297310051912	0.9983911793727744
MA2011.2	ERF010	AP2/EREBP	ERF/DREB	cluster_15	0.5093829135012663	0.5106088470037486	0.39760239760239763	0.44955044955044954	0.8615661958438162	1.0
MA1013.1	GATA10	Other C4 zinc finger-type factors	C4-GATA-related	cluster_13	0.5090163934426228	0.5008048780944264	0.37162837162837165	0.5374625374625375	0.8513883777041672	1.0
MA1191.2	RVE7L	Tryptophan cluster factors	MYB-related	cluster_13	0.5087564974010398	0.5332395875820042	0.3776223776223776	0.4085914085914086	0.8513883777041672	0.9983911793727744
MA1182.2	RVE8	Tryptophan cluster factors	MYB-related	cluster_13	0.5087431693989072	0.5067684911136405	0.3806193806193806	0.5944055944055944	0.8513883777041672	1.0
MA1170.2	MYB118	Tryptophan cluster factors	MYB	cluster_11	0.5085765693722509	0.4915696624253543	0.38961038961038963	0.6453546453546454	0.8591697320021021	1.0
MA1239.2	ERF104	AP2/EREBP	ERF/DREB	cluster_24	0.5084166333466611	0.5038703923937173	0.3986013986013986	0.44455544455544455	0.8615661958438162	1.0
MA2008.2	MYB99	Tryptophan cluster factors	MYB	cluster_02	0.5083300013328005	0.5174901608986671	0.38161838161838163	0.2807192807192807	0.8513883777041672	0.8702471617451375
MA1339.1	BZIP43	Basic leucine zipper factors (bZIP)	Group S	cluster_14	0.5082966813274687	0.47802389496350456	0.37462537462537465	0.8251748251748252	0.8513883777041672	1.0
MA1250.2	DREB2D	AP2/EREBP	ERF/DREB	cluster_24	0.5082100493136081	0.5213442690977117	0.3966033966033966	0.20279720279720279	0.8615661958438162	0.7885218230045816
MA1817.2	Zm00001d020267	AP2/EREBP	ERF/DREB	cluster_24	0.5079968012794878	0.5005768035430912	0.3926073926073926	0.4865134865134865	0.8608029901133348	1.0
MA2389.1	GBF1	Basic leucine zipper factors (bZIP)	NA	cluster_07	0.5079568172730909	0.4963285973662256	0.3776223776223776	0.7502497502497503	0.8513883777041672	1.0
MA0975.1	CRF2	AP2/EREBP	ERF/DREB	cluster_24	0.5079501532720246	0.4945003185188947	0.4165834165834166	0.6333666333666333	0.8726164545836677	1.0
MA1756.2	GRF9	C3H zinc finger factors	GRF	cluster_22	0.5077369052379048	0.515910067898053	0.38461538461538464	0.6773226773226774	0.8528225397790615	1.0
MA2427.1	SPL12B	C3H(C),C2HC zinc-fingers like factors	SBP	cluster_38	0.5077035852325733	0.5014427818041719	0.4155844155844156	0.4775224775224775	0.8726164545836677	1.0
MA1243.2	DREB2E	AP2/EREBP	ERF/DREB	cluster_15	0.5074970011995208	0.4973225724992216	0.4145854145854146	0.5474525474525475	0.8726164545836677	1.0
MA1001.4	ERF076	AP2/EREBP	ERF/DREB	cluster_24	0.5074303611888572	0.492658597257282	0.3786213786213786	0.6013986013986014	0.8513883777041672	1.0
MA1311.3	WRKY28	GCM domain factors	WRKY	cluster_10	0.5073503931760629	0.5356792680826338	0.3986013986013986	0.35364635364635366	0.8615661958438162	0.9501132670146755
MA1401.2	RVE7	Tryptophan cluster factors	MYB-related	cluster_13	0.5071904571504732	0.5312610510659375	0.38161838161838163	0.4245754245754246	0.8513883777041672	0.9983911793727744
MA2438.1	SPL1D	C3H(C),C2HC zinc-fingers like factors	SBP	cluster_38	0.5071171531387443	0.49810943721822554	0.3916083916083916	0.5194805194805194	0.8608029901133348	1.0
MA1185.2	LHY	Tryptophan cluster factors	MYB-related	cluster_13	0.5070038651206186	0.5315569891211763	0.4125874125874126	0.24975024975024976	0.8726164545836677	0.832137295019391
MA2388.1	GATA1	Other C4 zinc finger-type factors	C4-GATA-related	cluster_13	0.5067039850726368	0.482637440014888	0.3956043956043956	0.7572427572427572	0.8615661958438162	1.0
MA2050.2	NAC101	GCM domain factors	NAC	cluster_25	0.5062574970011996	0.5341293665540515	0.4115884115884116	0.35364635364635366	0.8726164545836677	0.9501132670146755
MA1369.2	HDG1	Homeo domain factors	HD-ZIP	cluster_09	0.5061575369852057	0.49257227048780755	0.42157842157842157	0.5894105894105894	0.8764695794668547	1.0
MA2448.1	SPL5D	C3H(C),C2HC zinc-fingers like factors	SBP	cluster_38	0.5057976809276287	0.4969667299237266	0.41058941058941056	0.5444555444555444	0.8726164545836677	1.0
MA1375.2	ANL2	Homeo domain factors	HD-ZIP	cluster_09	0.505764360922298	0.4882008088763375	0.43456543456543456	0.6813186813186813	0.8879259038833507	1.0
MA2105.1	GLYMA-13G317000	Basic leucine zipper factors (bZIP)	Group A	cluster_07	0.5057110489137678	0.5935886860921584	0.4275724275724276	0.5294705294705294	0.8793470680263135	1.0
MA2042.2	MYB58	Tryptophan cluster factors	MYB	cluster_02	0.5056244168999066	0.49859164411471935	0.4155844155844156	0.5574425574425574	0.8726164545836677	1.0
MA1252.2	ERF086	AP2/EREBP	ERF/DREB	cluster_24	0.5053978408636542	0.5055515619832844	0.4325674325674326	0.43456543456543456	0.8872283630348148	1.0
MA1323.2	GATA19	Other C4 zinc finger-type factors	C4-GATA-related	cluster_13	0.5053711848593895	0.48112401042365693	0.44155844155844154	0.8171828171828172	0.890953373802978	1.0
MA1663.3	NAC050	GCM domain factors	NAC	cluster_25	0.5052778888444622	0.5138175916947395	0.41858141858141856	0.46553446553446554	0.8726164545836677	1.0
MA1784.1	NAC011	GCM domain factors	NAC	cluster_16	0.5050313208050117	0.493746507429744	0.4165834165834166	0.5704295704295704	0.8726164545836677	1.0
MA1222.1	ERF014	AP2/EREBP	ERF/DREB	cluster_24	0.504984672797547	0.528789641195854	0.4145854145854146	0.13986013986013987	0.8726164545836677	0.6587239920573255
MA2416.1	EREB29	AP2/EREBP	ERF/DREB	cluster_24	0.5049580167932828	0.49415596240331866	0.42657342657342656	0.5944055944055944	0.8793470680263135	1.0
MA1677.2	NAC078	GCM domain factors	NAC	cluster_25	0.5049113687858191	0.5751815273336258	0.43756243756243757	0.4205794205794206	0.8879259038833507	0.9983911793727744
MA1363.1	LRL2	Basic helix-loop-helix factors (bHLH)	bHLH	cluster_07	0.504851392776223	0.4923846343417343	0.4125874125874126	0.6213786213786214	0.8726164545836677	1.0
MA2063.1	PK07402.1	AP2/EREBP	NA	cluster_15	0.5043915767026521	0.5135574215392034	0.44255744255744256	0.7032967032967034	0.890953373802978	1.0
MA1831.2	Zm00001d031796	AP2/EREBP	ERF/DREB	cluster_24	0.5042849526855923	0.560228508647878	0.44755244755244755	0.01998001998001998	0.8959286786511917	0.19544558006096469
MA0581.2	LEC2	B3	LAV	cluster_29	0.5042316406770626	0.576694740102321	0.43756243756243757	0.35764235764235763	0.8879259038833507	0.957477610109189
MA2034.2	NAC057	GCM domain factors	NAC	cluster_25	0.5040850326536053	0.5593842187091629	0.4015984015984016	0.7102897102897103	0.8655920350835605	1.0
MA1778.2	MYB80	Tryptophan cluster factors	MYB	cluster_02	0.504031720645076	0.5064386022672736	0.42657342657342656	0.37362637362637363	0.8793470680263135	0.9789012357505509
MA1773.2	MYB51	Tryptophan cluster factors	MYB	cluster_02	0.5038784486205525	0.5020248755856278	0.4725274725274725	0.4775224775224775	0.9150722374072627	1.0
MA0972.1	CCA1	Tryptophan cluster factors	Myb-related	cluster_13	0.5038717846194857	0.5282337636623141	0.4485514485514486	0.4955044955044955	0.8959286786511917	1.0
MA2349.1	OsCCA1	Tryptophan cluster factors	MYB-related	cluster_13	0.5038651206184193	0.6028227862344578	0.4675324675324675	0.6673326673326674	0.9100185528756957	1.0
MA1394.3	MYB73	Tryptophan cluster factors	MYB	cluster_11	0.5037318405970944	0.5267237935020175	0.44655344655344653	0.1848151848151848	0.8959286786511917	0.7540854867058074
MA2433.1	SPL15D	C3H(C),C2HC zinc-fingers like factors	SBP	cluster_38	0.5033653205384518	0.4936437910528585	0.44155844155844154	0.5754245754245755	0.890953373802978	1.0
MA1753.2	ERF057	AP2/EREBP	ERF/DREB	cluster_24	0.5033053445288552	0.520103130633737	0.41858141858141856	0.1928071928071928	0.8726164545836677	0.7702193094863251
MA1325.2	GATA14	Other C4 zinc finger-type factors	C4-GATA-related	cluster_13	0.5032253765160601	0.4813156787799544	0.45554445554445555	0.8181818181818182	0.9051573426573427	1.0
MA2051.2	NAC68	GCM domain factors	NAC	cluster_07	0.5031987205117953	0.49237385230338915	0.4775224775224775	0.7762237762237763	0.9200748746203291	1.0
MA1383.2	KAN2	Tryptophan cluster factors	GARP_G2-like	cluster_04	0.5031254165000669	0.49904844161584794	0.46353646353646355	0.5124875124875125	0.9100185528756957	1.0
MA1679.2	RAP2-1	AP2/EREBP	ERF/DREB	cluster_15	0.5030187924830068	0.5024210125586712	0.46053946053946054	0.5644355644355644	0.9100185528756957	1.0
MA1038.2	MYB3	Tryptophan cluster factors	MYB	cluster_02	0.5030054644808744	0.5151378832502578	0.43656343656343655	0.2997002997002997	0.8879259038833507	0.8992023601398601
MA2066.1	PK09021.1	Basic leucine zipper factors (bZIP)	Group D	cluster_14	0.5028055444488871	0.483164745698375	0.48451548451548454	0.7832167832167832	0.9280244755244755	1.0
MA2442.1	SPL3B	C3H(C),C2HC zinc-fingers like factors	SBP	cluster_38	0.5026656004264962	0.4949165540888789	0.4805194805194805	0.5884115884115884	0.9235172887565835	1.0
MA1824.2	Zm00001d005692	Homeo domain factors	HD-ZIP	cluster_09	0.502525656404105	0.5140778545178065	0.46653346653346656	0.5944055944055944	0.9100185528756957	1.0
MA2345.1	OS02G0104500	Tryptophan cluster factors	Trihelix	cluster_10	0.5024390243902439	0.6814733442146762	0.4275724275724276	0.46253746253746253	0.8793470680263135	1.0
MA0954.3	ATHB-7	Homeo domain factors	HD-ZIP	cluster_09	0.5023190723710516	0.49540891457120934	0.4645354645354645	0.5514485514485514	0.9100185528756957	1.0
MA1211.2	ATHB-X	Homeo domain factors	HD-ZIP	cluster_09	0.5022857523657204	0.4786838454718638	0.46053946053946054	0.8021978021978022	0.9100185528756957	1.0
MA0970.2	CAMTA3	GCM domain factors	CAMTA	cluster_07	0.5021591363454618	0.5300215610704916	0.4905094905094905	0.3166833166833167	0.9333135692237936	0.9152627675354947
MA1769.2	MYB39	Tryptophan cluster factors	MYB	cluster_02	0.5016126882580307	0.5026168803183854	0.5024975024975025	0.46853146853146854	0.9443487546935823	1.0
MA1427.3	NAC028	GCM domain factors	NAC	cluster_25	0.5015660402505665	0.5592037634150008	0.46553446553446554	0.7272727272727273	0.9100185528756957	1.0
MA1192.2	DIV1	Tryptophan cluster factors	MYB-related	cluster_05	0.5014994002399047	0.5101640514313588	0.47152847152847155	0.33466533466533466	0.9150722374072627	0.9387854792266557
MA2086.1	PK23964.1	Basic leucine zipper factors (bZIP)	Group G	cluster_07	0.5013527922164467	0.4963689438062966	0.47652347652347654	0.7212787212787213	0.9200748746203291	1.0
MA1741.1	BRN2	GCM domain factors	NAC	cluster_16	0.5009329601492738	0.5153595860911052	0.4645354645354645	0.24375624375624375	0.9100185528756957	0.8229469645398848
MA1194.2	AT3G10580	Tryptophan cluster factors	MYB-related	cluster_05	0.500786352125816	0.5069524662721528	0.4935064935064935	0.3696303696303696	0.9362473754533308	0.9789012357505509
MA1186.2	YAB4	Tryptophan cluster factors	MYB-related	cluster_05	0.5007197121151542	0.5107122744877773	0.45454545454545453	0.28771228771228774	0.9051573426573427	0.884685595528969
MA2451.1	SPL7B	C3H(C),C2HC zinc-fingers like factors	SBP	cluster_38	0.5005597760895645	0.4971946208193592	0.5064935064935064	0.5534465534465535	0.9467403012635287	1.0
MA1265.3	ERF015	AP2/EREBP	ERF/DREB	cluster_15	0.5002199120351857	0.5000759856841008	0.4945054945054945	0.5214785214785215	0.9362473754533308	1.0
MA2029.2	MYB88	Tryptophan cluster factors	MYB	cluster_49	0.49966013594562103	0.5036948661062349	0.5154845154845155	0.44455544455544455	0.9491325981710598	1.0
MA2426.1	SPL11B	C3H(C),C2HC zinc-fingers like factors	SBP	cluster_38	0.4996401439424233	0.49590091157979194	0.5144855144855145	0.5774225774225774	0.9491325981710598	1.0
MA1272.3	DOF2.2	Other C4 zinc finger-type factors	DOF	cluster_03	0.4995601759296281	0.7376877572862681	0.5174825174825175	0.5174825174825175	0.9491325981710598	1.0
MA1411.2	TSAR1	Basic helix-loop-helix factors (bHLH)	bHLH	cluster_07	0.49954684792749604	0.4768296406260086	0.5074925074925075	0.8261738261738262	0.9467403012635287	1.0
MA1246.2	LEP	AP2/EREBP	ERF/DREB	cluster_24	0.4995135279221647	0.49712179015162805	0.5124875124875125	0.5284715284715285	0.949097019485369	1.0
MA1789.1	NAC071	GCM domain factors	NAC	cluster_16	0.4994535519125673	0.49306662520622224	0.4865134865134865	0.5944055944055944	0.9280244755244755	1.0
MA1788.1	NAC054	GCM domain factors	NAC	cluster_16	0.4994202319072373	0.5163847028340857	0.5014985014985015	0.23276723276723277	0.9443487546935823	0.817422396607917
MA2434.1	SPL16A	C3H(C),C2HC zinc-fingers like factors	SBP	cluster_38	0.49939357590297184	0.5000336992598445	0.4865134865134865	0.4675324675324675	0.9280244755244755	1.0
MA0976.3	CRF4	AP2/EREBP	ERF/DREB	cluster_24	0.49915367186458764	0.48540934884036246	0.5224775224775224	0.7522477522477522	0.9491674991674991	1.0
MA1202.1	AGL55	MADS box factors	Type I	cluster_43	0.49903371984539524	0.6332839480556739	0.4995004995004995	0.5374625374625375	0.9433635671259434	1.0
MA2450.1	SPL7A	C3H(C),C2HC zinc-fingers like factors	SBP	cluster_38	0.4989937358389975	0.4964414898429335	0.5174825174825175	0.5634365634365635	0.9491325981710598	1.0
MA1026.3	ATHB-15	Homeo domain factors	HD-ZIP	cluster_09	0.498873783819806	0.4802415019386172	0.5194805194805194	0.7882117882117882	0.9491674991674991	1.0
MA2053.2	NAC105	GCM domain factors	NAC	cluster_25	0.4988671198187391	0.49885189446609063	0.5114885114885115	0.5304695304695305	0.949097019485369	1.0
MA1258.2	DREB2A	AP2/EREBP	ERF/DREB	cluster_15	0.49869385579101694	0.5024190290241424	0.5204795204795205	0.47652347652347654	0.9491674991674991	1.0
MA1174.2	MYB56	Tryptophan cluster factors	MYB	cluster_11	0.49867386378781836	0.5151288918665076	0.5104895104895105	0.23576423576423577	0.949097019485369	0.817422396607917
MA1414.2	E2FA	Fork head/winged helix factors	E2F	cluster_44	0.49863387978142065	0.5127035840158947	0.5074925074925075	0.7152847152847153	0.9467403012635287	1.0
MA1426.2	MYB124	Tryptophan cluster factors	MYB	cluster_07	0.49856057576969226	0.4899456509193693	0.5214785214785215	0.7132867132867133	0.9491674991674991	1.0
MA1247.2	ERF087	AP2/EREBP	ERF/DREB	cluster_24	0.4980207916833271	0.48589884852919457	0.5524475524475524	0.7432567432567433	0.982558234306486	1.0
MA0129.1	TGA1A	Basic leucine zipper factors (bZIP)	Group D	cluster_14	0.49778088764494216	0.5178263654018124	0.5264735264735265	0.41858141858141856	0.954155108549408	0.9983911793727744
MA1739.2	BHLH122	Basic helix-loop-helix factors (bHLH)	bHLH	cluster_07	0.4977142476342797	0.5663628658721644	0.5474525474525475	0.25774225774225773	0.982558234306486	0.8404159942621481
MA1357.2	bHLH80	Basic helix-loop-helix factors (bHLH)	bHLH	cluster_07	0.4972877515660403	0.5028323144642505	0.5514485514485514	0.4885114885114885	0.982558234306486	1.0
MA1746.1	BZIP69	Basic leucine zipper factors (bZIP)	Group I	cluster_12	0.4970211915233905	0.48249513576311964	0.5324675324675324	0.7802197802197802	0.9627315812149935	1.0
MA2022.2	LOB	Other C4 zinc finger-type factors	LBD	cluster_24	0.4969212315073975	0.5034706527392396	0.5514485514485514	0.43956043956043955	0.982558234306486	1.0
MA0931.2	ABI5	Basic leucine zipper factors (bZIP)	Group A	cluster_07	0.4969079035052645	0.5041462537756232	0.5584415584415584	0.6783216783216783	0.9870452128516645	1.0
MA1388.2	PHL2	Tryptophan cluster factors	GARP_G2-like	cluster_04	0.4969079035052644	0.5583122284698846	0.5594405594405595	0.8321678321678322	0.9870452128516645	1.0
MA1235.1	AIL7	AP2/EREBP	AP2	cluster_31	0.4964680794348928	0.5054619839600671	0.5354645354645354	0.38461538461538464	0.9658615616062424	0.9840260074373786
MA2083.1	PK21166.1	Tryptophan cluster factors	MYB	cluster_02	0.49640143942423043	0.5245017048835814	0.5744255744255744	0.2047952047952048	0.9983752011086863	0.7885218230045816
MA1165.3	HHO6	Tryptophan cluster factors	GARP_G2-like	cluster_04	0.49612155137944824	0.5582717294952293	0.5614385614385614	0.8381618381618382	0.9870452128516645	1.0
MA0559.1	PI	MADS box factors	MIKC	cluster_23	0.49558176729308306	0.5020709769466094	0.5494505494505495	0.45554445554445555	0.982558234306486	1.0
MA1698.2	ARF7	B3	ARF	cluster_17	0.4955684392909494	0.4827961005696822	0.5874125874125874	0.7722277722277723	1.0	1.0
MA2429.1	SPL13D	C3H(C),C2HC zinc-fingers like factors	SBP	cluster_38	0.49546181527389	0.4946582788416825	0.5614385614385614	0.5904095904095904	0.9870452128516645	1.0
MA1770.2	MYB40	Tryptophan cluster factors	MYB	cluster_02	0.49536851925896364	0.5043291547870772	0.5764235764235764	0.4035964035964036	0.9995708836617928	0.9983911793727744
MA0580.1	DYT1	Basic helix-loop-helix factors (bHLH)	bHLH	cluster_07	0.4953418632546983	0.490121387039938	0.5414585414585414	0.6343656343656343	0.9743699696529885	1.0
MA1697.2	ARF4	B3	ARF	cluster_17	0.4953152072504329	0.5104101477558199	0.5874125874125874	0.41358641358641357	1.0	0.9983911793727744
MA0571.2	ANT	AP2/EREBP	AP2	cluster_31	0.4950353192056513	0.48360972573722044	0.5814185814185814	0.7642357642357642	1.0	1.0
MA0932.1	AHL12	A.T hook factors	AHL	cluster_09	0.49494868719179014	0.5067173032553891	0.6033966033966034	0.936063936063936	1.0	1.0
MA1238.3	ERF038	AP2/EREBP	ERF/DREB	cluster_15	0.4949087031853925	0.495670490488108	0.5724275724275725	0.6223776223776224	0.9971740588178944	1.0
MA1386.3	HHO3	Tryptophan cluster factors	GARP_G2-like	cluster_04	0.49483539917366376	0.5242160224792115	0.5694305694305695	0.5814185814185814	0.9965034965034966	1.0
MA1767.2	MYB23	Tryptophan cluster factors	MYB	cluster_45	0.49454884712781544	0.7179781460250022	0.6723276723276723	0.6743256743256744	1.0	1.0
MA1352.1	TRP1	Tryptophan cluster factors	Myb-related	cluster_34	0.494142343062776	0.4847750478665494	0.6073926073926074	0.7442557442557443	1.0	1.0
MA2019.2	HSFA1B	Heat shock factors	HSF	cluster_04	0.4940090630414501	0.507591507037005	0.5884115884115884	0.7052947052947053	1.0	1.0
MA0110.4	ATHB-5	Homeo domain factors	HD-ZIP	cluster_09	0.4938891110222582	0.5239167827277603	0.5724275724275725	0.6203796203796204	0.9971740588178944	1.0
MA2436.1	SPL18A	C3H(C),C2HC zinc-fingers like factors	SBP	cluster_38	0.49354924696788033	0.48724790553306946	0.5594405594405595	0.6843156843156843	0.9870452128516645	1.0
MA1350.1	BZIP42	Basic leucine zipper factors (bZIP)	Group S	cluster_14	0.49303611888577953	0.470526732584458	0.5884115884115884	0.9020979020979021	1.0	1.0
MA1161.1	TSO1	CPP	NA	cluster_06	0.4929828068772506	0.5108579513205054	0.6093906093906094	0.33766233766233766	1.0	0.9389885476841998
MA1780.2	MYB92	Tryptophan cluster factors	MYB	cluster_02	0.49274290283886446	0.5374983896276873	0.5954045954045954	0.3856143856143856	1.0	0.9840260074373786
MA1404.1	BPC1	BBR/BPC	NA	cluster_21	0.49269625483140067	0.490228526625117	0.6063936063936064	0.6843156843156843	1.0	1.0
MA1385.2	AT2G40260	Tryptophan cluster factors	GARP_G2-like	cluster_04	0.49252299080367856	0.5101145388451022	0.6333666333666333	0.36863136863136864	1.0	0.9789012357505509
MA1324.1	GATA20	Other C4 zinc finger-type factors	C4-GATA-related	cluster_13	0.49246301479408244	0.47602307649890585	0.6163836163836164	0.8711288711288712	1.0	1.0
MA1805.2	WRKY53	GCM domain factors	WRKY	cluster_10	0.49230974276955897	0.5057566294939959	0.5684315684315684	0.6713286713286714	0.9965034965034966	1.0
MA1744.2	BZIP30	Basic leucine zipper factors (bZIP)	Group I	cluster_12	0.4919432227109157	0.48336753734580296	0.5964035964035964	0.7202797202797203	1.0	1.0
MA1676.3	NAC062	GCM domain factors	NAC	cluster_25	0.4916100226576036	0.5597019912869979	0.6063936063936064	0.7802197802197802	1.0	1.0
MA1036.1	MYB111	Tryptophan cluster factors	Myb	cluster_02	0.4915633746501403	0.5161583011606836	0.6123876123876124	0.30569430569430567	1.0	0.9005589005589005
MA0550.3	BZR1	Basic helix-loop-helix factors (bHLH)	BES/BZR	cluster_07	0.49138344662135164	0.48793731887782393	0.6223776223776224	0.7052947052947053	1.0	1.0
MA1779.2	MYB83	Tryptophan cluster factors	MYB	cluster_02	0.4913634546181528	0.4929893752187365	0.5924075924075924	0.7332667332667333	1.0	1.0
MA1760.1	HSFA6A	Heat shock factors	HSF	cluster_04	0.49125683060109293	0.47960390193499347	0.6133866133866134	0.8001998001998002	1.0	1.0
MA1226.2	DREB2G	AP2/EREBP	ERF/DREB	cluster_24	0.49124350259896077	0.5015508162756779	0.6163836163836164	0.45254745254745254	1.0	1.0
MA1382.2	FAR1	GCM domain factors	FRS/FRF	cluster_07	0.4911502065840336	0.48263993964058727	0.6203796203796204	0.7682317682317682	1.0	1.0
MA0588.2	TGA1	Basic leucine zipper factors (bZIP)	Group D	cluster_14	0.4911368785819005	0.49416887713027835	0.6403596403596403	0.6613386613386614	1.0	1.0
MA1819.2	Zm00001d005892	AP2/EREBP	ERF/DREB	cluster_24	0.4906903905104625	0.50219149741082	0.6503496503496503	0.5734265734265734	1.0	1.0
MA0988.2	PHYPADRAFT_143875	Basic helix-loop-helix factors (bHLH)	NA	cluster_07	0.4905437824870052	0.5474879624360809	0.6043956043956044	0.5744255744255744	1.0	1.0
MA2007.2	MYB107	Tryptophan cluster factors	MYB	cluster_02	0.4904771424763427	0.4889933992040965	0.6033966033966034	0.7722277722277723	1.0	1.0
MA2382.1	e_gw1.209.40.1	Basic helix-loop-helix factors (bHLH)	bHLH	cluster_07	0.4903905104624817	0.5474482367977016	0.6353646353646354	0.5894105894105894	1.0	1.0
MA1777.2	MYB74	Tryptophan cluster factors	MYB	cluster_02	0.49038384646141486	0.5034175282893221	0.6213786213786214	0.4095904095904096	1.0	0.9983911793727744
MA1425.2	HYH	Basic leucine zipper factors (bZIP)	Group H	cluster_07	0.4894842063174731	0.5129411212949267	0.6363636363636364	0.6513486513486514	1.0	1.0
MA2405.1	OsMSL08	Tryptophan cluster factors	Trihelix	cluster_10	0.4892243102758896	0.6094796146511857	0.6813186813186813	0.7582417582417582	1.0	1.0
MA1820.2	Zm00001d024324	AP2/EREBP	ERF/DREB	cluster_24	0.48916433426629397	0.4846294412414515	0.6343656343656343	0.7402597402597403	1.0	1.0
MA1158.2	MGP	C2H2 zinc finger factors	IDD	cluster_08	0.489044382247101	0.46323360699209903	0.6493506493506493	0.9440559440559441	1.0	1.0
MA0969.2	CAMTA2	GCM domain factors	CAMTA	cluster_07	0.4889377582300415	0.5211974552209807	0.6613386613386614	0.44755244755244755	1.0	1.0
MA0944.2	ARF8	B3	ARF	cluster_17	0.48887778222044526	0.546111385438178	0.6503496503496503	0.5824175824175825	1.0	1.0
MA1173.2	MYB101	Tryptophan cluster factors	MYB	cluster_11	0.48861122217779546	0.47422608288084683	0.6463536463536463	0.8771228771228772	1.0	1.0
MA1762.2	MYB10	Tryptophan cluster factors	MYB	cluster_02	0.48849793415966936	0.5030101489175023	0.6303696303696303	0.42357642357642356	1.0	0.9983911793727744
MA1338.3	DPBF3	Basic leucine zipper factors (bZIP)	Group A	cluster_07	0.4884312941490077	0.48742713896561934	0.6753246753246753	0.7012987012987013	1.0	1.0
MA2441.1	SPL3A	C3H(C),C2HC zinc-fingers like factors	SBP	cluster_38	0.4880581100892976	0.46764087414483324	0.6543456543456544	0.9140859140859141	1.0	1.0
MA1828.2	Zm00001d038683	TCP	NA	cluster_01	0.48805144608823103	0.4845162020577665	0.6603396603396603	0.7592407592407593	1.0	1.0
MA2419.1	UB3	C3H(C),C2HC zinc-fingers like factors	SBP	cluster_26	0.48796481407437026	0.4645360364538798	0.6853146853146853	0.942057942057942	1.0	1.0
MA1042.1	MYB59	Tryptophan cluster factors	Myb	cluster_02	0.487598294015727	0.514772227082342	0.6703296703296703	0.3926073926073926	1.0	0.9886450183479887
MA0557.2	FHY3	GCM domain factors	FRS/FRF	cluster_07	0.48687191789950734	0.4751907673679874	0.6653346653346653	0.8761238761238761	1.0	1.0
MA1225.1	ERF5	AP2/EREBP	ERF/DREB	cluster_24	0.4867119818739183	0.494043087121429	0.6743256743256744	0.5884115884115884	1.0	1.0
MA0565.3	FUS3	B3	LAV	cluster_29	0.48643209382913505	0.5371234053793537	0.6903096903096904	0.7142857142857143	1.0	1.0
MA2407.1	PK24978.1	Basic leucine zipper factors (bZIP)	Group A	cluster_07	0.48629881380781026	0.5082775193732598	0.6963036963036963	0.6973026973026973	1.0	1.0
MA2391.1	Lg3	Homeo domain factors	TALE-type HD	cluster_14	0.48611888577902174	0.5093260630674546	0.6763236763236763	0.47952047952047955	1.0	1.0
MA1009.1	ARF3	B3	ARF	cluster_15	0.4857656937225115	0.49049280519895005	0.6863136863136863	0.6973026973026973	1.0	1.0
MA2036.2	NAC076	GCM domain factors	NAC	cluster_25	0.4856524057043849	0.5540723946343074	0.7022977022977023	0.5014985014985015	1.0	1.0
MA0951.1	ATHB-16	Homeo domain factors	HD-ZIP	cluster_09	0.48513261362121834	0.5444061923807038	0.7012987012987013	0.7932067932067932	1.0	1.0
MA1197.2	CAMTA1	GCM domain factors	CAMTA	cluster_07	0.4851059576169536	0.4762629837422494	0.6833166833166833	0.8421578421578422	1.0	1.0
MA1406.2	ATHB-4	Homeo domain factors	HD-ZIP	cluster_09	0.4850926296148208	0.4867121870279011	0.7032967032967034	0.7382617382617382	1.0	1.0
MA0935.1	NAC025	GCM domain factors	NAC	cluster_20	0.4848993735838998	0.48804488965911563	0.6923076923076923	0.7622377622377622	1.0	1.0
MA1682.2	TCX3	CPP	NA	cluster_06	0.4848860455817672	0.5185459152378601	0.7032967032967034	0.23076923076923078	1.0	0.817422396607917
MA1040.1	MYB46	Tryptophan cluster factors	Myb	cluster_02	0.4846861255497801	0.5109798869833007	0.7062937062937062	0.45854145854145856	1.0	1.0
MA1742.2	BZIP18	Basic leucine zipper factors (bZIP)	Group I	cluster_12	0.484539517526323	0.49028751929256403	0.7202797202797203	0.6673326673326674	1.0	1.0
MA1735.2	AT2G38300	Tryptophan cluster factors	GARP_G2-like	cluster_04	0.48439290950286534	0.5108044275467324	0.6963036963036963	0.3246753246753247	1.0	0.9243554952510176
MA1257.2	ERF9	AP2/EREBP	ERF/DREB	cluster_37	0.48419298947087824	0.4794416491712627	0.7302697302697303	0.8231768231768232	1.0	1.0
MA1829.2	Zm00001d035604	Tryptophan cluster factors	MYB	cluster_02	0.48379314940690404	0.5328350516942789	0.7282717282717283	0.4835164835164835	1.0	1.0
MA1365.3	AT5G47660	Tryptophan cluster factors	Trihelix	cluster_10	0.48378648540583763	0.5393234161450597	0.7162837162837162	0.8911088911088911	1.0	1.0
MA0947.1	ARR14	Tryptophan cluster factors	GARP_ARR-B	cluster_13	0.48360655737704933	0.4836344424540955	0.7112887112887113	0.7142857142857143	1.0	1.0
MA2037.2	NAC096	GCM domain factors	NAC	cluster_25	0.4835998933759828	0.519834864976113	0.7102897102897103	0.7932067932067932	1.0	1.0
MA1362.2	bHLH77	Basic helix-loop-helix factors (bHLH)	bHLH	cluster_07	0.48312008529921296	0.5020901326537727	0.7172827172827173	0.44555444555444557	1.0	1.0
MA1675.2	NAC029	GCM domain factors	NAC	cluster_20	0.4830601092896174	0.4820280377705447	0.6983016983016983	0.8061938061938062	1.0	1.0
MA2016.2	GRF6	C3H zinc finger factors	GRF	cluster_22	0.48263361322137804	0.5080985824275822	0.7302697302697303	0.7722277722277723	1.0	1.0
MA0952.1	ATHB-51	Homeo domain factors	HD-ZIP	cluster_09	0.48257363721178215	0.5033558953761352	0.7382617382617382	0.7322677322677322	1.0	1.0
MA1011.2	PHYPADRAFT_72483	Basic helix-loop-helix factors (bHLH)	NA	cluster_07	0.48249366919898706	0.5465998790675015	0.7362637362637363	0.6083916083916084	1.0	1.0
MA1354.1	AT4G12670	Tryptophan cluster factors	Myb-related	cluster_34	0.48202052512328386	0.4585495615338408	0.7362637362637363	0.9790209790209791	1.0	1.0
MA1332.2	BEH2	Basic helix-loop-helix factors (bHLH)	BES/BZR	cluster_07	0.48188058110089277	0.4895441207077264	0.7382617382617382	0.6703296703296703	1.0	1.0
MA1659.2	ABF4	Basic leucine zipper factors (bZIP)	Group A	cluster_07	0.4818405970944955	0.4718384446640381	0.7312687312687313	0.913086913086913	1.0	1.0
MA2397.1	ILR3	Basic helix-loop-helix factors (bHLH)	NA	cluster_07	0.4817539650806344	0.5412517450797203	0.7322677322677322	0.6993006993006993	1.0	1.0
MA1370.2	IDD5	C2H2 zinc finger factors	IDD	cluster_08	0.48161402105824314	0.4666706806912312	0.7642357642357642	0.9400599400599401	1.0	1.0
MA1343.2	BZIP52	Basic leucine zipper factors (bZIP)	Group I	cluster_12	0.48154738104758094	0.4987423502331496	0.7412587412587412	0.6083916083916084	1.0	1.0
MA0939.1	NAC079	GCM domain factors	NAC	cluster_20	0.4811142209782753	0.48577231394420084	0.7532467532467533	0.8061938061938062	1.0	1.0
MA2087.1	PK24205.1	Basic leucine zipper factors (bZIP)	Group A	cluster_07	0.4810475809676129	0.4765731822371994	0.7412587412587412	0.8791208791208791	1.0	1.0
MA2351.1	OsEIL3	Other all-alpha-helical DNA-binding domains	EIL	cluster_26	0.4809942689590831	0.5044120181924459	0.7222777222777222	0.5234765234765235	1.0	1.0
MA1267.2	DOF5.8	Other C4 zinc finger-type factors	DOF	cluster_08	0.480741036918566	0.4947863815621292	0.7412587412587412	0.5754245754245755	1.0	1.0
MA1665.3	HSFB2A	Heat shock factors	HSF	cluster_04	0.4804944688791152	0.5046007041680131	0.7582417582417582	0.4355644355644356	1.0	1.0
MA1359.3	BPE	Basic helix-loop-helix factors (bHLH)	bHLH	cluster_07	0.48040783686525385	0.5460693806538247	0.7672327672327672	0.6303696303696303	1.0	1.0
MA1366.2	DF1	Tryptophan cluster factors	Trihelix	cluster_10	0.4796614687458353	0.505591421139007	0.7672327672327672	0.7732267732267732	1.0	1.0
MA0964.3	BIM1	Basic helix-loop-helix factors (bHLH)	bHLH	cluster_07	0.47956817273090757	0.4860571296253378	0.7642357642357642	0.7952047952047953	1.0	1.0
MA2104.1	IDD11	C2H2 zinc finger factors	IDD	cluster_08	0.479421564707451	0.4599268359090579	0.7922077922077922	0.964035964035964	1.0	1.0
MA1212.2	ATHB-13	Homeo domain factors	HD-ZIP	cluster_09	0.47932826869252315	0.5181592095460724	0.7772227772227772	0.7502497502497503	1.0	1.0
MA1740.2	BHLH49	Basic helix-loop-helix factors (bHLH)	bHLH	cluster_07	0.47932826869252293	0.4944547376176851	0.7822177822177823	0.7292707292707292	1.0	1.0
MA0579.2	CDC5	Tryptophan cluster factors	MYB-related	cluster_41	0.4792416366786617	0.4790217264298768	0.7822177822177823	0.8211788211788211	1.0	1.0
MA1171.2	MYB52	Tryptophan cluster factors	MYB	cluster_11	0.4791416766626682	0.5122661610818233	0.7542457542457542	0.6093906093906094	1.0	1.0
MA2010.2	SMB	GCM domain factors	NAC	cluster_25	0.4791016926562707	0.5263962557311871	0.7812187812187812	0.5584415584415584	1.0	1.0
MA1293.2	MYB57	Tryptophan cluster factors	MYB	cluster_02	0.47893509262961526	0.4973410246877284	0.7592407592407593	0.5584415584415584	1.0	1.0
MA1674.3	NAC017	GCM domain factors	NAC	cluster_25	0.47879514860722383	0.5150117842731633	0.7732267732267732	0.8161838161838162	1.0	1.0
MA2353.1	PK02532.1	Tryptophan cluster factors	MYB-related	cluster_13	0.478635212581634	0.5675497257203568	0.7762237762237763	0.6443556443556444	1.0	1.0
MA1691.2	ARF27	B3	ARF	cluster_22	0.4785752365720379	0.47678832212131156	0.7752247752247752	0.8901098901098901	1.0	1.0
MA0963.1	bHLH78	Basic helix-loop-helix factors (bHLH)	bHLH	cluster_07	0.4783486605357857	0.4127586745539003	0.8291708291708292	0.986013986013986	1.0	1.0
MA2431.1	SPL15A	C3H(C),C2HC zinc-fingers like factors	SBP	cluster_38	0.47816873250699793	0.4739964920201709	0.7932067932067932	0.8831168831168831	1.0	1.0
MA0564.2	ABI3	B3	LAV	cluster_29	0.47750233240037315	0.5141708326890381	0.7902097902097902	0.6893106893106893	1.0	1.0
MA1213.3	ZHD3	Homeo domain factors	PLINC	cluster_09	0.47707583633213396	0.47911710439131644	0.7952047952047953	0.8481518481518482	1.0	1.0
MA1195.2	AT5G56840	Tryptophan cluster factors	MYB-related	cluster_05	0.47662268425963006	0.4765858413622108	0.7742257742257742	0.8301698301698301	1.0	1.0
MA1372.2	ZAT10	C2H2 zinc finger factors	C2H2	cluster_35	0.47653605224576834	0.489456677688803	0.7752247752247752	0.6603396603396603	1.0	1.0
MA1331.2	BEH4	Basic helix-loop-helix factors (bHLH)	BES/BZR	cluster_07	0.4762428361988542	0.4808170826127499	0.7822177822177823	0.7882117882117882	1.0	1.0
MA2044.2	NAC007	GCM domain factors	NAC	cluster_25	0.47593629214980676	0.5461518833072595	0.8151848151848152	0.6153846153846154	1.0	1.0
MA0959.1	AIB	Basic helix-loop-helix factors (bHLH)	bHLH	cluster_07	0.4758163401306144	0.46592405913672413	0.8001998001998002	0.9250749250749251	1.0	1.0
MA2399.1	LjSGA_053525.1	TCP	NA	cluster_01	0.4754831400773024	0.48343102802294546	0.8041958041958042	0.7042957042957043	1.0	1.0
MA2413.1	ZmbZIP96	Basic leucine zipper factors (bZIP)	D	cluster_07	0.4749633479941357	0.47479260757789554	0.7912087912087912	0.8541458541458542	1.0	1.0
MA0978.1	DREB1E	AP2/EREBP	ERF/DREB	cluster_15	0.4748433959749434	0.49016913305086574	0.8111888111888111	0.6943056943056943	1.0	1.0
MA1215.2	ATHB-53	Homeo domain factors	HD-ZIP	cluster_09	0.4745168599226976	0.47698637699109786	0.8151848151848152	0.8731268731268731	1.0	1.0
MA1281.2	DOF5.1	Other C4 zinc finger-type factors	DOF	cluster_08	0.4743569238971074	0.4932273718422801	0.8291708291708292	0.6013986013986014	1.0	1.0
MA1344.2	BZIP28	Basic leucine zipper factors (bZIP)	Group B	cluster_07	0.474170331867253	0.46276130625176165	0.8251748251748252	0.9600399600399601	1.0	1.0
MA1210.3	HAT22	Homeo domain factors	HD-ZIP	cluster_09	0.4741503398640543	0.47633237567652714	0.7852147852147852	0.8581418581418582	1.0	1.0
MA1175.2	MYB81	Tryptophan cluster factors	MYB	cluster_11	0.47407703585232536	0.4907461153429828	0.8281718281718282	0.7132867132867133	1.0	1.0
MA1771.2	MYB41	Tryptophan cluster factors	MYB	cluster_02	0.47407037185126033	0.5186935499787829	0.7962037962037962	0.23276723276723277	1.0	0.817422396607917
MA2047.2	NAC037	GCM domain factors	NAC	cluster_25	0.47405704384912706	0.5482893911274301	0.8171828171828172	0.5874125874125874	1.0	1.0
MA1066.1	TCP23	TCP	NA	cluster_01	0.4740370518459287	0.49998597956412205	0.8101898101898102	0.4835164835164835	1.0	1.0
MA1333.2	BEH3	Basic helix-loop-helix factors (bHLH)	BES/BZR	cluster_07	0.47400373184059713	0.4831154348823474	0.8241758241758241	0.7602397602397603	1.0	1.0
MA1209.2	ATHB-20	Homeo domain factors	HD-ZIP	cluster_09	0.47394375583100085	0.5173788694593938	0.8271728271728271	0.7592407592407593	1.0	1.0
MA1790.1	NAC073	GCM domain factors	NAC	cluster_16	0.47384379581500713	0.4890429253721523	0.8181818181818182	0.6693306693306693	1.0	1.0
MA2375.1	BMY2	Basic helix-loop-helix factors (bHLH)	BES/BZR	cluster_07	0.47361721977875526	0.4766062172710265	0.8261738261738262	0.8421578421578422	1.0	1.0
MA1097.1	ARALYDRAFT_493022	TCP	NA	cluster_01	0.47349726775956286	0.4867162230262914	0.8151848151848152	0.6953046953046953	1.0	1.0
MA1402.1	BPC6	BBR/BPC	NA	cluster_21	0.47336398773823835	0.4725820135172652	0.8251748251748252	0.8821178821178821	1.0	1.0
MA2026.2	MYB108	Tryptophan cluster factors	MYB	cluster_02	0.47319738771158215	0.4846545468480992	0.8281718281718282	0.7612387612387612	1.0	1.0
MA0008.4	HAT5	Homeo domain factors	HD-ZIP	cluster_09	0.47311741969878757	0.4723821018470921	0.8141858141858141	0.9110889110889111	1.0	1.0
MA1292.2	MYB27	Tryptophan cluster factors	MYB	cluster_02	0.4730574436891914	0.49555219543118106	0.8391608391608392	0.5764235764235764	1.0	1.0
MA1098.1	ARALYDRAFT_484486	TCP	NA	cluster_01	0.4729908036785287	0.49587946109104664	0.8181818181818182	0.6123876123876124	1.0	1.0
MA1095.1	ARALYDRAFT_495258	TCP	NA	cluster_01	0.4729908036785287	0.49587946109104664	0.8391608391608392	0.6363636363636364	1.0	1.0
MA0021.1	Dof3	Other C4 zinc finger-type factors	DOF	cluster_03	0.47297747567639614	0.5516390942054745	0.8481518481518482	0.8581418581418582	1.0	1.0
MA1408.2	FaEOBII	Tryptophan cluster factors	MYB-related	cluster_02	0.4728042116486739	0.5065501792154715	0.8261738261738262	0.5244755244755245	1.0	1.0
MA1360.3	bHLH74	Basic helix-loop-helix factors (bHLH)	bHLH	cluster_07	0.4723710515793682	0.541641192712716	0.8361638361638362	0.6773226773226774	1.0	1.0
MA2080.1	PK20225.1	Basic helix-loop-helix factors (bHLH)	bHLH	cluster_07	0.47216446754631497	0.5418914052272973	0.8401598401598401	0.6553446553446554	1.0	1.0
MA1398.3	KUA1	Tryptophan cluster factors	MYB-related	cluster_05	0.4717113154738107	0.47816655314069606	0.8261738261738262	0.8711288711288712	1.0	1.0
MA0566.1	MYC2	Basic helix-loop-helix factors (bHLH)	bHLH	cluster_07	0.4716979874716783	0.4659654413775226	0.8541458541458542	0.9370629370629371	1.0	1.0
MA2393.1	PHYPA_008731	Basic helix-loop-helix factors (bHLH)	NA	cluster_07	0.4712981474077036	0.48803184502131663	0.8701298701298701	0.8131868131868132	1.0	1.0
MA1286.2	TCP24	TCP	NA	cluster_01	0.4712381713981075	0.47168674675376165	0.8391608391608392	0.8851148851148851	1.0	1.0
MA2411.1	ZmbZIP57	Basic leucine zipper factors (bZIP)	S	cluster_14	0.47109822737571644	0.4755199444562454	0.8471528471528471	0.8481518481518482	1.0	1.0
MA0966.2	BIM3	Basic helix-loop-helix factors (bHLH)	bHLH	cluster_07	0.4709382913501266	0.5401566073904925	0.8711288711288712	0.7262737262737263	1.0	1.0
MA1045.2	NAC043	GCM domain factors	NAC	cluster_32	0.47072504331600695	0.49136665657298845	0.8401598401598401	0.6453546453546454	1.0	1.0
MA0956.2	BEE2	Basic helix-loop-helix factors (bHLH)	bHLH	cluster_07	0.4707117153138745	0.5410928344060066	0.8701298701298701	0.7022977022977023	1.0	1.0
MA0936.1	NAC046	GCM domain factors	NAC	cluster_20	0.4704384912701588	0.47822921336496754	0.8331668331668332	0.8701298701298701	1.0	1.0
MA1193.2	AT2G38090	Tryptophan cluster factors	MYB-related	cluster_05	0.47027855524456946	0.4819157002207819	0.8701298701298701	0.7882117882117882	1.0	1.0
MA0941.2	ABF2	Basic leucine zipper factors (bZIP)	Group A	cluster_07	0.4701519392243104	0.51698172108748	0.8561438561438561	0.6023976023976024	1.0	1.0
MA1361.2	bHLH18	Basic helix-loop-helix factors (bHLH)	bHLH	cluster_07	0.4700453152072502	0.500786953461613	0.8471528471528471	0.4695304695304695	1.0	1.0
MA1346.2	TGA10	Basic leucine zipper factors (bZIP)	Group D	cluster_14	0.46994535519125674	0.46298322377142015	0.8391608391608392	0.936063936063936	1.0	1.0
MA2014.2	BAM8	Basic helix-loop-helix factors (bHLH)	BES/BZR	cluster_07	0.46984539517526336	0.4697182054662805	0.8471528471528471	0.8921078921078921	1.0	1.0
MA1043.2	NAC083	GCM domain factors	NAC	cluster_20	0.469698787151806	0.527668924735864	0.8591408591408591	0.4005994005994006	1.0	0.9983911793727744
MA2072.1	PK16335.1	Basic leucine zipper factors (bZIP)	Group D	cluster_12	0.4695521791283488	0.46384799593375264	0.8531468531468531	0.9440559440559441	1.0	1.0
MA1765.2	MYB121	Tryptophan cluster factors	MYB	cluster_02	0.469538851126216	0.4978197129063619	0.8581418581418582	0.5414585414585414	1.0	1.0
MA1214.2	ATHB-40	Homeo domain factors	HD-ZIP	cluster_09	0.4693189390910307	0.4748397530440536	0.8451548451548452	0.8521478521478522	1.0	1.0
MA0958.1	BHLH13	Basic helix-loop-helix factors (bHLH)	bHLH	cluster_07	0.46905237904838093	0.47079687189648495	0.8571428571428571	0.8981018981018981	1.0	1.0
MA1068.3	TGA2	Basic leucine zipper factors (bZIP)	Group D	cluster_14	0.4687125149940025	0.4647099949888802	0.8901098901098901	0.954045954045954	1.0	1.0
MA1687.1	ARF14	B3	ARF	cluster_01	0.46850593096094917	0.4677145099083174	0.8621378621378621	0.9170829170829171	1.0	1.0
MA1803.2	VIP1	Basic leucine zipper factors (bZIP)	Group I	cluster_12	0.4684859389577502	0.46556996508596354	0.8641358641358642	0.935064935064935	1.0	1.0
MA0957.1	BHLH3	Basic helix-loop-helix factors (bHLH)	bHLH	cluster_07	0.4684326269492202	0.4646569390305974	0.8651348651348651	0.936063936063936	1.0	1.0
MA2075.1	PK18009.1	Basic leucine zipper factors (bZIP)	Group A	cluster_07	0.468365986938558	0.5245096446088374	0.8761238761238761	0.6323676323676324	1.0	1.0
MA1737.2	AT5G05090	Tryptophan cluster factors	GARP_G2-like	cluster_13	0.4682593629214981	0.4895379608174116	0.8821178821178821	0.8901098901098901	1.0	1.0
MA1287.2	TCP21	TCP	NA	cluster_01	0.4681127548980418	0.49035875560877684	0.8481518481518482	0.6583416583416584	1.0	1.0
MA2015.2	NAC002	GCM domain factors	NAC	cluster_20	0.46797281087565	0.472523431823849	0.8631368631368631	0.8961038961038961	1.0	1.0
MA1381.2	AT3G46070	C2H2 zinc finger factors	C2H2	cluster_19	0.4679461548713847	0.5036224423977751	0.8631368631368631	0.8081918081918081	1.0	1.0
MA1409.2	OsRR22	Tryptophan cluster factors	GARP_ARR-B	cluster_13	0.4678262028521926	0.4721779273337341	0.8601398601398601	0.8761238761238761	1.0	1.0
MA1662.2	AT3G10030	Tryptophan cluster factors	Trihelix	cluster_11	0.46781953885112626	0.4907534399226629	0.8811188811188811	0.8691308691308691	1.0	1.0
MA1283.2	TCP14	TCP	NA	cluster_01	0.4677062508329999	0.4819865691361015	0.8741258741258742	0.7742257742257742	1.0	1.0
MA0551.2	HY5	Basic leucine zipper factors (bZIP)	Group H	cluster_07	0.4676462748234042	0.48363889956211276	0.8841158841158842	0.7662337662337663	1.0	1.0
MA1345.2	BZIP48	Basic leucine zipper factors (bZIP)	Group S	cluster_14	0.46756630681060857	0.4571137471298332	0.8621378621378621	0.964035964035964	1.0	1.0
MA1282.2	TCP13	TCP	NA	cluster_01	0.46730641076902646	0.48446543800605163	0.8691308691308691	0.7392607392607392	1.0	1.0
MA1025.2	HBI1	Basic helix-loop-helix factors (bHLH)	bHLH	cluster_07	0.4670665067306412	0.4894871634496369	0.8811188811188811	0.7862137862137862	1.0	1.0
MA0568.2	MYC3	Basic helix-loop-helix factors (bHLH)	bHLH	cluster_07	0.46703985072637616	0.5400020149995846	0.8991008991008991	0.7252747252747253	1.0	1.0
MA2384.1	estExt_Genewise1.C_2060077	Basic leucine zipper factors (bZIP)	bZIP	cluster_07	0.46675996268159403	0.4814716243378465	0.8881118881118881	0.9400599400599401	1.0	1.0
MA1188.1	At3g11280	Tryptophan cluster factors	Myb-related	cluster_05	0.4665067306410775	0.49571697455541264	0.8761238761238761	0.5564435564435565	1.0	1.0
MA0560.2	PIF3	Basic helix-loop-helix factors (bHLH)	bHLH	cluster_07	0.46642676262828214	0.5046143801430956	0.8741258741258742	0.6633366633366633	1.0	1.0
MA2365.1	VIT_17s0000g10420	Tryptophan cluster factors	Trihelix	cluster_18	0.4657270425163268	0.4929859270557954	0.8781218781218781	0.8011988011988012	1.0	1.0
MA1810.2	GLYMA-08G357600	B3	LAV	cluster_29	0.46551379448220703	0.4895517117322757	0.8751248751248751	0.7332667332667333	1.0	1.0
MA2061.1	PK06517.1	Basic helix-loop-helix factors (bHLH)	bHLH	cluster_07	0.46461415433826475	0.4846064927400631	0.8951048951048951	0.8501498501498501	1.0	1.0
MA1289.2	TCP3	TCP	NA	cluster_01	0.464294282287085	0.4749608890900543	0.8981018981018981	0.8641358641358642	1.0	1.0
MA1430.2	TB1	TCP	NA	cluster_01	0.46428095428495325	0.48163337191550315	0.8881118881118881	0.7822177822177823	1.0	1.0
MA1749.1	E2FC	Fork head/winged helix factors	E2F	cluster_27	0.4641876582700243	0.4755205611453432	0.8851148851148851	0.8331668331668332	1.0	1.0
MA2376.1	CAMTA5	GCM domain factors	CAMTA	cluster_07	0.46417433026789334	0.4766401562081168	0.8901098901098901	0.8451548451548452	1.0	1.0
MA0128.1	EmBP-1	Basic leucine zipper factors (bZIP)	Group G	cluster_07	0.46406104224976685	0.494639039131341	0.9110889110889111	0.7742257742257742	1.0	1.0
MA1373.1	GAF1	C2H2 zinc finger factors	IDD	cluster_08	0.4637345061975209	0.46702296044166103	0.8871128871128872	0.935064935064935	1.0	1.0
MA0576.2	RAX3	Tryptophan cluster factors	MYB	cluster_02	0.46346794615487197	0.46319192269383364	0.8771228771228772	0.929070929070929	1.0	1.0
MA0948.2	ARR18	Tryptophan cluster factors	GARP_ARR-B	cluster_13	0.46324137011861927	0.48492614551043345	0.9240759240759241	0.8381618381618382	1.0	1.0
MA1393.3	MYB70	Tryptophan cluster factors	MYB	cluster_11	0.4632413701186191	0.5161168301692732	0.9020979020979021	0.7892107892107892	1.0	1.0
MA2048.2	NAC045	GCM domain factors	NAC	cluster_25	0.46317473010795696	0.4630852905697033	0.9000999000999002	0.984015984015984	1.0	1.0
MA1396.2	GATA6	Other C4 zinc finger-type factors	C4-GATA-related	cluster_13	0.46301479408236734	0.4859313551960464	0.9230769230769231	0.7382617382617382	1.0	1.0
MA1809.2	GLYMA-07G038400	C3H zinc finger factors	GRF	cluster_22	0.46270825003332	0.46606709502789845	0.9020979020979021	0.954045954045954	1.0	1.0
MA1695.2	ARF36	B3	ARF	cluster_01	0.4626682660269234	0.4642730953063549	0.9170829170829171	0.9410589410589411	1.0	1.0
MA1189.2	AT5G61620	Tryptophan cluster factors	MYB-related	cluster_05	0.46249500199920085	0.4652558055650912	0.906093906093906	0.932067932067932	1.0	1.0
MA0587.2	TCP16	TCP	NA	cluster_01	0.4624416899906704	0.49150141396815133	0.9000999000999002	0.6543456543456544	1.0	1.0
MA1816.2	O11	Basic helix-loop-helix factors (bHLH)	bHLH	cluster_07	0.46240836998533924	0.5358769447568853	0.9080919080919081	0.7622377622377622	1.0	1.0
MA0942.2	ARF1	B3	ARF	cluster_15	0.46240836998533913	0.49512457658159337	0.9120879120879121	0.8321678321678322	1.0	1.0
MA1693.2	ARF34	B3	ARF	cluster_22	0.4622017859522858	0.4708667248167643	0.903096903096903	0.9170829170829171	1.0	1.0
MA1021.2	PHYPADRAFT_48267	Basic helix-loop-helix factors (bHLH)	NA	cluster_07	0.46204851392776214	0.47591837646708296	0.9020979020979021	0.8731268731268731	1.0	1.0
MA1054.2	ARALYDRAFT_897773	TCP	NA	cluster_01	0.46176862588297996	0.46748672745446884	0.913086913086913	0.922077922077922	1.0	1.0
MA1033.1	OJ1058_F05.8	Basic leucine zipper factors (bZIP)	Group A	cluster_07	0.46105557776889233	0.4845988346852347	0.9240759240759241	0.8881118881118881	1.0	1.0
MA0960.1	BHLH104	Basic helix-loop-helix factors (bHLH)	bHLH	cluster_07	0.46080234572837564	0.4740829839822204	0.8951048951048951	0.8461538461538461	1.0	1.0
MA1751.2	EIL3	EIL	NA	cluster_26	0.46055577768892453	0.4640761591510143	0.9240759240759241	0.974025974025974	1.0	1.0
MA2092.1	PK27149.1	Basic leucine zipper factors (bZIP)	Group S	cluster_07	0.4601892576302811	0.47883203820162434	0.919080919080919	0.8651348651348651	1.0	1.0
MA1196.2	AT5G05790	Tryptophan cluster factors	MYB-related	cluster_05	0.4599626815940294	0.49526236917118166	0.9210789210789211	0.5634365634365635	1.0	1.0
MA0552.2	PIF1	Basic helix-loop-helix factors (bHLH)	bHLH	cluster_07	0.4599093695854991	0.5348443468962356	0.936063936063936	0.7792207792207793	1.0	1.0
MA0549.2	BZR2	Basic helix-loop-helix factors (bHLH)	BES/BZR	cluster_07	0.45970944955351245	0.4675754787853465	0.916083916083916	0.9230769230769231	1.0	1.0
MA1335.1	TGA4	Basic leucine zipper factors (bZIP)	Group D	cluster_14	0.4594295615087299	0.4616657780474446	0.9150849150849151	0.945054945054945	1.0	1.0
MA1294.2	MYB62	Tryptophan cluster factors	MYB	cluster_02	0.45936958549913376	0.47258577313105343	0.8991008991008991	0.8821178821178821	1.0	1.0
MA2403.1	DVH24_040989	Tryptophan cluster factors	Trihelix	cluster_18	0.4590297214447554	0.6196705382175373	0.952047952047952	0.8681318681318682	1.0	1.0
MA1031.2	OJ1581_H09.2	TCP	NA	cluster_01	0.4590163934426229	0.470480578524507	0.932067932067932	0.964035964035964	1.0	1.0
MA2342.1	URI	Basic helix-loop-helix factors (bHLH)	bHLH	cluster_07	0.4588697854191656	0.531135039479954	0.938061938061938	0.8351648351648352	1.0	1.0
MA1397.2	AT1G74840	Tryptophan cluster factors	MYB-related	cluster_05	0.4585099293615888	0.48725381520830213	0.9270729270729271	0.8401598401598401	1.0	1.0
MA1666.3	HSFB2B	Heat shock factors	HSF	cluster_04	0.45840330534452817	0.49401631825894166	0.9330669330669331	0.5804195804195804	1.0	1.0
MA2346.1	OsTCP7	TCP	NA	cluster_01	0.4582033853125416	0.47026319663995486	0.916083916083916	0.938061938061938	1.0	1.0
MA2354.1	PK06182.1	Tryptophan cluster factors	MYB	cluster_02	0.45816340130614447	0.4957054617276497	0.9240759240759241	0.5804195804195804	1.0	1.0
MA2364.1	VIT_15s0048g01150	TCP	NA	cluster_01	0.45810342529654785	0.4822918614570124	0.916083916083916	0.7562437562437563	1.0	1.0
MA1037.2	MYB24	Tryptophan cluster factors	MYB	cluster_02	0.45809009729441563	0.5188550946004334	0.9370629370629371	0.6843156843156843	1.0	1.0
MA1169.1	MYB105	Tryptophan cluster factors	Myb	cluster_11	0.45797014527522373	0.4854439890916581	0.935064935064935	0.7272727272727273	1.0	1.0
MA1096.1	ARALYDRAFT_496250	TCP	NA	cluster_01	0.45796348127415704	0.467742765093064	0.935064935064935	0.9050949050949051	1.0	1.0
MA2410.1	ZmbZIP54	Basic leucine zipper factors (bZIP)	S	cluster_14	0.4573304011728643	0.4557713104430024	0.9090909090909091	0.973026973026973	1.0	1.0
MA1156.2	JKD	C2H2 zinc finger factors	IDD	cluster_08	0.45730374516859884	0.45635393463588925	0.9300699300699301	0.972027972027972	1.0	1.0
MA2417.1	EREB71	AP2/EREBP	ERF/DREB	cluster_15	0.45722377715580453	0.45498134090762693	0.9410589410589411	0.984015984015984	1.0	1.0
MA0054.1	myb.Ph3	Tryptophan cluster factors	Myb	cluster_11	0.45715713714514183	0.49551167248810923	0.932067932067932	0.6163836163836164	1.0	1.0
MA2362.1	TEIL	EIL	NA	cluster_26	0.45702385712381705	0.4560480411833423	0.935064935064935	0.985014985014985	1.0	1.0
MA2064.1	PK07858.1	Basic helix-loop-helix factors (bHLH)	bHLH	cluster_07	0.45699053711848586	0.479304983650452	0.9410589410589411	0.8811188811188811	1.0	1.0
MA2406.1	PK03576.1	Basic helix-loop-helix factors (bHLH)	bHLH	cluster_07	0.4567839530854325	0.4802862259619462	0.942057942057942	0.8931068931068931	1.0	1.0
MA2057.1	PK01630.1	Basic helix-loop-helix factors (bHLH)	bHLH	cluster_07	0.45665067306410756	0.4813671162556711	0.9370629370629371	0.8671328671328671	1.0	1.0
MA2077.1	PK18474.1	Basic helix-loop-helix factors (bHLH)	bHLH	cluster_07	0.45645075303212057	0.4814677427986548	0.939060939060939	0.8871128871128872	1.0	1.0
MA1177.2	MYB65	Tryptophan cluster factors	MYB	cluster_11	0.4564307610289218	0.47398966822917943	0.9440559440559441	0.906093906093906	1.0	1.0
MA1074.2	UNE10	Basic helix-loop-helix factors (bHLH)	bHLH	cluster_07	0.45596428095428493	0.481849232396943	0.939060939060939	0.8651348651348651	1.0	1.0
MA2401.1	Os05g0437700	Basic leucine zipper factors (bZIP)	NA	cluster_07	0.45569105691056905	0.4822398522706617	0.9460539460539461	0.8881118881118881	1.0	1.0
MA0965.3	BIM2	Basic helix-loop-helix factors (bHLH)	bHLH	cluster_07	0.45542449686791947	0.5308245971416616	0.9470529470529471	0.8231768231768232	1.0	1.0
MA2071.1	PK15505.1	Basic helix-loop-helix factors (bHLH)	bHLH	cluster_07	0.45527122484339605	0.46372756884654937	0.9460539460539461	0.9370629370629371	1.0	1.0
MA1374.2	IDD7	C2H2 zinc finger factors	IDD	cluster_08	0.45523124083699884	0.45121965416818904	0.935064935064935	0.981018981018981	1.0	1.0
MA1766.2	MYB17	Tryptophan cluster factors	MYB	cluster_02	0.4546981207516993	0.47274848319850366	0.9370629370629371	0.8681318681318682	1.0	1.0
MA2392.1	GRMZM2G135447	Homeo domain factors	TALE-type HD	cluster_14	0.4544115687058512	0.4537374618882446	0.949050949050949	0.99000999000999	1.0	1.0
MA1284.2	TCP1	TCP	NA	cluster_01	0.4543316006930566	0.48900803304994084	0.9430569430569431	0.6663336663336663	1.0	1.0
MA1364.2	BHLH72	Basic helix-loop-helix factors (bHLH)	bHLH	cluster_07	0.45432493669199003	0.4827589607288158	0.945054945054945	0.8081918081918081	1.0	1.0
MA1764.2	MYB116	Tryptophan cluster factors	MYB	cluster_02	0.4541516726642676	0.4739989279350872	0.952047952047952	0.8621378621378621	1.0	1.0
MA1047.3	TGA5	Basic leucine zipper factors (bZIP)	Group D	cluster_14	0.4538784486205516	0.45307115390705377	0.9560439560439561	0.983016983016983	1.0	1.0
MA1781.2	MYB94	Tryptophan cluster factors	MYB	cluster_02	0.45385179261628694	0.4704596710901675	0.9470529470529471	0.9020979020979021	1.0	1.0
MA2067.1	PK09702.1	Basic helix-loop-helix factors (bHLH)	bHLH	cluster_07	0.45343196054911367	0.47831972272730744	0.954045954045954	0.8321678321678322	1.0	1.0
MA2408.1	BAD1	TCP	NA	cluster_01	0.453345328535253	0.4614326314873716	0.951048951048951	0.9590409590409591	1.0	1.0
MA2028.2	MYB49	Tryptophan cluster factors	MYB	cluster_02	0.4531587365053982	0.4910981990155713	0.955044955044955	0.6313686313686314	1.0	1.0
MA2024.2	MYB63	Tryptophan cluster factors	MYB	cluster_02	0.4531387445021997	0.4674827851400714	0.9530469530469531	0.9240759240759241	1.0	1.0
MA2060.1	PK05451.1	Basic helix-loop-helix factors (bHLH)	bHLH	cluster_07	0.4531187524990003	0.47358644133351163	0.942057942057942	0.8761238761238761	1.0	1.0
MA2041.2	MYB13	Tryptophan cluster factors	MYB	cluster_02	0.45292549646807917	0.46521167426286025	0.957042957042957	0.9440559440559441	1.0	1.0
MA0569.2	MYC4	Basic helix-loop-helix factors (bHLH)	bHLH	cluster_07	0.4527455684392911	0.47888115534474923	0.9400599400599401	0.8881118881118881	1.0	1.0
MA1686.1	ARF13	B3	ARF	cluster_01	0.45233906437425075	0.4720350168144352	0.949050949050949	0.8761238761238761	1.0	1.0
MA1070.3	TGA7	Basic leucine zipper factors (bZIP)	Group D	cluster_14	0.45229241636678674	0.45716071801389635	0.945054945054945	0.971028971028971	1.0	1.0
MA1400.2	AT1G19000	Tryptophan cluster factors	MYB-related	cluster_05	0.4520125283220053	0.4623578578277141	0.9560439560439561	0.9530469530469531	1.0	1.0
MA1179.2	MYB1	Tryptophan cluster factors	MYB	cluster_11	0.45172597627615607	0.49491927290887944	0.958041958041958	0.8321678321678322	1.0	1.0
MA1041.1	MYB55	Tryptophan cluster factors	Myb	cluster_02	0.45141276822604287	0.4698048968081596	0.955044955044955	0.9170829170829171	1.0	1.0
MA0582.2	RAV1	B3	RAV	cluster_17	0.45125283220045315	0.6012757891134083	0.974025974025974	0.926073926073926	1.0	1.0
MA2421.1	SBP8	C3H(C),C2HC zinc-fingers like factors	SBP	cluster_26	0.451106224176996	0.45503934987992645	0.964035964035964	0.986013986013986	1.0	1.0
MA1834.2	Zm00001d034298	Basic helix-loop-helix factors (bHLH)	bHLH	cluster_07	0.4509729441556709	0.46559822034823484	0.962037962037962	0.9530469530469531	1.0	1.0
MA2359.1	PK23829.1	Tryptophan cluster factors	MYB-related	cluster_05	0.450859656137545	0.5335290668763707	0.951048951048951	0.8911088911088911	1.0	1.0
MA1067.1	TCP5	TCP	NA	cluster_01	0.4506997201119553	0.4705420944060531	0.952047952047952	0.8891108891108891	1.0	1.0
MA1403.1	BPC5	BBR/BPC	NA	cluster_21	0.45065307210449135	0.47759473259752055	0.954045954045954	0.8301698301698301	1.0	1.0
MA1815.2	GRF4	C3H zinc finger factors	GRF	cluster_12	0.4503598560575773	0.4714967459303515	0.958041958041958	0.9270729270729271	1.0	1.0
MA0121.2	ARR10	Tryptophan cluster factors	GARP_ARR-B	cluster_13	0.44987338397974147	0.4777997137558412	0.9600399600399601	0.965034965034965	1.0	1.0
MA2025.2	MYB93	Tryptophan cluster factors	MYB	cluster_02	0.449833399973344	0.4540604963612962	0.9590409590409591	0.978021978021978	1.0	1.0
MA1035.1	TCP4	TCP	NA	cluster_01	0.44978008796481395	0.45968342825399267	0.964035964035964	0.961038961038961	1.0	1.0
MA1685.2	ARF10	B3	ARF	cluster_01	0.4497201119552178	0.45461857608307643	0.9560439560439561	0.978021978021978	1.0	1.0
MA1793.2	NID1	Tryptophan cluster factors	MYB-related	cluster_05	0.449420231907237	0.5925415433044472	0.9630369630369631	0.8961038961038961	1.0	1.0
MA2091.1	PK27109.1	Basic leucine zipper factors (bZIP)	Group I	cluster_12	0.4492403038784486	0.459781330983464	0.9600399600399601	0.965034965034965	1.0	1.0
MA0097.1	bZIP911	Basic leucine zipper factors (bZIP)	Group S	cluster_14	0.44866719978675196	0.45234662886930344	0.964035964035964	0.984015984015984	1.0	1.0
MA0946.1	ARR11	Tryptophan cluster factors	GARP_ARR-B	cluster_13	0.4485872317739568	0.4647990577819748	0.9630369630369631	0.965034965034965	1.0	1.0
MA1061.2	SPT	Basic helix-loop-helix factors (bHLH)	bHLH	cluster_07	0.4485272557643608	0.48416095101281165	0.958041958041958	0.8921078921078921	1.0	1.0
MA2076.1	PK18401.1	Basic helix-loop-helix factors (bHLH)	bHLH	cluster_07	0.44793415966946554	0.4745140272404645	0.9630369630369631	0.8701298701298701	1.0	1.0
MA1786.2	NAC019	GCM domain factors	NAC	cluster_20	0.4477475676396108	0.4506367765125482	0.968031968031968	0.994005994005994	1.0	1.0
MA2030.2	MYB96	Tryptophan cluster factors	MYB	cluster_02	0.44727442356390745	0.46235668860261225	0.974025974025974	0.9440559440559441	1.0	1.0
MA1208.2	GT-2	Tryptophan cluster factors	Trihelix	cluster_10	0.4471611355457818	0.4613995541934977	0.9690309690309691	0.949050949050949	1.0	1.0
MA1348.1	TGA9	Basic leucine zipper factors (bZIP)	Group D	cluster_14	0.44705451152872155	0.45420074082316514	0.961038961038961	0.967032967032967	1.0	1.0
MA1020.1	GT-1	Tryptophan cluster factors	Trihelix	cluster_18	0.4469278955084633	0.4745963657336145	0.973026973026973	0.951048951048951	1.0	1.0
MA1428.2	TCP8	TCP	NA	cluster_01	0.4468212714914033	0.4798493844292582	0.975024975024975	0.8101898101898102	1.0	1.0
MA2420.1	SBP6	C3H(C),C2HC zinc-fingers like factors	SBP	cluster_26	0.4467013194722111	0.4714968717702678	0.977022977022977	0.983016983016983	1.0	1.0
MA1813.2	EIL4	EIL	NA	cluster_46	0.44587498333999714	0.45485581516900897	0.9790209790209791	0.99000999000999	1.0	1.0
MA2103.1	AT4G09450	Tryptophan cluster factors	MYB-related	cluster_05	0.44572837531654	0.5915940796199969	0.981018981018981	0.916083916083916	1.0	1.0
MA2343.1	MYB3R3	Tryptophan cluster factors	MYB	cluster_11	0.44541516726642666	0.4437306447831694	0.97002997002997	0.993006993006993	1.0	1.0
MA1371.2	IDD4	C2H2 zinc finger factors	IDD	cluster_08	0.4453818472610957	0.45051231375598333	0.975024975024975	0.99000999000999	1.0	1.0
MA2018.2	NAC69	GCM domain factors	NAC	cluster_20	0.4453018792483006	0.4715114523847314	0.9760239760239761	0.913086913086913	1.0	1.0
MA1290.1	TCP17	TCP	NA	cluster_01	0.4452019192323072	0.4655063908863904	0.97002997002997	0.9330669330669331	1.0	1.0
MA1336.2	TGA3	Basic leucine zipper factors (bZIP)	Group D	cluster_14	0.44511528721844595	0.45403056652525947	0.978021978021978	0.981018981018981	1.0	1.0
MA0561.1	PIF4	Basic helix-loop-helix factors (bHLH)	bHLH	cluster_07	0.4446887911502065	0.47140143641409576	0.975024975024975	0.954045954045954	1.0	1.0
MA2371.1	MYB31	Tryptophan cluster factors	MYB	cluster_02	0.4429228308676527	0.4424203115437674	0.986013986013986	0.996003996003996	1.0	1.0
MA1738.1	ATMYB31	Tryptophan cluster factors	Myb	cluster_02	0.4429228308676527	0.4424203115437674	0.98001998001998	0.997002997002997	1.0	1.0
MA0967.1	BZIP60	Basic leucine zipper factors (bZIP)	Group K	cluster_14	0.4422297747567641	0.4449207145474009	0.98001998001998	0.991008991008991	1.0	1.0
MA2404.1	OsTRBF3	Tryptophan cluster factors	MYB-related	cluster_02	0.4420231907237104	0.4970319812508639	0.9820179820179821	0.958041958041958	1.0	1.0
MA1285.2	TCP9	TCP	NA	cluster_01	0.4418032786885245	0.4683913786692333	0.9820179820179821	0.9120879120879121	1.0	1.0
MA1405.2	SIZF2	C2H2 zinc finger factors	C2H2	cluster_35	0.4412035185925628	0.44946781900556004	0.98001998001998	0.983016983016983	1.0	1.0
MA2357.1	PK21687.1	Tryptophan cluster factors	MYB-related	cluster_18	0.4411635345861656	0.5132832391121456	0.986013986013986	0.955044955044955	1.0	1.0
MA1160.2	IDD6	C2H2 zinc finger factors	IDD	cluster_08	0.44053711848593846	0.45673485012502785	0.986013986013986	0.973026973026973	1.0	1.0
MA1768.2	MYB30	Tryptophan cluster factors	MYB	cluster_02	0.440497134479541	0.47690525671188083	0.988011988011988	0.8221778221778222	1.0	1.0
MA2079.1	PK19717.1	TCP	NA	cluster_01	0.4404771424763435	0.48297178446809536	0.975024975024975	0.7642357642357642	1.0	1.0
MA1690.2	ARF25	B3	ARF	cluster_01	0.44046381447421035	0.4522479240851978	0.986013986013986	0.9920079920079921	1.0	1.0
MA1355.2	TRB2	Tryptophan cluster factors	MYB-related	cluster_02	0.4400906304145016	0.4539795714428916	0.988011988011988	0.987012987012987	1.0	1.0
MA2348.1	IDD6	C2H2 zinc finger factors	IDD	cluster_08	0.4400439824070375	0.45629311317442073	0.973026973026973	0.971028971028971	1.0	1.0
MA1050.1	OsI_08196	TCP	NA	cluster_01	0.4397307743569237	0.4743882341695503	0.971028971028971	0.8421578421578422	1.0	1.0
MA1774.2	MYB60	Tryptophan cluster factors	MYB	cluster_02	0.4381380781020924	0.47418138982806196	0.978021978021978	0.8641358641358642	1.0	1.0
MA1412.2	TSAR2	Basic helix-loop-helix factors (bHLH)	bHLH	cluster_07	0.43773823803811807	0.4413495763401845	0.983016983016983	0.998001998001998	1.0	1.0
MA1030.2	P0510F09.23	Tryptophan cluster factors	MYB	cluster_02	0.43709182993469264	0.51221121551357	0.99000999000999	0.984015984015984	1.0	1.0
MA1802.2	TRP5	Tryptophan cluster factors	MYB-related	cluster_18	0.4367319738771159	0.48515331143664386	0.99000999000999	0.9760239760239761	1.0	1.0
MA1288.2	TCP22	TCP	NA	cluster_01	0.4366453418632555	0.4793779001591728	0.991008991008991	0.8061938061938062	1.0	1.0
MA2032.2	TRB1	Tryptophan cluster factors	MYB-related	cluster_02	0.436372117819539	0.45461888418205265	0.988011988011988	0.99000999000999	1.0	1.0
MA1069.3	TGA6	Basic leucine zipper factors (bZIP)	Group D	cluster_14	0.43535918965746995	0.4572682581560046	0.985014985014985	0.97002997002997	1.0	1.0
MA1358.2	bHLH130	Basic helix-loop-helix factors (bHLH)	bHLH	cluster_07	0.4351925896308143	0.4708851229460303	0.991008991008991	0.8961038961038961	1.0	1.0
MA1291.1	TCP7	TCP	NA	cluster_01	0.4343329334932694	0.47925706313958777	0.986013986013986	0.8141858141858141	1.0	1.0
MA0962.2	bHLH34	Basic helix-loop-helix factors (bHLH)	bHLH	cluster_07	0.43340663734506196	0.4548781764777697	0.9920079920079921	0.984015984015984	1.0	1.0
MA1019.2	Glyma19g26560.1	TCP	NA	cluster_01	0.4330067972810873	0.4716232651177095	0.988011988011988	0.9020979020979021	1.0	1.0
MA0573.2	ATHB-9	Homeo domain factors	HD-ZIP	cluster_09	0.43178728508596553	0.44644571899161756	0.995004995004995	0.995004995004995	1.0	1.0
MA2068.1	PK10344.1	TCP	NA	cluster_01	0.43171398107423675	0.45575437429070276	0.986013986013986	0.9690309690309691	1.0	1.0
MA1733.2	ASR3	Tryptophan cluster factors	Trihelix	cluster_02	0.43146074903372	0.4546834089074673	0.9920079920079921	0.98001998001998	1.0	1.0
MA2372.1	AZF1	C2H2 zinc finger factors	NA	cluster_19	0.43129414900706414	0.4638293492041838	0.9920079920079921	0.9600399600399601	1.0	1.0
MA2390.1	GLYMA19G26560	Basic leucine zipper factors (bZIP)	NA	cluster_01	0.4309409569505533	0.46943315593905904	0.9920079920079921	0.9100899100899101	1.0	1.0
MA2046.2	NAC035	GCM domain factors	NAC	cluster_20	0.4304078368652539	0.4598640075980434	0.994005994005994	0.973026973026973	1.0	1.0
MA2409.1	ZmbZIP25	Basic leucine zipper factors (bZIP)	D	cluster_14	0.4296947887511664	0.44738676263111304	0.995004995004995	0.995004995004995	1.0	1.0
MA1410.2	StBRC1	TCP	NA	cluster_01	0.42968812475010015	0.4545235079242364	0.994005994005994	0.9790209790209791	1.0	1.0
MA0574.1	MYB15	Tryptophan cluster factors	Myb	cluster_02	0.4290550446488076	0.4500879714540089	0.9920079920079921	0.985014985014985	1.0	1.0
MA1062.3	TCP15	TCP	NA	cluster_01	0.4272224443555913	0.4660725018847296	0.995004995004995	0.939060939060939	1.0	1.0
MA2377.1	cassava45561.m1	TCP	NA	cluster_01	0.4257830201252831	0.48476681627447027	0.996003996003996	0.7472527472527473	1.0	1.0
MA2412.1	ZmbZIP72	Basic leucine zipper factors (bZIP)	S	cluster_14	0.42505664400906285	0.44379387164612766	0.995004995004995	0.993006993006993	1.0	1.0
MA0949.2	ARR2	Tryptophan cluster factors	GARP_ARR-B	cluster_13	0.42455684392909504	0.45399849655067126	0.995004995004995	0.986013986013986	1.0	1.0
MA1661.2	GTL1	Tryptophan cluster factors	Trihelix	cluster_10	0.42241103558576576	0.4403313871512064	0.996003996003996	1.0	1.0	1.0
MA0937.1	NAC055	GCM domain factors	NAC	cluster_20	0.4217979474876715	0.45651005552252444	0.997002997002997	0.987012987012987	1.0	1.0
MA2400.1	LjTCP20	TCP	NA	cluster_01	0.42158469945355204	0.4604631163215487	0.999000999000999	0.954045954045954	1.0	1.0
MA1065.3	TCP20	TCP	NA	cluster_01	0.42020525123283986	0.46780035695767047	1.0	0.9280719280719281	1.0	1.0
MA1063.2	TCP19	TCP	NA	cluster_01	0.4201919232307075	0.47396291787569345	0.999000999000999	0.8681318681318682	1.0	1.0
MA1353.2	AT1G72740	Tryptophan cluster factors	MYB-related	cluster_02	0.4195854991336802	0.43786534550417444	0.998001998001998	0.999000999000999	1.0	1.0
MA0575.2	MYB77	Tryptophan cluster factors	MYB	cluster_11	0.419278955084633	0.4496265540653287	0.998001998001998	0.9820179820179821	1.0	1.0
MA1044.2	NAC92	GCM domain factors	NAC	cluster_20	0.41923230707716924	0.46442220405485923	1.0	0.926073926073926	1.0	1.0
MA1785.2	NAC018	GCM domain factors	NAC	cluster_20	0.4185858989737439	0.4451530390716477	0.998001998001998	0.995004995004995	1.0	1.0
MA1787.2	NAC047	GCM domain factors	NAC	cluster_20	0.4183793149406908	0.4521593984904522	1.0	0.987012987012987	1.0	1.0
MA1064.2	TCP2	TCP	NA	cluster_01	0.41797947487671583	0.45222852707229844	0.999000999000999	0.983016983016983	1.0	1.0
MA1812.2	ASR1	Tryptophan cluster factors	MYB-related	cluster_01	0.4037518326002932	0.4276053014303921	1.0	1.0	1.0	1.0
MA1367.2	AT1G76870	Tryptophan cluster factors	Trihelix	cluster_18	0.403218712514994	0.43634222835844233	1.0	0.999000999000999	1.0	1.0
