motif_id	tf_name	tf_class	tf_family	jaspar_cluster	auc_roc	auc_prc	p_value_roc	p_value_prc	p_value_roc_adj	p_value_prc_adj
MA1067.1	TCP5	TCP	NA	cluster_01	0.5343313135033482	0.5333184159557277	0.000999000999000999	0.000999000999000999	0.006745466922458073	0.008661792752701843
MA1361.2	bHLH18	Basic helix-loop-helix factors (bHLH)	bHLH	cluster_07	0.5334613936236648	0.5349276614869494	0.000999000999000999	0.000999000999000999	0.006745466922458073	0.008661792752701843
MA0562.1	PIF5	Basic helix-loop-helix factors (bHLH)	bHLH	cluster_07	0.5326234652066283	0.5325999501912827	0.000999000999000999	0.000999000999000999	0.006745466922458073	0.008661792752701843
MA1289.2	TCP3	TCP	NA	cluster_01	0.5317393793656247	0.5306013214476012	0.000999000999000999	0.000999000999000999	0.006745466922458073	0.008661792752701843
MA1321.2	SPL13A	C3H(C),C2HC zinc fingers factors	SBP	cluster_28	0.5303789984901448	0.5289068558470336	0.000999000999000999	0.000999000999000999	0.006745466922458073	0.008661792752701843
MA2106.1	Zm00001d024644	Tryptophan cluster factors	MYB-related	cluster_05	0.5287470443311955	0.5216825345817507	0.000999000999000999	0.001998001998001998	0.006745466922458073	0.01385886840432295
MA1054.2	ARALYDRAFT_897773	TCP	NA	cluster_01	0.528618051448411	0.5278074543891257	0.000999000999000999	0.000999000999000999	0.006745466922458073	0.008661792752701843
MA2031.2	AT5G04760	Tryptophan cluster factors	MYB-related	cluster_05	0.5285577988929303	0.5367726871032008	0.000999000999000999	0.000999000999000999	0.006745466922458073	0.008661792752701843
MA2092.1	PK27149.1	Basic leucine zipper factors (bZIP)	Group S	cluster_07	0.5283967201077557	0.5279055799487087	0.000999000999000999	0.000999000999000999	0.006745466922458073	0.008661792752701843
MA1056.2	SPL11	C3H(C),C2HC zinc fingers factors	SBP	cluster_28	0.5283381910775695	0.5259902174922049	0.000999000999000999	0.000999000999000999	0.006745466922458073	0.008661792752701843
MA0581.2	LEC2	B3	LAV	cluster_29	0.5281112169623221	0.5941826885797301	0.000999000999000999	0.000999000999000999	0.006745466922458073	0.008661792752701843
MA2079.1	PK19717.1	TCP	NA	cluster_01	0.5280061409442327	0.5210493332723475	0.000999000999000999	0.000999000999000999	0.006745466922458073	0.008661792752701843
MA1061.2	SPT	Basic helix-loop-helix factors (bHLH)	bHLH	cluster_07	0.5276853527501446	0.5366767393304221	0.000999000999000999	0.000999000999000999	0.006745466922458073	0.008661792752701843
MA0577.4	SPL3	C3H(C),C2HC zinc fingers factors	SBP	cluster_28	0.5273548490675846	0.5276367426256527	0.000999000999000999	0.000999000999000999	0.006745466922458073	0.008661792752701843
MA1286.2	TCP24	TCP	NA	cluster_01	0.5272295157248071	0.5289752410400903	0.000999000999000999	0.000999000999000999	0.006745466922458073	0.008661792752701843
MA1816.2	O11	Basic helix-loop-helix factors (bHLH)	bHLH	cluster_07	0.5271449921555986	0.5725323422669588	0.000999000999000999	0.000999000999000999	0.006745466922458073	0.008661792752701843
MA2060.1	PK05451.1	Basic helix-loop-helix factors (bHLH)	bHLH	cluster_07	0.5268792859411098	0.523700532414433	0.000999000999000999	0.000999000999000999	0.006745466922458073	0.008661792752701843
MA1096.1	ARALYDRAFT_496250	TCP	NA	cluster_01	0.5267761459377336	0.5323808218913417	0.000999000999000999	0.000999000999000999	0.006745466922458073	0.008661792752701843
MA1398.3	KUA1	Tryptophan cluster factors	MYB-related	cluster_05	0.5267624167602215	0.5260225991642019	0.000999000999000999	0.000999000999000999	0.006745466922458073	0.008661792752701843
MA1322.3	SPL9	C3H(C),C2HC zinc fingers factors	SBP	cluster_28	0.5267233777318175	0.533008950684876	0.000999000999000999	0.000999000999000999	0.006745466922458073	0.008661792752701843
MA2400.1	LjTCP20	TCP	NA	cluster_01	0.5267024593289349	0.5300115958871746	0.000999000999000999	0.000999000999000999	0.006745466922458073	0.008661792752701843
MA1320.2	SPL15	C3H(C),C2HC zinc fingers factors	SBP	cluster_28	0.5262487471977964	0.5288751719484689	0.000999000999000999	0.000999000999000999	0.006745466922458073	0.008661792752701843
MA1810.2	GLYMA-08G357600	B3	LAV	cluster_29	0.526211927503332	0.5257039237531236	0.000999000999000999	0.000999000999000999	0.006745466922458073	0.008661792752701843
MA2067.1	PK09702.1	Basic helix-loop-helix factors (bHLH)	bHLH	cluster_07	0.5260848588302932	0.5217590130454054	0.000999000999000999	0.000999000999000999	0.006745466922458073	0.008661792752701843
MA2087.1	PK24205.1	Basic leucine zipper factors (bZIP)	Group A	cluster_07	0.5259829701534999	0.5219202728745534	0.000999000999000999	0.000999000999000999	0.006745466922458073	0.008661792752701843
MA1035.1	TCP4	TCP	NA	cluster_01	0.5259605525197112	0.5252386411576201	0.000999000999000999	0.000999000999000999	0.006745466922458073	0.008661792752701843
MA0966.2	BIM3	Basic helix-loop-helix factors (bHLH)	bHLH	cluster_07	0.5258478977123153	0.5725784070470263	0.000999000999000999	0.000999000999000999	0.006745466922458073	0.008661792752701843
MA2375.1	BMY2	Basic helix-loop-helix factors (bHLH)	BES/BZR	cluster_07	0.5258404841925587	0.5127385102919455	0.000999000999000999	0.005994005994005994	0.006745466922458073	0.03266733266733267
MA1290.1	TCP17	TCP	NA	cluster_01	0.525743482772421	0.5235536625828834	0.000999000999000999	0.000999000999000999	0.006745466922458073	0.008661792752701843
MA1739.2	BHLH122	Basic helix-loop-helix factors (bHLH)	bHLH	cluster_07	0.5252848951895935	0.5741214410514106	0.000999000999000999	0.000999000999000999	0.006745466922458073	0.008661792752701843
MA1333.2	BEH3	Basic helix-loop-helix factors (bHLH)	BES/BZR	cluster_07	0.5251820148955076	0.5155311379810827	0.000999000999000999	0.003996003996003996	0.006745466922458073	0.022924443977075555
MA1194.2	AT3G10580	Tryptophan cluster factors	MYB-related	cluster_05	0.525164024124632	0.5224668841000317	0.000999000999000999	0.000999000999000999	0.006745466922458073	0.008661792752701843
MA0931.2	ABI5	Basic leucine zipper factors (bZIP)	Group A	cluster_07	0.5251253510502293	0.528387663872362	0.000999000999000999	0.003996003996003996	0.006745466922458073	0.022924443977075555
MA1425.2	HYH	Basic leucine zipper factors (bZIP)	Group H	cluster_07	0.5251194131514425	0.5426201434981652	0.000999000999000999	0.000999000999000999	0.006745466922458073	0.008661792752701843
MA0961.2	bHLH112	Basic helix-loop-helix factors (bHLH)	bHLH	cluster_07	0.5248388090676319	0.5537215949040444	0.000999000999000999	0.000999000999000999	0.006745466922458073	0.008661792752701843
MA2382.1	e_gw1.209.40.1	Basic helix-loop-helix factors (bHLH)	bHLH	cluster_07	0.5246792885382027	0.571913621244687	0.000999000999000999	0.000999000999000999	0.006745466922458073	0.008661792752701843
MA1430.2	TB1	TCP	NA	cluster_01	0.5246783323358136	0.5212805486887558	0.000999000999000999	0.000999000999000999	0.006745466922458073	0.008661792752701843
MA2071.1	PK15505.1	Basic helix-loop-helix factors (bHLH)	bHLH	cluster_07	0.5246696084646338	0.5167122700543133	0.000999000999000999	0.003996003996003996	0.006745466922458073	0.022924443977075555
MA2359.1	PK23829.1	Tryptophan cluster factors	MYB-related	cluster_05	0.5246376878317934	0.5887592240697418	0.000999000999000999	0.000999000999000999	0.006745466922458073	0.008661792752701843
MA0988.2	PHYPADRAFT_143875	Basic helix-loop-helix factors (bHLH)	NA	cluster_07	0.5246104419661883	0.5718957692310426	0.000999000999000999	0.000999000999000999	0.006745466922458073	0.008661792752701843
MA1207.2	GT-3a	Tryptophan cluster factors	Trihelix	cluster_07	0.5246097336681225	0.5235368592160625	0.000999000999000999	0.000999000999000999	0.006745466922458073	0.008661792752701843
MA1740.2	BHLH49	Basic helix-loop-helix factors (bHLH)	bHLH	cluster_07	0.5245195791292891	0.533534110359025	0.000999000999000999	0.000999000999000999	0.006745466922458073	0.008661792752701843
MA1359.3	BPE	Basic helix-loop-helix factors (bHLH)	bHLH	cluster_07	0.5244825705553413	0.572227464857139	0.000999000999000999	0.000999000999000999	0.006745466922458073	0.008661792752701843
MA0586.3	SPL14	C3H(C),C2HC zinc fingers factors	SBP	cluster_28	0.524433332034787	0.5273691924417079	0.000999000999000999	0.000999000999000999	0.006745466922458073	0.008661792752701843
MA1074.2	UNE10	Basic helix-loop-helix factors (bHLH)	bHLH	cluster_07	0.5243252221399809	0.5332543459055894	0.000999000999000999	0.000999000999000999	0.006745466922458073	0.008661792752701843
MA1055.3	SPL1	C3H(C),C2HC zinc fingers factors	SBP	cluster_28	0.5242907988539738	0.5236333879440986	0.000999000999000999	0.000999000999000999	0.006745466922458073	0.008661792752701843
MA1011.2	PHYPADRAFT_72483	Basic helix-loop-helix factors (bHLH)	NA	cluster_07	0.5240717222621624	0.5720650348674864	0.000999000999000999	0.000999000999000999	0.006745466922458073	0.008661792752701843
MA1358.2	bHLH130	Basic helix-loop-helix factors (bHLH)	bHLH	cluster_07	0.5238665047025083	0.5240209962768901	0.000999000999000999	0.000999000999000999	0.006745466922458073	0.008661792752701843
MA2061.1	PK06517.1	Basic helix-loop-helix factors (bHLH)	bHLH	cluster_07	0.5238592092324291	0.532072569974102	0.000999000999000999	0.000999000999000999	0.006745466922458073	0.008661792752701843
MA1828.2	Zm00001d038683	TCP	NA	cluster_01	0.5235096287219579	0.5307649857148999	0.000999000999000999	0.000999000999000999	0.006745466922458073	0.008661792752701843
MA2393.1	PHYPA_008731	Basic helix-loop-helix factors (bHLH)	NA	cluster_07	0.5234677210863876	0.5310631058420088	0.000999000999000999	0.000999000999000999	0.006745466922458073	0.008661792752701843
MA1363.1	LRL2	Basic helix-loop-helix factors (bHLH)	bHLH	cluster_07	0.5233257781539637	0.5202706753102204	0.000999000999000999	0.000999000999000999	0.006745466922458073	0.008661792752701843
MA2384.1	estExt_Genewise1.C_2060077	Basic leucine zipper factors (bZIP)	bZIP	cluster_07	0.5231935389050422	0.530710055937102	0.000999000999000999	0.027972027972027972	0.006745466922458073	0.1011500347993239
MA1021.2	PHYPADRAFT_48267	Basic helix-loop-helix factors (bHLH)	NA	cluster_07	0.5231456579557808	0.5250545413487457	0.000999000999000999	0.001998001998001998	0.006745466922458073	0.01385886840432295
MA1372.2	ZAT10	C2H2 zinc finger factors	C2H2	cluster_35	0.5231096764140285	0.5126340794108489	0.000999000999000999	0.013986013986013986	0.006745466922458073	0.05895761696866669
MA0941.2	ABF2	Basic leucine zipper factors (bZIP)	Group A	cluster_07	0.5229709444328361	0.5352420282838849	0.000999000999000999	0.004995004995004995	0.006745466922458073	0.02781889643203512
MA0964.3	BIM1	Basic helix-loop-helix factors (bHLH)	bHLH	cluster_07	0.5229203247310535	0.5297978157410778	0.001998001998001998	0.000999000999000999	0.011292411292411292	0.008661792752701843
MA0935.1	NAC025	GCM domain factors	NAC	cluster_20	0.5228667419823613	0.5236904035546672	0.000999000999000999	0.001998001998001998	0.006745466922458073	0.01385886840432295
MA1681.2	SRM1	Tryptophan cluster factors	MYB-related	cluster_05	0.5227744271344268	0.5185204879492339	0.000999000999000999	0.000999000999000999	0.006745466922458073	0.008661792752701843
MA1059.3	SPL5	C3H(C),C2HC zinc fingers factors	SBP	cluster_28	0.5227497311418592	0.5226862197946894	0.000999000999000999	0.000999000999000999	0.006745466922458073	0.008661792752701843
MA2406.1	PK03576.1	Basic helix-loop-helix factors (bHLH)	bHLH	cluster_07	0.5225929729748873	0.5306995503350053	0.000999000999000999	0.000999000999000999	0.006745466922458073	0.008661792752701843
MA1659.2	ABF4	Basic leucine zipper factors (bZIP)	Group A	cluster_07	0.5225785827191799	0.5194679953904414	0.000999000999000999	0.03896103896103896	0.006745466922458073	0.1292490118577075
MA1799.2	SPL10	C3H(C),C2HC zinc fingers factors	SBP	cluster_28	0.5223078711983579	0.5387665567778299	0.000999000999000999	0.000999000999000999	0.006745466922458073	0.008661792752701843
MA1360.3	bHLH74	Basic helix-loop-helix factors (bHLH)	bHLH	cluster_07	0.5222099017708632	0.571506308790779	0.000999000999000999	0.000999000999000999	0.006745466922458073	0.008661792752701843
MA1025.2	HBI1	Basic helix-loop-helix factors (bHLH)	bHLH	cluster_07	0.5220129240787111	0.5330739663811483	0.000999000999000999	0.001998001998001998	0.006745466922458073	0.01385886840432295
MA2076.1	PK18401.1	Basic helix-loop-helix factors (bHLH)	bHLH	cluster_07	0.5219452461985051	0.515202932227481	0.000999000999000999	0.002997002997002997	0.006745466922458073	0.01874355153043678
MA0552.2	PIF1	Basic helix-loop-helix factors (bHLH)	bHLH	cluster_07	0.5219107402777238	0.5699688021344368	0.000999000999000999	0.000999000999000999	0.006745466922458073	0.008661792752701843
MA1428.2	TCP8	TCP	NA	cluster_01	0.5218954646494336	0.5182208963706646	0.000999000999000999	0.000999000999000999	0.006745466922458073	0.008661792752701843
MA1192.2	DIV1	Tryptophan cluster factors	MYB-related	cluster_05	0.5218224273138616	0.5225708698997231	0.000999000999000999	0.000999000999000999	0.006745466922458073	0.008661792752701843
MA2361.1	PRUPE_ppa000682mg	C3H(C),C2HC zinc-fingers like factors	SBP	cluster_28	0.5217315526719953	0.553369351626928	0.000999000999000999	0.000999000999000999	0.006745466922458073	0.008661792752701843
MA1287.2	TCP21	TCP	NA	cluster_01	0.5215606049337685	0.5177396902065675	0.000999000999000999	0.000999000999000999	0.006745466922458073	0.008661792752701843
MA1397.2	AT1G74840	Tryptophan cluster factors	MYB-related	cluster_05	0.5215406545382435	0.5286143031629379	0.000999000999000999	0.000999000999000999	0.006745466922458073	0.008661792752701843
MA1282.2	TCP13	TCP	NA	cluster_01	0.5213411387780216	0.5220931333814605	0.000999000999000999	0.000999000999000999	0.006745466922458073	0.008661792752701843
MA0580.1	DYT1	Basic helix-loop-helix factors (bHLH)	bHLH	cluster_07	0.521286458167326	0.5238544863096983	0.000999000999000999	0.000999000999000999	0.006745466922458073	0.008661792752701843
MA1672.2	GBF2	Basic leucine zipper factors (bZIP)	Group G	cluster_07	0.521251456437899	0.5166579518943136	0.001998001998001998	0.00999000999000999	0.011292411292411292	0.04793948190174605
MA0955.2	POPTR_0002s00440g	C3H(C),C2HC zinc fingers factors	SBP	cluster_28	0.5211923017444201	0.551820743197481	0.003996003996003996	0.001998001998001998	0.01954455800609647	0.01385886840432295
MA0570.3	ABF1	Basic leucine zipper factors (bZIP)	Group A	cluster_07	0.5211644066055888	0.5127860636809563	0.000999000999000999	0.004995004995004995	0.006745466922458073	0.02781889643203512
MA0560.2	PIF3	Basic helix-loop-helix factors (bHLH)	bHLH	cluster_07	0.5211149555956135	0.527655129284977	0.000999000999000999	0.007992007992007992	0.006745466922458073	0.04038345760200065
MA1332.2	BEH2	Basic helix-loop-helix factors (bHLH)	BES/BZR	cluster_07	0.5210431105617865	0.5137363920148339	0.000999000999000999	0.00999000999000999	0.006745466922458073	0.04793948190174605
MA2014.2	BAM8	Basic helix-loop-helix factors (bHLH)	BES/BZR	cluster_07	0.5209919124165836	0.5113663887838226	0.000999000999000999	0.012987012987012988	0.006745466922458073	0.056948798328108674
MA2077.1	PK18474.1	Basic helix-loop-helix factors (bHLH)	bHLH	cluster_07	0.5209746771636441	0.5289362144288885	0.000999000999000999	0.001998001998001998	0.006745466922458073	0.01385886840432295
MA0957.1	BHLH3	Basic helix-loop-helix factors (bHLH)	bHLH	cluster_07	0.5209523657745648	0.5102346823292235	0.000999000999000999	0.04895104895104895	0.006745466922458073	0.1562746876554408
MA1060.2	SPL7	C3H(C),C2HC zinc fingers factors	SBP	cluster_28	0.5208670984923877	0.5366735390645384	0.000999000999000999	0.002997002997002997	0.006745466922458073	0.01874355153043678
MA1825.2	Zm00001d044409	Tryptophan cluster factors	MYB-related	cluster_05	0.5208362639165813	0.6527403678262353	0.000999000999000999	0.000999000999000999	0.006745466922458073	0.008661792752701843
MA2080.1	PK20225.1	Basic helix-loop-helix factors (bHLH)	bHLH	cluster_07	0.5207784785993643	0.570738538276247	0.000999000999000999	0.000999000999000999	0.006745466922458073	0.008661792752701843
MA0956.2	BEE2	Basic helix-loop-helix factors (bHLH)	bHLH	cluster_07	0.5207768613187803	0.5710337654717432	0.000999000999000999	0.000999000999000999	0.006745466922458073	0.008661792752701843
MA0550.3	BZR1	Basic helix-loop-helix factors (bHLH)	BES/BZR	cluster_07	0.5206964812932575	0.5103915859839302	0.000999000999000999	0.03496503496503497	0.006745466922458073	0.11909965034965035
MA0569.2	MYC4	Basic helix-loop-helix factors (bHLH)	bHLH	cluster_07	0.5206827639207134	0.5282092817077606	0.000999000999000999	0.007992007992007992	0.006745466922458073	0.04038345760200065
MA2422.1	OsbZIP42	Basic leucine zipper factors (bZIP)	Group A	cluster_07	0.5205089593802869	0.5187217163273928	0.001998001998001998	0.000999000999000999	0.011292411292411292	0.008661792752701843
MA1186.2	YAB4	Tryptophan cluster factors	MYB-related	cluster_05	0.5204311410327694	0.5211531205652544	0.000999000999000999	0.000999000999000999	0.006745466922458073	0.008661792752701843
MA2350.1	OsFBH1	Basic helix-loop-helix factors (bHLH)	bHLH	cluster_07	0.5202412581262448	0.5516383171499528	0.000999000999000999	0.000999000999000999	0.006745466922458073	0.008661792752701843
MA1097.1	ARALYDRAFT_493022	TCP	NA	cluster_01	0.5201887142147158	0.5133486520863333	0.000999000999000999	0.01098901098901099	0.006745466922458073	0.05207835642618251
MA1188.1	At3g11280	Tryptophan cluster factors	Myb-related	cluster_05	0.5201729663877153	0.5177872886100227	0.000999000999000999	0.000999000999000999	0.006745466922458073	0.008661792752701843
MA1063.2	TCP19	TCP	NA	cluster_01	0.5200861408497927	0.5198958661316654	0.000999000999000999	0.000999000999000999	0.006745466922458073	0.008661792752701843
MA2342.1	URI	Basic helix-loop-helix factors (bHLH)	bHLH	cluster_07	0.520003388025749	0.5699322638908784	0.000999000999000999	0.000999000999000999	0.006745466922458073	0.008661792752701843
MA1745.2	BZIP63	Basic leucine zipper factors (bZIP)	Group C	cluster_07	0.5199556841510046	0.5283669761878319	0.000999000999000999	0.000999000999000999	0.006745466922458073	0.008661792752701843
MA2105.1	GLYMA-13G317000	Basic leucine zipper factors (bZIP)	Group A	cluster_07	0.5198969544363656	0.6062620285502688	0.000999000999000999	0.000999000999000999	0.006745466922458073	0.008661792752701843
MA1362.2	bHLH77	Basic helix-loop-helix factors (bHLH)	bHLH	cluster_07	0.519893590020551	0.52191301780567	0.000999000999000999	0.000999000999000999	0.006745466922458073	0.008661792752701843
MA2057.1	PK01630.1	Basic helix-loop-helix factors (bHLH)	bHLH	cluster_07	0.5198444813546438	0.5282428923822723	0.000999000999000999	0.003996003996003996	0.006745466922458073	0.022924443977075555
MA1331.2	BEH4	Basic helix-loop-helix factors (bHLH)	BES/BZR	cluster_07	0.5198276120557055	0.5121388736547725	0.000999000999000999	0.008991008991008992	0.006745466922458073	0.04397525551371706
MA2064.1	PK07858.1	Basic helix-loop-helix factors (bHLH)	bHLH	cluster_07	0.5198007911689398	0.5292912283833799	0.001998001998001998	0.006993006993006993	0.011292411292411292	0.036797685073547144
MA0958.1	BHLH13	Basic helix-loop-helix factors (bHLH)	bHLH	cluster_07	0.5196717038464126	0.5088831281911251	0.001998001998001998	0.09090909090909091	0.011292411292411292	0.24597034171502258
MA0564.2	ABI3	B3	LAV	cluster_29	0.5196604773220668	0.550590481590332	0.000999000999000999	0.000999000999000999	0.006745466922458073	0.008661792752701843
MA2377.1	cassava45561.m1	TCP	NA	cluster_01	0.5196584232576758	0.51682990502992	0.000999000999000999	0.000999000999000999	0.006745466922458073	0.008661792752701843
MA1811.2	GLYMA-13G317000	Basic leucine zipper factors (bZIP)	Group A	cluster_07	0.5196345772227873	0.5251663622350173	0.000999000999000999	0.003996003996003996	0.006745466922458073	0.022924443977075555
MA0568.2	MYC3	Basic helix-loop-helix factors (bHLH)	bHLH	cluster_07	0.519633762680011	0.5706766696144048	0.001998001998001998	0.001998001998001998	0.011292411292411292	0.01385886840432295
MA1808.2	GLYMA-06G314400	Basic leucine zipper factors (bZIP)	Group A	cluster_07	0.5193415425079184	0.5203777443871029	0.001998001998001998	0.001998001998001998	0.011292411292411292	0.01385886840432295
MA2075.1	PK18009.1	Basic leucine zipper factors (bZIP)	Group A	cluster_07	0.519306458143716	0.5478012404103236	0.000999000999000999	0.002997002997002997	0.006745466922458073	0.01874355153043678
MA1827.2	Zm00001d044785	Tryptophan cluster factors	GARP_G2-like	cluster_05	0.5192587896838747	0.5466138515214373	0.000999000999000999	0.003996003996003996	0.006745466922458073	0.022924443977075555
MA0962.2	bHLH34	Basic helix-loop-helix factors (bHLH)	bHLH	cluster_07	0.5191124553034407	0.5235781914736738	0.000999000999000999	0.002997002997002997	0.006745466922458073	0.01874355153043678
MA1835.2	TFLG2-Zm00001d042777	Basic leucine zipper factors (bZIP)	Group D	cluster_28	0.5190268692871336	0.5186831744171767	0.000999000999000999	0.002997002997002997	0.006745466922458073	0.01874355153043678
MA2390.1	GLYMA19G26560	Basic leucine zipper factors (bZIP)	NA	cluster_01	0.5187531002796606	0.5154894163496276	0.000999000999000999	0.003996003996003996	0.006745466922458073	0.022924443977075555
MA2454.1	SPL8D1	C3H(C),C2HC zinc-fingers like factors	SBP	cluster_33	0.5187034840001369	0.5147088227234349	0.000999000999000999	0.011988011988011988	0.006745466922458073	0.054771575729659565
MA2401.1	Os05g0437700	Basic leucine zipper factors (bZIP)	NA	cluster_07	0.5186842300977096	0.5268537052480905	0.000999000999000999	0.02197802197802198	0.006745466922458073	0.08384615384615385
MA1019.2	Glyma19g26560.1	TCP	NA	cluster_01	0.5186353575311564	0.5143359788630406	0.001998001998001998	0.001998001998001998	0.011292411292411292	0.01385886840432295
MA0587.2	TCP16	TCP	NA	cluster_01	0.5185339764679773	0.5215061466010664	0.001998001998001998	0.001998001998001998	0.011292411292411292	0.01385886840432295
MA0960.1	BHLH104	Basic helix-loop-helix factors (bHLH)	bHLH	cluster_07	0.5185176147826539	0.5128572006149755	0.000999000999000999	0.013986013986013986	0.006745466922458073	0.05895761696866669
MA0561.1	PIF4	Basic helix-loop-helix factors (bHLH)	bHLH	cluster_07	0.5183933556919422	0.521306078485506	0.000999000999000999	0.01898101898101898	0.006745466922458073	0.07426932042316657
MA0566.1	MYC2	Basic helix-loop-helix factors (bHLH)	bHLH	cluster_07	0.5182826014843566	0.507641700785604	0.002997002997002997	0.10789210789210789	0.01587995337995338	0.2762472426901957
MA0959.1	AIB	Basic helix-loop-helix factors (bHLH)	bHLH	cluster_07	0.5182089620954289	0.5086162014531745	0.001998001998001998	0.08091908091908091	0.011292411292411292	0.226989921842863
MA1057.2	SPL12	C3H(C),C2HC zinc fingers factors	SBP	cluster_28	0.5179252533050962	0.53724986485777	0.001998001998001998	0.000999000999000999	0.011292411292411292	0.008661792752701843
MA1033.1	OJ1058_F05.8	Basic leucine zipper factors (bZIP)	Group A	cluster_07	0.5178901217210227	0.5260326097083637	0.000999000999000999	0.024975024975024976	0.006745466922458073	0.09295582466314174
MA1064.2	TCP2	TCP	NA	cluster_01	0.517839938803047	0.5131181454222988	0.001998001998001998	0.054945054945054944	0.011292411292411292	0.16904466501240695
MA1351.3	GBF3	Basic leucine zipper factors (bZIP)	Group G	cluster_07	0.5178157268141582	0.5185304839969059	0.001998001998001998	0.007992007992007992	0.011292411292411292	0.04038345760200065
MA1823.2	Zm00001d027846	Other C4 zinc finger-type factors	DOF	cluster_25	0.5177036268402472	0.6549779527573715	0.000999000999000999	0.000999000999000999	0.006745466922458073	0.008661792752701843
MA2355.1	PK06791.1	C3H(C),C2HC zinc-fingers like factors	SBP	cluster_28	0.517641792419086	0.5517908045398103	0.001998001998001998	0.001998001998001998	0.011292411292411292	0.01385886840432295
MA1793.2	NID1	Tryptophan cluster factors	MYB-related	cluster_05	0.517638593272821	0.6439186760178646	0.001998001998001998	0.001998001998001998	0.011292411292411292	0.01385886840432295
MA1031.2	OJ1581_H09.2	TCP	NA	cluster_01	0.5176162582738069	0.517235784904185	0.004995004995004995	0.16483516483516483	0.023819930069930068	0.3743131868131868
MA2346.1	OsTCP7	TCP	NA	cluster_01	0.5175871944431655	0.5172271501381209	0.001998001998001998	0.16683316683316685	0.011292411292411292	0.3754976586834994
MA0128.1	EmBP-1	Basic leucine zipper factors (bZIP)	Group G	cluster_07	0.5175566667965212	0.5209956060244724	0.005994005994005994	0.04095904095904096	0.02823102823102823	0.13470581142994936
MA1822.2	Zm00001d018571	Basic leucine zipper factors (bZIP)	NA	cluster_28	0.5174611291923871	0.5169394268962842	0.002997002997002997	0.001998001998001998	0.01587995337995338	0.01385886840432295
MA2348.1	IDD6	C2H2 zinc finger factors	IDD	cluster_08	0.5173202959269326	0.5155824751973734	0.003996003996003996	0.002997002997002997	0.01954455800609647	0.01874355153043678
MA1043.2	NAC083	GCM domain factors	NAC	cluster_20	0.5172964616970114	0.5363020937445776	0.000999000999000999	0.000999000999000999	0.006745466922458073	0.008661792752701843
MA1344.2	BZIP28	Basic leucine zipper factors (bZIP)	Group B	cluster_07	0.5172835588672421	0.5148195028676136	0.000999000999000999	0.001998001998001998	0.006745466922458073	0.01385886840432295
MA0965.3	BIM2	Basic helix-loop-helix factors (bHLH)	bHLH	cluster_07	0.5172627703190057	0.5680804474314098	0.002997002997002997	0.002997002997002997	0.01587995337995338	0.01874355153043678
MA2389.1	GBF1	Basic leucine zipper factors (bZIP)	NA	cluster_07	0.5171661584628046	0.5219107812688588	0.001998001998001998	0.055944055944055944	0.011292411292411292	0.1714269666076895
MA1691.2	ARF27	B3	ARF	cluster_22	0.5171367877030014	0.5183889347542281	0.002997002997002997	0.008991008991008992	0.01587995337995338	0.04397525551371706
MA1364.2	BHLH72	Basic helix-loop-helix factors (bHLH)	bHLH	cluster_07	0.5171134492817264	0.5154267748241007	0.003996003996003996	0.011988011988011988	0.01954455800609647	0.054771575729659565
MA2397.1	ILR3	Basic helix-loop-helix factors (bHLH)	NA	cluster_07	0.5170011368183958	0.5680533811243873	0.000999000999000999	0.000999000999000999	0.006745466922458073	0.008661792752701843
MA1193.2	AT2G38090	Tryptophan cluster factors	MYB-related	cluster_05	0.516893168583202	0.5191077840256192	0.002997002997002997	0.000999000999000999	0.01587995337995338	0.008661792752701843
MA0954.3	ATHB-7	Homeo domain factors	HD-ZIP	cluster_09	0.5167711052164976	0.5150936305550956	0.003996003996003996	0.001998001998001998	0.01954455800609647	0.01385886840432295
MA1160.2	IDD6	C2H2 zinc finger factors	IDD	cluster_08	0.5167308738863491	0.5151536834752295	0.003996003996003996	0.004995004995004995	0.01954455800609647	0.02781889643203512
MA1337.2	BZIP44	Basic leucine zipper factors (bZIP)	Group S	cluster_14	0.5165784245326142	0.5127026209319061	0.003996003996003996	0.01098901098901099	0.01954455800609647	0.05207835642618251
MA2407.1	PK24978.1	Basic leucine zipper factors (bZIP)	Group A	cluster_07	0.5165422541113751	0.5346885566638008	0.003996003996003996	0.008991008991008992	0.01954455800609647	0.04397525551371706
MA2068.1	PK10344.1	TCP	NA	cluster_01	0.516479416267954	0.5222184669222433	0.001998001998001998	0.000999000999000999	0.011292411292411292	0.008661792752701843
MA1065.3	TCP20	TCP	NA	cluster_01	0.5163492783032962	0.5154075364834907	0.005994005994005994	0.002997002997002997	0.02823102823102823	0.01874355153043678
MA2364.1	VIT_15s0048g01150	TCP	NA	cluster_01	0.5163343332141035	0.5146940437653543	0.001998001998001998	0.003996003996003996	0.011292411292411292	0.022924443977075555
MA2103.1	AT4G09450	Tryptophan cluster factors	MYB-related	cluster_05	0.5163333534017785	0.643697339168311	0.001998001998001998	0.001998001998001998	0.011292411292411292	0.01385886840432295
MA1285.2	TCP9	TCP	NA	cluster_01	0.5160707755037482	0.5139042051841589	0.002997002997002997	0.003996003996003996	0.01587995337995338	0.022924443977075555
MA2045.2	NAC031	GCM domain factors	NAC	cluster_16	0.5159896871801581	0.5202182790571581	0.003996003996003996	0.000999000999000999	0.01954455800609647	0.008661792752701843
MA1406.2	ATHB-4	Homeo domain factors	HD-ZIP	cluster_09	0.5158777288658618	0.5142230727485737	0.002997002997002997	0.015984015984015984	0.01587995337995338	0.0652182042556374
MA1062.3	TCP15	TCP	NA	cluster_01	0.515865262819901	0.5152821922794395	0.001998001998001998	0.002997002997002997	0.011292411292411292	0.01874355153043678
MA2424.1	OsbZIP77	Basic leucine zipper factors (bZIP)	Group A	cluster_14	0.5157311229711685	0.511415554246785	0.004995004995004995	0.015984015984015984	0.023819930069930068	0.0652182042556374
MA2066.1	PK09021.1	Basic leucine zipper factors (bZIP)	Group D	cluster_14	0.5156886132822414	0.5101254984658533	0.007992007992007992	0.13586413586413587	0.036514383819773046	0.327016831748693
MA0565.3	FUS3	B3	LAV	cluster_29	0.5156636103605119	0.5634768341161683	0.004995004995004995	0.001998001998001998	0.023819930069930068	0.01385886840432295
MA1196.2	AT5G05790	Tryptophan cluster factors	MYB-related	cluster_05	0.515590903564038	0.5129133551718846	0.006993006993006993	0.005994005994005994	0.03233735961008688	0.03266733266733267
MA0578.1	SPL8	C3H(C),C2HC zinc fingers factors	SBP	cluster_40	0.5155417948981279	0.5125241733176535	0.003996003996003996	0.008991008991008992	0.01954455800609647	0.04397525551371706
MA1690.2	ARF25	B3	ARF	cluster_01	0.5154333544642254	0.5090498791949566	0.002997002997002997	0.04695304695304695	0.01587995337995338	0.15116107521170813
MA1341.2	BZIP53	Basic leucine zipper factors (bZIP)	Group S	cluster_14	0.5153225412318017	0.512959841328657	0.006993006993006993	0.014985014985014986	0.03233735961008688	0.062138948008513224
MA0990.2	HDG11	Homeo domain factors	HD-ZIP	cluster_09	0.5152897116164423	0.5222736041405214	0.003996003996003996	0.000999000999000999	0.01954455800609647	0.008661792752701843
MA1288.2	TCP22	TCP	NA	cluster_01	0.5152689466781406	0.5143241891581044	0.003996003996003996	0.001998001998001998	0.01954455800609647	0.01385886840432295
MA1210.3	HAT22	Homeo domain factors	HD-ZIP	cluster_09	0.5151232379609987	0.5182628255882451	0.001998001998001998	0.027972027972027972	0.011292411292411292	0.1011500347993239
MA2354.1	PK06182.1	Tryptophan cluster factors	MYB	cluster_02	0.5147635405931524	0.5133278051336175	0.002997002997002997	0.013986013986013986	0.01587995337995338	0.05895761696866669
MA1357.2	bHLH80	Basic helix-loop-helix factors (bHLH)	bHLH	cluster_07	0.5147567763466219	0.5192363018668716	0.007992007992007992	0.002997002997002997	0.036514383819773046	0.01874355153043678
MA1400.2	AT1G19000	Tryptophan cluster factors	MYB-related	cluster_05	0.5147045511692234	0.5171526237152749	0.003996003996003996	0.000999000999000999	0.01954455800609647	0.008661792752701843
MA1685.2	ARF10	B3	ARF	cluster_01	0.5144099936135118	0.5097923989876191	0.008991008991008992	0.03596403596403597	0.04011777695988222	0.12141840460424531
MA2423.1	OsbZIP69	Basic leucine zipper factors (bZIP)	Group A	cluster_14	0.5144077388646698	0.5097970525227068	0.004995004995004995	0.016983016983016984	0.023819930069930068	0.06784315161278512
MA1780.2	MYB92	Tryptophan cluster factors	MYB	cluster_02	0.5143968310744527	0.5503359101857066	0.00999000999000999	0.000999000999000999	0.043806767944698975	0.008661792752701843
MA2413.1	ZmbZIP96	Basic leucine zipper factors (bZIP)	D	cluster_07	0.5142953201566292	0.5071328708533465	0.00999000999000999	0.07792207792207792	0.043806767944698975	0.22184531886024422
MA1291.1	TCP7	TCP	NA	cluster_01	0.5139117531439581	0.5150653485210065	0.008991008991008992	0.002997002997002997	0.04011777695988222	0.01874355153043678
MA1756.2	GRF9	C3H zinc finger factors	GRF	cluster_22	0.5137734461416054	0.5427377699328283	0.006993006993006993	0.02097902097902098	0.03233735961008688	0.08084339902521721
MA1374.2	IDD7	C2H2 zinc finger factors	IDD	cluster_08	0.513586183937925	0.5118860207789169	0.01098901098901099	0.008991008991008992	0.04737070838765755	0.04397525551371706
MA0968.3	BZIP68	Basic leucine zipper factors (bZIP)	Group G	cluster_07	0.5135521266059194	0.5124994344209974	0.00999000999000999	0.012987012987012988	0.043806767944698975	0.056948798328108674
MA1373.1	GAF1	C2H2 zinc finger factors	IDD	cluster_08	0.5135500961514643	0.5104627663751767	0.012987012987012988	0.022977022977022976	0.054445554445554455	0.08722123647496781
MA1777.2	MYB74	Tryptophan cluster factors	MYB	cluster_02	0.5135135125563539	0.5103216100793098	0.01998001998001998	0.03496503496503497	0.07699371335734971	0.11909965034965035
MA2016.2	GRF6	C3H zinc finger factors	GRF	cluster_22	0.5135100537007984	0.5427265600607402	0.01098901098901099	0.03396603396603397	0.04737070838765755	0.11833828272184437
MA0110.4	ATHB-5	Homeo domain factors	HD-ZIP	cluster_09	0.5134673079125156	0.5403169326799544	0.008991008991008992	0.006993006993006993	0.04011777695988222	0.036797685073547144
MA1338.3	DPBF3	Basic leucine zipper factors (bZIP)	Group A	cluster_07	0.5134155785437634	0.5066622637261028	0.015984015984015984	0.11888111888111888	0.06452806452806453	0.29837596613912404
MA2033.2	NAC038	GCM domain factors	NAC	cluster_16	0.5133615354013281	0.5180826203554765	0.008991008991008992	0.000999000999000999	0.04011777695988222	0.008661792752701843
MA0974.3	CDF3	Other C4 zinc finger-type factors	DOF	cluster_03	0.5132985795082288	0.5297580510783014	0.016983016983016984	0.028971028971028972	0.06748980186480187	0.1037788502577235
MA1050.1	OsI_08196	TCP	NA	cluster_01	0.5132983434088737	0.5114879569131064	0.013986013986013986	0.017982017982017984	0.05799635147461234	0.07072309134164805
MA1688.2	ARF16	B3	ARF	cluster_17	0.5132705545147511	0.5132194201618964	0.015984015984015984	0.011988011988011988	0.06452806452806453	0.054771575729659565
MA1334.2	BZIP11	Basic leucine zipper factors (bZIP)	Group S	cluster_14	0.5132377839242314	0.511542637404767	0.01098901098901099	0.013986013986013986	0.04737070838765755	0.05895761696866669
MA1686.1	ARF13	B3	ARF	cluster_01	0.5132351278064843	0.5027522834655428	0.016983016983016984	0.31368631368631367	0.06748980186480187	0.5658218849708211
MA1211.2	ATHB-X	Homeo domain factors	HD-ZIP	cluster_09	0.5131246569181241	0.5142399748252051	0.01898101898101898	0.012987012987012988	0.07389039531896674	0.056948798328108674
MA1829.2	Zm00001d035604	Tryptophan cluster factors	MYB	cluster_02	0.513082690257714	0.5498607434761261	0.012987012987012988	0.001998001998001998	0.054445554445554455	0.01385886840432295
MA1743.2	BZIP2	Basic leucine zipper factors (bZIP)	Group S	cluster_14	0.5130807896579046	0.510068785824544	0.01898101898101898	0.02197802197802198	0.07389039531896674	0.08384615384615385
MA2086.1	PK23964.1	Basic leucine zipper factors (bZIP)	Group G	cluster_07	0.5129403695663209	0.5271917613432758	0.01998001998001998	0.001998001998001998	0.07699371335734971	0.01385886840432295
MA1660.2	NAC013	GCM domain factors	NAC	cluster_16	0.5128074338243013	0.5136922622930598	0.023976023976023976	0.005994005994005994	0.08923759167661607	0.03266733266733267
MA1734.1	AT1G19040	GCM domain factors	NAC	cluster_16	0.5127583251583927	0.5117217193942271	0.023976023976023976	0.012987012987012988	0.08923759167661607	0.056948798328108674
MA2358.1	PK22320.1	C3H(C),C2HC zinc-fingers like factors	SBP	cluster_28	0.5126381978064007	0.5351613212460128	0.012987012987012988	0.001998001998001998	0.054445554445554455	0.01385886840432295
MA1417.2	O2	Basic leucine zipper factors (bZIP)	Group C	cluster_14	0.5126364860860758	0.5125478849136528	0.011988011988011988	0.006993006993006993	0.05109973825057623	0.036797685073547144
MA1781.2	MYB94	Tryptophan cluster factors	MYB	cluster_02	0.5125507702151214	0.5102650932604015	0.015984015984015984	0.01998001998001998	0.06452806452806453	0.07738454438962053
MA0549.2	BZR2	Basic helix-loop-helix factors (bHLH)	BES/BZR	cluster_07	0.5124723143993459	0.5072570988756394	0.011988011988011988	0.08591408591408592	0.05109973825057623	0.23837253655435475
MA1036.1	MYB111	Tryptophan cluster factors	Myb	cluster_02	0.5124212106938839	0.5136700371746639	0.01898101898101898	0.03196803196803197	0.07389039531896674	0.11240372530695111
MA1345.2	BZIP48	Basic leucine zipper factors (bZIP)	Group S	cluster_14	0.5122727868341556	0.5108020207531335	0.015984015984015984	0.017982017982017984	0.06452806452806453	0.07072309134164805
MA2046.2	NAC035	GCM domain factors	NAC	cluster_20	0.5122717125820889	0.5121899394267053	0.01898101898101898	0.061938061938061936	0.07389039531896674	0.18679344371043974
MA1675.2	NAC029	GCM domain factors	NAC	cluster_20	0.5122619852886491	0.514242644317961	0.02097902097902098	0.03396603396603397	0.08003496503496503	0.11833828272184437
MA1066.1	TCP23	TCP	NA	cluster_01	0.5122151785914549	0.5102031073182125	0.016983016983016984	0.03796203796203796	0.06748980186480187	0.12703962703962704
MA0939.1	NAC079	GCM domain factors	NAC	cluster_20	0.5120668845863714	0.5137372475256604	0.026973026973026972	0.0899100899100899	0.09847090708334727	0.245004995004995
MA0937.1	NAC055	GCM domain factors	NAC	cluster_20	0.5119128415619866	0.5120096834459307	0.015984015984015984	0.08491508491508491	0.06452806452806453	0.2364606196722985
MA0938.3	NAC058	GCM domain factors	NAC	cluster_16	0.511865125882273	0.5150565680747358	0.02197802197802198	0.002997002997002997	0.08342900880214313	0.01874355153043678
MA1766.2	MYB17	Tryptophan cluster factors	MYB	cluster_02	0.511823536980832	0.5076835865540902	0.013986013986013986	0.06693306693306693	0.05799635147461234	0.19794546538732583
MA1198.2	HAT2	Homeo domain factors	HD-ZIP	cluster_09	0.5116977432443124	0.5536648956306811	0.022977022977022976	0.003996003996003996	0.08678944817558679	0.022924443977075555
MA1772.2	MYB43	Tryptophan cluster factors	MYB	cluster_02	0.5116814287788608	0.5095588385230864	0.03496503496503497	0.029970029970029972	0.12181882044895743	0.10635875752154822
MA1809.2	GLYMA-07G038400	C3H zinc finger factors	GRF	cluster_22	0.5116330048010802	0.518049286391912	0.023976023976023976	0.04695304695304695	0.08923759167661607	0.15116107521170813
MA0573.2	ATHB-9	Homeo domain factors	HD-ZIP	cluster_09	0.5113793278487463	0.5109837747877435	0.02097902097902098	0.013986013986013986	0.08003496503496503	0.05895761696866669
MA0948.2	ARR18	Tryptophan cluster factors	GARP_ARR-B	cluster_13	0.5112714540532948	0.5201988008542868	0.025974025974025976	0.061938061938061936	0.09527972027972029	0.18679344371043974
MA1189.2	AT5G61620	Tryptophan cluster factors	MYB-related	cluster_05	0.5112408319669091	0.5169962418691212	0.027972027972027972	0.000999000999000999	0.10067291199366671	0.008661792752701843
MA1786.2	NAC019	GCM domain factors	NAC	cluster_20	0.5112209287912539	0.51079511139837	0.025974025974025976	0.34065934065934067	0.09527972027972029	0.6002842423165748
MA1706.2	AT1G14600	Tryptophan cluster factors	GARP_G2-like	cluster_04	0.5111603811115792	0.5265816705851221	0.027972027972027972	0.13086913086913088	0.10067291199366671	0.3190196385084564
MA1024.2	HAT1	Homeo domain factors	HD-ZIP	cluster_09	0.5111190873343319	0.5391944161179866	0.04195804195804196	0.013986013986013986	0.13858868404322952	0.05895761696866669
MA1340.2	BZIP3	Basic leucine zipper factors (bZIP)	Group S	cluster_14	0.5110471124458601	0.5090997689598583	0.03896103896103896	0.04495504495504495	0.1321212121212121	0.14596042255616723
MA1284.2	TCP1	TCP	NA	cluster_01	0.5110412807917837	0.5095959011655172	0.025974025974025976	0.029970029970029972	0.09527972027972029	0.10635875752154822
MA2362.1	TEIL	EIL	NA	cluster_26	0.5110391086777136	0.5165204739506954	0.027972027972027972	0.08791208791208792	0.10067291199366671	0.24128389596015495
MA1695.2	ARF36	B3	ARF	cluster_01	0.5108751967002768	0.5112969496462705	0.03696303696303696	0.016983016983016984	0.1276144669809828	0.06784315161278512
MA2015.2	NAC002	GCM domain factors	NAC	cluster_20	0.510860145366373	0.5144873501072694	0.04495504495504495	0.03496503496503497	0.1465841850457235	0.11909965034965035
MA1038.2	MYB3	Tryptophan cluster factors	MYB	cluster_02	0.5108303850426338	0.5152169029085196	0.03196803196803197	0.01998001998001998	0.11292411292411292	0.07738454438962053
MA1349.2	BZIP16	Basic leucine zipper factors (bZIP)	Group G	cluster_07	0.5108127130058878	0.5091501609840031	0.03196803196803197	0.03496503496503497	0.11292411292411292	0.11909965034965035
MA2006.2	NAC020	GCM domain factors	NAC	cluster_16	0.5107554353022828	0.5173389673974218	0.03596403596403597	0.001998001998001998	0.12472981563890656	0.01385886840432295
MA0930.3	ABF3	Basic leucine zipper factors (bZIP)	Group A	cluster_07	0.5107500404320147	0.5329477822076224	0.04095904095904096	0.22277722277722278	0.13767289978743724	0.45693285209414247
MA1042.1	MYB59	Tryptophan cluster factors	Myb	cluster_02	0.510680945955677	0.518804556963759	0.04095904095904096	0.023976023976023976	0.13767289978743724	0.09056290244409056
MA1371.2	IDD4	C2H2 zinc finger factors	IDD	cluster_08	0.5106766135325074	0.5100272561580965	0.030969030969030968	0.028971028971028972	0.11041761976341415	0.1037788502577235
MA2005.2	NAC016	GCM domain factors	NAC	cluster_16	0.5106617274681522	0.5125900405999749	0.03796203796203796	0.012987012987012988	0.13047313047313047	0.056948798328108674
MA1037.2	MYB24	Tryptophan cluster factors	MYB	cluster_02	0.5106426388352747	0.5480364590607738	0.028971028971028972	0.000999000999000999	0.1037788502577235	0.008661792752701843
MA1757.2	HDG7	Homeo domain factors	HD-ZIP	cluster_09	0.5105751498345538	0.5149917847789555	0.04195804195804196	0.003996003996003996	0.13858868404322952	0.022924443977075555
MA1277.2	DOF1.7	Other C4 zinc finger-type factors	DOF	cluster_03	0.5104952538127107	0.5073998788852826	0.04195804195804196	0.23776223776223776	0.13858868404322952	0.4736621081268601
MA1792.1	NAC098	GCM domain factors	NAC	cluster_16	0.5104494505377772	0.5135801956977171	0.03296703296703297	0.007992007992007992	0.11591634172279333	0.04038345760200065
MA1208.2	GT-2	Tryptophan cluster factors	Trihelix	cluster_10	0.5103669338130872	0.5113768758886961	0.03896103896103896	0.027972027972027972	0.1321212121212121	0.1011500347993239
MA1390.3	HHO2	Tryptophan cluster factors	GARP_G2-like	cluster_04	0.5102684213570756	0.5287965022073459	0.04195804195804196	0.011988011988011988	0.13858868404322952	0.054771575729659565
MA2399.1	LjSGA_053525.1	TCP	NA	cluster_01	0.5102508083451679	0.5079500367385729	0.04295704295704296	0.09490509490509491	0.14127682662165422	0.2540792540792541
MA2452.1	SPL8A	C3H(C),C2HC zinc-fingers like factors	SBP	cluster_33	0.5102150274878672	0.5106888955012272	0.04795204795204795	0.06893106893106893	0.15244755244755245	0.20151113254561528
MA1788.1	NAC054	GCM domain factors	NAC	cluster_16	0.5102037655486188	0.511987449415849	0.04795204795204795	0.014985014985014986	0.15244755244755245	0.062138948008513224
MA1778.2	MYB80	Tryptophan cluster factors	MYB	cluster_02	0.5100440207248007	0.5088099181197078	0.05194805194805195	0.04495504495504495	0.16047110783952892	0.14596042255616723
MA1785.2	NAC018	GCM domain factors	NAC	cluster_20	0.5099501712310572	0.5114836582878336	0.04595404595404595	0.015984015984015984	0.148571767215835	0.0652182042556374
MA1195.2	AT5G56840	Tryptophan cluster factors	MYB-related	cluster_05	0.5099373982559338	0.5133401212681548	0.04895104895104895	0.004995004995004995	0.15497780228070684	0.02781889643203512
MA2453.1	SPL8B	C3H(C),C2HC zinc-fingers like factors	SBP	cluster_33	0.5099304451299195	0.5093445920338718	0.04995004995004995	0.06893106893106893	0.15619626275363982	0.20151113254561528
MA2391.1	Lg3	Homeo domain factors	TALE-type HD	cluster_14	0.5099294771225629	0.5147410408780557	0.04695304695304695	0.2707292707292707	0.1505259446435917	0.517710359815623
MA2392.1	GRMZM2G135447	Homeo domain factors	TALE-type HD	cluster_14	0.5099051352790283	0.5121644256874588	0.03896103896103896	0.24275724275724275	0.1321212121212121	0.48110071746435384
MA1040.1	MYB46	Tryptophan cluster factors	Myb	cluster_02	0.5098108017816053	0.5195268672397536	0.04495504495504495	0.007992007992007992	0.1465841850457235	0.04038345760200065
MA2396.1	IDD1	C2H2 zinc finger factors	IDD	cluster_08	0.5097995634522919	0.5075351195947714	0.04595404595404595	0.07392607392607392	0.148571767215835	0.21285129964375246
MA2447.1	SPL5B	C3H(C),C2HC zinc-fingers like factors	SBP	cluster_33	0.5097717863631374	0.5453436726677402	0.03396603396603397	0.012987012987012988	0.11888111888111888	0.056948798328108674
MA1790.1	NAC073	GCM domain factors	NAC	cluster_16	0.5097544684754236	0.5016350869550951	0.04695304695304695	0.36663336663336665	0.1505259446435917	0.6314701100254148
MA2044.2	NAC007	GCM domain factors	NAC	cluster_25	0.5096289698630978	0.5678335110253374	0.057942057942057944	0.011988011988011988	0.1747422537936372	0.054771575729659565
MA1791.1	NAC087	GCM domain factors	NAC	cluster_16	0.5095727900214976	0.5130640569075272	0.061938061938061936	0.006993006993006993	0.18176438945669712	0.036797685073547144
MA2010.2	SMB	GCM domain factors	NAC	cluster_25	0.5095348960749666	0.5420069608304906	0.05194805194805195	0.011988011988011988	0.16047110783952892	0.054771575729659565
MA1677.2	NAC078	GCM domain factors	NAC	cluster_25	0.5094211079906648	0.5765511304483386	0.04995004995004995	0.1018981018981019	0.15619626275363982	0.2662611361241498
MA1662.2	AT3G10030	Tryptophan cluster factors	Trihelix	cluster_11	0.5092971676340841	0.5244087395745333	0.054945054945054944	0.1798201798201798	0.16904466501240695	0.39313122407678275
MA1787.2	NAC047	GCM domain factors	NAC	cluster_20	0.5092909582210394	0.5118186013859278	0.06693306693306693	0.017982017982017984	0.19271671724501913	0.07072309134164805
MA0946.1	ARR11	Tryptophan cluster factors	GARP_ARR-B	cluster_13	0.5092400197851266	0.5139692682432473	0.06993006993006994	0.052947052947052944	0.19616412998765942	0.1648922506065363
MA2349.1	OsCCA1	Tryptophan cluster factors	MYB-related	cluster_13	0.5092151821329451	0.6141054912259056	0.05094905094905095	0.0899100899100899	0.15866990152704438	0.245004995004995
MA2421.1	SBP8	C3H(C),C2HC zinc-fingers like factors	SBP	cluster_26	0.5092027633068553	0.5155420111487646	0.057942057942057944	0.3016983016983017	0.1747422537936372	0.5573748285612692
MA2048.2	NAC045	GCM domain factors	NAC	cluster_25	0.5092009453418188	0.5202268434001933	0.058941058941058944	0.12887112887112886	0.1770552282363306	0.31718926235055267
MA1769.2	MYB39	Tryptophan cluster factors	MYB	cluster_02	0.5091804991376482	0.5081794121141399	0.06693306693306693	0.07492507492507493	0.19271671724501913	0.21491666228508333
MA1411.2	TSAR1	Basic helix-loop-helix factors (bHLH)	bHLH	cluster_07	0.5091804519177761	0.5077993741885962	0.060939060939060936	0.1028971028971029	0.17952317952317953	0.2679538891142987
MA0556.2	AP3	MADS box factors	Type II	cluster_23	0.5091553191414016	0.5034046990372452	0.055944055944055944	0.26973026973026976	0.1714269666076895	0.5170959693572759
MA1409.2	OsRR22	Tryptophan cluster factors	GARP_ARR-B	cluster_13	0.5091106019235013	0.5031212183873798	0.07692307692307693	0.32667332667332666	0.21112340896513557	0.5810064061812313
MA2049.2	NAC053	GCM domain factors	NAC	cluster_25	0.5090604780303648	0.6302978673236004	0.04995004995004995	0.04995004995004995	0.15619626275363982	0.15814061457214984
MA0953.2	ATHB-6	Homeo domain factors	HD-ZIP	cluster_09	0.5089951021188739	0.6124081892459368	0.059940059940059943	0.25074925074925075	0.17864947552447555	0.4930971090764905
MA2052.2	ZAT6	C2H2 zinc finger factors	C2H2	cluster_09	0.5089735698576672	0.5383095046515912	0.07292707292707293	0.024975024975024976	0.20233947870311506	0.09295582466314174
MA1045.2	NAC043	GCM domain factors	NAC	cluster_32	0.5088581290778784	0.5113292455764313	0.06393606393606394	0.18681318681318682	0.18619548390540758	0.4049388111888112
MA1765.2	MYB121	Tryptophan cluster factors	MYB	cluster_02	0.5088507745829606	0.5112804170068436	0.07192807192807193	0.03196803196803197	0.2002960543106529	0.11240372530695111
MA0551.2	HY5	Basic leucine zipper factors (bZIP)	Group H	cluster_07	0.508848626078828	0.5049913087094249	0.07992007992007992	0.15784215784215785	0.21739879838471385	0.36275170612520014
MA2433.1	SPL15D	C3H(C),C2HC zinc-fingers like factors	SBP	cluster_38	0.5088302339390456	0.5092206471957214	0.060939060939060936	0.03796203796203796	0.17952317952317953	0.12703962703962704
MA0949.2	ARR2	Tryptophan cluster factors	GARP_ARR-B	cluster_13	0.508787358296118	0.5129877955546179	0.06993006993006994	0.12687312687312688	0.19616412998765942	0.3142993370266097
MA1412.2	TSAR2	Basic helix-loop-helix factors (bHLH)	bHLH	cluster_07	0.5087198929053327	0.5044348771997419	0.06293706293706294	0.2757242757242757	0.18398842536773571	0.5207366890535207
MA1408.2	FaEOBII	Tryptophan cluster factors	MYB-related	cluster_02	0.5086797206000232	0.5187027944457343	0.06893106893106893	0.024975024975024976	0.19616412998765942	0.09295582466314174
MA1095.1	ARALYDRAFT_495258	TCP	NA	cluster_01	0.5086460646369205	0.5097909357770868	0.06893106893106893	0.06293706293706294	0.19616412998765942	0.18831756478815304
MA1098.1	ARALYDRAFT_484486	TCP	NA	cluster_01	0.5086460646369205	0.5097909357770868	0.059940059940059943	0.06893106893106893	0.17864947552447555	0.20151113254561528
MA2047.2	NAC037	GCM domain factors	NAC	cluster_25	0.5086096817262642	0.5662857587353923	0.06593406593406594	0.013986013986013986	0.19128400116993272	0.05895761696866669
MA1213.3	ZHD3	Homeo domain factors	PLINC	cluster_09	0.5086006273159871	0.5142696701231394	0.056943056943056944	0.11888111888111888	0.1737902097902098	0.29837596613912404
MA1696.2	ARF39	B3	ARF	cluster_01	0.5085885508339612	0.509146294603172	0.06993006993006994	0.026973026973026972	0.19616412998765942	0.09942231681362115
MA0008.4	HAT5	Homeo domain factors	HD-ZIP	cluster_09	0.50853475559585	0.5155203429248698	0.07692307692307693	0.08791208791208792	0.21112340896513557	0.24128389596015495
MA1202.1	AGL55	MADS box factors	Type I	cluster_43	0.5084953860283483	0.6447613016337758	0.057942057942057944	0.0939060939060939	0.1747422537936372	0.25228996355756916
MA2043.2	NAC004	GCM domain factors	NAC	cluster_25	0.508442358113141	0.6301179713469893	0.06893106893106893	0.061938061938061936	0.19616412998765942	0.18679344371043974
MA0548.3	AGL15	MADS box factors	Type II	cluster_23	0.5083287943232262	0.5092850276506325	0.08591408591408592	0.03496503496503497	0.22840574060086258	0.11909965034965035
MA1386.3	HHO3	Tryptophan cluster factors	GARP_G2-like	cluster_04	0.5082683764981978	0.540484233582883	0.08091908091908091	0.05094905094905095	0.21739879838471385	0.16063688377737964
MA1292.2	MYB27	Tryptophan cluster factors	MYB	cluster_02	0.5082557924025587	0.5104961296084743	0.06993006993006994	0.014985014985014986	0.19616412998765942	0.062138948008513224
MA1339.1	BZIP43	Basic leucine zipper factors (bZIP)	Group S	cluster_14	0.5082393362774921	0.50679240745048	0.0939060939060939	0.1018981018981019	0.2445404424926609	0.2662611361241498
MA1375.2	ANL2	Homeo domain factors	HD-ZIP	cluster_09	0.5082247217273972	0.5154412549468047	0.0939060939060939	0.006993006993006993	0.2445404424926609	0.036797685073547144
MA1168.2	MYR2	Tryptophan cluster factors	GARP_G2-like	cluster_04	0.5082003444689598	0.5257425418173014	0.08591408591408592	0.053946053946053944	0.22840574060086258	0.16664307352566463
MA0947.1	ARR14	Tryptophan cluster factors	GARP_ARR-B	cluster_13	0.5081911956189407	0.5071273067629835	0.07592407592407592	0.11888111888111888	0.20989155771764467	0.29837596613912404
MA2036.2	NAC076	GCM domain factors	NAC	cluster_25	0.5081555328113178	0.5668658506235311	0.09090909090909091	0.016983016983016984	0.23918495297805645	0.06784315161278512
MA1158.2	MGP	C2H2 zinc finger factors	IDD	cluster_08	0.5081007105410106	0.5070232776290334	0.0899100899100899	0.1018981018981019	0.23737508166573906	0.2662611361241498
MA1199.1	AGL16	MADS box factors	MIKC	cluster_23	0.5080571029900821	0.5085945716779023	0.08091908091908091	0.05194805194805195	0.21739879838471385	0.163112607557052
MA0129.1	TGA1A	Basic leucine zipper factors (bZIP)	Group D	cluster_14	0.5080158918476073	0.5315411382931474	0.07092907092907093	0.00999000999000999	0.1982376597761213	0.04793948190174605
MA0936.1	NAC046	GCM domain factors	NAC	cluster_20	0.5079890945707772	0.5112885330737316	0.07892107892107893	0.14185814185814186	0.21583076421786102	0.33824300699300697
MA1410.2	StBRC1	TCP	NA	cluster_01	0.5079846440979292	0.5037736272183264	0.0969030969030969	0.3196803196803197	0.25148660862946576	0.5725729669391642
MA1041.1	MYB55	Tryptophan cluster factors	Myb	cluster_02	0.5079508818901172	0.5101669030832452	0.0979020979020979	0.07092907092907093	0.25321796847220573	0.20656061495756153
MA0977.1	DOF2.5	Other C4 zinc finger-type factors	DOF	cluster_03	0.507915006593075	0.5447557933226755	0.08091908091908091	0.0939060939060939	0.21739879838471385	0.25228996355756916
MA1774.2	MYB60	Tryptophan cluster factors	MYB	cluster_02	0.5078992941809773	0.5063740282118911	0.08791208791208792	0.1088911088911089	0.2329059829059829	0.2778726290431976
MA1749.1	E2FC	Fork head/winged helix factors	E2F	cluster_27	0.5078535381259143	0.5003873010549136	0.0919080919080919	0.44655344655344653	0.24098238531228222	0.7113158240506883
MA0575.2	MYB77	Tryptophan cluster factors	MYB	cluster_11	0.5077535028290604	0.5056094392335483	0.1008991008991009	0.19880119880119881	0.2583423288121275	0.4237019963276946
MA1381.2	AT3G46070	C2H2 zinc finger factors	C2H2	cluster_19	0.5077504335374411	0.5317978006923362	0.0989010989010989	0.14585414585414586	0.2549376299376299	0.3434775101441768
MA2404.1	OsTRBF3	Tryptophan cluster factors	MYB-related	cluster_02	0.5076487691550359	0.5356941747203986	0.1068931068931069	0.2837162837162837	0.2691730711532692	0.5331909469840505
MA2083.1	PK21166.1	Tryptophan cluster factors	MYB	cluster_02	0.5075634900678901	0.5061021625213987	0.11288711288711288	0.23176823176823177	0.2787471428248127	0.4678284678284679
MA1030.2	P0510F09.23	Tryptophan cluster factors	MYB	cluster_02	0.5074913026899979	0.5647630696584626	0.08591408591408592	0.21078921078921078	0.22840574060086258	0.44031173186486533
MA1047.3	TGA5	Basic leucine zipper factors (bZIP)	Group D	cluster_14	0.5074664532328492	0.5029397392640115	0.1008991008991009	0.4085914085914086	0.2583423288121275	0.6704413865704189
MA1741.1	BRN2	GCM domain factors	NAC	cluster_16	0.5073648242653482	0.5092313708936658	0.1088911088911089	0.03996003996003996	0.2724062822423478	0.1319892228983138
MA1214.2	ATHB-40	Homeo domain factors	HD-ZIP	cluster_09	0.507308042370391	0.5024203428920937	0.11888111888111888	0.36163836163836166	0.290725300340685	0.6256917685489115
MA0001.3	AGL3	MADS box factors	Type II	cluster_23	0.5072970873603034	0.5081700851095425	0.1068931068931069	0.12487512487512488	0.2691730711532692	0.31035739504794885
MA1770.2	MYB40	Tryptophan cluster factors	MYB	cluster_02	0.5072892960815771	0.5067510916568493	0.1068931068931069	0.1038961038961039	0.2691730711532692	0.26963512677798396
MA0963.1	bHLH78	Basic helix-loop-helix factors (bHLH)	bHLH	cluster_07	0.5072575997431239	0.49810646009319476	0.060939060939060936	0.6223776223776224	0.17952317952317953	0.8587235549260867
MA1751.2	EIL3	EIL	NA	cluster_26	0.5071232001851018	0.5178977818328098	0.11288711288711288	0.061938061938061936	0.2787471428248127	0.18679344371043974
MA2376.1	CAMTA5	GCM domain factors	CAMTA	cluster_07	0.507098976391246	0.511510915806592	0.11788211788211789	0.016983016983016984	0.2892091830998584	0.06784315161278512
MA1762.2	MYB10	Tryptophan cluster factors	MYB	cluster_02	0.5070862152210895	0.5029917812834176	0.10589410589410589	0.2757242757242757	0.2691730711532692	0.5207366890535207
MA1392.3	MYB98	Tryptophan cluster factors	MYB	cluster_11	0.5070814578190792	0.5116304576954929	0.1088911088911089	0.06693306693306693	0.2724062822423478	0.19794546538732583
MA1170.2	MYB118	Tryptophan cluster factors	MYB	cluster_11	0.5070771962257156	0.5050322103177234	0.10589410589410589	0.17582417582417584	0.2691730711532692	0.38661050764797167
MA1157.2	NUC	C2H2 zinc finger factors	IDD	cluster_08	0.5068984926236659	0.507078938996512	0.1108891108891109	0.09090909090909091	0.27649801179212946	0.24597034171502258
MA1176.2	MYB119	Tryptophan cluster factors	MYB	cluster_11	0.5068814934700817	0.5058932154026807	0.11488511488511488	0.13286713286713286	0.2827656214752989	0.32183372183372183
MA1350.1	BZIP42	Basic leucine zipper factors (bZIP)	Group S	cluster_14	0.5068523942245375	0.5073903728940476	0.11288711288711288	0.07892107892107893	0.2787471428248127	0.22385421270179637
MA0588.2	TGA1	Basic leucine zipper factors (bZIP)	Group D	cluster_14	0.5067818241272293	0.5136414241811521	0.12687312687312688	0.04195804195804196	0.3073149073149073	0.1373990816050902
MA1370.2	IDD5	C2H2 zinc finger factors	IDD	cluster_08	0.506714063612249	0.5088886453014695	0.12287712287712288	0.03896103896103896	0.2995375231796957	0.1292490118577075
MA1180.2	MYB3R4	Tryptophan cluster factors	MYB	cluster_11	0.5066954943979535	0.49689714633498117	0.13786213786213786	0.7432567432567433	0.32871503496503496	0.9563320322173612
MA1369.2	HDG1	Homeo domain factors	HD-ZIP	cluster_09	0.5065943966540003	0.5142203181223146	0.14585414585414586	0.007992007992007992	0.3445409080084003	0.04038345760200065
MA2018.2	NAC69	GCM domain factors	NAC	cluster_20	0.5065348642015531	0.5121548304705963	0.12487512487512488	0.23476523476523475	0.3034385996169435	0.47138387927861614
MA2030.2	MYB96	Tryptophan cluster factors	MYB	cluster_02	0.5065106167977607	0.5072400276510204	0.12787212787212787	0.07192807192807193	0.30875453660263785	0.20788302606484427
MA1758.2	HSFA1E	Heat shock factors	HSF	cluster_04	0.5064836424464141	0.508466497835267	0.14485514485514486	0.04995004995004995	0.3432437128089302	0.15814061457214984
MA2050.2	NAC101	GCM domain factors	NAC	cluster_25	0.5064342858761824	0.5374835893523814	0.13086913086913088	0.06293706293706294	0.3149941541108734	0.18831756478815304
MA1405.2	SIZF2	C2H2 zinc finger factors	C2H2	cluster_35	0.5063852834549836	0.5048726486578602	0.13486513486513488	0.17582417582417584	0.3235915028367859	0.38661050764797167
MA1279.2	DOF1.5	Other C4 zinc finger-type factors	DOF	cluster_08	0.5061400588595688	0.5030597062109791	0.14185814185814186	0.26573426573426573	0.3371892904603185	0.5133044171018855
MA2351.1	OsEIL3	Other all-alpha-helical DNA-binding domains	EIL	cluster_26	0.5061270379801227	0.5166751724802201	0.16983016983016982	0.13886113886113885	0.3833740224272768	0.333179399217135
MA1336.2	TGA3	Basic leucine zipper factors (bZIP)	Group D	cluster_14	0.5060831353049978	0.4986439169282623	0.14885114885114886	0.6363636363636364	0.3505352672019339	0.8701531443466927
MA1738.1	ATMYB31	Tryptophan cluster factors	Myb	cluster_02	0.50608249783674	0.5049661805215355	0.13686313686313686	0.15684315684315683	0.32735602955038695	0.3615447996112648
MA2371.1	MYB31	Tryptophan cluster factors	MYB	cluster_02	0.50608249783674	0.5049661805215355	0.16183816183816183	0.1838161838161838	0.3742724341526737	0.40071928071928076
MA0097.1	bZIP911	Basic leucine zipper factors (bZIP)	Group S	cluster_14	0.5059164845750398	0.508040732021016	0.16383616383616384	0.04895104895104895	0.3742724341526737	0.1562746876554408
MA0559.1	PI	MADS box factors	MIKC	cluster_23	0.5058833126156171	0.5017916390581325	0.16283716283716285	0.34865134865134867	0.3742724341526737	0.6073538333812306
MA1175.2	MYB81	Tryptophan cluster factors	MYB	cluster_11	0.5058737269817887	0.5111986492053254	0.17382617382617382	0.10789210789210789	0.3912370815025682	0.2762472426901957
MA1674.3	NAC017	GCM domain factors	NAC	cluster_25	0.5057286675378735	0.5420332432856944	0.16383616383616384	0.26973026973026976	0.3742724341526737	0.5170959693572759
MA2429.1	SPL13D	C3H(C),C2HC zinc-fingers like factors	SBP	cluster_38	0.5057199908865646	0.5002053085244036	0.16183816183816183	0.5004995004995005	0.3742724341526737	0.765292823409056
MA1783.1	NAC005	GCM domain factors	NAC	cluster_16	0.5057145015765525	0.5050240092423403	0.17482517482517482	0.17382617382617382	0.3923282599753188	0.3855504960156123
MA1348.1	TGA9	Basic leucine zipper factors (bZIP)	Group D	cluster_14	0.5057141592324883	0.49917066981387526	0.16483516483516483	0.6043956043956044	0.3743131868131868	0.8444535354955831
MA1164.2	HHO5	Tryptophan cluster factors	GARP_G2-like	cluster_04	0.5056583217349527	0.5392984803732533	0.16383616383616384	0.22377622377622378	0.3742724341526737	0.4577513639175837
MA2352.1	PC-MYB1	Tryptophan cluster factors	MYB	cluster_11	0.505576395258653	0.4988378317382063	0.16983016983016982	0.6893106893106893	0.3833740224272768	0.9162788431081114
MA1206.2	ARF2	B3	ARF	cluster_17	0.5055657471777272	0.5560074237235301	0.16183816183816183	0.4515484515484515	0.3742724341526737	0.7133156698374089
MA1215.2	ATHB-53	Homeo domain factors	HD-ZIP	cluster_09	0.505467069452167	0.5140893679876546	0.16483516483516483	0.13186813186813187	0.3743131868131868	0.32043116119549236
MA2449.1	SPL6A	C3H(C),C2HC zinc-fingers like factors	SBP	cluster_38	0.5054492675607747	0.5036231414346656	0.16083916083916083	0.24475524475524477	0.3742724341526737	0.48380376100583355
MA1814.2	RIN	MADS box factors	Type II	cluster_23	0.5054382653308167	0.5079891362491112	0.17882117882117882	0.07192807192807193	0.39662953325744027	0.20788302606484427
MA1283.2	TCP14	TCP	NA	cluster_01	0.50542402853969	0.5043952134699508	0.15984015984015984	0.16683316683316685	0.3742724341526737	0.3754976586834994
MA0967.1	BZIP60	Basic leucine zipper factors (bZIP)	Group K	cluster_14	0.5054051642011993	0.504697304733487	0.17882117882117882	0.45554445554445555	0.39662953325744027	0.7166606589287001
MA1834.2	Zm00001d034298	Basic helix-loop-helix factors (bHLH)	bHLH	cluster_07	0.5053984825894432	0.5124515118409745	0.17882117882117882	0.17482517482517482	0.39662953325744027	0.38661050764797167
MA1771.2	MYB41	Tryptophan cluster factors	MYB	cluster_02	0.5052748727719599	0.5069454226866752	0.16383616383616384	0.0999000999000999	0.3742724341526737	0.26466588966588966
MA2414.1	EREB127	AP2/EREBP	ERF/DREB	cluster_15	0.505158711889137	0.507885295440937	0.17782217782217782	0.24275724275724275	0.39662953325744027	0.48110071746435384
MA1235.1	AIL7	AP2/EREBP	AP2	cluster_31	0.5051124010005892	0.5002520476964855	0.19880119880119881	0.4835164835164835	0.43338661338661344	0.751370828763904
MA2026.2	MYB108	Tryptophan cluster factors	MYB	cluster_02	0.5050588772767357	0.5041952864260296	0.1918081918081918	0.23576423576423577	0.4229758680625733	0.4721472752968816
MA0571.2	ANT	AP2/EREBP	AP2	cluster_31	0.505056622527892	0.5014696029352058	0.1938061938061938	0.3676323676323676	0.42492564906358005	0.6317646317646318
MA1049.2	ERF094	AP2/EREBP	ERF/DREB	cluster_24	0.5050028745096514	0.514022936091163	0.1928071928071928	0.053946053946053944	0.4239535680457871	0.16664307352566463
MA1256.2	RAP2-12	AP2/EREBP	ERF/DREB	cluster_24	0.5049867607286499	0.5073055591780089	0.2017982017982018	0.08091908091908091	0.43866674635905406	0.226989921842863
MA2353.1	PK02532.1	Tryptophan cluster factors	MYB-related	cluster_13	0.5049321037278909	0.5845590258417334	0.2127872127872128	0.16883116883116883	0.4535101769738641	0.3755632122979062
MA1012.1	AGL27	MADS box factors	MIKC	cluster_23	0.5048767974539057	0.5047101051957943	0.22077922077922077	0.1958041958041958	0.4679292929292929	0.4196589926927005
MA1274.1	DOF3.6	Other C4 zinc finger-type factors	DOF	cluster_08	0.5047555368250058	0.5034047950619066	0.1888111888111888	0.23076923076923078	0.41757373061720887	0.4670475413180984
MA1070.3	TGA7	Basic leucine zipper factors (bZIP)	Group D	cluster_14	0.5047397653880704	0.4976584583822955	0.2097902097902098	0.7412587412587412	0.4521749437003675	0.9563320322173612
MA1775.2	MYB61	Tryptophan cluster factors	MYB	cluster_02	0.5046589603837088	0.5057782320240646	0.24575424575424576	0.3856143856143856	0.4934486566065514	0.6466456620302774
MA1776.2	MYB67	Tryptophan cluster factors	MYB	cluster_02	0.5046250801262185	0.507432855854228	0.23776223776223776	0.2627372627372627	0.4867059062309722	0.5100980444491895
MA2053.2	NAC105	GCM domain factors	NAC	cluster_25	0.5046238524095705	0.5075747864865742	0.22877122877122877	0.14385614385614387	0.48086073705908416	0.33982116954253183
MA0034.2	Gam1	Tryptophan cluster factors	MYB	cluster_11	0.5045375935101009	0.507369053539048	0.21178821178821178	0.2017982017982018	0.4535101769738641	0.42651531294190576
MA2009.2	NAC010	GCM domain factors	NAC	cluster_16	0.5044997349784744	0.5063739720919364	0.19480519480519481	0.0999000999000999	0.4258921594165147	0.26466588966588966
MA1789.1	NAC071	GCM domain factors	NAC	cluster_16	0.5044648394937561	0.5053527522558917	0.23676323676323677	0.14185814185814186	0.4867059062309722	0.33824300699300697
MA0558.2	FLC	MADS box factors	Type II	cluster_23	0.5044609910742637	0.5037485795423919	0.22277722277722278	0.21978021978021978	0.4708560137923019	0.45200082935931996
MA0950.1	ATHB-12	Homeo domain factors	HD-ZIP	cluster_09	0.5044505908976616	0.5330670395710728	0.2127872127872128	0.12987012987012986	0.4535101769738641	0.3175990675990676
MA0021.1	Dof3	Other C4 zinc finger-type factors	DOF	cluster_03	0.5044325647118819	0.5747286427812004	0.21678321678321677	0.48451548451548454	0.46073981728577823	0.7513929160270624
MA1355.2	TRB2	Tryptophan cluster factors	MYB-related	cluster_02	0.5044235575214766	0.4988165384125336	0.2087912087912088	0.7642357642357642	0.4512965787753323	0.965417033297828
MA1692.2	ARF29	B3	ARF	cluster_15	0.5044185168002402	0.51076699153134	0.23676323676323677	0.15484515484515485	0.4867059062309722	0.3580207671116762
MA1693.2	ARF34	B3	ARF	cluster_22	0.5044029460477557	0.5066673881591236	0.22477522477522477	0.25274725274725274	0.4737665649267859	0.49447731755424057
MA1687.1	ARF14	B3	ARF	cluster_01	0.5043816380809386	0.4991433398961553	0.2517482517482518	0.5614385614385614	0.49891926255562624	0.814307134990247
MA1764.2	MYB116	Tryptophan cluster factors	MYB	cluster_02	0.504331136428832	0.4984976301336511	0.24075924075924077	0.6643356643356644	0.4867059062309722	0.8955620351380069
MA2410.1	ZmbZIP54	Basic leucine zipper factors (bZIP)	S	cluster_14	0.5042921210103637	0.5052412054409727	0.24175824175824176	0.44755244755244755	0.4867059062309722	0.7114219114219115
MA1389.2	PHL1	Tryptophan cluster factors	GARP_G2-like	cluster_04	0.5042605073066847	0.5022529922343569	0.20679320679320679	0.2987012987012987	0.4482477749523204	0.5572349410980217
MA1661.2	GTL1	Tryptophan cluster factors	Trihelix	cluster_10	0.504257119280936	0.5219796025492984	0.23676323676323677	0.0999000999000999	0.4867059062309722	0.26466588966588966
MA0096.1	bZIP910	Basic leucine zipper factors (bZIP)	Group S	cluster_14	0.5042024858901124	0.5431678014263798	0.21178821178821178	0.21178821178821178	0.4535101769738641	0.44031173186486533
MA0563.2	SEP3	MADS box factors	Type II	cluster_23	0.5041969493602304	0.49868058921541136	0.24675324675324675	0.6953046953046953	0.49415413982343115	0.921037296037296
MA0943.2	ARF5	B3	ARF	cluster_15	0.5041813668027779	0.5082984983938124	0.23576423576423577	0.38161838161838163	0.4867059062309722	0.6463910538800407
MA1761.2	HSFB3	Heat shock factors	HSF	cluster_04	0.5041664689334577	0.5014380094961897	0.23976023976023977	0.4035964035964036	0.4867059062309722	0.6694435998783825
MA2021.2	LBD13	Other C4 zinc finger-type factors	LBD	cluster_48	0.5041529522453647	0.5091784344883529	0.23076923076923078	0.34165834165834164	0.4837278106508876	0.6006574071090199
MA0940.1	AP1	MADS box factors	MIKC	cluster_23	0.5041490566060018	0.5019608266282366	0.25374625374625376	0.37362637362637363	0.5015761440631907	0.6391859261814419
MA2104.1	IDD11	C2H2 zinc finger factors	IDD	cluster_08	0.5041330018498391	0.5055073735606619	0.23876123876123875	0.15984015984015984	0.4867059062309722	0.36514383819773044
MA1752.2	ERF025	AP2/EREBP	ERF/DREB	cluster_15	0.5041252932058868	0.5075793100208154	0.23776223776223776	0.2677322677322677	0.4867059062309722	0.5158578794942431
MA1185.2	LHY	Tryptophan cluster factors	MYB-related	cluster_13	0.5040804815482448	0.5212580121252225	0.25774225774225773	0.06693306693306693	0.5055458680137344	0.19794546538732583
MA2082.1	PK20392.1	Homeo domain factors	HD-ZIP	cluster_09	0.5039733278558284	0.7293634156584904	0.08091908091908091	0.08091908091908091	0.21739879838471385	0.226989921842863
MA1172.2	MYB3R5	Tryptophan cluster factors	MYB	cluster_11	0.5039427647942804	0.49535311033338	0.25574425574425574	0.8291708291708292	0.5042192949169694	0.9866348604666361
MA2013.2	ERF115	AP2/EREBP	ERF/DREB	cluster_24	0.5039357054235567	0.5065263602619786	0.25774225774225773	0.1048951048951049	0.5055458680137344	0.27130496622022043
MA0952.1	ATHB-51	Homeo domain factors	HD-ZIP	cluster_09	0.503922873423594	0.525352987534122	0.24175824175824176	0.4645354645354645	0.4867059062309722	0.729301562634896
MA1245.3	ERF112	AP2/EREBP	ERF/DREB	cluster_24	0.503876515315175	0.5106299026931405	0.24975024975024976	0.027972027972027972	0.49624854312354316	0.1011500347993239
MA1784.1	NAC011	GCM domain factors	NAC	cluster_16	0.50384303642659	0.5075385970700191	0.23776223776223776	0.07592407592407592	0.4867059062309722	0.21696655404520573
MA1267.2	DOF5.8	Other C4 zinc finger-type factors	DOF	cluster_08	0.5038379957053539	0.500875331573609	0.23476523476523475	0.39760239760239763	0.4867059062309722	0.6623812868354353
MA2372.1	AZF1	C2H2 zinc finger factors	NA	cluster_19	0.5038351152932175	0.5153560767132188	0.2647352647352647	0.012987012987012988	0.515288283145426	0.056948798328108674
MA1156.2	JKD	C2H2 zinc finger factors	IDD	cluster_08	0.5037417616081197	0.5054391666092661	0.23876123876123875	0.14285714285714285	0.4867059062309722	0.3385093167701863
MA0557.2	FHY3	GCM domain factors	FRS/FRF	cluster_07	0.503730405229128	0.5086159097470763	0.24175824175824176	0.15884115884115885	0.4867059062309722	0.36395136395136396
MA1663.3	NAC050	GCM domain factors	NAC	cluster_25	0.5036529292256766	0.51578450052098	0.24975024975024976	0.3826173826173826	0.49624854312354316	0.6463910538800407
MA1760.1	HSFA6A	Heat shock factors	HSF	cluster_04	0.5036402861051988	0.5040343886465498	0.27472527472527475	0.2177822177822178	0.5272622114727378	0.4491022491022491
MA1005.3	ERF082	AP2/EREBP	ERF/DREB	cluster_24	0.5035994527216943	0.5112498447136544	0.24975024975024976	0.03596403596403597	0.49624854312354316	0.12141840460424531
MA1159.2	SGR5	C2H2 zinc finger factors	IDD	cluster_08	0.5035958049866549	0.5060704912907765	0.2627372627372627	0.12987012987012986	0.5140218755603371	0.3175990675990676
MA1732.1	E2FD	Fork head/winged helix factors	E2F	cluster_27	0.5035781919747464	0.49679622450064354	0.2727272727272727	0.7872127872127872	0.5254820936639117	0.9715760814306856
MA1750.1	E2FE	Fork head/winged helix factors	E2F	cluster_27	0.5035781919747464	0.49679622450064354	0.27172827172827174	0.8011988011988012	0.5254820936639117	0.9808925049309666
MA1387.2	HRS1	Tryptophan cluster factors	GARP_G2-like	cluster_04	0.503560779647291	0.5024182484231996	0.2727272727272727	0.3166833166833167	0.5254820936639117	0.5685396955985191
MA2035.2	NAC075	GCM domain factors	NAC	cluster_16	0.5033141148458106	0.5041624349278696	0.2727272727272727	0.1998001998001998	0.5254820936639117	0.42464499289011826
MA1261.2	ERF122	AP2/EREBP	ERF/DREB	cluster_24	0.5032773777861201	0.5046583333320925	0.2757242757242757	0.1848151848151848	0.5272622114727378	0.4017492479030941
MA1830.2	Zm00001d015407	Tryptophan cluster factors	GARP_G2-like	cluster_04	0.5032057452417136	0.49912159896276165	0.2647352647352647	0.5594405594405595	0.515288283145426	0.814307134990247
MA1191.2	RVE7L	Tryptophan cluster factors	MYB-related	cluster_13	0.5031625272547197	0.531381852981334	0.2757242757242757	0.11888111888111888	0.5272622114727378	0.29837596613912404
MA0553.1	SMZ	AP2/EREBP	AP2	cluster_36	0.5030963958252912	0.5005959625637306	0.3016983016983017	0.5654345654345654	0.5712054694684967	0.8170957830048738
MA1068.3	TGA2	Basic leucine zipper factors (bZIP)	Group D	cluster_14	0.5030668361860037	0.4960944595008425	0.2937062937062937	0.8371628371628371	0.5588476361543693	0.99031820892286
MA2028.2	MYB49	Tryptophan cluster factors	MYB	cluster_02	0.5030146582284749	0.5084244148156185	0.31868131868131866	0.052947052947052944	0.6003798670465337	0.1648922506065363
MA1048.1	ERF018	AP2/EREBP	ERF/DREB	cluster_15	0.5029752768560063	0.5143873875555999	0.2907092907092907	0.025974025974025976	0.554527972027972	0.09620476610767874
MA1388.2	PHL2	Tryptophan cluster factors	GARP_G2-like	cluster_04	0.5028997604772044	0.586715448424806	0.3176823176823177	0.4805194805194805	0.5999792286921	0.7482374768089054
MA2420.1	SBP6	C3H(C),C2HC zinc-fingers like factors	SBP	cluster_26	0.5028738367679887	0.5259213356224821	0.2967032967032967	0.36863136863136864	0.5631458094144661	0.6320578298106388
MA1270.2	DOF3.2	Other C4 zinc finger-type factors	DOF	cluster_08	0.5028187783983243	0.4997746949053988	0.3306693306693307	0.5084915084915085	0.6183840669134787	0.7743608280387605
MA1184.2	RVE1	Tryptophan cluster factors	MYB-related	cluster_13	0.5026978601134934	0.5314879154699668	0.3256743256743257	0.12887112887112886	0.6120431292845087	0.31718926235055267
MA2437.1	SPL19B	C3H(C),C2HC zinc-fingers like factors	SBP	cluster_38	0.502624527653726	0.5020994721718197	0.32867132867132864	0.33266733266733267	0.6161577979759797	0.5889215193159508
MA1804.2	WIN1	AP2/EREBP	ERF/DREB	cluster_30	0.5024088863075361	0.52205910848036	0.35764235764235763	0.08291708291708291	0.6623328128182496	0.23174261635800095
MA1698.2	ARF7	B3	ARF	cluster_17	0.5024080363498562	0.500058476445847	0.36063936063936064	0.5324675324675324	0.6646565994392081	0.7933797719789938
MA1212.2	ATHB-13	Homeo domain factors	HD-ZIP	cluster_09	0.5021523407480337	0.549183033419735	0.35764235764235763	0.27472527472527475	0.6623328128182496	0.5207366890535207
MA1203.1	AGL63	MADS box factors	MIKC	cluster_23	0.5020211403362759	0.5031509591666995	0.3516483516483517	0.25874125874125875	0.6544090056285179	0.5036213786213787
MA1670.2	DREB1C	AP2/EREBP	ERF/DREB	cluster_15	0.5019288018784063	0.5090935079627728	0.38961038961038963	0.19080919080919082	0.6961890568447946	0.41126387736557235
MA1733.2	ASR3	Tryptophan cluster factors	Trihelix	cluster_02	0.501842448539194	0.5037473629423183	0.3856143856143856	0.25274725274725274	0.6960340129354213	0.49447731755424057
MA1294.2	MYB62	Tryptophan cluster factors	MYB	cluster_02	0.5018087571611889	0.5069046573058829	0.3996003996003996	0.32867132867132864	0.7074132364155566	0.5832005204098226
MA1377.2	PLT1	AP2/EREBP	AP2	cluster_31	0.501791958692057	0.5016353732161541	0.4045954045954046	0.36563436563436563	0.708041958041958	0.6311742556086448
MA2425.1	SPL11A	C3H(C),C2HC zinc-fingers like factors	SBP	cluster_38	0.5017743102652463	0.5025142807644618	0.3886113886113886	0.3076923076923077	0.6960340129354213	0.5643491124260356
MA1039.1	MYB4	Tryptophan cluster factors	Myb	cluster_02	0.5017726575697584	0.5033046599342678	0.3906093906093906	0.5614385614385614	0.6963433762499183	0.814307134990247
MA1174.2	MYB56	Tryptophan cluster factors	MYB	cluster_11	0.501758656877987	0.5023128018359994	0.35064935064935066	0.3156843156843157	0.6541453656368083	0.5680828605356908
MA1244.2	ABR1	AP2/EREBP	ERF/DREB	cluster_24	0.5017508183793908	0.5039558722541123	0.3886113886113886	0.22977022977022976	0.6960340129354213	0.466262460943312
MA1415.2	REF6	C2H2 zinc finger factors	Jumonji	cluster_11	0.5017391078513657	0.5167872399351295	0.3946053946053946	0.08791208791208792	0.7018273102189186	0.24128389596015495
MA1824.2	Zm00001d005692	Homeo domain factors	HD-ZIP	cluster_09	0.5017008597558026	0.5234682931937471	0.3956043956043956	0.6263736263736264	0.7019677996422182	0.8611226611226611
MA1275.2	DOF1.6	Other C4 zinc finger-type factors	DOF	cluster_03	0.501681464193762	0.5339811600828178	0.36063936063936064	0.4925074925074925	0.6646565994392081	0.7561030518776997
MA2091.1	PK27109.1	Basic leucine zipper factors (bZIP)	Group I	cluster_12	0.501681428778859	0.5000361689068844	0.37462537462537465	0.7282717282717283	0.6854656135231675	0.9514920011495354
MA1773.2	MYB51	Tryptophan cluster factors	MYB	cluster_02	0.5016603805213308	0.5025530770848453	0.3776223776223776	0.31368631368631367	0.6892963495834309	0.5658218849708211
MA1268.2	CDF5	Other C4 zinc finger-type factors	DOF	cluster_08	0.5016594243189418	0.49962882527916896	0.3876123876123876	0.5164835164835165	0.6960340129354213	0.781898656898657
MA2025.2	MYB93	Tryptophan cluster factors	MYB	cluster_02	0.5016133377247814	0.5142985279533567	0.4075924075924076	0.3126873126873127	0.7100296963310662	0.5658218849708211
MA0585.2	AGL1	MADS box factors	Type II	cluster_23	0.5016051804920549	0.5063400477286027	0.4025974025974026	0.11288711288711288	0.7079173699863355	0.2871095571095571
MA1278.2	DOF3.4	Other C4 zinc finger-type factors	DOF	cluster_08	0.5015876619198891	0.4991610338534869	0.3826173826173826	0.5824175824175825	0.6950882450882451	0.8320501927978564
MA2022.2	LOB	Other C4 zinc finger-type factors	LBD	cluster_24	0.501568856606237	0.5027883258001641	0.37962037962037964	0.3126873126873127	0.6912896173039371	0.5658218849708211
MA2441.1	SPL3A	C3H(C),C2HC zinc-fingers like factors	SBP	cluster_38	0.5015607820082838	0.5004099348705339	0.37362637362637363	0.43756243756243757	0.6852810650887574	0.6999164357654923
MA1768.2	MYB30	Tryptophan cluster factors	MYB	cluster_02	0.5014970233773779	0.502264280315686	0.4015984015984016	0.34765234765234765	0.7079173699863355	0.6069994079147397
MA1335.1	TGA4	Basic leucine zipper factors (bZIP)	Group D	cluster_14	0.5014951463875035	0.5025350248435613	0.3696303696303696	0.3076923076923077	0.6795854747661976	0.5643491124260356
MA1414.2	E2FA	Fork head/winged helix factors	E2F	cluster_44	0.5013978026233	0.523034613687585	0.3856143856143856	0.4325674325674326	0.6960340129354213	0.6963058039007406
MA2363.1	TOE2	AP2/EREBP	AP2	cluster_36	0.5013544665866293	0.5030472741081183	0.4225774225774226	0.4165834165834166	0.7214945410936502	0.6791733907118522
MA1346.2	TGA10	Basic leucine zipper factors (bZIP)	Group D	cluster_14	0.5013469232122265	0.5017792709250705	0.3866133866133866	0.38461538461538464	0.6960340129354213	0.6463910538800407
MA0978.1	DREB1E	AP2/EREBP	ERF/DREB	cluster_15	0.5013372313336897	0.5072172650811726	0.4165834165834166	0.26573426573426573	0.7207554350411494	0.5133044171018855
MA0554.2	SOC1	MADS box factors	Type II	cluster_23	0.5013367237200765	0.49909724507060016	0.4255744255744256	0.5624375624375625	0.7215850815850816	0.814307134990247
MA1165.3	HHO6	Tryptophan cluster factors	GARP_G2-like	cluster_04	0.5013324149068412	0.5862123647433625	0.4035964035964036	0.5274725274725275	0.7079173699863355	0.7933797719789938
MA1085.3	WRKY40	GCM domain factors	WRKY	cluster_10	0.501288524036685	0.6574937444495077	0.44755244755244755	0.5314685314685315	0.7391895361657781	0.7933797719789938
MA2344.1	REV	Homeo domain factors	HD-ZIP	cluster_09	0.5012875796392637	0.5022424484822711	0.4095904095904096	0.3546453546453546	0.7118849260079329	0.616388167641015
MA1343.2	BZIP52	Basic leucine zipper factors (bZIP)	Group I	cluster_12	0.5012681250523846	0.5057548777917928	0.4035964035964036	0.5374625374625375	0.7079173699863355	0.7962794487066333
MA0972.1	CCA1	Tryptophan cluster factors	Myb-related	cluster_13	0.5012358620754785	0.5273255775486404	0.4225774225774226	0.5954045954045954	0.7214945410936502	0.8412846412846413
MA0054.1	myb.Ph3	Tryptophan cluster factors	Myb	cluster_11	0.5012272326440416	0.5043179005722783	0.42857142857142855	0.45554445554445555	0.7218543046357615	0.7166606589287001
MA1034.1	Os05g0497200	AP2/EREBP	ERF/DREB	cluster_24	0.5012219676284174	0.5098042145825806	0.43156843156843155	0.1888111888111888	0.72211998527788	0.4081103032944392
MA1273.2	DOF4.2	Other C4 zinc finger-type factors	DOF	cluster_03	0.5012158054352429	0.5065845178900836	0.43356643356643354	0.14885114885114886	0.7222951720768314	0.34945669714900485
MA1001.4	ERF076	AP2/EREBP	ERF/DREB	cluster_24	0.5012100210010387	0.5064839936146784	0.4075924075924076	0.12387612387612387	0.7100296963310662	0.30888066182183826
MA1754.2	ERF073	AP2/EREBP	ERF/DREB	cluster_24	0.5011941669293264	0.5049082475052984	0.4245754245754246	0.1968031968031968	0.7214945410936502	0.4206185970891853
MA1737.2	AT5G05090	Tryptophan cluster factors	GARP_G2-like	cluster_13	0.5011849590544696	0.5191813074486045	0.4205794205794206	0.6193806193806194	0.7214945410936502	0.8587235549260867
MA2426.1	SPL11B	C3H(C),C2HC zinc-fingers like factors	SBP	cluster_38	0.5011603929165461	0.49792302528016424	0.4225774225774226	0.6703296703296703	0.7214945410936502	0.8994938627805762
MA1807.2	ZHD10	Homeo domain factors	PLINC	cluster_09	0.501118591525686	0.5769526439790954	0.46353646353646355	0.31368631368631367	0.7509093878520631	0.5658218849708211
MA1242.1	DREB2F	AP2/EREBP	ERF/DREB	cluster_24	0.5010532982489704	0.4995022667063455	0.4155844155844156	0.5344655344655345	0.7206611570247935	0.7933797719789938
MA0973.2	CDF2	Other C4 zinc finger-type factors	DOF	cluster_03	0.5010330881441529	0.5965896770316269	0.4245754245754246	0.27172827172827174	0.7214945410936502	0.5183216783216783
MA0945.2	ARR1	Tryptophan cluster factors	GARP_ARR-B	cluster_13	0.5010321555516993	0.6723556543222823	0.4175824175824176	0.43656343656343655	0.7208492864601462	0.6999164357654923
MA2051.2	NAC68	GCM domain factors	NAC	cluster_07	0.5010134210678538	0.5153000513105795	0.46653346653346656	0.17682317682317683	0.7541632096716843	0.387689896310586
MA0951.1	ATHB-16	Homeo domain factors	HD-ZIP	cluster_09	0.5009907319198065	0.5693132042052038	0.42957042957042957	0.8651348651348651	0.7219432549829026	1.0
MA1682.2	TCX3	CPP	NA	cluster_06	0.5009721272906071	0.5035819943584852	0.4485514485514486	0.27672327672327673	0.7391895361657781	0.5213329879996547
MA1167.2	EFM	Tryptophan cluster factors	GARP_G2-like	cluster_04	0.5009690343890516	0.5046663827716067	0.43156843156843155	0.37662337662337664	0.72211998527788	0.6414366883116883
MA2419.1	UB3	C3H(C),C2HC zinc-fingers like factors	SBP	cluster_26	0.5008633917325092	0.4982262822678225	0.45554445554445555	0.6743256743256744	0.7442835537053952	0.8994938627805762
MA2065.1	PK08602.1	AP2/EREBP	NA	cluster_15	0.5008337140435439	0.5087259465980551	0.43356643356643354	0.32367632367632365	0.7222951720768314	0.5770211097313901
MA1209.2	ATHB-20	Homeo domain factors	HD-ZIP	cluster_09	0.5008173877731226	0.5493500803472334	0.45754245754245754	0.25574425574425574	0.7443601174944459	0.49906104126052975
MA1382.2	FAR1	GCM domain factors	FRS/FRF	cluster_07	0.5007998219810862	0.5030519047860785	0.44555444555444557	0.3206793206793207	0.7390392216479174	0.5730171467876386
MA2369.1	ZHD14	Homeo domain factors	PLINC	cluster_04	0.5007774987870397	0.5027178761698655	0.42657342657342656	0.3016983016983017	0.7216752205665732	0.5573748285612692
MA1182.2	RVE8	Tryptophan cluster factors	MYB-related	cluster_13	0.5007729774843852	0.5174005450271231	0.42357642357642356	0.16783216783216784	0.7214945410936502	0.3755632122979062
MA1759.2	HSFA4A	Heat shock factors	HSF	cluster_04	0.5007299483768772	0.5010285763536546	0.46853146853146854	0.44255744255744256	0.7541972795137353	0.7064253737893905
MA2374.1	AHL13	A.T hook factors	AHL	cluster_09	0.5007295352030044	0.5813575760735393	0.45554445554445555	0.15284715284715283	0.7442835537053952	0.3555560293365171
MA1281.2	DOF5.1	Other C4 zinc finger-type factors	DOF	cluster_08	0.5007284137310674	0.4997755655652437	0.4485514485514486	0.5444555444555444	0.7391895361657781	0.8035194979102136
MA1353.2	AT1G72740	Tryptophan cluster factors	MYB-related	cluster_02	0.5006741226843089	0.4981261748311964	0.4275724275724276	0.8471528471528471	0.7217649607030138	0.9964121899605771
MA1813.2	EIL4	EIL	NA	cluster_46	0.5006683028351991	0.5119285937182119	0.45854145854145856	0.22577422577422576	0.744398155036453	0.4606035675554392
MA2439.1	SPL2A	C3H(C),C2HC zinc-fingers like factors	SBP	cluster_38	0.5006093488261736	0.4995925306437981	0.45054945054945056	0.5314685314685315	0.7408819628647215	0.7933797719789938
MA1262.2	ERF2	AP2/EREBP	ERF/DREB	cluster_24	0.5005456728300381	0.5044524365835867	0.4385614385614386	0.1928071928071928	0.7290247878483173	0.41439968482222
MA1280.2	DOF5.4	Other C4 zinc finger-type factors	DOF	cluster_03	0.5005364767601502	0.6504011115866828	0.45454545454545453	0.43756243756243757	0.7442835537053952	0.6999164357654923
MA0574.1	MYB15	Tryptophan cluster factors	Myb	cluster_02	0.5005180846203701	0.5000026793755227	0.4565434565434565	0.4905094905094905	0.7443219173988405	0.7545539138281073
MA1051.1	RAP2-3	AP2/EREBP	ERF/DREB	cluster_24	0.5004710064089162	0.5076023095501572	0.5134865134865135	0.15184815184815184	0.799571856714714	0.3553992020249689
MA1664.3	HSFA6B	Heat shock factors	HSF	cluster_39	0.5004407030566604	0.5087409614125397	0.4745254745254745	0.9000999000999002	0.7606364224011283	1.0
MA1218.2	DREB1D	AP2/EREBP	ERF/DREB	cluster_15	0.5004159362342862	0.5035397121374768	0.4695304695304695	0.3886113886113886	0.7542142068457858	0.650242301558091
MA0975.1	CRF2	AP2/EREBP	ERF/DREB	cluster_24	0.5003803206465343	0.510315310606049	0.48451548451548454	0.13486513486513488	0.7717459255920794	0.32563955032309466
MA2360.1	PK28565.1	Tryptophan cluster factors	MYB	cluster_11	0.500343595391813	0.5055905649614465	0.4675324675324675	0.4085914085914086	0.7541802806073419	0.6704413865704189
MA1326.2	ZHD5	Homeo domain factors	PLINC	cluster_09	0.5003166800653049	0.5235443857536771	0.4865134865134865	0.3016983016983017	0.7717459255920794	0.5573748285612692
MA1240.2	ERF077	AP2/EREBP	ERF/DREB	cluster_24	0.5003001058905612	0.5044397193484789	0.4915084915084915	0.2177822177822178	0.7780518236949772	0.4491022491022491
MA1228.2	ERF091	AP2/EREBP	ERF/DREB	cluster_24	0.5002918424131242	0.5046153074159125	0.5014985014985015	0.2037962037962038	0.7872804813256558	0.4295483522002859
MA2078.1	PK19363.1	AP2/EREBP	ERF/DREB	cluster_24	0.5002782548952253	0.5087202545093281	0.5004995004995005	0.1008991008991009	0.7872804813256558	0.2662611361241498
MA2434.1	SPL16A	C3H(C),C2HC zinc-fingers like factors	SBP	cluster_38	0.500264124348808	0.49583597062568346	0.4775224775224775	0.7702297702297702	0.7638324019077157	0.9694358359926729
MA2446.1	SPL5A	C3H(C),C2HC zinc-fingers like factors	SBP	cluster_38	0.5001253687576813	0.5010464305640159	0.4855144855144855	0.4205794205794206	0.7717459255920794	0.6798773260637668
MA1671.2	ERF118	AP2/EREBP	ERF/DREB	cluster_24	0.5000896705351549	0.5065598681179426	0.4995004995004995	0.21678321678321677	0.7872804813256558	0.4491022491022491
MA0976.3	CRF4	AP2/EREBP	ERF/DREB	cluster_24	0.5000480226088753	0.5049302299255802	0.5024975024975025	0.2097902097902098	0.7872804813256558	0.44031173186486533
MA1329.3	ZHD1	Homeo domain factors	PLINC	cluster_09	0.49992074144641563	0.5114561959461181	0.4975024975024975	0.40559440559440557	0.7859097424314815	0.6698453062089426
MA1205.1	AGL6	MADS box factors	MIKC	cluster_23	0.4999176367398924	0.5046216319374252	0.4785214785214785	0.2017982017982018	0.7638324019077157	0.42651531294190576
MA2451.1	SPL7B	C3H(C),C2HC zinc-fingers like factors	SBP	cluster_38	0.49977654376514774	0.4965384246607499	0.5084915084915085	0.7622377622377622	0.7934131308364437	0.965417033297828
MA2417.1	EREB71	AP2/EREBP	ERF/DREB	cluster_15	0.49976357010557226	0.5059144099840284	0.5244755244755245	0.12087912087912088	0.8117136413282459	0.3023959646910467
MA1264.2	ERF095	AP2/EREBP	ERF/DREB	cluster_24	0.4997038723835752	0.5035697939759342	0.5184815184815185	0.23676323676323677	0.804067883336176	0.47290667447735507
MA1018.2	GATA9	Other C4 zinc finger-type factors	C4-GATA-related	cluster_13	0.49961279705725764	0.5886188967136383	0.5164835164835165	0.5344655344655345	0.8026006579978067	0.7933797719789938
MA1831.2	Zm00001d031796	AP2/EREBP	ERF/DREB	cluster_24	0.4996127734473211	0.5052371283506621	0.5054945054945055	0.16883116883116883	0.7903530895334174	0.3755632122979062
MA1026.3	ATHB-15	Homeo domain factors	HD-ZIP	cluster_09	0.49953497870973973	0.5020850026040881	0.5404595404595405	0.3436563436563437	0.8243684744678781	0.602781126919058
MA1394.3	MYB73	Tryptophan cluster factors	MYB	cluster_11	0.49949963463624786	0.5035709920425496	0.5354645354645354	0.5734265734265734	0.8219310809672256	0.825517878348067
MA1378.1	AIL6	AP2/EREBP	AP2	cluster_31	0.499471904766963	0.49670807827069297	0.5434565434565435	0.7432567432567433	0.8243684744678781	0.9563320322173612
MA0584.2	SEP1	MADS box factors	Type II	cluster_23	0.49946439680746446	0.5013635793224573	0.5364635364635365	0.38161838161838163	0.8219310809672256	0.6463910538800407
MA1794.2	NLP7	RWP-RK	NA	cluster_10	0.4994591199868732	0.5192304892710531	0.5274725274725275	0.7342657342657343	0.814699470569916	0.9527972027972028
MA2024.2	MYB63	Tryptophan cluster factors	MYB	cluster_02	0.49938564586749284	0.49788901593944623	0.5414585414585414	0.6673326673326674	0.8243684744678781	0.8980155646822314
MA1263.2	ERF055	AP2/EREBP	ERF/DREB	cluster_15	0.4993649635639676	0.5012040081254027	0.5644355644355644	0.4905094905094905	0.8477644402841253	0.7545539138281073
MA2415.1	EREB138	AP2/EREBP	ERF/DREB	cluster_24	0.4993376114536516	0.5055182639272884	0.5304695304695305	0.14285714285714285	0.8160247011053463	0.3385093167701863
MA1231.3	ERF15	AP2/EREBP	ERF/DREB	cluster_24	0.49931180579411333	0.5078903871638772	0.5404595404595405	0.15284715284715283	0.8243684744678781	0.3555560293365171
MA1028.1	KAN4	Tryptophan cluster factors	GARP_G2-like	cluster_04	0.49930670604803923	0.5101531966333276	0.5494505494505495	0.47652347652347654	0.8301599390708302	0.7435325410785534
MA2430.1	SPL14B	C3H(C),C2HC zinc-fingers like factors	SBP	cluster_38	0.4993027513838365	0.5012462564499236	0.5454545454545454	0.4095904095904096	0.8257575757575757	0.6706383745010355
MA1796.1	RAP2-7	AP2/EREBP	AP2	cluster_36	0.4992836745559264	0.5022469541874989	0.5954045954045954	0.4945054945054945	0.8736417428725121	0.757645968489342
MA0992.3	ERF4	AP2/EREBP	ERF/DREB	cluster_24	0.49925986393594113	0.5029590789936467	0.5684315684315684	0.3756243756243756	0.8484166905219537	0.6411664398241579
MA2444.1	SPL4A	C3H(C),C2HC zinc-fingers like factors	SBP	cluster_38	0.4992235990749619	0.49947340473885243	0.5684315684315684	0.5754245754245755	0.8484166905219537	0.8268341827663862
MA1269.2	DOF4.5	Other C4 zinc finger-type factors	DOF	cluster_03	0.4991930242084493	0.5036155555105309	0.5584415584415584	0.24875124875124874	0.840415994262148	0.49043204857158346
MA1697.2	ARF4	B3	ARF	cluster_17	0.49910669447917105	0.5034369866997329	0.5424575424575424	0.5584415584415584	0.8243684744678781	0.814307134990247
MA0971.2	DREB1A	AP2/EREBP	ERF/DREB	cluster_15	0.49903911103870746	0.5033547509772697	0.5824175824175825	0.40559440559440557	0.8562323995850009	0.6698453062089426
MA1234.2	ERF017	AP2/EREBP	ERF/DREB	cluster_15	0.49900880768645095	0.5074166140498604	0.5774225774225774	0.15484515484515485	0.8538244701035398	0.3580207671116762
MA1232.2	ERF054	AP2/EREBP	ERF/DREB	cluster_15	0.498990273887057	0.5041039710859403	0.5704295704295704	0.4485514485514486	0.8484166905219537	0.7115275576814039
MA1190.2	RVE5	Tryptophan cluster factors	MYB-related	cluster_13	0.49895497703343467	0.5151609013597463	0.5294705294705294	0.3036963036963037	0.8160247011053463	0.5597108205803858
MA0567.1	ERF1B	AP2/EREBP	ERF/DREB	cluster_24	0.49895484717878963	0.50858979245375	0.5794205794205795	0.10589410589410589	0.8551216675007778	0.27296352296352294
MA2428.1	SPL13B	C3H(C),C2HC zinc-fingers like factors	SBP	cluster_38	0.4989157491255473	0.4988891379587254	0.5694305694305695	0.5834165834165834	0.8484166905219537	0.8320501927978564
MA1183.2	RVE6	Tryptophan cluster factors	MYB-related	cluster_13	0.49891257358921764	0.5187038400165999	0.5564435564435565	0.16083916083916083	0.8390640979573786	0.3663291931948648
MA2445.1	SPL4D	C3H(C),C2HC zinc-fingers like factors	SBP	cluster_38	0.4988940279848567	0.49669647471593614	0.5744255744255744	0.7342657342657343	0.8526978857718157	0.9527972027972028
MA1204.1	AGL13	MADS box factors	MIKC	cluster_23	0.49884618245049883	0.5051107054004975	0.5814185814185814	0.16883116883116883	0.8562323995850009	0.3755632122979062
MA1404.1	BPC1	BBR/BPC	NA	cluster_21	0.4988175790136002	0.4940427875724114	0.5694305694305695	0.8941058941058941	0.8484166905219537	1.0
MA1225.1	ERF5	AP2/EREBP	ERF/DREB	cluster_24	0.4987884089382486	0.49915916262667215	0.5764235764235764	0.5894105894105894	0.8538244701035398	0.8387448982244521
MA1000.3	ERF105	AP2/EREBP	ERF/DREB	cluster_24	0.4987775837828075	0.5053230191784273	0.6013986013986014	0.16683316683316685	0.8754845154845156	0.3754976586834994
MA1027.2	KAN1	Tryptophan cluster factors	GARP_G2-like	cluster_04	0.4987176499614568	0.6893808253538376	0.6023976023976024	0.6053946053946054	0.8754845154845156	0.8444535354955831
MA1178.3	MYB3R1	Tryptophan cluster factors	MYB	cluster_11	0.49866050211249896	0.49864738271138626	0.6063936063936064	0.7792207792207793	0.877947479465506	0.9715760814306856
MA1250.2	DREB2D	AP2/EREBP	ERF/DREB	cluster_24	0.4986585424878494	0.4966132772049386	0.6063936063936064	0.7642357642357642	0.877947479465506	0.965417033297828
MA1069.3	TGA6	Basic leucine zipper factors (bZIP)	Group D	cluster_14	0.4985310606409392	0.49808595167708997	0.5974025974025974	0.7102897102897103	0.8748909439888326	0.9360121743541434
MA1015.2	GATA12	Other C4 zinc finger-type factors	C4-GATA-related	cluster_13	0.49845727959239805	0.588229774895713	0.6023976023976024	0.5564435564435565	0.8754845154845156	0.814307134990247
MA1044.2	NAC92	GCM domain factors	NAC	cluster_20	0.498364610595431	0.501729796037074	0.6253746253746254	0.5914085914085914	0.898607983353746	0.8387448982244521
MA2455.1	SPL9D	C3H(C),C2HC zinc-fingers like factors	SBP	cluster_38	0.498232914375027	0.49818312581541485	0.6253746253746254	0.6383616383616384	0.898607983353746	0.8709347693304912
MA1666.3	HSFB2B	Heat shock factors	HSF	cluster_04	0.4981670780697936	0.4984497509364232	0.6373626373626373	0.6403596403596403	0.91041108424286	0.8709347693304912
MA1009.1	ARF3	B3	ARF	cluster_15	0.4981343428941766	0.5001005798121121	0.6303696303696303	0.7812187812187812	0.9023865440375759	0.9715760814306856
MA1221.1	RAP2-6	AP2/EREBP	ERF/DREB	cluster_24	0.49811479386755475	0.5013150186919345	0.6193806193806194	0.38461538461538464	0.8950519177791905	0.6463910538800407
MA1257.2	ERF9	AP2/EREBP	ERF/DREB	cluster_37	0.4980527823718784	0.4979631251878906	0.6003996003996004	0.6363636363636364	0.8754845154845156	0.8701531443466927
MA1669.2	DREB1B	AP2/EREBP	ERF/DREB	cluster_15	0.4979817518808265	0.5033620359849567	0.6383616383616384	0.4075924075924076	0.91041108424286	0.6704413865704189
MA1220.2	TINY	AP2/EREBP	ERF/DREB	cluster_15	0.4979584842893587	0.5034084435236988	0.6523476523476524	0.3106893106893107	0.9251696259131204	0.5658218849708211
MA1805.2	WRKY53	GCM domain factors	WRKY	cluster_10	0.49790864371544835	0.5204102257282789	0.6443556443556444	0.6263736263736264	0.9172450683644714	0.8611226611226611
MA1260.2	ERF013	AP2/EREBP	ERF/DREB	cluster_15	0.4978583073328919	0.5019848221213925	0.6303696303696303	0.3966033966033966	0.9023865440375759	0.662162782512892
MA2020.2	HSFB4	Heat shock factors	HSF	cluster_04	0.49780182056212874	0.49984104939121987	0.6253746253746254	0.5344655344655345	0.898607983353746	0.7933797719789938
MA2411.1	ZmbZIP57	Basic leucine zipper factors (bZIP)	S	cluster_14	0.4977330330149532	0.49881269893815927	0.6473526473526473	0.6743256743256744	0.9197952885103722	0.8994938627805762
MA1187.2	RVE4	Tryptophan cluster factors	MYB-related	cluster_13	0.49764500337031853	0.5177565604828658	0.6693306693306693	0.21178821178821178	0.9439913136770808	0.44031173186486533
MA1181.2	MYB113	Tryptophan cluster factors	MYB	cluster_11	0.4975944072784707	0.4987498482660145	0.6553446553446554	0.5984015984015985	0.9276956809424342	0.8422516709809528
MA1272.3	DOF2.2	Other C4 zinc finger-type factors	DOF	cluster_03	0.49747752629261444	0.738349370833832	0.8921078921078921	0.8921078921078921	1.0	1.0
MA0970.2	CAMTA3	GCM domain factors	CAMTA	cluster_07	0.49745490797437386	0.5160578369927804	0.6893106893106893	0.7512487512487512	0.9597519269052116	0.9601386887819049
MA2450.1	SPL7A	C3H(C),C2HC zinc-fingers like factors	SBP	cluster_38	0.4973981851042554	0.4947436953169816	0.6573426573426573	0.8631368631368631	0.9288008288008287	1.0
MA1384.1	PHL7	Tryptophan cluster factors	GARP_G2-like	cluster_04	0.4973376728394851	0.49610720851480083	0.6963036963036963	0.7862137862137862	0.9631163060765948	0.9715760814306856
MA2438.1	SPL1D	C3H(C),C2HC zinc-fingers like factors	SBP	cluster_38	0.4973161405782765	0.49903872119568304	0.6863136863136863	0.5824175824175825	0.9573260377647945	0.8320501927978564
MA1328.1	ZHD9	Homeo domain factors	PLINC	cluster_06	0.49730830207968163	0.49812143408227816	0.6713286713286714	0.6473526473526473	0.9450623177560447	0.8757625353370034
MA1233.3	ERF021	AP2/EREBP	ERF/DREB	cluster_15	0.49728576639621525	0.503694562345807	0.6983016983016983	0.4195804195804196	0.9631163060765948	0.6797024631419536
MA1014.1	GATA11	Other C4 zinc finger-type factors	C4-GATA-related	cluster_13	0.4972839484311788	0.5051657511892702	0.6823176823176823	0.7822177822177823	0.9548912625835702	0.9715760814306856
MA1089.2	WRKY57	GCM domain factors	WRKY	cluster_10	0.49719535214809096	0.6562316688079166	0.6803196803196803	0.5914085914085914	0.9541983751542574	0.8387448982244521
MA1427.3	NAC028	GCM domain factors	NAC	cluster_25	0.4971747878942417	0.5665857255756714	0.7012987012987013	0.8231768231768232	0.9641277641277641	0.9861451048951049
MA1676.3	NAC062	GCM domain factors	NAC	cluster_25	0.4971612003763424	0.5837307315295661	0.6973026973026973	0.7822177822177823	0.9631163060765948	0.9715760814306856
MA0123.1	abi4	AP2/EREBP	ERF/DREB	cluster_24	0.4970521224741795	0.4945036154187024	0.6993006993006993	0.8871128871128872	0.9631163060765948	1.0
MA1401.2	RVE7	Tryptophan cluster factors	MYB-related	cluster_13	0.4970098488846078	0.5289099595043677	0.7112887112887113	0.22777222777222778	0.9743506045121844	0.4634405594405595
MA1276.2	DOF3.5	Other C4 zinc finger-type factors	DOF	cluster_03	0.49700189233633285	0.5882391786737049	0.6803196803196803	0.8921078921078921	0.9541983751542574	1.0
MA1252.2	ERF086	AP2/EREBP	ERF/DREB	cluster_24	0.4969453111258278	0.5028954553599251	0.6913086913086913	0.2997002997002997	0.9607805673379444	0.5573748285612692
MA2380.1	DOF4.7	Other C4 zinc finger-type factors	DOF	cluster_03	0.49688942640842126	0.5265653233756795	0.6833166833166833	0.34465534465534464	0.9548912625835702	0.6031468531468531
MA1032.2	DREB1G	AP2/EREBP	ERF/DREB	cluster_15	0.4968550739522207	0.502875080712641	0.7082917082917083	0.4305694305694306	0.9719902399758514	0.6945549165422316
MA1694.2	ARF35	B3	ARF	cluster_17	0.4968115018161946	0.5004560191638648	0.7272727272727273	0.5264735264735265	0.9869828217963209	0.7933797719789938
MA1246.2	LEP	AP2/EREBP	ERF/DREB	cluster_24	0.49678327613826445	0.5006953687812058	0.6973026973026973	0.4755244755244755	0.9631163060765948	0.7435325410785534
MA1239.2	ERF104	AP2/EREBP	ERF/DREB	cluster_24	0.49670733478062223	0.5007816910043028	0.7232767232767233	0.4515484515484515	0.9837079141891977	0.7133156698374089
MA1742.2	BZIP18	Basic leucine zipper factors (bZIP)	Group I	cluster_12	0.4967048203224876	0.49469143696320217	0.7232767232767233	0.8711288711288712	0.9837079141891977	1.0
MA1821.2	Zm00001d020595	AP2/EREBP	ERF/DREB	cluster_24	0.4966813284366326	0.5033605861262771	0.7182817182817183	0.28771228771228774	0.9817731463527527	0.5393721757358121
MA1004.2	ERF13	AP2/EREBP	ERF/DREB	cluster_24	0.49658576722256315	0.5086299408044815	0.7332667332667333	0.3116883116883117	0.9884850132199956	0.5658218849708211
MA1817.2	Zm00001d020267	AP2/EREBP	ERF/DREB	cluster_24	0.49652807634508755	0.5003904405745739	0.7302697302697303	0.5734265734265734	0.9879358230422062	0.825517878348067
MA2008.2	MYB99	Tryptophan cluster factors	MYB	cluster_02	0.4964720381631	0.5027963339803014	0.7402597402597403	0.5814185814185814	0.9943982074263764	0.8320501927978564
MA0082.2	squamosa	MADS box factors	Type II	cluster_23	0.49641065233071374	0.49728103105558363	0.7332667332667333	0.7172827172827173	0.9884850132199956	0.943597781528816
MA1266.2	RAP2-11	AP2/EREBP	ERF/DREB	cluster_24	0.49639773769597795	0.5022993596080672	0.7452547452547452	0.33766233766233766	0.9993486302800889	0.5963804713804713
MA1053.1	ERF109	AP2/EREBP	ERF/DREB	cluster_24	0.4962150204048875	0.5022125208340995	0.7282717282717283	0.4125874125874126	0.9869828217963209	0.674098920351597
MA2443.1	SPL3D	C3H(C),C2HC zinc-fingers like factors	SBP	cluster_38	0.4961940783920694	0.4984595314138117	0.7692307692307693	0.6393606393606394	1.0	0.8709347693304912
MA1327.3	ATHB-23	Homeo domain factors	HD-ZIP	cluster_09	0.4961727704252503	0.6376072073914495	0.7812187812187812	0.7622377622377622	1.0	0.965417033297828
MA1177.2	MYB65	Tryptophan cluster factors	MYB	cluster_11	0.4961614140462591	0.5077358581866619	0.7532467532467533	0.3986013986013986	1.0	0.6625988390694273
MA1689.2	ARF18	B3	ARF	cluster_17	0.4961562316654096	0.5044551127705204	0.7192807192807192	0.5994005994005994	0.9817731463527527	0.8422516709809528
MA0998.2	ERF096	AP2/EREBP	ERF/DREB	cluster_24	0.49614231360841266	0.5179657351247438	0.7402597402597403	0.36163836163836166	0.9943982074263764	0.6256917685489115
MA1376.2	DEAR3	AP2/EREBP	ERF/DREB	cluster_24	0.49606183914314816	0.5130569522866976	0.7632367632367633	0.38461538461538464	1.0	0.6463910538800407
MA1767.2	MYB23	Tryptophan cluster factors	MYB	cluster_45	0.49603698968599963	0.7083749948685844	0.8411588411588412	0.8501498501498501	1.0	0.9964121899605771
MA2432.1	SPL15B	C3H(C),C2HC zinc-fingers like factors	SBP	cluster_52	0.49603547865012554	0.596700412529895	0.7662337662337663	0.8681318681318682	1.0	1.0
MA1293.2	MYB57	Tryptophan cluster factors	MYB	cluster_02	0.49598250975975666	0.5010077496746144	0.7642357642357642	0.5104895104895105	1.0	0.7743608280387605
MA2063.1	PK07402.1	AP2/EREBP	NA	cluster_15	0.4959090474453459	0.5277856445772681	0.7872127872127872	0.6743256743256744	1.0	0.8994938627805762
MA2029.2	MYB88	Tryptophan cluster factors	MYB	cluster_49	0.49582599949710837	0.5046373492363687	0.7642357642357642	0.23276723276723277	1.0	0.4686052733546137
MA1667.3	HSFC1	Heat shock factors	HSF	cluster_39	0.49574325847803274	0.5055167473226503	0.7542457542457542	0.951048951048951	1.0	1.0
MA1748.2	DREB1F	AP2/EREBP	ERF/DREB	cluster_15	0.49571846804572295	0.5158724908533264	0.7742257742257742	0.4855144855144855	1.0	0.751414913686719
MA1366.2	DF1	Tryptophan cluster factors	Trihelix	cluster_10	0.49570260216904477	0.5313153927233575	0.7712287712287712	0.6053946053946054	1.0	0.8444535354955831
MA1299.2	WRKY17	GCM domain factors	WRKY	cluster_10	0.4956665497974857	0.49548789531254145	0.7732267732267732	0.8581418581418582	1.0	0.9996370042171568
MA2041.2	MYB13	Tryptophan cluster factors	MYB	cluster_02	0.4956488895657065	0.49748097771761735	0.7632367632367633	0.7712287712287712	1.0	0.9694358359926729
MA1169.1	MYB105	Tryptophan cluster factors	Myb	cluster_11	0.495606722220845	0.4927985375111877	0.7742257742257742	0.9300699300699301	1.0	1.0
MA1243.2	DREB2E	AP2/EREBP	ERF/DREB	cluster_15	0.4955911868832645	0.497615183941003	0.7532467532467533	0.7232767232767233	1.0	0.9465868608235676
MA0555.2	SVP	MADS box factors	Type II	cluster_23	0.495554508848414	0.4992164266623331	0.7762237762237763	0.5484515484515484	1.0	0.8078543078543078
MA1383.2	KAN2	Tryptophan cluster factors	GARP_G2-like	cluster_04	0.495542019192517	0.4927654079054409	0.7732267732267732	0.987012987012987	1.0	1.0
MA0121.2	ARR10	Tryptophan cluster factors	GARP_ARR-B	cluster_13	0.49548670111356274	0.5142844726455484	0.8041958041958042	0.9100899100899101	1.0	1.0
MA1403.1	BPC5	BBR/BPC	NA	cluster_21	0.4954295532646053	0.49178469049345563	0.7912087912087912	0.954045954045954	1.0	1.0
MA1197.2	CAMTA1	GCM domain factors	CAMTA	cluster_07	0.49542281262801025	0.49509156310003427	0.7532467532467533	0.8581418581418582	1.0	0.9996370042171568
MA1306.2	WRKY11	GCM domain factors	WRKY	cluster_10	0.4954016227108704	0.49857885101958765	0.7642357642357642	0.6453546453546454	1.0	0.8757625353370034
MA2367.1	WIP5	C2H2 zinc finger factors	C2H2	cluster_05	0.4953814244110209	0.5002717811115042	0.7822177822177823	0.47652347652347654	1.0	0.7435325410785534
MA1163.3	PHL11	Tryptophan cluster factors	GARP_G2-like	cluster_04	0.4951774581779513	0.5004271118278962	0.7952047952047953	0.5394605394605395	1.0	0.7976906814116117
MA1818.1	Zm00001d052229	AP2/EREBP	ERF/DREB	cluster_24	0.49517507357446144	0.5014894763653613	0.7972027972027972	0.4175824175824176	1.0	0.6793505002460227
MA2398.1	AS2	Other C4 zinc finger-type factors	LBD	cluster_37	0.4950426926659282	0.5030803395962944	0.7952047952047953	0.2757242757242757	1.0	0.5207366890535207
MA1795.2	RAP2-4	AP2/EREBP	ERF/DREB	cluster_15	0.4950417246585705	0.4968840971694805	0.8151848151848152	0.8151848151848152	1.0	0.9861451048951049
MA0005.3	AG	MADS box factors	Type II	cluster_23	0.4950236040330501	0.4975705741157671	0.8051948051948052	0.6813186813186813	1.0	0.9072358705866559
MA2027.2	MYB44	Tryptophan cluster factors	MYB	cluster_11	0.49500128083900236	0.49859765451623483	0.8071928071928072	0.7882117882117882	1.0	0.9715760814306856
MA2386.1	estExt_gwp_gw1.C_550163	AP2/EREBP	ERF/DREB	cluster_15	0.4948996636764682	0.5093781711370717	0.7642357642357642	0.7882117882117882	1.0	0.9715760814306856
MA2343.1	MYB3R3	Tryptophan cluster factors	MYB	cluster_11	0.4948330954632328	0.49768038203544546	0.8061938061938062	0.8501498501498501	1.0	0.9964121899605771
MA0590.1	LFY	LEAFY	NA	cluster_42	0.49481684002261783	0.49841230373352696	0.8061938061938062	0.6173826173826173	1.0	0.8580381367266612
MA1227.3	ERF027	AP2/EREBP	ERF/DREB	cluster_15	0.4947643669408961	0.5109027729040426	0.8181818181818182	0.6933066933066933	1.0	0.9199878382487077
MA1229.2	ERF034	AP2/EREBP	ERF/DREB	cluster_15	0.49473360319489684	0.50125833672737	0.8031968031968032	0.5304695304695305	1.0	0.7933797719789938
MA1311.3	WRKY28	GCM domain factors	WRKY	cluster_10	0.4946988729797274	0.5210810382525737	0.8141858141858141	0.8211788211788211	1.0	0.9861451048951049
MA1833.2	Zm00001d049364	AP2/EREBP	ERF/DREB	cluster_24	0.4946629740727494	0.4985772730217878	0.8101898101898102	0.5944055944055944	1.0	0.8412846412846413
MA1162.1	TCX2	CPP	NA	cluster_06	0.49461662776930093	0.49025573702428965	0.8131868131868132	0.9760239760239761	1.0	1.0
MA1753.2	ERF057	AP2/EREBP	ERF/DREB	cluster_24	0.49455917299117835	0.4947010123560105	0.8551448551448552	0.8791208791208791	1.0	1.0
MA1258.2	DREB2A	AP2/EREBP	ERF/DREB	cluster_15	0.49452486775484855	0.5005619505931395	0.8201798201798202	0.5614385614385614	1.0	0.814307134990247
MA1296.2	WRKY46	GCM domain factors	WRKY	cluster_10	0.49449327766110546	0.4952184705262104	0.8231768231768232	0.8691308691308691	1.0	1.0
MA2023.2	PHL4	Tryptophan cluster factors	GARP_G2-like	cluster_04	0.49441459755094114	0.4987027468902014	0.8421578421578422	0.7212787212787213	1.0	0.9455939249753683
MA1166.2	PHL12	Tryptophan cluster factors	GARP_G2-like	cluster_04	0.4943329425888994	0.4953816057782285	0.8371628371628371	0.8261738261738262	1.0	0.9861451048951049
MA1077.2	WRKY18	GCM domain factors	WRKY	cluster_10	0.4943073966386534	0.6119139205871595	0.8561438561438561	0.7542457542457542	1.0	0.9623570409523586
MA1832.2	Zm00001d002364	AP2/EREBP	ERF/DREB	cluster_24	0.4942308886425593	0.5018656070059297	0.8411588411588412	0.41858141858141856	1.0	0.6795268561226008
MA1092.2	WRKY63	GCM domain factors	WRKY	cluster_10	0.49410554349481345	0.5626966294803315	0.8471528471528471	0.7202797202797203	1.0	0.9455939249753683
MA1746.1	BZIP69	Basic leucine zipper factors (bZIP)	Group I	cluster_12	0.49406015339375187	0.48835820332400637	0.8511488511488512	0.99000999000999	1.0	1.0
MA2418.1	IG1	Other C4 zinc finger-type factors	LBD	cluster_24	0.4939589966249591	0.5031275548230126	0.8461538461538461	0.2987012987012987	1.0	0.5572349410980217
MA1368.3	GT-4	Tryptophan cluster factors	Trihelix	cluster_02	0.4939564939717937	0.4896643300379601	0.8491508491508492	0.984015984015984	1.0	1.0
MA2368.1	WRKY51	GCM domain factors	WRKY	cluster_10	0.49390451669871716	0.6117647589980792	0.8601398601398601	0.7612387612387612	1.0	0.965417033297828
MA1230.2	ERF037	AP2/EREBP	ERF/DREB	cluster_15	0.49389609975669885	0.5013290927851346	0.8511488511488512	0.5204795204795205	1.0	0.7863878695561864
MA1424.2	ERF019	AP2/EREBP	ERF/DREB	cluster_15	0.49377136846727876	0.4994927104952754	0.8491508491508492	0.6573426573426573	1.0	0.8877034469954823
MA1303.2	WRKY22	GCM domain factors	WRKY	cluster_10	0.49375828856299214	0.49754792196458847	0.8601398601398601	0.7472527472527473	1.0	0.9598549598549599
MA2442.1	SPL3B	C3H(C),C2HC zinc-fingers like factors	SBP	cluster_38	0.4937299448353846	0.49515282321581244	0.8531468531468531	0.8301698301698301	1.0	0.9866348604666361
MA1079.3	WRKY21	GCM domain factors	WRKY	cluster_10	0.4937144567176758	0.49745535671059027	0.8651348651348651	0.7362637362637363	1.0	0.9537677941752645
MA2042.2	MYB58	Tryptophan cluster factors	MYB	cluster_02	0.4936261201438792	0.49449014093507615	0.8771228771228772	0.9370629370629371	1.0	1.0
MA1248.2	ERF012	AP2/EREBP	ERF/DREB	cluster_15	0.49362177591574086	0.5026308827720145	0.8651348651348651	0.5984015984015985	1.0	0.8422516709809528
MA1298.2	WRKY29	GCM domain factors	WRKY	cluster_10	0.4935669300354975	0.4981269552483071	0.8591408591408591	0.8571428571428571	1.0	0.9996370042171568
MA1308.2	WRKY70	GCM domain factors	WRKY	cluster_10	0.49352678134012373	0.4997110632234446	0.8711288711288712	0.6163836163836164	1.0	0.8580381367266612
MA1247.2	ERF087	AP2/EREBP	ERF/DREB	cluster_24	0.49345765144888354	0.5001134907202485	0.8631368631368631	0.5614385614385614	1.0	0.814307134990247
MA1086.2	WRKY43	GCM domain factors	WRKY	cluster_10	0.49344127795859055	0.5919493171183869	0.8751248751248751	0.9040959040959041	1.0	1.0
MA1317.2	WRKY50	GCM domain factors	WRKY	cluster_10	0.49332594342351144	0.512033627827797	0.8701298701298701	0.9100899100899101	1.0	1.0
MA0576.2	RAX3	Tryptophan cluster factors	MYB	cluster_02	0.4933182583894964	0.49736002820188324	0.8701298701298701	0.7002997002997003	1.0	0.924444068042684
MA1365.3	AT5G47660	Tryptophan cluster factors	Trihelix	cluster_10	0.49331705428278333	0.5748728175545987	0.8711288711288712	0.7912087912087912	1.0	0.973697270471464
MA2387.1	NAC094	GCM domain factors	NAC	cluster_16	0.49330166060481717	0.4986209242461159	0.8831168831168831	0.6203796203796204	1.0	0.8587235549260867
MA1020.1	GT-1	Tryptophan cluster factors	Trihelix	cluster_18	0.49326312919002585	0.5069194383810557	0.9020979020979021	0.8731268731268731	1.0	1.0
MA1402.1	BPC6	BBR/BPC	NA	cluster_21	0.49325131241729153	0.49351285245679327	0.8781218781218781	0.9210789210789211	1.0	1.0
MA1678.3	NTL8	GCM domain factors	NAC	cluster_25	0.4932116595305637	0.5358039313905196	0.8901098901098901	0.9120879120879121	1.0	1.0
MA1665.3	HSFB2A	Heat shock factors	HSF	cluster_04	0.4931976706437597	0.49416756267277523	0.8941058941058941	0.9150849150849151	1.0	1.0
MA1747.2	DOF4.3	Other C4 zinc finger-type factors	DOF	cluster_03	0.49318730588206	0.49434088137481585	0.8811188811188811	0.8771228771228772	1.0	1.0
MA1416.1	RAMOSA1	C2H2 zinc finger factors	C2H2	cluster_21	0.4931469565022361	0.4950011156063774	0.8891108891108891	0.978021978021978	1.0	1.0
MA0994.3	ERF8	AP2/EREBP	ERF/DREB	cluster_24	0.4931274310855494	0.498975513748954	0.8841158841158842	0.6043956043956044	1.0	0.8444535354955831
MA2427.1	SPL12B	C3H(C),C2HC zinc-fingers like factors	SBP	cluster_38	0.4930480898971904	0.49493798319619836	0.8791208791208791	0.8391608391608392	1.0	0.9911450778323844
MA1226.2	DREB2G	AP2/EREBP	ERF/DREB	cluster_24	0.4930208322266184	0.4942084509453448	0.8871128871128872	0.8691308691308691	1.0	1.0
MA2365.1	VIT_17s0000g10420	Tryptophan cluster factors	Trihelix	cluster_18	0.49294830250466015	0.5042601590669212	0.8941058941058941	0.9400599400599401	1.0	1.0
MA1820.2	Zm00001d024324	AP2/EREBP	ERF/DREB	cluster_24	0.4929074927310918	0.5022707179561645	0.8971028971028971	0.5094905094905094	1.0	0.7743608280387605
MA2019.2	HSFA1B	Heat shock factors	HSF	cluster_04	0.4927858425382567	0.5121604733776596	0.8861138861138861	0.9120879120879121	1.0	1.0
MA2059.1	PK05432.1	GCM domain factors	WRKY	cluster_10	0.49276798162202606	0.562311968033959	0.903096903096903	0.9010989010989011	1.0	1.0
MA2416.1	EREB29	AP2/EREBP	ERF/DREB	cluster_24	0.4927006815007885	0.49854383589752727	0.9080919080919081	0.6223776223776224	1.0	0.8587235549260867
MA0589.2	WRKY1	GCM domain factors	WRKY	cluster_10	0.4926654436720058	0.4894599171032563	0.9010989010989011	0.983016983016983	1.0	1.0
MA1819.2	Zm00001d005892	AP2/EREBP	ERF/DREB	cluster_24	0.49261683081474306	0.5058963449411952	0.9000999000999002	0.5054945054945055	1.0	0.7713846153846153
MA0995.3	ERF039	AP2/EREBP	ERF/DREB	cluster_15	0.4925159101453072	0.5112398696770729	0.9070929070929071	0.6473526473526473	1.0	0.8757625353370034
MA1803.2	VIP1	Basic leucine zipper factors (bZIP)	Group I	cluster_12	0.49246433424113567	0.4894469806705311	0.9050949050949051	0.984015984015984	1.0	1.0
MA1815.2	GRF4	C3H zinc finger factors	GRF	cluster_12	0.49243745432953107	0.5041470128193003	0.9020979020979021	0.8361638361638362	1.0	0.99031820892286
MA1259.2	ERF023	AP2/EREBP	ERF/DREB	cluster_15	0.4924122035034787	0.49890322441550056	0.913086913086913	0.7322677322677322	1.0	0.9527972027972028
MA1426.2	MYB124	Tryptophan cluster factors	MYB	cluster_07	0.49240925226153653	0.5022801761358956	0.9020979020979021	0.5554445554445554	1.0	0.814307134990247
MA2448.1	SPL5D	C3H(C),C2HC zinc-fingers like factors	SBP	cluster_38	0.4923523759268383	0.4934664488362462	0.9050949050949051	0.9110889110889111	1.0	1.0
MA1222.1	ERF014	AP2/EREBP	ERF/DREB	cluster_24	0.49233060756627567	0.4936392407836779	0.916083916083916	0.9040959040959041	1.0	1.0
MA2007.2	MYB107	Tryptophan cluster factors	MYB	cluster_02	0.49231553262243816	0.5056304606452371	0.9100899100899101	0.8221778221778222	1.0	0.9861451048951049
MA2034.2	NAC057	GCM domain factors	NAC	cluster_25	0.49225601197495933	0.5652060963691935	0.9210789210789211	0.8891108891108891	1.0	1.0
MA1008.2	PHYPADRAFT_182268	AP2/EREBP	ERF/DREB	cluster_15	0.4921318001041198	0.5081662423985793	0.919080919080919	0.8731268731268731	1.0	1.0
MA1251.2	RAP2-9	AP2/EREBP	ERF/DREB	cluster_15	0.4921186493700278	0.5018517516937369	0.9050949050949051	0.4875124875124875	1.0	0.7529798137085587
MA1330.2	ZHD6	Homeo domain factors	PLINC	cluster_09	0.4920964678355938	0.4914923979314529	0.8921078921078921	0.9530469530469531	1.0	1.0
MA2032.2	TRB1	Tryptophan cluster factors	MYB-related	cluster_02	0.49202798721758084	0.5053760883856192	0.916083916083916	0.938061938061938	1.0	1.0
MA1385.2	AT2G40260	Tryptophan cluster factors	GARP_G2-like	cluster_04	0.4920235603546674	0.4904356369838433	0.9010989010989011	0.9920079920079921	1.0	1.0
MA2037.2	NAC096	GCM domain factors	NAC	cluster_25	0.4919921945553129	0.5305138127305754	0.9100899100899101	0.945054945054945	1.0	1.0
MA2074.1	PK17878.1	AP2/EREBP	ERF/DREB	cluster_24	0.49196852559494114	0.5075129984986115	0.9110889110889111	0.21178821178821178	1.0	0.44031173186486533
MA1310.2	WRKY42	GCM domain factors	WRKY	cluster_10	0.4918923127230401	0.5029037587670689	0.916083916083916	0.8491508491508492	1.0	0.9964121899605771
MA1352.1	TRP1	Tryptophan cluster factors	Myb-related	cluster_34	0.4917966216543247	0.49259881842387904	0.9400599400599401	0.935064935064935	1.0	1.0
MA2088.1	PK24580.1	AP2/EREBP	ERF/DREB	cluster_15	0.4917316589167054	0.497960283711669	0.9180819180819181	0.8331668331668332	1.0	0.9886567553752624
MA1735.2	AT2G38300	Tryptophan cluster factors	GARP_G2-like	cluster_04	0.49173130476767185	0.49494816596398544	0.926073926073926	0.9090909090909091	1.0	1.0
MA1318.2	WRKY27	GCM domain factors	WRKY	cluster_10	0.49164705271272224	0.4970458213160465	0.9250749250749251	0.7492507492507493	1.0	0.9601386887819049
MA1093.2	WRKY75	GCM domain factors	WRKY	cluster_10	0.49159100272576695	0.517280244755027	0.9440559440559441	0.8161838161838162	1.0	0.9861451048951049
MA2440.1	SPL2B	C3H(C),C2HC zinc-fingers like factors	SBP	cluster_38	0.4915464271674805	0.4944369561562205	0.9400599400599401	0.8861138861138861	1.0	1.0
MA2435.1	SPL16D	C3H(C),C2HC zinc-fingers like factors	SBP	cluster_38	0.49151962989065084	0.4945207370933423	0.9300699300699301	0.8761238761238761	1.0	1.0
MA0980.3	RAP2-10	AP2/EREBP	ERF/DREB	cluster_15	0.491451243712379	0.5029432540117887	0.9430569430569431	0.7882117882117882	1.0	0.9715760814306856
MA1090.2	WRKY60	GCM domain factors	WRKY	cluster_10	0.49140802572538583	0.5190622611735819	0.9200799200799201	0.8971028971028971	1.0	1.0
MA1007.1	PHYPADRAFT_173530	AP2/EREBP	ERF/DREB	cluster_15	0.49128469922712864	0.5002304036995078	0.939060939060939	0.7002997002997003	1.0	0.924444068042684
MA1013.1	GATA10	Other C4 zinc finger-type factors	C4-GATA-related	cluster_13	0.4912751253982702	0.4997124047934125	0.9280719280719281	0.8261738261738262	1.0	0.9861451048951049
MA1010.2	PHYPADRAFT_64121	AP2/EREBP	ERF/DREB	cluster_15	0.4911873200480226	0.5002554541736982	0.922077922077922	0.6353646353646354	1.0	0.8701531443466927
MA0944.2	ARF8	B3	ARF	cluster_17	0.491176589332323	0.549243337657678	0.9340659340659341	0.8731268731268731	1.0	1.0
MA1094.3	WRKY8	GCM domain factors	WRKY	cluster_10	0.49107601100695175	0.49629353733188764	0.945054945054945	0.8021978021978022	1.0	0.9808925049309666
MA0933.1	AHL20	A.T hook factors	AHL	cluster_09	0.4909087700286034	0.5751446868833634	0.9470529470529471	0.952047952047952	1.0	1.0
MA2403.1	DVH24_040989	Tryptophan cluster factors	Trihelix	cluster_18	0.4909046618998207	0.6355862961261447	0.957042957042957	0.9500499500499501	1.0	1.0
MA2072.1	PK16335.1	Basic leucine zipper factors (bZIP)	Group D	cluster_12	0.4909034932080117	0.49352836442709197	0.942057942057942	0.973026973026973	1.0	1.0
MA0579.2	CDC5	Tryptophan cluster factors	MYB-related	cluster_41	0.4905864589936734	0.4921161505784704	0.955044955044955	0.9460539460539461	1.0	1.0
MA0969.2	CAMTA2	GCM domain factors	CAMTA	cluster_07	0.4905611491427821	0.514475514887121	0.945054945054945	0.8261738261738262	1.0	0.9861451048951049
MA1304.2	WRKY59	GCM domain factors	WRKY	cluster_10	0.4905043672478254	0.4975144535203559	0.939060939060939	0.916083916083916	1.0	1.0
MA2345.1	OS02G0104500	Tryptophan cluster factors	Trihelix	cluster_10	0.49049023670140873	0.682536802292079	0.984015984015984	0.973026973026973	1.0	1.0
MA1302.2	WRKY65	GCM domain factors	WRKY	cluster_10	0.4904889617648901	0.49540180322489874	0.9410589410589411	0.8501498501498501	1.0	0.9964121899605771
MA1078.2	WRKY2	GCM domain factors	WRKY	cluster_10	0.49047804216970575	0.5190683613895167	0.957042957042957	0.919080919080919	1.0	1.0
MA1161.1	TSO1	CPP	NA	cluster_06	0.4904588945119881	0.4893024247770946	0.938061938061938	0.985014985014985	1.0	1.0
MA1265.3	ERF015	AP2/EREBP	ERF/DREB	cluster_15	0.4904244594210132	0.4978354372651094	0.9440559440559441	0.8091908091908092	1.0	0.9855685715558326
MA1075.1	WRKY12	GCM domain factors	WRKY	cluster_10	0.4904007078258673	0.4972738634233316	0.955044955044955	0.958041958041958	1.0	1.0
MA1396.2	GATA6	Other C4 zinc finger-type factors	C4-GATA-related	cluster_13	0.49038344896299246	0.49116689630641597	0.9470529470529471	0.964035964035964	1.0	1.0
MA1316.2	WRKY71	GCM domain factors	WRKY	cluster_10	0.4903417774267768	0.4985063881000177	0.954045954045954	0.7392607392607392	1.0	0.9560270238236339
MA2408.1	BAD1	TCP	NA	cluster_01	0.49027986037084087	0.49558720943258217	0.949050949050949	0.8051948051948052	1.0	0.9829818181818183
MA1219.3	ERF011	AP2/EREBP	ERF/DREB	cluster_15	0.4902640062991309	0.5093725411133541	0.951048951048951	0.8271728271728271	1.0	0.9861451048951049
MA1314.2	WRKY14	GCM domain factors	WRKY	cluster_10	0.490086306119341	0.49589501091496685	0.9470529470529471	0.8161838161838162	1.0	0.9861451048951049
MA2089.1	PK25870.1	GCM domain factors	WRKY	cluster_10	0.49005762004766856	0.5486248363165778	0.9630369630369631	0.9210789210789211	1.0	1.0
MA1223.2	ERF035	AP2/EREBP	ERF/DREB	cluster_15	0.4899247905503597	0.49717928657785193	0.972027972027972	0.7762237762237763	1.0	0.9715760814306856
MA2431.1	SPL15A	C3H(C),C2HC zinc-fingers like factors	SBP	cluster_38	0.4898945226130034	0.490264275108219	0.9600399600399601	0.9790209790209791	1.0	1.0
MA1380.1	TCX6	CPP	NA	cluster_06	0.48979422760686153	0.49229195779616464	0.9660339660339661	0.9460539460539461	1.0	1.0
MA1076.3	WRKY15	GCM domain factors	WRKY	cluster_10	0.48974528421050123	0.5027399267115997	0.955044955044955	0.8261738261738262	1.0	0.9861451048951049
MA1171.2	MYB52	Tryptophan cluster factors	MYB	cluster_11	0.48973235777079716	0.5140940201523296	0.9690309690309691	0.994005994005994	1.0	1.0
MA1313.2	WRKY7	GCM domain factors	WRKY	cluster_10	0.48969852473317815	0.4970882275670931	0.9590409590409591	0.7302697302697303	1.0	0.9524714601637679
MA0582.2	RAV1	B3	RAV	cluster_17	0.4896356160599503	0.6142343916367056	0.978021978021978	0.9660339660339661	1.0	1.0
MA1379.1	SOL1	CPP	NA	cluster_06	0.4894749740585822	0.49007917336241996	0.9560439560439561	0.973026973026973	1.0	1.0
MA2357.1	PK21687.1	Tryptophan cluster factors	MYB-related	cluster_18	0.4894293832730689	0.5492723717193753	0.968031968031968	0.6713286713286714	1.0	0.8994938627805762
MA0942.2	ARF1	B3	ARF	cluster_15	0.4893242246202049	0.5156993910211128	0.975024975024975	0.7582417582417582	1.0	0.965417033297828
MA1802.2	TRP5	Tryptophan cluster factors	MYB-related	cluster_18	0.48927045299202815	0.5241522511449827	0.967032967032967	0.7502497502497503	1.0	0.9601386887819049
MA1391.3	MYB33	Tryptophan cluster factors	MYB	cluster_11	0.4891619063134146	0.49501592890015067	0.97002997002997	0.8721278721278721	1.0	1.0
MA2011.2	ERF010	AP2/EREBP	ERF/DREB	cluster_15	0.4890130574748467	0.5008503423346	0.964035964035964	0.8111888111888111	1.0	0.9855685715558326
MA1084.1	WRKY38	GCM domain factors	WRKY	cluster_10	0.488866250895702	0.49674071132279135	0.97002997002997	0.9690309690309691	1.0	1.0
MA1179.2	MYB1	Tryptophan cluster factors	MYB	cluster_11	0.48886614465099204	0.5149979981833687	0.974025974025974	0.988011988011988	1.0	1.0
MA1354.1	AT4G12670	Tryptophan cluster factors	Myb-related	cluster_34	0.48884233403100696	0.4899166809838086	0.971028971028971	0.975024975024975	1.0	1.0
MA2405.1	OsMSL08	Tryptophan cluster factors	Trihelix	cluster_10	0.4886944531997954	0.6215724675671508	0.9820179820179821	0.967032967032967	1.0	1.0
MA1006.2	ERF6	AP2/EREBP	ERF/DREB	cluster_15	0.4886689662743876	0.4979940992687815	0.978021978021978	0.8261738261738262	1.0	0.9861451048951049
MA2388.1	GATA1	Other C4 zinc finger-type factors	C4-GATA-related	cluster_13	0.4886435029589151	0.4929574662712287	0.967032967032967	0.945054945054945	1.0	1.0
MA1087.3	WRKY45	GCM domain factors	WRKY	cluster_10	0.4885349090604305	0.49685798624884875	0.981018981018981	0.8561438561438561	1.0	0.9996370042171568
MA1307.3	WRKY31	GCM domain factors	WRKY	cluster_10	0.488376096829068	0.4918865066421765	0.9760239760239761	0.989010989010989	1.0	1.0
MA1241.2	ERF043	AP2/EREBP	ERF/DREB	cluster_15	0.48829842014116354	0.49637925799346877	0.972027972027972	0.7972027972027972	1.0	0.9779191869224024
MA2017.2	JUB1	GCM domain factors	NAC	cluster_47	0.4882802286858356	0.5081485814200518	0.974025974025974	0.8861138861138861	1.0	1.0
MA1356.1	TRP2	Tryptophan cluster factors	Myb-related	cluster_34	0.4880633478180275	0.49215981727683156	0.974025974025974	0.948051948051948	1.0	1.0
MA2412.1	ZmbZIP72	Basic leucine zipper factors (bZIP)	S	cluster_14	0.48800893872159234	0.4977624022860477	0.98001998001998	0.7662337662337663	1.0	0.9663410969196095
MA1305.2	WRKY55	GCM domain factors	WRKY	cluster_10	0.487856383123146	0.49854741238339795	0.977022977022977	0.8111888111888111	1.0	0.9855685715558326
MA1679.2	RAP2-1	AP2/EREBP	ERF/DREB	cluster_15	0.4878359959438128	0.5012450539427901	0.99000999000999	0.7872127872127872	1.0	0.9715760814306856
MA2038.2	NAC103	GCM domain factors	NAC	cluster_25	0.4877678104499937	0.5488713628022293	0.98001998001998	0.984015984015984	1.0	1.0
MA1797.1	RAV2	B3	RAV	cluster_17	0.48775689085480955	0.5007212870405009	0.9820179820179821	0.989010989010989	1.0	1.0
MA2436.1	SPL18A	C3H(C),C2HC zinc-fingers like factors	SBP	cluster_38	0.4876819883343294	0.4895672205916063	0.983016983016983	0.987012987012987	1.0	1.0
MA2409.1	ZmbZIP25	Basic leucine zipper factors (bZIP)	D	cluster_14	0.4876064129306902	0.4967597618806998	0.985014985014985	0.7772227772227772	1.0	0.9715760814306856
MA1323.2	GATA19	Other C4 zinc finger-type factors	C4-GATA-related	cluster_13	0.4873790846664085	0.49343126529309483	0.986013986013986	0.971028971028971	1.0	1.0
MA1312.2	WRKY47	GCM domain factors	WRKY	cluster_10	0.487226233943768	0.4895834188627428	0.977022977022977	0.988011988011988	1.0	1.0
MA1091.1	WRKY62	GCM domain factors	WRKY	cluster_10	0.48713827512893976	0.4931897742447005	0.988011988011988	0.998001998001998	1.0	1.0
MA1046.1	NTL9	GCM domain factors	NAC	cluster_32	0.48697639360595724	0.5020502421457484	0.987012987012987	0.9310689310689311	1.0	1.0
MA1300.2	WRKY6	GCM domain factors	WRKY	cluster_10	0.48693072018566863	0.500700910775352	0.988011988011988	0.9240759240759241	1.0	1.0
MA1325.2	GATA14	Other C4 zinc finger-type factors	C4-GATA-related	cluster_13	0.4868910791039084	0.49515888746071673	0.987012987012987	0.977022977022977	1.0	1.0
MA1081.3	WRKY25	GCM domain factors	WRKY	cluster_10	0.4867202140004556	0.49017051562626174	0.991008991008991	0.994005994005994	1.0	1.0
MA1393.3	MYB70	Tryptophan cluster factors	MYB	cluster_11	0.4866596072959423	0.5251623708472908	0.986013986013986	0.9630369630369631	1.0	1.0
MA0932.1	AHL12	A.T hook factors	AHL	cluster_09	0.4863533864320784	0.5384338615410683	0.989010989010989	0.996003996003996	1.0	1.0
MA1023.1	PHYPADRAFT_28324	AP2/EREBP	ERF/DREB	cluster_15	0.48629133952149745	0.49847701232854563	0.99000999000999	0.919080919080919	1.0	1.0
MA1301.2	WRKY33	GCM domain factors	WRKY	cluster_10	0.48594733095581244	0.49025948879182607	0.991008991008991	0.985014985014985	1.0	1.0
MA2055.1	PK00315.1	Basic leucine zipper factors (bZIP)	Group I	cluster_12	0.4858986000488722	0.48906439401759144	0.987012987012987	0.997002997002997	1.0	1.0
MA1083.3	WRKY30	GCM domain factors	WRKY	cluster_10	0.48561552872679836	0.49511218816283753	0.9920079920079921	0.9040959040959041	1.0	1.0
MA2039.2	ASIL2	Tryptophan cluster factors	Trihelix	cluster_15	0.48539610979092274	0.49122912643038713	0.993006993006993	0.996003996003996	1.0	1.0
MA1673.2	LBD18	Other C4 zinc finger-type factors	LBD	cluster_15	0.485296759182199	0.49577527776250147	0.99000999000999	0.983016983016983	1.0	1.0
MA0986.1	DREB2C	AP2/EREBP	ERF/DREB	cluster_15	0.4851549224944844	0.5010993353941637	0.995004995004995	0.7932067932067932	1.0	0.9745841919754963
MA2040.2	ENAP2	Tryptophan cluster factors	Trihelix	cluster_15	0.4849862295051001	0.4912877586157145	0.996003996003996	0.994005994005994	1.0	1.0
MA1800.1	TEM1	B3	RAV	cluster_17	0.48475192450487	0.5005737469588704	0.996003996003996	0.989010989010989	1.0	1.0
MA1238.3	ERF038	AP2/EREBP	ERF/DREB	cluster_15	0.4847210899290641	0.49645218740917685	0.994005994005994	0.8921078921078921	1.0	1.0
MA2395.1	PHYPA_011264	AP2/EREBP	ERF/DREB	cluster_15	0.48426904229837997	0.49729946353994336	0.999000999000999	0.9430569430569431	1.0	1.0
MA1309.1	WRKY3	GCM domain factors	WRKY	cluster_10	0.4842626440058511	0.4927373834224073	0.996003996003996	0.9440559440559441	1.0	1.0
MA1779.2	MYB83	Tryptophan cluster factors	MYB	cluster_02	0.48407404784081265	0.4990786872808579	0.998001998001998	0.996003996003996	1.0	1.0
MA1297.2	WRKY26	GCM domain factors	WRKY	cluster_10	0.4840150820268186	0.49468290326401876	0.997002997002997	0.8801198801198801	1.0	1.0
MA1315.2	WRKY24	GCM domain factors	WRKY	cluster_10	0.48390776306485317	0.4920303794454476	0.998001998001998	0.9600399600399601	1.0	1.0
MA1744.2	BZIP30	Basic leucine zipper factors (bZIP)	Group I	cluster_12	0.48381151716265214	0.4834926114297346	0.997002997002997	1.0	1.0	1.0
MA0934.1	AHL25	A.T hook factors	AHL	cluster_09	0.48304052291285243	0.5369306461654578	0.998001998001998	0.997002997002997	1.0	1.0
MA1324.1	GATA20	Other C4 zinc finger-type factors	C4-GATA-related	cluster_13	0.48296994101057605	0.4962750881376154	0.999000999000999	0.919080919080919	1.0	1.0
MA1295.2	WRKY20	GCM domain factors	WRKY	cluster_10	0.4829360961679894	0.48936482050182073	0.997002997002997	0.995004995004995	1.0	1.0
MA1080.1	WRKY23	GCM domain factors	WRKY	cluster_10	0.4811785961768433	0.48880075369054304	1.0	0.999000999000999	1.0	1.0
MA1812.2	ASR1	Tryptophan cluster factors	MYB-related	cluster_01	0.47990619772612714	0.49379300979623364	1.0	1.0	1.0	1.0
MA1253.2	ERF036	AP2/EREBP	ERF/DREB	cluster_15	0.47727021925366614	0.48957282938158	1.0	0.997002997002997	1.0	1.0
MA1173.2	MYB101	Tryptophan cluster factors	MYB	cluster_11	0.47654147498350213	0.4920994114475158	1.0	0.994005994005994	1.0	1.0
MA1367.2	AT1G76870	Tryptophan cluster factors	Trihelix	cluster_18	0.475257779178634	0.4861248385843153	1.0	1.0	1.0	1.0
