motif_id	tf_name	tf_class	tf_family	jaspar_cluster	auc_roc	auc_prc	p_value_roc	p_value_prc	p_value_roc_adj	p_value_prc_adj
MA0969.2	CAMTA2	GCM domain factors	CAMTA	cluster_07	0.5725824587706143	0.5701685584190965	0.000999000999000999	0.000999000999000999	0.009772279003048235	0.015244755244755244
MA0970.2	CAMTA3	GCM domain factors	CAMTA	cluster_07	0.5701307241116284	0.5671846783623813	0.000999000999000999	0.000999000999000999	0.009772279003048235	0.015244755244755244
MA0550.3	BZR1	Basic helix-loop-helix factors (bHLH)	BES/BZR	cluster_07	0.5651174412793585	0.5600128253047792	0.000999000999000999	0.000999000999000999	0.009772279003048235	0.015244755244755244
MA2397.1	ILR3	Basic helix-loop-helix factors (bHLH)	NA	cluster_07	0.5633834398590178	0.5955146492609011	0.000999000999000999	0.000999000999000999	0.009772279003048235	0.015244755244755244
MA0935.1	NAC025	GCM domain factors	NAC	cluster_20	0.5630043530866141	0.560478736979508	0.000999000999000999	0.000999000999000999	0.009772279003048235	0.015244755244755244
MA1197.2	CAMTA1	GCM domain factors	CAMTA	cluster_07	0.562421092085536	0.5552208715645605	0.000999000999000999	0.000999000999000999	0.009772279003048235	0.015244755244755244
MA1695.2	ARF36	B3	ARF	cluster_01	0.5621718745890197	0.5575334571212568	0.000999000999000999	0.000999000999000999	0.009772279003048235	0.015244755244755244
MA1786.2	NAC019	GCM domain factors	NAC	cluster_20	0.561874983560851	0.5608685851348366	0.000999000999000999	0.000999000999000999	0.009772279003048235	0.015244755244755244
MA1025.2	HBI1	Basic helix-loop-helix factors (bHLH)	bHLH	cluster_07	0.5602323838080957	0.5582048962489745	0.000999000999000999	0.000999000999000999	0.009772279003048235	0.015244755244755244
MA0962.2	bHLH34	Basic helix-loop-helix factors (bHLH)	bHLH	cluster_07	0.5601350640469238	0.549278854672862	0.000999000999000999	0.001998001998001998	0.009772279003048235	0.022093848180804704
MA0966.2	BIM3	Basic helix-loop-helix factors (bHLH)	bHLH	cluster_07	0.5600239354007206	0.5947012290441719	0.000999000999000999	0.000999000999000999	0.009772279003048235	0.015244755244755244
MA1332.2	BEH2	Basic helix-loop-helix factors (bHLH)	BES/BZR	cluster_07	0.5580367710881408	0.5524648034148955	0.000999000999000999	0.000999000999000999	0.009772279003048235	0.015244755244755244
MA1696.2	ARF39	B3	ARF	cluster_01	0.5576931928772445	0.5623326702964234	0.000999000999000999	0.000999000999000999	0.009772279003048235	0.015244755244755244
MA1091.1	WRKY62	GCM domain factors	WRKY	cluster_10	0.5574959230910861	0.5445720036881719	0.000999000999000999	0.001998001998001998	0.009772279003048235	0.022093848180804704
MA0941.2	ABF2	Basic leucine zipper factors (bZIP)	Group A	cluster_07	0.557305557747442	0.560397561564706	0.000999000999000999	0.001998001998001998	0.009772279003048235	0.022093848180804704
MA1333.2	BEH3	Basic helix-loop-helix factors (bHLH)	BES/BZR	cluster_07	0.5566167574107684	0.5467019854202849	0.000999000999000999	0.000999000999000999	0.009772279003048235	0.015244755244755244
MA1810.2	GLYMA-08G357600	B3	LAV	cluster_29	0.5565125332070804	0.5493892118552801	0.000999000999000999	0.000999000999000999	0.009772279003048235	0.015244755244755244
MA2014.2	BAM8	Basic helix-loop-helix factors (bHLH)	BES/BZR	cluster_07	0.5562797548594115	0.543366772817725	0.000999000999000999	0.001998001998001998	0.009772279003048235	0.022093848180804704
MA0965.3	BIM2	Basic helix-loop-helix factors (bHLH)	bHLH	cluster_07	0.5562304374128724	0.5924858432373279	0.000999000999000999	0.000999000999000999	0.009772279003048235	0.015244755244755244
MA1084.1	WRKY38	GCM domain factors	WRKY	cluster_10	0.555813211815145	0.5394606427555428	0.000999000999000999	0.001998001998001998	0.009772279003048235	0.022093848180804704
MA2067.1	PK09702.1	Basic helix-loop-helix factors (bHLH)	bHLH	cluster_07	0.5556165995949394	0.5400604661500039	0.000999000999000999	0.003996003996003996	0.009772279003048235	0.03278441988119408
MA1331.2	BEH4	Basic helix-loop-helix factors (bHLH)	BES/BZR	cluster_07	0.5552792682606059	0.5487147422871983	0.000999000999000999	0.000999000999000999	0.009772279003048235	0.015244755244755244
MA1834.2	Zm00001d034298	Basic helix-loop-helix factors (bHLH)	bHLH	cluster_07	0.5551250690444256	0.5525935616828851	0.000999000999000999	0.000999000999000999	0.009772279003048235	0.015244755244755244
MA2105.1	GLYMA-13G317000	Basic leucine zipper factors (bZIP)	Group A	cluster_07	0.5549107025434649	0.6452469884405838	0.000999000999000999	0.000999000999000999	0.009772279003048235	0.015244755244755244
MA0937.1	NAC055	GCM domain factors	NAC	cluster_20	0.5543784029038111	0.5491275493735681	0.000999000999000999	0.000999000999000999	0.009772279003048235	0.015244755244755244
MA2406.1	PK03576.1	Basic helix-loop-helix factors (bHLH)	bHLH	cluster_07	0.5542498487598306	0.5549236168812652	0.000999000999000999	0.001998001998001998	0.009772279003048235	0.022093848180804704
MA1078.2	WRKY2	GCM domain factors	WRKY	cluster_10	0.5539904389910305	0.5769424724254538	0.000999000999000999	0.000999000999000999	0.009772279003048235	0.015244755244755244
MA1411.2	TSAR1	Basic helix-loop-helix factors (bHLH)	bHLH	cluster_07	0.5538947631447438	0.5404778432711073	0.000999000999000999	0.002997002997002997	0.009772279003048235	0.02823102823102823
MA1074.2	UNE10	Basic helix-loop-helix factors (bHLH)	bHLH	cluster_07	0.553682369341645	0.5550022303975743	0.000999000999000999	0.000999000999000999	0.009772279003048235	0.015244755244755244
MA1081.3	WRKY25	GCM domain factors	WRKY	cluster_10	0.55366362871196	0.5316653356059953	0.000999000999000999	0.006993006993006993	0.009772279003048235	0.04639708117968988
MA1412.2	TSAR2	Basic helix-loop-helix factors (bHLH)	bHLH	cluster_07	0.5534745785002229	0.5391816452449348	0.000999000999000999	0.001998001998001998	0.009772279003048235	0.022093848180804704
MA1021.2	PHYPADRAFT_48267	Basic helix-loop-helix factors (bHLH)	NA	cluster_07	0.5529807464688707	0.5469390344980167	0.000999000999000999	0.001998001998001998	0.009772279003048235	0.022093848180804704
MA1816.2	O11	Basic helix-loop-helix factors (bHLH)	bHLH	cluster_07	0.5529593755753701	0.591636797051343	0.000999000999000999	0.000999000999000999	0.009772279003048235	0.015244755244755244
MA1090.2	WRKY60	GCM domain factors	WRKY	cluster_10	0.5527992582656039	0.5770957871157639	0.000999000999000999	0.000999000999000999	0.009772279003048235	0.015244755244755244
MA2342.1	URI	Basic helix-loop-helix factors (bHLH)	bHLH	cluster_07	0.5523711828296377	0.5911658463347728	0.000999000999000999	0.000999000999000999	0.009772279003048235	0.015244755244755244
MA2393.1	PHYPA_008731	Basic helix-loop-helix factors (bHLH)	NA	cluster_07	0.5513295983587153	0.5546288551535513	0.000999000999000999	0.001998001998001998	0.009772279003048235	0.022093848180804704
MA0564.2	ABI3	B3	LAV	cluster_29	0.5513177621715457	0.5769527293178098	0.000999000999000999	0.000999000999000999	0.009772279003048235	0.015244755244755244
MA0581.2	LEC2	B3	LAV	cluster_29	0.5510632841473999	0.6247990742928562	0.000999000999000999	0.000999000999000999	0.009772279003048235	0.015244755244755244
MA2060.1	PK05451.1	Basic helix-loop-helix factors (bHLH)	bHLH	cluster_07	0.5510172545306297	0.5368255187933401	0.000999000999000999	0.001998001998001998	0.009772279003048235	0.022093848180804704
MA1787.2	NAC047	GCM domain factors	NAC	cluster_20	0.550953470633104	0.5442048010501666	0.001998001998001998	0.000999000999000999	0.015093817074015093	0.015244755244755244
MA0959.1	AIB	Basic helix-loop-helix factors (bHLH)	bHLH	cluster_07	0.5506674294431733	0.5394001914920644	0.000999000999000999	0.001998001998001998	0.009772279003048235	0.022093848180804704
MA2089.1	PK25870.1	GCM domain factors	WRKY	cluster_10	0.5504053894105578	0.6022044829881186	0.001998001998001998	0.002997002997002997	0.015093817074015093	0.02823102823102823
MA1055.3	SPL1	C3H(C),C2HC zinc fingers factors	SBP	cluster_28	0.5503633051895097	0.5448395605740716	0.000999000999000999	0.000999000999000999	0.009772279003048235	0.015244755244755244
MA2059.1	PK05432.1	GCM domain factors	WRKY	cluster_10	0.5496603671848286	0.6079986845967909	0.000999000999000999	0.000999000999000999	0.009772279003048235	0.015244755244755244
MA1307.3	WRKY31	GCM domain factors	WRKY	cluster_10	0.5492293327020703	0.5327491828382107	0.002997002997002997	0.005994005994005994	0.019055944055944057	0.04195804195804196
MA1687.1	ARF14	B3	ARF	cluster_01	0.5492191404297817	0.5417774577072875	0.000999000999000999	0.000999000999000999	0.009772279003048235	0.015244755244755244
MA1320.2	SPL15	C3H(C),C2HC zinc fingers factors	SBP	cluster_28	0.5490725032220728	0.5433570083674176	0.001998001998001998	0.001998001998001998	0.015093817074015093	0.022093848180804704
MA1291.1	TCP7	TCP	NA	cluster_01	0.5488091480575497	0.5397813274646274	0.000999000999000999	0.000999000999000999	0.009772279003048235	0.015244755244755244
MA2077.1	PK18474.1	Basic helix-loop-helix factors (bHLH)	bHLH	cluster_07	0.5480598516531208	0.5532609451131204	0.000999000999000999	0.001998001998001998	0.009772279003048235	0.022093848180804704
MA1061.2	SPT	Basic helix-loop-helix factors (bHLH)	bHLH	cluster_07	0.5477669060206735	0.5496111537051491	0.000999000999000999	0.003996003996003996	0.009772279003048235	0.03278441988119408
MA2368.1	WRKY51	GCM domain factors	WRKY	cluster_10	0.5474423972224413	0.6576681006821256	0.000999000999000999	0.000999000999000999	0.009772279003048235	0.015244755244755244
MA1740.2	BHLH49	Basic helix-loop-helix factors (bHLH)	bHLH	cluster_07	0.5473578999973696	0.5509205845053435	0.000999000999000999	0.002997002997002997	0.009772279003048235	0.02823102823102823
MA0566.1	MYC2	Basic helix-loop-helix factors (bHLH)	bHLH	cluster_07	0.5472684710276436	0.5344774368628659	0.000999000999000999	0.005994005994005994	0.009772279003048235	0.04195804195804196
MA1075.1	WRKY12	GCM domain factors	WRKY	cluster_10	0.547262881717036	0.537267960411295	0.001998001998001998	0.005994005994005994	0.015093817074015093	0.04195804195804196
MA0960.1	BHLH104	Basic helix-loop-helix factors (bHLH)	bHLH	cluster_07	0.5469620452931434	0.519441565364223	0.000999000999000999	0.04995004995004995	0.009772279003048235	0.19055944055944057
MA1295.2	WRKY20	GCM domain factors	WRKY	cluster_10	0.5469577711144425	0.5333139874395096	0.001998001998001998	0.00999000999000999	0.015093817074015093	0.060495060495060496
MA1092.2	WRKY63	GCM domain factors	WRKY	cluster_10	0.5469396880507115	0.6057416616808876	0.000999000999000999	0.000999000999000999	0.009772279003048235	0.015244755244755244
MA2061.1	PK06517.1	Basic helix-loop-helix factors (bHLH)	bHLH	cluster_07	0.5468410531576317	0.5510248895912342	0.001998001998001998	0.001998001998001998	0.015093817074015093	0.022093848180804704
MA0988.2	PHYPADRAFT_143875	Basic helix-loop-helix factors (bHLH)	NA	cluster_07	0.546317959441332	0.5867279077286918	0.000999000999000999	0.002997002997002997	0.009772279003048235	0.02823102823102823
MA2382.1	e_gw1.209.40.1	Basic helix-loop-helix factors (bHLH)	bHLH	cluster_07	0.5463057944711854	0.586724766881535	0.000999000999000999	0.002997002997002997	0.009772279003048235	0.02823102823102823
MA1043.2	NAC083	GCM domain factors	NAC	cluster_20	0.5460756463873325	0.5575875641496434	0.001998001998001998	0.003996003996003996	0.015093817074015093	0.03278441988119408
MA1785.2	NAC018	GCM domain factors	NAC	cluster_20	0.5458195244483022	0.5391109815782463	0.001998001998001998	0.000999000999000999	0.015093817074015093	0.015244755244755244
MA2375.1	BMY2	Basic helix-loop-helix factors (bHLH)	BES/BZR	cluster_07	0.5455699781688089	0.5396876379793366	0.000999000999000999	0.000999000999000999	0.009772279003048235	0.015244755244755244
MA2384.1	estExt_Genewise1.C_2060077	Basic leucine zipper factors (bZIP)	bZIP	cluster_07	0.5455647176411793	0.5428539564771608	0.000999000999000999	0.024975024975024976	0.009772279003048235	0.12060724086040542
MA1077.2	WRKY18	GCM domain factors	WRKY	cluster_10	0.5454861385096925	0.6575013175481605	0.000999000999000999	0.000999000999000999	0.009772279003048235	0.015244755244755244
MA2064.1	PK07858.1	Basic helix-loop-helix factors (bHLH)	bHLH	cluster_07	0.5454092032930903	0.5509628381799783	0.000999000999000999	0.003996003996003996	0.009772279003048235	0.03278441988119408
MA1011.2	PHYPADRAFT_72483	Basic helix-loop-helix factors (bHLH)	NA	cluster_07	0.5452224545621926	0.5861719837115409	0.002997002997002997	0.003996003996003996	0.019055944055944057	0.03278441988119408
MA1677.2	NAC078	GCM domain factors	NAC	cluster_25	0.5451573555327598	0.6091472395142234	0.001998001998001998	0.002997002997002997	0.015093817074015093	0.02823102823102823
MA1300.2	WRKY6	GCM domain factors	WRKY	cluster_10	0.5449541676530155	0.5388734801284198	0.001998001998001998	0.011988011988011988	0.015093817074015093	0.07036040882194727
MA0565.3	FUS3	B3	LAV	cluster_29	0.54470823798627	0.5982731885120822	0.000999000999000999	0.000999000999000999	0.009772279003048235	0.015244755244755244
MA0577.4	SPL3	C3H(C),C2HC zinc fingers factors	SBP	cluster_28	0.5446648386333147	0.5410485567523192	0.000999000999000999	0.002997002997002997	0.009772279003048235	0.02823102823102823
MA0931.2	ABI5	Basic leucine zipper factors (bZIP)	Group A	cluster_07	0.544576067229543	0.5456059155858667	0.000999000999000999	0.006993006993006993	0.009772279003048235	0.04639708117968988
MA1080.1	WRKY23	GCM domain factors	WRKY	cluster_10	0.5444475130855622	0.5319371701486744	0.000999000999000999	0.016983016983016984	0.009772279003048235	0.08998640248640248
MA0957.1	BHLH3	Basic helix-loop-helix factors (bHLH)	bHLH	cluster_07	0.5443064651884584	0.5333726168744223	0.000999000999000999	0.007992007992007992	0.009772279003048235	0.05081585081585081
MA1059.3	SPL5	C3H(C),C2HC zinc fingers factors	SBP	cluster_28	0.5442449827717722	0.5366680570026836	0.001998001998001998	0.001998001998001998	0.015093817074015093	0.022093848180804704
MA0956.2	BEE2	Basic helix-loop-helix factors (bHLH)	bHLH	cluster_07	0.5442005970698861	0.5880085102784653	0.000999000999000999	0.003996003996003996	0.009772279003048235	0.03278441988119408
MA2453.1	SPL8B	C3H(C),C2HC zinc-fingers like factors	SBP	cluster_33	0.5441460190957148	0.5261725728018374	0.002997002997002997	0.027972027972027972	0.019055944055944057	0.12780034336920565
MA1093.2	WRKY75	GCM domain factors	WRKY	cluster_10	0.5441322102106841	0.5532126136259677	0.001998001998001998	0.015984015984015984	0.015093817074015093	0.08649506521846947
MA1311.3	WRKY28	GCM domain factors	WRKY	cluster_10	0.5440079302454035	0.5698485829769968	0.000999000999000999	0.000999000999000999	0.009772279003048235	0.015244755244755244
MA0569.2	MYC4	Basic helix-loop-helix factors (bHLH)	bHLH	cluster_07	0.5439231042373551	0.5491605849895038	0.002997002997002997	0.008991008991008992	0.019055944055944057	0.054881118881118886
MA1686.1	ARF13	B3	ARF	cluster_01	0.5438596491228064	0.5401902514116523	0.002997002997002997	0.003996003996003996	0.019055944055944057	0.03278441988119408
MA0562.1	PIF5	Basic helix-loop-helix factors (bHLH)	bHLH	cluster_07	0.5437958652252821	0.5390810211460968	0.000999000999000999	0.007992007992007992	0.009772279003048235	0.05081585081585081
MA1083.3	WRKY30	GCM domain factors	WRKY	cluster_10	0.5435315237118281	0.5296479629487909	0.001998001998001998	0.008991008991008992	0.015093817074015093	0.054881118881118886
MA0964.3	BIM1	Basic helix-loop-helix factors (bHLH)	bHLH	cluster_07	0.5429699623872266	0.5347379501970679	0.000999000999000999	0.007992007992007992	0.009772279003048235	0.05081585081585081
MA1322.3	SPL9	C3H(C),C2HC zinc fingers factors	SBP	cluster_28	0.5429577974170811	0.5502133577423075	0.001998001998001998	0.002997002997002997	0.015093817074015093	0.02823102823102823
MA2057.1	PK01630.1	Basic helix-loop-helix factors (bHLH)	bHLH	cluster_07	0.5426339461848024	0.5469677452771579	0.000999000999000999	0.006993006993006993	0.009772279003048235	0.04639708117968988
MA1282.2	TCP13	TCP	NA	cluster_01	0.5426059996317629	0.5440478292260258	0.001998001998001998	0.000999000999000999	0.015093817074015093	0.015244755244755244
MA1070.3	TGA7	Basic leucine zipper factors (bZIP)	Group D	cluster_14	0.5425767379468138	0.5453826286067036	0.001998001998001998	0.000999000999000999	0.015093817074015093	0.015244755244755244
MA2075.1	PK18009.1	Basic leucine zipper factors (bZIP)	Group A	cluster_07	0.5424386490965042	0.5698473766278246	0.002997002997002997	0.002997002997002997	0.019055944055944057	0.02823102823102823
MA2071.1	PK15505.1	Basic helix-loop-helix factors (bHLH)	bHLH	cluster_07	0.5424231962965885	0.5331425624775499	0.000999000999000999	0.005994005994005994	0.009772279003048235	0.04195804195804196
MA1360.3	bHLH74	Basic helix-loop-helix factors (bHLH)	bHLH	cluster_07	0.5422768878718535	0.5874933133585946	0.001998001998001998	0.002997002997002997	0.015093817074015093	0.02823102823102823
MA1056.2	SPL11	C3H(C),C2HC zinc fingers factors	SBP	cluster_28	0.5422509140166756	0.5481914920289597	0.000999000999000999	0.000999000999000999	0.009772279003048235	0.015244755244755244
MA1348.1	TGA9	Basic leucine zipper factors (bZIP)	Group D	cluster_14	0.5421115100344553	0.5452877828151861	0.000999000999000999	0.000999000999000999	0.009772279003048235	0.015244755244755244
MA1364.2	BHLH72	Basic helix-loop-helix factors (bHLH)	bHLH	cluster_07	0.5420575896262398	0.5288095538119252	0.000999000999000999	0.02097902097902098	0.009772279003048235	0.10742948326840945
MA1425.2	HYH	Basic leucine zipper factors (bZIP)	Group H	cluster_07	0.5419388989715669	0.5458555573584861	0.000999000999000999	0.03296703296703297	0.009772279003048235	0.14373626373626375
MA1076.3	WRKY15	GCM domain factors	WRKY	cluster_10	0.5419109524185278	0.540229414440563	0.000999000999000999	0.004995004995004995	0.009772279003048235	0.03969988344988345
MA1382.2	FAR1	GCM domain factors	FRS/FRF	cluster_07	0.5418461821720711	0.5346046724129583	0.001998001998001998	0.003996003996003996	0.015093817074015093	0.03278441988119408
MA0561.1	PIF4	Basic helix-loop-helix factors (bHLH)	bHLH	cluster_07	0.5416331308030193	0.5362022344073306	0.002997002997002997	0.016983016983016984	0.019055944055944057	0.08998640248640248
MA1362.2	bHLH77	Basic helix-loop-helix factors (bHLH)	bHLH	cluster_07	0.5415558668034399	0.5225102638083616	0.000999000999000999	0.025974025974025976	0.009772279003048235	0.12233445566778901
MA1047.3	TGA5	Basic leucine zipper factors (bZIP)	Group D	cluster_14	0.541537454956732	0.5456214139845486	0.000999000999000999	0.000999000999000999	0.009772279003048235	0.015244755244755244
MA0549.2	BZR2	Basic helix-loop-helix factors (bHLH)	BES/BZR	cluster_07	0.5413947631447441	0.531381734133121	0.001998001998001998	0.005994005994005994	0.015093817074015093	0.04195804195804196
MA2087.1	PK24205.1	Basic leucine zipper factors (bZIP)	Group A	cluster_07	0.5412842920644941	0.5298620275035344	0.002997002997002997	0.02197802197802198	0.019055944055944057	0.10960281548516844
MA1336.2	TGA3	Basic leucine zipper factors (bZIP)	Group D	cluster_14	0.5411734922012674	0.544731107100689	0.002997002997002997	0.000999000999000999	0.019055944055944057	0.015244755244755244
MA0568.2	MYC3	Basic helix-loop-helix factors (bHLH)	bHLH	cluster_07	0.5402101580788552	0.5868889942242836	0.001998001998001998	0.005994005994005994	0.015093817074015093	0.04195804195804196
MA0958.1	BHLH13	Basic helix-loop-helix factors (bHLH)	bHLH	cluster_07	0.5400470817222972	0.5299885294092339	0.000999000999000999	0.008991008991008992	0.009772279003048235	0.054881118881118886
MA1068.3	TGA2	Basic leucine zipper factors (bZIP)	Group D	cluster_14	0.539961926931271	0.5439437609177372	0.002997002997002997	0.000999000999000999	0.019055944055944057	0.015244755244755244
MA2417.1	EREB71	AP2/EREBP	ERF/DREB	cluster_15	0.5396693100818016	0.5362947052380189	0.002997002997002997	0.001998001998001998	0.019055944055944057	0.022093848180804704
MA1385.2	AT2G40260	Tryptophan cluster factors	GARP_G2-like	cluster_04	0.5396548436308162	0.5349790099211134	0.002997002997002997	0.011988011988011988	0.019055944055944057	0.07036040882194727
MA2049.2	NAC053	GCM domain factors	NAC	cluster_25	0.5395026171124965	0.6537331558658066	0.000999000999000999	0.000999000999000999	0.009772279003048235	0.015244755244755244
MA0560.2	PIF3	Basic helix-loop-helix factors (bHLH)	bHLH	cluster_07	0.5392471527394197	0.545328651299157	0.002997002997002997	0.005994005994005994	0.019055944055944057	0.04195804195804196
MA1312.2	WRKY47	GCM domain factors	WRKY	cluster_10	0.5389571661537653	0.5273843618056256	0.002997002997002997	0.015984015984015984	0.019055944055944057	0.08649506521846947
MA2076.1	PK18401.1	Basic helix-loop-helix factors (bHLH)	bHLH	cluster_07	0.5386895368105419	0.5313559227600679	0.001998001998001998	0.01098901098901099	0.015093817074015093	0.0655048076923077
MA2080.1	PK20225.1	Basic helix-loop-helix factors (bHLH)	bHLH	cluster_07	0.5385093637391831	0.5835680910292919	0.002997002997002997	0.005994005994005994	0.019055944055944057	0.04195804195804196
MA2043.2	NAC004	GCM domain factors	NAC	cluster_25	0.5381424419369263	0.6531220185466635	0.003996003996003996	0.001998001998001998	0.024198024198024196	0.022093848180804704
MA1663.3	NAC050	GCM domain factors	NAC	cluster_25	0.5379139377679579	0.5439957835349611	0.002997002997002997	0.014985014985014986	0.019055944055944057	0.0846930846930847
MA1674.3	NAC017	GCM domain factors	NAC	cluster_25	0.5378238512322785	0.5523539877116629	0.002997002997002997	0.14085914085914086	0.019055944055944057	0.3908200890019072
MA1835.2	TFLG2-Zm00001d042777	Basic leucine zipper factors (bZIP)	Group D	cluster_28	0.537745929666746	0.5478706657005821	0.004995004995004995	0.000999000999000999	0.029093044360219932	0.015244755244755244
MA1305.2	WRKY55	GCM domain factors	WRKY	cluster_10	0.5373165390988719	0.5265414129353195	0.000999000999000999	0.026973026973026972	0.009772279003048235	0.12472981563890653
MA1315.2	WRKY24	GCM domain factors	WRKY	cluster_10	0.5367273600042055	0.5194912106035181	0.001998001998001998	0.058941058941058944	0.015093817074015093	0.2121322074152263
MA0552.2	PIF1	Basic helix-loop-helix factors (bHLH)	bHLH	cluster_07	0.5367030300639154	0.5813216929192522	0.001998001998001998	0.006993006993006993	0.015093817074015093	0.04639708117968988
MA1735.2	AT2G38300	Tryptophan cluster factors	GARP_G2-like	cluster_04	0.5366898787448371	0.5335059496793905	0.003996003996003996	0.005994005994005994	0.024198024198024196	0.04195804195804196
MA1805.2	WRKY53	GCM domain factors	WRKY	cluster_10	0.5366020936899973	0.5487501570966237	0.005994005994005994	0.01898101898101898	0.03362813656931304	0.09852052709195566
MA1062.3	TCP15	TCP	NA	cluster_01	0.536152976143507	0.5325968863973966	0.004995004995004995	0.004995004995004995	0.029093044360219932	0.03969988344988345
MA1285.2	TCP9	TCP	NA	cluster_01	0.5361312764670314	0.5358523392533215	0.002997002997002997	0.002997002997002997	0.019055944055944057	0.02823102823102823
MA1302.2	WRKY65	GCM domain factors	WRKY	cluster_10	0.5360385596675339	0.5206461534043175	0.005994005994005994	0.06293706293706294	0.03362813656931304	0.22027972027972031
MA0589.2	WRKY1	GCM domain factors	WRKY	cluster_10	0.5359691864594012	0.5312295517690302	0.005994005994005994	0.005994005994005994	0.03362813656931304	0.04195804195804196
MA1363.1	LRL2	Basic helix-loop-helix factors (bHLH)	bHLH	cluster_07	0.5359557063573459	0.5283210462855599	0.003996003996003996	0.008991008991008992	0.024198024198024196	0.054881118881118886
MA0967.1	BZIP60	Basic leucine zipper factors (bZIP)	Group K	cluster_14	0.5356614455929929	0.5359538964878783	0.007992007992007992	0.003996003996003996	0.04294297252043731	0.03278441988119408
MA1359.3	BPE	Basic helix-loop-helix factors (bHLH)	bHLH	cluster_07	0.5354871906152185	0.5831140112603515	0.005994005994005994	0.004995004995004995	0.03362813656931304	0.03969988344988345
MA1301.2	WRKY33	GCM domain factors	WRKY	cluster_10	0.5354378731686785	0.5178970872692152	0.007992007992007992	0.06293706293706294	0.04294297252043731	0.22027972027972031
MA2079.1	PK19717.1	TCP	NA	cluster_01	0.5350633893579506	0.5243372464558532	0.002997002997002997	0.01898101898101898	0.019055944055944057	0.09852052709195566
MA1310.2	WRKY42	GCM domain factors	WRKY	cluster_10	0.5344100975827878	0.5355189291918759	0.003996003996003996	0.02197802197802198	0.024198024198024196	0.10960281548516844
MA1690.2	ARF25	B3	ARF	cluster_01	0.5342217049370043	0.5346790689060638	0.007992007992007992	0.007992007992007992	0.04294297252043731	0.05081585081585081
MA1290.1	TCP17	TCP	NA	cluster_01	0.5340865751334857	0.5400655105501732	0.008991008991008992	0.000999000999000999	0.04763986013986014	0.015244755244755244
MA1067.1	TCP5	TCP	NA	cluster_01	0.5337446408374759	0.5346402937479183	0.011988011988011988	0.003996003996003996	0.05826021112645316	0.03278441988119408
MA1069.3	TGA6	Basic leucine zipper factors (bZIP)	Group D	cluster_14	0.5336101685999098	0.5413676270719451	0.003996003996003996	0.000999000999000999	0.024198024198024196	0.015244755244755244
MA0936.1	NAC046	GCM domain factors	NAC	cluster_20	0.533451037639075	0.536084741570085	0.004995004995004995	0.002997002997002997	0.029093044360219932	0.02823102823102823
MA2452.1	SPL8A	C3H(C),C2HC zinc-fingers like factors	SBP	cluster_33	0.53331229122281	0.5237818225912257	0.003996003996003996	0.03696303696303696	0.024198024198024196	0.15411364591692459
MA1287.2	TCP21	TCP	NA	cluster_01	0.5331225834451198	0.5341703791613321	0.004995004995004995	0.000999000999000999	0.029093044360219932	0.015244755244755244
MA1822.2	Zm00001d018571	Basic leucine zipper factors (bZIP)	NA	cluster_28	0.5329516162971142	0.5430275013044563	0.00999000999000999	0.001998001998001998	0.05115689679448069	0.022093848180804704
MA1065.3	TCP20	TCP	NA	cluster_01	0.532575159788527	0.5326182866719004	0.004995004995004995	0.005994005994005994	0.029093044360219932	0.04195804195804196
MA2396.1	IDD1	C2H2 zinc finger factors	IDD	cluster_08	0.5324623872274385	0.5218032129510155	0.012987012987012988	0.05194805194805195	0.06154714850367024	0.19525302283922977
MA1309.1	WRKY3	GCM domain factors	WRKY	cluster_10	0.5324373997211914	0.5177854168257336	0.005994005994005994	0.07392607392607392	0.03362813656931304	0.2452417148069322
MA0557.2	FHY3	GCM domain factors	FRS/FRF	cluster_07	0.5322079092032932	0.5229949446996166	0.007992007992007992	0.04895104895104895	0.04294297252043731	0.1895921337545703
MA1314.2	WRKY14	GCM domain factors	WRKY	cluster_10	0.532035626923381	0.5163750669265879	0.012987012987012988	0.09090909090909091	0.06154714850367024	0.2878159185213127
MA2407.1	PK24978.1	Basic leucine zipper factors (bZIP)	Group A	cluster_07	0.5318294799968436	0.5529415183395211	0.011988011988011988	0.007992007992007992	0.05826021112645316	0.05081585081585081
MA1044.2	NAC92	GCM domain factors	NAC	cluster_20	0.5315648097004122	0.5258662821262183	0.00999000999000999	0.03296703296703297	0.05115689679448069	0.14373626373626375
MA1308.2	WRKY70	GCM domain factors	WRKY	cluster_10	0.5313563612930376	0.5188368325074059	0.01098901098901099	0.054945054945054944	0.05480140774258422	0.2015532544378698
MA1685.2	ARF10	B3	ARF	cluster_01	0.5313425524080061	0.5347384711676012	0.01098901098901099	0.005994005994005994	0.05480140774258422	0.04195804195804196
MA1297.2	WRKY26	GCM domain factors	WRKY	cluster_10	0.5312892895657435	0.5153379170029002	0.00999000999000999	0.0899100899100899	0.05115689679448069	0.28583916083916083
MA1045.2	NAC043	GCM domain factors	NAC	cluster_32	0.5312873168678816	0.5314682147975721	0.008991008991008992	0.03196803196803197	0.04763986013986014	0.1426409847462479
MA1168.2	MYR2	Tryptophan cluster factors	GARP_G2-like	cluster_04	0.5312327388937107	0.5452441634578739	0.00999000999000999	0.008991008991008992	0.05115689679448069	0.054881118881118886
MA0963.1	bHLH78	Basic helix-loop-helix factors (bHLH)	bHLH	cluster_07	0.530989110707804	0.5283550024958985	0.007992007992007992	0.057942057942057944	0.04294297252043731	0.21153009669756082
MA0949.2	ARR2	Tryptophan cluster factors	GARP_ARR-B	cluster_13	0.5308480628107	0.5337461959127524	0.011988011988011988	0.012987012987012988	0.05826021112645316	0.07506887052341599
MA1060.2	SPL7	C3H(C),C2HC zinc fingers factors	SBP	cluster_28	0.5306948499434493	0.5547304923665914	0.01098901098901099	0.003996003996003996	0.05480140774258422	0.03278441988119408
MA2438.1	SPL1D	C3H(C),C2HC zinc-fingers like factors	SBP	cluster_38	0.5306517793734707	0.5151605960290011	0.011988011988011988	0.1088911088911089	0.05826021112645316	0.32581927876045524
MA1688.2	ARF16	B3	ARF	cluster_17	0.5306429022330933	0.5161630465218425	0.01098901098901099	0.0979020979020979	0.05480140774258422	0.2987972027972028
MA2055.1	PK00315.1	Basic leucine zipper factors (bZIP)	Group I	cluster_12	0.5306126541992161	0.5213767966262737	0.012987012987012988	0.04995004995004995	0.06154714850367024	0.19055944055944057
MA1288.2	TCP22	TCP	NA	cluster_01	0.5302822273073999	0.5337366773185737	0.00999000999000999	0.003996003996003996	0.05115689679448069	0.03278441988119408
MA0586.3	SPL14	C3H(C),C2HC zinc fingers factors	SBP	cluster_28	0.5302167994949896	0.5344547001509524	0.015984015984015984	0.006993006993006993	0.07259407259407259	0.04639708117968988
MA0939.1	NAC079	GCM domain factors	NAC	cluster_20	0.5296999526552512	0.5361532931704938	0.014985014985014986	0.01098901098901099	0.06887690622630382	0.0655048076923077
MA0587.2	TCP16	TCP	NA	cluster_01	0.5294329808779821	0.5264792830431885	0.013986013986013986	0.026973026973026972	0.06506907726419922	0.12472981563890653
MA2377.1	cassava45561.m1	TCP	NA	cluster_01	0.5291433230753037	0.519274247168089	0.013986013986013986	0.05194805194805195	0.06506907726419922	0.19525302283922977
MA1050.1	OsI_08196	TCP	NA	cluster_01	0.5289342171019752	0.5174254145737189	0.016983016983016984	0.08291708291708291	0.07622377622377623	0.27036638575100114
MA1304.2	WRKY59	GCM domain factors	WRKY	cluster_10	0.5289131749914511	0.523496606018198	0.017982017982017984	0.06693306693306693	0.07976906814116118	0.23108565642502293
MA2389.1	GBF1	Basic leucine zipper factors (bZIP)	NA	cluster_07	0.5285472395381252	0.5335258048412646	0.012987012987012988	0.03696303696303696	0.06154714850367024	0.15411364591692459
MA1096.1	ARALYDRAFT_496250	TCP	NA	cluster_01	0.5284591257003077	0.5299220625839269	0.01898101898101898	0.015984015984015984	0.08275724275724276	0.08649506521846947
MA2445.1	SPL4D	C3H(C),C2HC zinc-fingers like factors	SBP	cluster_38	0.5283355033009807	0.5102308718668059	0.015984015984015984	0.18281718281718282	0.07259407259407259	0.463420300629603
MA2449.1	SPL6A	C3H(C),C2HC zinc-fingers like factors	SBP	cluster_38	0.5281362608169601	0.5102209924200634	0.01998001998001998	0.20679320679320679	0.0861285607048319	0.48849293121738946
MA2390.1	GLYMA19G26560	Basic leucine zipper factors (bZIP)	NA	cluster_01	0.5280843131066041	0.5115167026780607	0.017982017982017984	0.2057942057942058	0.07976906814116118	0.48849293121738946
MA1157.2	NUC	C2H2 zinc finger factors	IDD	cluster_08	0.5278045187932341	0.5219026016831859	0.023976023976023976	0.04095904095904096	0.0967920967920968	0.16712164840507085
MA1338.3	DPBF3	Basic leucine zipper factors (bZIP)	Group A	cluster_07	0.527779531286988	0.5203820396136838	0.02197802197802198	0.04395604395604396	0.09113712374581939	0.1746794871794872
MA1361.2	bHLH18	Basic helix-loop-helix factors (bHLH)	bHLH	cluster_07	0.5277417212446388	0.5214466193835839	0.01898101898101898	0.03196803196803197	0.08275724275724276	0.1426409847462479
MA1383.2	KAN2	Tryptophan cluster factors	GARP_G2-like	cluster_04	0.5277361319340329	0.530762605299511	0.01898101898101898	0.015984015984015984	0.08275724275724276	0.08649506521846947
MA1019.2	Glyma19g26560.1	TCP	NA	cluster_01	0.5277344880191478	0.5106703536311007	0.013986013986013986	0.1978021978021978	0.06506907726419922	0.48218235438682716
MA1340.2	BZIP3	Basic leucine zipper factors (bZIP)	Group S	cluster_14	0.527719692785186	0.5102584724408912	0.024975024975024976	0.1938061938061938	0.10029444239970557	0.4754795044184112
MA2442.1	SPL3B	C3H(C),C2HC zinc-fingers like factors	SBP	cluster_38	0.5275102580288804	0.5142947900961836	0.014985014985014986	0.11388611388611389	0.06887690622630382	0.33680273215156936
MA1659.2	ABF4	Basic leucine zipper factors (bZIP)	Group A	cluster_07	0.5274471316973091	0.5309667187515236	0.02197802197802198	0.03796203796203796	0.09113712374581939	0.15741866828823348
MA1743.2	BZIP2	Basic leucine zipper factors (bZIP)	Group S	cluster_14	0.5272883295194488	0.5110056027442046	0.006993006993006993	0.17482517482517482	0.03894645500484917	0.4506473256473256
MA1329.3	ZHD1	Homeo domain factors	PLINC	cluster_09	0.5272166548304795	0.5396513716832658	0.025974025974025976	0.012987012987012988	0.10268487988695243	0.07506887052341599
MA2401.1	Os05g0437700	Basic leucine zipper factors (bZIP)	NA	cluster_07	0.5271660222520319	0.544046857166876	0.02197802197802198	0.014985014985014986	0.09113712374581939	0.0846930846930847
MA1303.2	WRKY22	GCM domain factors	WRKY	cluster_10	0.5271446513585312	0.5140787459955519	0.023976023976023976	0.12787212787212787	0.0967920967920968	0.36541735418139915
MA1289.2	TCP3	TCP	NA	cluster_01	0.526881296194008	0.5262453180575001	0.022977022977022976	0.01998001998001998	0.09476469476469476	0.103005103005103
MA1344.2	BZIP28	Basic leucine zipper factors (bZIP)	Group B	cluster_07	0.526570925063783	0.5211000072528827	0.025974025974025976	0.060939060939060936	0.10268487988695243	0.21526159026159025
MA1086.2	WRKY43	GCM domain factors	WRKY	cluster_10	0.5265387043320445	0.6211801515504194	0.025974025974025976	0.04995004995004995	0.10268487988695243	0.19055944055944057
MA0930.3	ABF3	Basic leucine zipper factors (bZIP)	Group A	cluster_07	0.526429548383703	0.5420590965291985	0.02097902097902098	0.13986013986013987	0.08942454193850842	0.38946455004849173
MA1694.2	ARF35	B3	ARF	cluster_17	0.5262934322312511	0.527372286625926	0.028971028971028972	0.013986013986013986	0.11278007706579135	0.08023555391976445
MA1298.2	WRKY29	GCM domain factors	WRKY	cluster_10	0.5262595675846291	0.5092716657478554	0.030969030969030968	0.3016983016983017	0.11814685314685314	0.5979111797293616
MA2434.1	SPL16A	C3H(C),C2HC zinc-fingers like factors	SBP	cluster_38	0.5261264104789705	0.5087340774739095	0.016983016983016984	0.21178821178821178	0.07622377622377623	0.4941724941724942
MA2046.2	NAC035	GCM domain factors	NAC	cluster_20	0.5261086561982166	0.5391309238914864	0.02197802197802198	0.001998001998001998	0.09113712374581939	0.022093848180804704
MA2092.1	PK27149.1	Basic leucine zipper factors (bZIP)	Group S	cluster_07	0.5260458586496222	0.5174105729890303	0.03296703296703297	0.15884115884115885	0.12391057218643427	0.4252484357747516
MA2454.1	SPL8D1	C3H(C),C2HC zinc-fingers like factors	SBP	cluster_33	0.5260363239432906	0.5119643597002065	0.023976023976023976	0.1998001998001998	0.0967920967920968	0.48396048396048397
MA2427.1	SPL12B	C3H(C),C2HC zinc-fingers like factors	SBP	cluster_38	0.5260327073305449	0.5131829146284532	0.03396603396603397	0.13386613386613386	0.1258062326023491	0.37551419169066225
MA2364.1	VIT_15s0048g01150	TCP	NA	cluster_01	0.5260139667008605	0.5163931219285348	0.03296703296703297	0.09490509490509491	0.12391057218643427	0.29436011143328217
MA1692.2	ARF29	B3	ARF	cluster_15	0.5259584023777588	0.5240341860052192	0.03496503496503497	0.07492507492507493	0.12826116191500808	0.24747979293433842
MA1321.2	SPL13A	C3H(C),C2HC zinc fingers factors	SBP	cluster_28	0.525416896814751	0.5207908245482153	0.029970029970029972	0.058941058941058944	0.11549057003602459	0.2121322074152263
MA1386.3	HHO3	Tryptophan cluster factors	GARP_G2-like	cluster_04	0.5253409479470793	0.56204111453556	0.027972027972027972	0.006993006993006993	0.10944952483414022	0.04639708117968988
MA1675.2	NAC029	GCM domain factors	NAC	cluster_20	0.5252133801520291	0.5200705170101201	0.03796203796203796	0.09290709290709291	0.13598607964805148	0.2917206250539584
MA1428.2	TCP8	TCP	NA	cluster_01	0.5251686656671664	0.5116548150174303	0.029970029970029972	0.16883116883116883	0.11549057003602459	0.43667180277349765
MA1063.2	TCP19	TCP	NA	cluster_01	0.5250858123569789	0.5154218365550243	0.03596403596403597	0.1008991008991009	0.13066933066933067	0.3055000555000555
MA1054.2	ARALYDRAFT_897773	TCP	NA	cluster_01	0.5250841684420938	0.5126324860997439	0.023976023976023976	0.11288711288711288	0.0967920967920968	0.3351473429294441
MA2422.1	OsbZIP42	Basic leucine zipper factors (bZIP)	Group A	cluster_07	0.5249079407664597	0.5172005239822286	0.030969030969030968	0.08691308691308691	0.11814685314685314	0.27980879879614057
MA1799.2	SPL10	C3H(C),C2HC zinc fingers factors	SBP	cluster_28	0.5246337357636971	0.5327637132975978	0.03396603396603397	0.07392607392607392	0.1258062326023491	0.2452417148069322
MA1390.3	HHO2	Tryptophan cluster factors	GARP_G2-like	cluster_04	0.5245344433046628	0.5283036656078471	0.03396603396603397	0.12387612387612387	0.1258062326023491	0.3580207671116762
MA1286.2	TCP24	TCP	NA	cluster_01	0.524513729977117	0.5221833063856437	0.027972027972027972	0.03696303696303696	0.10944952483414022	0.15411364591692459
MA1697.2	ARF4	B3	ARF	cluster_17	0.5243713669481048	0.5241813978565429	0.04095904095904096	0.04795204795204795	0.14270204681163584	0.1876277568585261
MA2033.2	NAC038	GCM domain factors	NAC	cluster_16	0.5243463794418556	0.5229810134158484	0.03196803196803197	0.024975024975024976	0.12135128553039	0.12060724086040542
MA2423.1	OsbZIP69	Basic leucine zipper factors (bZIP)	Group A	cluster_14	0.5240346931797237	0.5085568798969426	0.04595404595404595	0.23876123876123875	0.15378481167954852	0.5249994961810523
MA1791.1	NAC087	GCM domain factors	NAC	cluster_16	0.5240139798521811	0.5276295030063518	0.04795204795204795	0.02197802197802198	0.15907570690179387	0.10960281548516844
MA1811.2	GLYMA-13G317000	Basic leucine zipper factors (bZIP)	Group A	cluster_07	0.5237841605513031	0.5336924165785224	0.04295704295704296	0.03296703296703297	0.14764064764064766	0.14373626373626375
MA1327.3	ATHB-23	Homeo domain factors	HD-ZIP	cluster_09	0.5237361582366711	0.6775615328317668	0.02097902097902098	0.028971028971028972	0.08942454193850842	0.13079819588695327
MA1803.2	VIP1	Basic leucine zipper factors (bZIP)	Group I	cluster_12	0.523698676977301	0.513876612778755	0.04495504495504495	0.11988011988011989	0.15244755244755243	0.34911653232263923
MA2104.1	IDD11	C2H2 zinc finger factors	IDD	cluster_08	0.5235724243141577	0.5168632222732523	0.04295704295704296	0.0899100899100899	0.14764064764064766	0.28583916083916083
MA2413.1	ZmbZIP96	Basic leucine zipper factors (bZIP)	D	cluster_07	0.5233896209789839	0.5181533465888576	0.04395604395604396	0.052947052947052944	0.15039668851328045	0.19803235979706568
MA1207.2	GT-3a	Tryptophan cluster factors	Trihelix	cluster_07	0.5233758120939521	0.5165629134774808	0.04495504495504495	0.07092907092907093	0.15244755244755243	0.23946407574726158
MA1089.2	WRKY57	GCM domain factors	WRKY	cluster_10	0.5233376732686288	0.6794569880597316	0.02197802197802198	0.028971028971028972	0.09113712374581939	0.13079819588695327
MA0123.1	abi4	AP2/EREBP	ERF/DREB	cluster_24	0.5233120281964285	0.5183736434114528	0.03996003996003996	0.059940059940059943	0.14050465663368888	0.21371152212273709
MA1427.3	NAC028	GCM domain factors	NAC	cluster_25	0.5232821089455272	0.591145093963985	0.03996003996003996	0.05094905094905095	0.14050465663368888	0.1934036113140591
MA1807.2	ZHD10	Homeo domain factors	PLINC	cluster_09	0.5231101554485914	0.6047098614777952	0.03996003996003996	0.06993006993006994	0.14050465663368888	0.2381993006993007
MA1745.2	BZIP63	Basic leucine zipper factors (bZIP)	Group C	cluster_07	0.5230213840448197	0.51934551569465	0.04895104895104895	0.2037962037962038	0.16168679805043443	0.48744985422101417
MA1158.2	MGP	C2H2 zinc finger factors	IDD	cluster_08	0.5230134932533725	0.51627345117512	0.04995004995004995	0.07392607392607392	0.16427537979262116	0.2452417148069322
MA2432.1	SPL15B	C3H(C),C2HC zinc-fingers like factors	SBP	cluster_52	0.522912885662432	0.6268412108569147	0.01998001998001998	0.03296703296703297	0.0861285607048319	0.14373626373626375
MA0968.3	BZIP68	Basic leucine zipper factors (bZIP)	Group G	cluster_07	0.522882637628552	0.520771973429431	0.05194805194805195	0.058941058941058944	0.1693861693861694	0.2121322074152263
MA1326.2	ZHD5	Homeo domain factors	PLINC	cluster_09	0.5228510744627688	0.5333673829715709	0.04095904095904096	0.21578421578421578	0.14270204681163584	0.49891926255562613
MA2410.1	ZmbZIP54	Basic leucine zipper factors (bZIP)	S	cluster_14	0.5225397169836139	0.5286796300173555	0.056943056943056944	0.026973026973026972	0.18103146853146854	0.12472981563890653
MA2411.1	ZmbZIP57	Basic leucine zipper factors (bZIP)	S	cluster_14	0.5224506167968644	0.5309853699098563	0.053946053946053944	0.005994005994005994	0.17515250706740068	0.04195804195804196
MA2441.1	SPL3A	C3H(C),C2HC zinc-fingers like factors	SBP	cluster_38	0.522260909019173	0.507158675193851	0.04595404595404595	0.24875124875124874	0.15378481167954852	0.5331382101045021
MA1328.1	ZHD9	Homeo domain factors	PLINC	cluster_06	0.5222247428917101	0.5088581665392846	0.056943056943056944	0.2177822177822178	0.18103146853146854	0.5005055185778078
MA1031.2	OJ1581_H09.2	TCP	NA	cluster_01	0.5222171808832423	0.5170603602008494	0.05194805194805195	0.3226773226773227	0.1693861693861694	0.6248801959461858
MA2346.1	OsTCP7	TCP	NA	cluster_01	0.5221540545516715	0.5170397397124017	0.03796203796203796	0.3246753246753247	0.13598607964805148	0.6255739210284664
MA1033.1	OJ1058_F05.8	Basic leucine zipper factors (bZIP)	Group A	cluster_07	0.5221507667219021	0.5409728689352132	0.04295704295704296	0.015984015984015984	0.14764064764064766	0.08649506521846947
MA0945.2	ARR1	Tryptophan cluster factors	GARP_ARR-B	cluster_13	0.521985717667482	0.6803401861182382	0.03496503496503497	0.04195804195804196	0.12826116191500808	0.1702871596488618
MA1389.2	PHL1	Tryptophan cluster factors	GARP_G2-like	cluster_04	0.521871301191508	0.5165615730160337	0.06393606393606394	0.08491508491508491	0.19130673248320307	0.27570302038387146
MA1057.2	SPL12	C3H(C),C2HC zinc fingers factors	SBP	cluster_28	0.5217923932770459	0.5319583173494409	0.059940059940059943	0.0969030969030969	0.18591164932628348	0.2969359957311764
MA0580.1	DYT1	Basic helix-loop-helix factors (bHLH)	bHLH	cluster_07	0.5217910781451385	0.5034475523655147	0.03696303696303696	0.3786213786213786	0.13366254598482086	0.6944425766541151
MA2436.1	SPL18A	C3H(C),C2HC zinc-fingers like factors	SBP	cluster_38	0.5217391304347826	0.5100787565692708	0.04795204795204795	0.1838161838161838	0.15907570690179387	0.46440976242300747
MA1788.1	NAC054	GCM domain factors	NAC	cluster_16	0.5217078960519731	0.5246906137684527	0.06693306693306693	0.025974025974025976	0.19794546538732583	0.12233445566778901
MA1689.2	ARF18	B3	ARF	cluster_17	0.5216746889713033	0.5299688412715787	0.057942057942057944	0.03396603396603397	0.1826850835115298	0.14641855319821423
MA2446.1	SPL5A	C3H(C),C2HC zinc-fingers like factors	SBP	cluster_38	0.5216115626397333	0.5118602486287871	0.06293706293706294	0.17682317682317683	0.19130673248320307	0.4527385366311541
MA1334.2	BZIP11	Basic leucine zipper factors (bZIP)	Group S	cluster_14	0.5214248139088348	0.5024129576415612	0.03996003996003996	0.4195804195804196	0.14050465663368888	0.7242983261082809
MA2443.1	SPL3D	C3H(C),C2HC zinc-fingers like factors	SBP	cluster_38	0.5214218548620411	0.5116993525475322	0.061938061938061936	0.16883116883116883	0.18903496503496503	0.43667180277349765
MA2355.1	PK06791.1	C3H(C),C2HC zinc-fingers like factors	SBP	cluster_28	0.5214060732791498	0.5584399242699665	0.054945054945054944	0.027972027972027972	0.17614738202973498	0.12780034336920565
MA1387.2	HRS1	Tryptophan cluster factors	GARP_G2-like	cluster_04	0.5213501801730714	0.5138626363872814	0.061938061938061936	0.11988011988011989	0.18903496503496503	0.34911653232263923
MA1349.2	BZIP16	Basic leucine zipper factors (bZIP)	Group G	cluster_07	0.5213439332965103	0.516712873407856	0.054945054945054944	0.09290709290709291	0.17614738202973498	0.2917206250539584
MA0938.3	NAC058	GCM domain factors	NAC	cluster_16	0.5212942870669909	0.5211977592358801	0.060939060939060936	0.03596403596403597	0.18748590119557862	0.15244755244755245
MA1341.2	BZIP53	Basic leucine zipper factors (bZIP)	Group S	cluster_14	0.5212199821142057	0.5036352672489558	0.04595404595404595	0.3726273726273726	0.15378481167954852	0.6867504476200128
MA2424.1	OsbZIP77	Basic leucine zipper factors (bZIP)	Group A	cluster_14	0.5211815145059041	0.5026759245103334	0.057942057942057944	0.4045954045954046	0.1826850835115298	0.708041958041958
MA1808.2	GLYMA-06G314400	Basic leucine zipper factors (bZIP)	Group A	cluster_07	0.5209868749835604	0.5263418642633992	0.06793206793206794	0.04295704295704296	0.19859068134930202	0.17341917341917343
MA2431.1	SPL15A	C3H(C),C2HC zinc-fingers like factors	SBP	cluster_38	0.5209855598516533	0.50766557782607	0.058941058941058944	0.25374625374625376	0.18507007395896286	0.5369354402503573
MA2009.2	NAC010	GCM domain factors	NAC	cluster_16	0.5209618874773141	0.5237109882836466	0.06393606393606394	0.02197802197802198	0.19130673248320307	0.10960281548516844
MA2450.1	SPL7A	C3H(C),C2HC zinc-fingers like factors	SBP	cluster_38	0.5209582708645651	0.5051108597208063	0.054945054945054944	0.33766233766233766	0.17614738202973498	0.6457051720209614
MA1085.3	WRKY40	GCM domain factors	WRKY	cluster_10	0.5209175017754282	0.6786984908611221	0.03596403596403597	0.04395604395604396	0.13066933066933067	0.1746794871794872
MA1316.2	WRKY71	GCM domain factors	WRKY	cluster_10	0.5207409453168148	0.5101407261935688	0.060939060939060936	0.22877122877122877	0.18748590119557862	0.5149039750809662
MA1306.2	WRKY11	GCM domain factors	WRKY	cluster_10	0.5206419816407576	0.5113729392988695	0.06593406593406594	0.18581418581418582	0.19574977551631248	0.46790832929446796
MA1048.1	ERF018	AP2/EREBP	ERF/DREB	cluster_15	0.5205499224072165	0.5304313901373233	0.06393606393606394	0.025974025974025976	0.19130673248320307	0.12233445566778901
MA2448.1	SPL5D	C3H(C),C2HC zinc-fingers like factors	SBP	cluster_38	0.5202898550724647	0.5079570112698253	0.07292707292707293	0.24175824175824176	0.21077029031574487	0.5270329670329671
MA2376.1	CAMTA5	GCM domain factors	CAMTA	cluster_07	0.5202540177279786	0.5083675160951164	0.07192807192807193	0.24375624375624375	0.20946991939358353	0.5283693579148124
MA1165.3	HHO6	Tryptophan cluster factors	GARP_G2-like	cluster_04	0.5199541676530156	0.5957351492981392	0.059940059940059943	0.0999000999000999	0.18591164932628348	0.30368038336165826
MA2433.1	SPL15D	C3H(C),C2HC zinc-fingers like factors	SBP	cluster_38	0.5198522449301675	0.508571857270504	0.06593406593406594	0.23276723276723277	0.19574977551631248	0.5193023350918088
MA0944.2	ARF8	B3	ARF	cluster_17	0.5198417238749048	0.5660936801450769	0.06793206793206794	0.16483516483516483	0.19859068134930202	0.43518764972052165
MA1318.2	WRKY27	GCM domain factors	WRKY	cluster_10	0.5198351482153647	0.5117272274880063	0.07492507492507493	0.16783216783216784	0.21491666228508333	0.43667180277349765
MA2086.1	PK23964.1	Basic leucine zipper factors (bZIP)	Group G	cluster_07	0.5197855019858485	0.5296911707951707	0.06393606393606394	0.07992007992007992	0.19130673248320307	0.261712536390648
MA1672.2	GBF2	Basic leucine zipper factors (bZIP)	Group G	cluster_07	0.5197088955522238	0.5213930629211107	0.07292707292707293	0.053946053946053944	0.21077029031574487	0.1988446336272423
MA2015.2	NAC002	GCM domain factors	NAC	cluster_20	0.5196197953654754	0.5165445387638953	0.07692307692307693	0.16183816183816183	0.2173789173789174	0.43025267415511315
MA2455.1	SPL9D	C3H(C),C2HC zinc-fingers like factors	SBP	cluster_38	0.5195734369657262	0.5091856623721104	0.06793206793206794	0.2137862137862138	0.19859068134930202	0.4973136619478083
MA1317.2	WRKY50	GCM domain factors	WRKY	cluster_10	0.5194540887451009	0.5335469774452158	0.07992007992007992	0.2017982017982018	0.22501483756096302	0.4857161765679116
MA2066.1	PK09021.1	Basic leucine zipper factors (bZIP)	Group D	cluster_14	0.5193610431626294	0.5258356588905191	0.07692307692307693	0.03596403596403597	0.2173789173789174	0.15244755244755245
MA1094.3	WRKY8	GCM domain factors	WRKY	cluster_10	0.5189832715221333	0.5121254165281378	0.059940059940059943	0.15484515484515485	0.18591164932628348	0.4174800464553115
MA1430.2	TB1	TCP	NA	cluster_01	0.5189658460243557	0.5193996629129943	0.08291708291708291	0.04495504495504495	0.23174261635800095	0.1768077283541201
MA1693.2	ARF34	B3	ARF	cluster_22	0.5188208527315282	0.5226408246182388	0.0899100899100899	0.03996003996003996	0.2468456810093821	0.16392209940597038
MA2047.2	NAC037	GCM domain factors	NAC	cluster_25	0.5187932349614663	0.5658361939123707	0.0919080919080919	0.17782217782217782	0.24779460821863647	0.4537736510980658
MA2358.1	PK22320.1	C3H(C),C2HC zinc-fingers like factors	SBP	cluster_28	0.5187767958126202	0.5302495113452057	0.09090909090909091	0.13086913086913088	0.2468456810093821	0.37120128941690284
MA1294.2	MYB62	Tryptophan cluster factors	MYB	cluster_02	0.5186124043241538	0.5138175513444007	0.08091908091908091	0.2097902097902098	0.226989921842863	0.49252286175363097
MA2006.2	NAC020	GCM domain factors	NAC	cluster_16	0.5184759593887259	0.524305366647884	0.08791208791208792	0.024975024975024976	0.2448062886019091	0.12060724086040542
MA1426.2	MYB124	Tryptophan cluster factors	MYB	cluster_07	0.5183250480023144	0.5199572379241635	0.07392607392607392	0.07092907092907093	0.21285129964375246	0.23946407574726158
MA0570.3	ABF1	Basic leucine zipper factors (bZIP)	Group A	cluster_07	0.5182428522580805	0.5163119402349802	0.07692307692307693	0.1038961038961039	0.2173789173789174	0.3133309378368667
MA1351.3	GBF3	Basic leucine zipper factors (bZIP)	Group G	cluster_07	0.5182359478155653	0.5244332731589768	0.09090909090909091	0.053946053946053944	0.2468456810093821	0.1988446336272423
MA1804.2	WIN1	AP2/EREBP	ERF/DREB	cluster_30	0.5182053709987112	0.5256994506711746	0.08891108891108891	0.0959040959040959	0.2466878575969485	0.2962543529345149
MA0948.2	ARR18	Tryptophan cluster factors	GARP_ARR-B	cluster_13	0.5181646019095716	0.5336762617057784	0.09090909090909091	0.04395604395604396	0.2468456810093821	0.1746794871794872
MA1299.2	WRKY17	GCM domain factors	WRKY	cluster_10	0.5179334674767867	0.5087897801284532	0.0919080919080919	0.22877122877122877	0.24779460821863647	0.5149039750809662
MA2005.2	NAC016	GCM domain factors	NAC	cluster_16	0.5177884741839597	0.5133791247550987	0.1028971028971029	0.12487512487512488	0.2634580184915755	0.35819443714180554
MA1358.2	bHLH130	Basic helix-loop-helix factors (bHLH)	bHLH	cluster_07	0.5177177858439203	0.5185214960514547	0.07592407592407592	0.11588411588411589	0.21696655404520573	0.34007530930607854
MA2392.1	GRMZM2G135447	Homeo domain factors	TALE-type HD	cluster_14	0.5177128540992659	0.5184901825717932	0.09490509490509491	0.2037962037962038	0.2514325951825952	0.48744985422101417
MA2409.1	ZmbZIP25	Basic leucine zipper factors (bZIP)	D	cluster_14	0.5176901680738578	0.5262074857792478	0.1088911088911089	0.015984015984015984	0.27694638694638696	0.08649506521846947
MA1370.2	IDD5	C2H2 zinc finger factors	IDD	cluster_08	0.5175803545595651	0.5066381770977982	0.09090909090909091	0.2627372627372627	0.2468456810093821	0.5462357805682055
MA2349.1	OsCCA1	Tryptophan cluster factors	MYB-related	cluster_13	0.517538270338515	0.6260852184399631	0.0979020979020979	0.11588411588411589	0.25581952294281063	0.34007530930607854
MA2091.1	PK27109.1	Basic leucine zipper factors (bZIP)	Group I	cluster_12	0.5175326810279068	0.5192135888338062	0.0939060939060939	0.06493506493506493	0.2505256980781456	0.2252066115702479
MA2444.1	SPL4A	C3H(C),C2HC zinc-fingers like factors	SBP	cluster_38	0.5175011178621207	0.5087989609217329	0.0939060939060939	0.22277722277722278	0.2505256980781456	0.5074000626239432
MA1706.2	AT1G14600	Tryptophan cluster factors	GARP_G2-like	cluster_04	0.5173363975906781	0.5307441287993111	0.10989010989010989	0.18181818181818182	0.2785586506516739	0.46242424242424246
MA0128.1	EmBP-1	Basic leucine zipper factors (bZIP)	Group G	cluster_07	0.5173360688077013	0.5336035815812478	0.0969030969030969	0.04495504495504495	0.2540792540792541	0.1768077283541201
MA2451.1	SPL7B	C3H(C),C2HC zinc-fingers like factors	SBP	cluster_38	0.5173340961098383	0.5054274180465935	0.0899100899100899	0.3066933066933067	0.2468456810093821	0.6031108067190541
MA2428.1	SPL13B	C3H(C),C2HC zinc-fingers like factors	SBP	cluster_38	0.5173258765354151	0.5068772106393441	0.09490509490509491	0.2837162837162837	0.2514325951825952	0.5726865726865727
MA2034.2	NAC057	GCM domain factors	NAC	cluster_25	0.5173094373865699	0.5896994251048264	0.1028971028971029	0.07392607392607392	0.2634580184915755	0.2452417148069322
MA2023.2	PHL4	Tryptophan cluster factors	GARP_G2-like	cluster_04	0.5172676819484989	0.5173480368271924	0.0999000999000999	0.0969030969030969	0.2601494069070861	0.2969359957311764
MA2391.1	Lg3	Homeo domain factors	TALE-type HD	cluster_14	0.5172269128593598	0.519967038230427	0.1018981018981019	0.24875124875124874	0.2626630126630127	0.5331382101045021
MA1296.2	WRKY46	GCM domain factors	WRKY	cluster_10	0.5171414292853572	0.5141219878414709	0.1108891108891109	0.13086913086913088	0.28016023711387955	0.37120128941690284
MA1768.2	MYB30	Tryptophan cluster factors	MYB	cluster_02	0.5170477261369307	0.5121688264294209	0.1008991008991009	0.15384615384615385	0.261857190428619	0.4174800464553115
MA1292.2	MYB27	Tryptophan cluster factors	MYB	cluster_02	0.5169619137799518	0.5029364490310314	0.0939060939060939	0.40559440559440557	0.2505256980781456	0.7081659759005297
MA1079.3	WRKY21	GCM domain factors	WRKY	cluster_10	0.5169017464951725	0.5108667247332079	0.0959040959040959	0.1878121878121878	0.25232698336146614	0.4698383583629485
MA2386.1	estExt_gwp_gw1.C_550163	AP2/EREBP	ERF/DREB	cluster_15	0.516830729372156	0.5313008849061457	0.1018981018981019	0.0899100899100899	0.2626630126630127	0.28583916083916083
MA0943.2	ARF5	B3	ARF	cluster_15	0.5166699544964357	0.5188671946618076	0.0959040959040959	0.15484515484515485	0.25232698336146614	0.4174800464553115
MA2430.1	SPL14B	C3H(C),C2HC zinc-fingers like factors	SBP	cluster_38	0.5165683605565639	0.506782471214041	0.11188811188811189	0.27472527472527475	0.2817512520482818	0.560468942821884
MA2045.2	NAC031	GCM domain factors	NAC	cluster_16	0.5164707120124131	0.5191872207315905	0.11688311688311688	0.060939060939060936	0.2904945217648801	0.21526159026159025
MA1830.2	Zm00001d015407	Tryptophan cluster factors	GARP_G2-like	cluster_04	0.5163599121491899	0.5056056992148877	0.10589410589410589	0.3046953046953047	0.27022475851907285	0.6022863147215479
MA0129.1	TGA1A	Basic leucine zipper factors (bZIP)	Group D	cluster_14	0.5162034114521686	0.5486023433461331	0.1258741258741259	0.016983016983016984	0.30684331642798096	0.08998640248640248
MA1377.2	PLT1	AP2/EREBP	AP2	cluster_31	0.5159949630447933	0.509077188860648	0.12187812187812187	0.24075924075924077	0.2999774419129258	0.5270329670329671
MA2435.1	SPL16D	C3H(C),C2HC zinc-fingers like factors	SBP	cluster_38	0.5158963281517133	0.509972732273493	0.11688311688311688	0.1918081918081918	0.2904945217648801	0.4720956462891947
MA2016.2	GRF6	C3H zinc finger factors	GRF	cluster_22	0.5158529287987584	0.5317177506141407	0.12187812187812187	0.35564435564435565	0.2999774419129258	0.6650898121486357
MA1164.2	HHO5	Tryptophan cluster factors	GARP_G2-like	cluster_04	0.5157243746547774	0.5395409377604388	0.14185814185814186	0.3206793206793207	0.33406716740050074	0.6225911493087066
MA2425.1	SPL11A	C3H(C),C2HC zinc-fingers like factors	SBP	cluster_38	0.5155895736342342	0.5066123980850833	0.11588411588411589	0.2887112887112887	0.2899002636707555	0.5812314334741775
MA2412.1	ZmbZIP72	Basic leucine zipper factors (bZIP)	S	cluster_14	0.5155543938557029	0.5254211379840356	0.12487512487512488	0.025974025974025976	0.30538371884525733	0.12233445566778901
MA2408.1	BAD1	TCP	NA	cluster_01	0.5154320865882867	0.5036209956060297	0.13286713286713286	0.3886113886113886	0.32183372183372183	0.6976717400246812
MA1792.1	NAC098	GCM domain factors	NAC	cluster_16	0.5153666587758738	0.5195956178343651	0.12787212787212787	0.04895104895104895	0.3107211260077502	0.1895921337545703
MA2414.1	EREB127	AP2/EREBP	ERF/DREB	cluster_15	0.5151782661300927	0.5098081468334306	0.11388611388611389	0.2947052947052947	0.28583916083916083	0.590184094121102
MA1691.2	ARF27	B3	ARF	cluster_22	0.5151167837134063	0.5243558284829616	0.13486513486513488	0.053946053946053944	0.32563955032309466	0.1988446336272423
MA1800.1	TEM1	B3	RAV	cluster_17	0.5150944264709746	0.5191267201020286	0.13686313686313686	0.3166833166833167	0.3283854510269605	0.6179779299983903
MA1008.2	PHYPADRAFT_182268	AP2/EREBP	ERF/DREB	cluster_15	0.5150043399352954	0.5308456771712774	0.12387612387612387	0.08691308691308691	0.303914734782902	0.27980879879614057
MA1035.1	TCP4	TCP	NA	cluster_01	0.5149520634419632	0.5139478913982495	0.13886113886113885	0.13386613386613386	0.32904052469269857	0.37551419169066225
MA1163.3	PHL11	Tryptophan cluster factors	GARP_G2-like	cluster_04	0.5147804387280033	0.516347957206158	0.13886113886113885	0.11288711288711288	0.32904052469269857	0.3351473429294441
MA1345.2	BZIP48	Basic leucine zipper factors (bZIP)	Group S	cluster_14	0.5145999368736687	0.4997159305001189	0.13686313686313686	0.5154845154845155	0.3283854510269605	0.7977265649330428
MA2440.1	SPL2B	C3H(C),C2HC zinc-fingers like factors	SBP	cluster_38	0.5144523133170236	0.5076285928773832	0.13786213786213786	0.23476523476523475	0.32904052469269857	0.5222328691716447
MA1330.2	ZHD6	Homeo domain factors	PLINC	cluster_09	0.5144404771298562	0.4981122287347523	0.14785214785214784	0.5944055944055944	0.3471113501882732	0.8461407994990084
MA1156.2	JKD	C2H2 zinc finger factors	IDD	cluster_08	0.5143306636155599	0.5103257509691693	0.13886113886113885	0.19880119880119881	0.32904052469269857	0.48307425059017417
MA0953.2	ATHB-6	Homeo domain factors	HD-ZIP	cluster_09	0.5142672085010126	0.6306356575692939	0.11788211788211789	0.14885114885114886	0.29202615566251927	0.40707321352482645
MA1166.2	PHL12	Tryptophan cluster factors	GARP_G2-like	cluster_04	0.5140199637023587	0.5071564585004896	0.15584415584415584	0.2627372627372627	0.36252771618625274	0.5462357805682055
MA1167.2	EFM	Tryptophan cluster factors	GARP_G2-like	cluster_04	0.5140114153449588	0.5068291557739053	0.17182817182817184	0.3866133866133866	0.3878051772788615	0.6973664633239102
MA2035.2	NAC075	GCM domain factors	NAC	cluster_16	0.5139479602304126	0.5248260894244818	0.16183816183816183	0.022977022977022976	0.3741894469167196	0.11310624859011956
MA1794.2	NLP7	RWP-RK	NA	cluster_10	0.5138115152949845	0.5300277931522184	0.14885114885114886	0.22577422577422576	0.3483847440902656	0.5111742856549978
MA2400.1	LjTCP20	TCP	NA	cluster_01	0.5137621978484439	0.5281390865966717	0.17082917082917082	0.022977022977022976	0.3867734639247992	0.11310624859011956
MA0955.2	POPTR_0002s00440g	C3H(C),C2HC zinc fingers factors	SBP	cluster_28	0.5137589100186749	0.5543601747878133	0.14985014985014986	0.03896103896103896	0.3496503496503497	0.16068796068796068
MA0551.2	HY5	Basic leucine zipper factors (bZIP)	Group H	cluster_07	0.5136642205213188	0.5097708296681375	0.14085914085914086	0.20679320679320679	0.33274156184372905	0.48849293121738946
MA1388.2	PHL2	Tryptophan cluster factors	GARP_G2-like	cluster_04	0.5135100213051368	0.5937295168644394	0.17082917082917082	0.14985014985014986	0.3867734639247992	0.40834165834165836
MA2361.1	PRUPE_ppa000682mg	C3H(C),C2HC zinc-fingers like factors	SBP	cluster_28	0.5133594387017018	0.5559342519483073	0.16483516483516483	0.03596403596403597	0.37996746455960956	0.15244755244755245
MA2426.1	SPL11B	C3H(C),C2HC zinc-fingers like factors	SBP	cluster_38	0.5133137378679071	0.5025168424293225	0.16683316683316685	0.3996003996003996	0.3822633822633823	0.7057757057757058
MA1346.2	TGA10	Basic leucine zipper factors (bZIP)	Group D	cluster_14	0.5132926957573845	0.5194922977870909	0.16883116883116883	0.06993006993006994	0.38568317909635275	0.2381993006993007
MA1665.3	HSFB2A	Heat shock factors	HSF	cluster_04	0.5132164181067357	0.5154639122300837	0.16983016983016982	0.1068931068931069	0.3867734639247992	0.32110015968283684
MA2447.1	SPL5B	C3H(C),C2HC zinc-fingers like factors	SBP	cluster_33	0.513104631894579	0.5446125985787174	0.17282717282717283	0.30569430569430567	0.3878051772788615	0.6026996259554399
MA1010.2	PHYPADRAFT_64121	AP2/EREBP	ERF/DREB	cluster_15	0.51305630079697	0.508156148900813	0.1798201798201798	0.3176823176823177	0.39653987630866244	0.6183459397745112
MA1410.2	StBRC1	TCP	NA	cluster_01	0.5130375601672849	0.5120265896118831	0.15784215784215785	0.16483516483516483	0.3660594724424512	0.43518764972052165
MA1369.2	HDG1	Homeo domain factors	HD-ZIP	cluster_09	0.5129829821931137	0.5140163959057263	0.17282717282717283	0.16083916083916083	0.3878051772788615	0.42909188713384516
MA2437.1	SPL19B	C3H(C),C2HC zinc-fingers like factors	SBP	cluster_38	0.512872182329887	0.502388093541582	0.17582417582417584	0.43356643356643354	0.3899821109123435	0.7384708832370303
MA1660.2	NAC013	GCM domain factors	NAC	cluster_16	0.5125950182803318	0.513708350647641	0.1838161838161838	0.12087912087912088	0.4041837125410613	0.35068733547820996
MA0946.1	ARR11	Tryptophan cluster factors	GARP_ARR-B	cluster_13	0.5124704095320762	0.5230075248756443	0.17382617382617382	0.06493506493506493	0.3878051772788615	0.2252066115702479
MA2419.1	UB3	C3H(C),C2HC zinc-fingers like factors	SBP	cluster_26	0.5124273389620964	0.5005086476401133	0.17482517482517482	0.46353646353646355	0.388896817468246	0.7589663555328792
MA1198.2	HAT2	Homeo domain factors	HD-ZIP	cluster_09	0.5123306767668797	0.5528683229512311	0.17382617382617382	0.2827172827172827	0.3878051772788615	0.5721837843853759
MA0021.1	Dof3	Other C4 zinc finger-type factors	DOF	cluster_03	0.512197848444199	0.5760294163734755	0.16683316683316685	0.34265734265734266	0.3822633822633823	0.6519889088467642
MA1737.2	AT5G05090	Tryptophan cluster factors	GARP_G2-like	cluster_13	0.5120978984192113	0.5243811413525878	0.2047952047952048	0.32867132867132864	0.4414088736122635	0.6316781455320497
MA2429.1	SPL13D	C3H(C),C2HC zinc-fingers like factors	SBP	cluster_38	0.5117871985060063	0.5026634540953444	0.2127872127872128	0.4225774225774226	0.450990675990676	0.7278252221818813
MA1337.2	BZIP44	Basic leucine zipper factors (bZIP)	Group S	cluster_14	0.5116195191877729	0.5000026653781867	0.2127872127872128	0.4945054945054945	0.450990675990676	0.7811753463927377
MA1350.1	BZIP42	Basic leucine zipper factors (bZIP)	Group S	cluster_14	0.5113486020147819	0.4957505877830458	0.22477522477522477	0.6673326673326674	0.4685887882609194	0.8839840714840714
MA1698.2	ARF7	B3	ARF	cluster_17	0.5112729819300876	0.502706008806096	0.17682317682317683	0.3956043956043956	0.39106111280024325	0.7052480230050323
MA0096.1	bZIP910	Basic leucine zipper factors (bZIP)	Group S	cluster_14	0.511119111496883	0.5577762179628626	0.2047952047952048	0.09490509490509491	0.4414088736122635	0.29436011143328217
MA1781.2	MYB94	Tryptophan cluster factors	MYB	cluster_02	0.5111151661011598	0.5087381019476085	0.2017982017982018	0.24675324675324675	0.43866674635905406	0.5318438623523369
MA2037.2	NAC096	GCM domain factors	NAC	cluster_25	0.5110605881269892	0.5626922932250831	0.18981018981018982	0.01898101898101898	0.41616429547464034	0.09852052709195566
MA1831.2	Zm00001d031796	AP2/EREBP	ERF/DREB	cluster_24	0.5110270522633416	0.49132758636448653	0.21078921078921078	0.7832167832167832	0.44925186545298273	0.9405319954770504
MA1032.2	DREB1G	AP2/EREBP	ERF/DREB	cluster_15	0.5110247507825032	0.502249645918375	0.2057942057942058	0.4695304695304695	0.4423126169605042	0.7622377622377622
MA0934.1	AHL25	A.T hook factors	AHL	cluster_09	0.5109517609616242	0.563428538598926	0.19880119880119881	0.34765234765234765	0.43338661338661344	0.658210276076281
MA1774.2	MYB60	Tryptophan cluster factors	MYB	cluster_02	0.5108781135747916	0.507552185994998	0.20279720279720279	0.25574425574425574	0.43958598219961853	0.5375561078040417
MA1378.1	AIL6	AP2/EREBP	AP2	cluster_31	0.5108133433283335	0.508804021852318	0.23376623376623376	0.24375624375624375	0.4841239841239841	0.5283693579148124
MA2030.2	MYB96	Tryptophan cluster factors	MYB	cluster_02	0.5107640258817956	0.5099072594094904	0.21078921078921078	0.2007992007992008	0.44925186545298273	0.48484110825882976
MA1797.1	RAV2	B3	RAV	cluster_17	0.5107087903416713	0.5153861019420627	0.23876123876123875	0.4385614385614386	0.48971727197533654	0.7403149947397735
MA0082.2	squamosa	MADS box factors	Type II	cluster_23	0.5106282385123223	0.5012512890286004	0.21978021978021978	0.44555444555444557	0.46196228014409835	0.740649328884623
MA1733.2	ASR3	Tryptophan cluster factors	Trihelix	cluster_02	0.5105891133380674	0.509470545788644	0.25674325674325676	0.2547452547452547	0.5101435023310024	0.5369354402503573
MA1670.2	DREB1C	AP2/EREBP	ERF/DREB	cluster_15	0.5104832452194955	0.5119516876662589	0.19880119880119881	0.23176823176823177	0.43338661338661344	0.5193023350918088
MA2415.1	EREB138	AP2/EREBP	ERF/DREB	cluster_24	0.510284989084406	0.5094693901133932	0.24275724275724275	0.23276723276723277	0.4926164261270644	0.5193023350918088
MA1313.2	WRKY7	GCM domain factors	WRKY	cluster_10	0.5102820300376127	0.5080311077434753	0.22477522477522477	0.26673326673326675	0.4685887882609194	0.5485646429042657
MA1748.2	DREB1F	AP2/EREBP	ERF/DREB	cluster_15	0.5102221915358114	0.5199314208475905	0.23576423576423577	0.4275724275724276	0.4848736169490887	0.7347697347697348
MA1051.1	RAP2-3	AP2/EREBP	ERF/DREB	cluster_24	0.510195560114679	0.5142882580380022	0.24075924075924077	0.13286713286713286	0.49117460080026926	0.3754726754726755
MA1170.2	MYB118	Tryptophan cluster factors	MYB	cluster_11	0.5101074462768618	0.5069633360742345	0.21478521478521478	0.23576423576423577	0.4539643182302462	0.5229305578142788
MA1741.1	BRN2	GCM domain factors	NAC	cluster_16	0.510103500881139	0.5166933890080789	0.23476523476523475	0.06993006993006994	0.4841239841239841	0.2381993006993007
MA2051.2	NAC68	GCM domain factors	NAC	cluster_07	0.5100956100896917	0.5201016475033309	0.23476523476523475	0.2077922077922078	0.4841239841239841	0.48933782267115605
MA1742.2	BZIP18	Basic leucine zipper factors (bZIP)	Group I	cluster_12	0.5099660695967809	0.5070033684145854	0.2087912087912088	0.23876123876123875	0.4474935177182368	0.5249994961810523
MA1206.2	ARF2	B3	ARF	cluster_17	0.5099483153160261	0.5617391784881973	0.2217782217782218	0.25374625374625376	0.4648812725735803	0.5369354402503573
MA0548.3	AGL15	MADS box factors	Type II	cluster_23	0.5098855177674324	0.513152750938196	0.21878121878121878	0.13686313686313686	0.4611327898620716	0.3825149209764594
MA1283.2	TCP14	TCP	NA	cluster_01	0.5097013993003493	0.5223894593865871	0.23976023976023977	0.03396603396603397	0.49044788991169685	0.14641855319821423
MA1824.2	Zm00001d005692	Homeo domain factors	HD-ZIP	cluster_09	0.5094166732423262	0.5182469602188257	0.24975024975024976	0.7842157842157842	0.5014722119985279	0.9405319954770504
MA1384.1	PHL7	Tryptophan cluster factors	GARP_G2-like	cluster_04	0.5092772692601055	0.5093165364919177	0.25574425574425574	0.22277722277722278	0.5101435023310024	0.5074000626239432
MA1182.2	RVE8	Tryptophan cluster factors	MYB-related	cluster_13	0.5091414818906334	0.5110412811824444	0.25274725274725274	0.5924075924075924	0.50615788411064	0.8461407994990084
MA2072.1	PK16335.1	Basic leucine zipper factors (bZIP)	Group D	cluster_12	0.5091270154396486	0.5133564000217562	0.22577422577422576	0.14585414585414586	0.46938892170499796	0.40031191829752977
MA1284.2	TCP1	TCP	NA	cluster_01	0.5090984113206538	0.5159241806846263	0.24775224775224775	0.07792207792207792	0.4987729948152112	0.256269592476489
MA1375.2	ANL2	Homeo domain factors	HD-ZIP	cluster_09	0.5090576422315158	0.5124281216420318	0.26673326673326675	0.16783216783216784	0.5231811889909577	0.43667180277349765
MA1372.2	ZAT10	C2H2 zinc finger factors	C2H2	cluster_35	0.5090132565296305	0.5098343176572022	0.27472527472527475	0.2547452547452547	0.5320187426786412	0.5369354402503573
MA1053.1	ERF109	AP2/EREBP	ERF/DREB	cluster_24	0.5090076672190229	0.514572605591443	0.24175824175824176	0.12487512487512488	0.49189743589743595	0.35819443714180554
MA1666.3	HSFB2B	Heat shock factors	HSF	cluster_04	0.5089369788789821	0.5108050255430817	0.24475524475524477	0.18981018981018982	0.49535345291313465	0.47174324047288224
MA1087.3	WRKY45	GCM domain factors	WRKY	cluster_10	0.5089336910492122	0.5079151016331169	0.2857142857142857	0.3596403596403596	0.5449999999999999	0.6709183237300597
MA2439.1	SPL2A	C3H(C),C2HC zinc-fingers like factors	SBP	cluster_38	0.5088169730924031	0.5017394661622718	0.25674325674325676	0.4325674325674326	0.5101435023310024	0.7384708832370303
MA0554.2	SOC1	MADS box factors	Type II	cluster_23	0.5087982324627159	0.5016684716986785	0.26373626373626374	0.44155844155844154	0.5186360031720856	0.7404595404595404
MA0933.1	AHL20	A.T hook factors	AHL	cluster_09	0.508793300718062	0.6055772722086421	0.2817182817182817	0.1888111888111888	0.5414384104560427	0.47079391197038256
MA1682.2	TCX3	CPP	NA	cluster_06	0.5086187169573108	0.5108288307543412	0.24775224775224775	0.1918081918081918	0.4987729948152112	0.4720956462891947
MA1671.2	ERF118	AP2/EREBP	ERF/DREB	cluster_24	0.5084273652647355	0.5061049074522131	0.2727272727272727	0.34765234765234765	0.5320187426786412	0.658210276076281
MA1012.1	AGL27	MADS box factors	MIKC	cluster_23	0.5084165154264959	0.5019119271583188	0.26373626373626374	0.43756243756243757	0.5186360031720856	0.7402663854992015
MA1199.1	AGL16	MADS box factors	MIKC	cluster_23	0.5083602935374413	0.5090124190455039	0.26173826173826176	0.21078921078921078	0.5173738178919526	0.49335020807413443
MA1066.1	TCP23	TCP	NA	cluster_01	0.5082162865935448	0.5014740015960979	0.27472527472527475	0.4755244755244755	0.5320187426786412	0.7638357449678205
MA1223.2	ERF035	AP2/EREBP	ERF/DREB	cluster_15	0.5081308030195428	0.5019952776549641	0.29270729270729273	0.4645354645354645	0.5541827899147999	0.7589733606864227
MA1401.2	RVE7	Tryptophan cluster factors	MYB-related	cluster_13	0.507958849522607	0.5228447251606555	0.26073926073926074	0.6613386613386614	0.5167378076468986	0.878893280632411
MA1343.2	BZIP52	Basic leucine zipper factors (bZIP)	Group I	cluster_12	0.5078253636339722	0.5130603975512494	0.2857142857142857	0.2597402597402597	0.5449999999999999	0.5444555444555444
MA0974.3	CDF3	Other C4 zinc finger-type factors	DOF	cluster_03	0.5077530313790471	0.5285829666120927	0.3046953046953047	0.3826173826173826	0.5726170381342796	0.6967471669142313
MA1828.2	Zm00001d038683	TCP	NA	cluster_01	0.5077379073621081	0.5145770017492369	0.27972027972027974	0.16883116883116883	0.5389559935014481	0.43667180277349765
MA2369.1	ZHD14	Homeo domain factors	PLINC	cluster_04	0.5075468844525108	0.515985495195571	0.27372627372627373	0.09490509490509491	0.5320187426786412	0.29436011143328217
MA2353.1	PK02532.1	Tryptophan cluster factors	MYB-related	cluster_13	0.5073361345642968	0.5916277240547114	0.2897102897102897	0.29270729270729273	0.5512442669549902	0.5877254324622747
MA1749.1	E2FC	Fork head/winged helix factors	E2F	cluster_27	0.5069675688471549	0.5112664593123545	0.3086913086913087	0.15584415584415584	0.5772830111065405	0.4186939820742637
MA1024.2	HAT1	Homeo domain factors	HD-ZIP	cluster_09	0.506930087587785	0.528211503044919	0.32167832167832167	0.3776223776223776	0.5928515928515928	0.6942792147611424
MA1026.3	ATHB-15	Homeo domain factors	HD-ZIP	cluster_09	0.5069133196559608	0.5018368045073636	0.3206793206793207	0.4695304695304695	0.5924414568482366	0.7622377622377622
MA1760.1	HSFA6A	Heat shock factors	HSF	cluster_04	0.5069083879113075	0.5082191982138262	0.28471528471528473	0.22477522477522477	0.5449999999999999	0.5104270729270729
MA0940.1	AP1	MADS box factors	MIKC	cluster_23	0.50679561535022	0.5056877498436665	0.3106893106893107	0.3156843156843157	0.5781852294047417	0.6176080329926484
MA0971.2	DREB1A	AP2/EREBP	ERF/DREB	cluster_15	0.506748599384518	0.5034201141847635	0.2907092907092907	0.43756243756243757	0.5517691263959921	0.7402663854992015
MA1357.2	bHLH80	Basic helix-loop-helix factors (bHLH)	bHLH	cluster_07	0.5067259133591102	0.504513501227139	0.3066933066933067	0.4035964035964036	0.5749557567739385	0.7079173699863355
MA2395.1	PHYPA_011264	AP2/EREBP	ERF/DREB	cluster_15	0.5066223467213763	0.5131833146919274	0.3246753246753247	0.26073926073926074	0.5940701983867451	0.5450522080659067
MA1795.2	RAP2-4	AP2/EREBP	ERF/DREB	cluster_15	0.5065362055814202	0.514182840337011	0.3026973026973027	0.14185814185814186	0.5716783216783217	0.39216580520928346
MA2063.1	PK07402.1	AP2/EREBP	NA	cluster_15	0.5064109392672084	0.5364988869012282	0.3246753246753247	0.25374625374625376	0.5940701983867451	0.5369354402503573
MA0582.2	RAV1	B3	RAV	cluster_17	0.5061821063152634	0.6239129381105457	0.33266733266733267	0.34865134865134867	0.6043456543456543	0.6584677698539084
MA1809.2	GLYMA-07G038400	C3H zinc finger factors	GRF	cluster_22	0.5059805623504036	0.51856206476042	0.3096903096903097	0.2057942057942058	0.5777352232119959	0.48849293121738946
MA1339.1	BZIP43	Basic leucine zipper factors (bZIP)	Group S	cluster_14	0.5059683973802583	0.4964913566907391	0.33466533466533466	0.6473526473526473	0.6050939581745268	0.8773180638189518
MA1764.2	MYB116	Tryptophan cluster factors	MYB	cluster_02	0.5058516794234461	0.5027486603863585	0.3246753246753247	0.3996003996003996	0.5940701983867451	0.7057757057757058
MA2068.1	PK10344.1	TCP	NA	cluster_01	0.505666574607433	0.5117282919019354	0.34765234765234765	0.1978021978021978	0.6215443435069603	0.48218235438682716
MA2345.1	OS02G0104500	Tryptophan cluster factors	Trihelix	cluster_10	0.5056481627607248	0.6996668901063653	0.27172827172827174	0.2777222777222777	0.5316119777658239	0.5635694093140902
MA0951.1	ATHB-16	Homeo domain factors	HD-ZIP	cluster_09	0.5055945711354848	0.5959934730678992	0.33466533466533466	0.2727272727272727	0.6050939581745268	0.5578844747745552
MA1203.1	AGL63	MADS box factors	MIKC	cluster_23	0.5054410294852562	0.4992490303642902	0.35764235764235763	0.5414585414585414	0.6302104362150551	0.8193680087171211
MA1175.2	MYB81	Tryptophan cluster factors	MYB	cluster_11	0.5054305084299949	0.5049787494216882	0.35264735264735264	0.45854145854145856	0.625744023418442	0.7540239932481312
MA1185.2	LHY	Tryptophan cluster factors	MYB-related	cluster_13	0.5054140692811487	0.5106045476657669	0.3116883116883117	0.6343656343656343	0.5786330457863305	0.8763696196851278
MA1402.1	BPC6	BBR/BPC	NA	cluster_21	0.5054048633577944	0.49483155162482306	0.34765234765234765	0.6833166833166833	0.6215443435069603	0.8897109716222343
MA1027.2	KAN1	Tryptophan cluster factors	GARP_G2-like	cluster_04	0.5052937347115916	0.7013978591997622	0.3046953046953047	0.3006993006993007	0.5726170381342796	0.5979111797293616
MA1376.2	DEAR3	AP2/EREBP	ERF/DREB	cluster_24	0.5052795970435833	0.5022573365625832	0.3706293706293706	0.6603396603396603	0.647117184874622	0.878893280632411
MA1392.3	MYB98	Tryptophan cluster factors	MYB	cluster_11	0.5051480838528104	0.5052445998410201	0.3726273726273726	0.44455544455544455	0.6491202861065875	0.740649328884623
MA1183.2	RVE6	Tryptophan cluster factors	MYB-related	cluster_13	0.5051346037507559	0.5082877595351571	0.34865134865134867	0.7222777222777222	0.6215443435069603	0.9079042868169721
MA2019.2	HSFA1B	Heat shock factors	HSF	cluster_04	0.5051096162445095	0.5374511431708549	0.34865134865134867	0.059940059940059943	0.6215443435069603	0.21371152212273709
MA1162.1	TCX2	CPP	NA	cluster_06	0.505090218048871	0.49612412667424555	0.3516483516483517	0.6223776223776224	0.6254258561950871	0.8729303784450844
MA1241.2	ERF043	AP2/EREBP	ERF/DREB	cluster_15	0.5050842999552851	0.5000268775091693	0.35564435564435565	0.5224775224775224	0.6295977804098454	0.8021133795781682
MA2360.1	PK28565.1	Tryptophan cluster factors	MYB	cluster_11	0.5050573397511766	0.5072933397445899	0.33166833166833165	0.3946053946053946	0.6039688235392292	0.7052480230050323
MA2416.1	EREB29	AP2/EREBP	ERF/DREB	cluster_24	0.5050359688576762	0.4996732597971714	0.3696303696303696	0.5154845154845155	0.647117184874622	0.7977265649330428
MA1669.2	DREB1B	AP2/EREBP	ERF/DREB	cluster_15	0.5049810621005283	0.5031859981424435	0.3166833166833167	0.46153846153846156	0.5864790549256569	0.7573200992555832
MA1178.3	MYB3R1	Tryptophan cluster factors	MYB	cluster_11	0.5047943133696311	0.5055850002146408	0.38961038961038963	0.4015984015984016	0.6665307786384019	0.7060358995842867
MA1176.2	MYB119	Tryptophan cluster factors	MYB	cluster_11	0.5047466398379751	0.5081651879899483	0.3436563436563437	0.24175824175824176	0.6184193165325241	0.5270329670329671
MA0990.2	HDG11	Homeo domain factors	HD-ZIP	cluster_09	0.5047367763486673	0.509352761958028	0.35664335664335667	0.2647352647352647	0.6299048174048174	0.547987147987148
MA1354.1	AT4G12670	Tryptophan cluster factors	Myb-related	cluster_34	0.5047200084168462	0.5043990812423311	0.36163836163836166	0.36063936063936064	0.6357835712674422	0.6711410540678834
MA0976.3	CRF4	AP2/EREBP	ERF/DREB	cluster_24	0.5046693758383954	0.4995424732441883	0.38161838161838163	0.5444555444555444	0.6572795150673254	0.8193680087171211
MA2027.2	MYB44	Tryptophan cluster factors	MYB	cluster_11	0.5046424156342882	0.5092388585162594	0.34265734265734266	0.24575424575424576	0.6180793202069798	0.5311911884149845
MA1160.2	IDD6	C2H2 zinc finger factors	IDD	cluster_08	0.5044342960098878	0.49899798523990446	0.3916083916083916	0.5554445554445554	0.6684501181145477	0.8244008418765701
MA1034.1	Os05g0497200	AP2/EREBP	ERF/DREB	cluster_24	0.5043599910571029	0.5046451372822522	0.32967032967032966	0.3826173826173826	0.6017666543982333	0.6967471669142313
MA1023.1	PHYPADRAFT_28324	AP2/EREBP	ERF/DREB	cluster_15	0.5043126463084245	0.5120808852430871	0.3706293706293706	0.3086913086913087	0.647117184874622	0.605479353551333
MA1191.2	RVE7L	Tryptophan cluster factors	MYB-related	cluster_13	0.5043034403850706	0.5231495117154661	0.38461538461538464	0.6823176823176823	0.6609494109494111	0.8897109716222343
MA0563.2	SEP3	MADS box factors	Type II	cluster_23	0.5042077645387836	0.5004890763612789	0.37662337662337664	0.5114885114885115	0.6545868709877821	0.7977265649330428
MA1394.3	MYB73	Tryptophan cluster factors	MYB	cluster_11	0.5039680817485991	0.5047189488782603	0.3786213786213786	0.43956043956043955	0.6550750836465122	0.7403633893700119
MA1374.2	IDD7	C2H2 zinc finger factors	IDD	cluster_08	0.5038707619874263	0.5003363274852475	0.37962037962037964	0.46853146853146854	0.6553175331455875	0.7622377622377622
MA0961.2	bHLH112	Basic helix-loop-helix factors (bHLH)	bHLH	cluster_07	0.503799416081433	0.5426949869023363	0.3776223776223776	0.2217782217782218	0.6548315321042594	0.5074000626239432
MA2026.2	MYB108	Tryptophan cluster factors	MYB	cluster_02	0.5036938767458374	0.4942619294290785	0.3936063936063936	0.7092907092907093	0.6703608891108891	0.9043712063514044
MA2082.1	PK20392.1	Homeo domain factors	HD-ZIP	cluster_09	0.5034117809516294	0.7391235796265697	0.2777222777222777	0.2777222777222777	0.5364610073470832	0.5635694093140902
MA1757.2	HDG7	Homeo domain factors	HD-ZIP	cluster_09	0.5033305715563273	0.511829834212096	0.3876123876123876	0.16883116883116883	0.6646028129174196	0.43667180277349765
MA1232.2	ERF054	AP2/EREBP	ERF/DREB	cluster_15	0.5032174702122622	0.497850014777233	0.4225774225774226	0.6323676323676324	0.7056524261764436	0.8756742350208775
MA1184.2	RVE1	Tryptophan cluster factors	MYB-related	cluster_13	0.5031855782634997	0.5237152791139802	0.4065934065934066	0.6613386613386614	0.6878731025072489	0.878893280632411
MA0978.1	DREB1E	AP2/EREBP	ERF/DREB	cluster_15	0.503135274468029	0.5090927789595145	0.4075924075924076	0.33166833166833165	0.6880376260907234	0.6358365252837614
MA1097.1	ARALYDRAFT_493022	TCP	NA	cluster_01	0.5031286988084906	0.49528198490300546	0.4355644355644356	0.7022977022977023	0.7131666616645158	0.9043712063514044
MA0559.1	PI	MADS box factors	MIKC	cluster_23	0.5030843131066051	0.5015119935347575	0.4435564435564436	0.44955044955044954	0.7200714179437584	0.7440498763709176
MA1251.2	RAP2-9	AP2/EREBP	ERF/DREB	cluster_15	0.5029587180094164	0.5110534198306365	0.4015984015984016	0.1918081918081918	0.6809324009324009	0.4720956462891947
MA2053.2	NAC105	GCM domain factors	NAC	cluster_25	0.5029176201372997	0.5110650361157084	0.4225774225774226	0.21678321678321677	0.7056524261764436	0.4997147867238501
MA2362.1	TEIL	EIL	NA	cluster_26	0.5028051763591889	0.48812591603138783	0.42957042957042957	0.965034965034965	0.7094420730784368	0.9908070510480149
MA2348.1	IDD6	C2H2 zinc finger factors	IDD	cluster_08	0.5027910386911815	0.4985827202460414	0.43456543456543456	0.5504495504495505	0.7131666616645158	0.8219041232739863
MA0947.1	ARR14	Tryptophan cluster factors	GARP_ARR-B	cluster_13	0.502708842946947	0.5098685430948272	0.3986013986013986	0.23676323676323677	0.6773560515208622	0.5236242018850714
MA2038.2	NAC103	GCM domain factors	NAC	cluster_25	0.5024911886162182	0.5634251137699755	0.44755244755244755	0.41058941058941056	0.7220353486176271	0.7103848532419961
MA1365.3	AT5G47660	Tryptophan cluster factors	Trihelix	cluster_10	0.5024648859780638	0.5738948632501362	0.4225774225774226	0.6783216783216783	0.7056524261764436	0.8877520421259701
MA0585.2	AGL1	MADS box factors	Type II	cluster_23	0.5024648859780633	0.5040074510514139	0.46053946053946054	0.3826173826173826	0.7290282331776108	0.6967471669142313
MA1752.2	ERF025	AP2/EREBP	ERF/DREB	cluster_15	0.5024428575186092	0.4990639661668735	0.4355644355644356	0.6963036963036963	0.7131666616645158	0.9004741021690174
MA2050.2	NAC101	GCM domain factors	NAC	cluster_25	0.5023116731108132	0.5277353277215766	0.45754245754245754	0.5624375624375625	0.7273018648018648	0.8280740372870891
MA1028.1	KAN4	Tryptophan cluster factors	GARP_G2-like	cluster_04	0.5022978642257817	0.5185616510434402	0.45054945054945056	0.26573426573426573	0.7237246963562752	0.547987147987148
MA1095.1	ARALYDRAFT_495258	TCP	NA	cluster_01	0.5021614192903548	0.495135882643873	0.42357642357642356	0.6903096903096904	0.7056524261764436	0.8955323114915644
MA1098.1	ARALYDRAFT_484486	TCP	NA	cluster_01	0.5021614192903548	0.495135882643873	0.4385614385614386	0.7052947052947053	0.7165361405190099	0.9043712063514044
MA1159.2	SGR5	C2H2 zinc finger factors	IDD	cluster_08	0.5021531997159308	0.4834219910538402	0.4245754245754246	0.9210789210789211	0.7057757057757058	0.9829135899065968
MA1759.2	HSFA4A	Heat shock factors	HSF	cluster_04	0.5021439937925773	0.5059060480064737	0.42957042957042957	0.3016983016983017	0.7094420730784368	0.5979111797293616
MA1263.2	ERF055	AP2/EREBP	ERF/DREB	cluster_15	0.5021206502012157	0.5017070553418538	0.45754245754245754	0.47652347652347654	0.7273018648018648	0.7638357449678205
MA1335.1	TGA4	Basic leucine zipper factors (bZIP)	Group D	cluster_14	0.5020496330781982	0.5066455673262225	0.43956043956043955	0.2967032967032967	0.7166337935568705	0.5926298832057995
MA1230.2	ERF037	AP2/EREBP	ERF/DREB	cluster_15	0.5020105079039433	0.49692971536740904	0.4485514485514486	0.6553446553446554	0.7220353486176271	0.878893280632411
MA1275.2	DOF1.6	Other C4 zinc finger-type factors	DOF	cluster_03	0.5019950551040268	0.5357493686781476	0.44155844155844154	0.6563436563436563	0.7183562705950766	0.878893280632411
MA2010.2	SMB	GCM domain factors	NAC	cluster_25	0.5019322575554327	0.5335913070333284	0.42357642357642356	0.36363636363636365	0.7056524261764436	0.6750718867507189
MA2374.1	AHL13	A.T hook factors	AHL	cluster_09	0.5019276545937558	0.5909850038498125	0.44455544455544455	0.4985014985014985	0.7201609430908794	0.7858608333814945
MA1381.2	AT3G46070	C2H2 zinc finger factors	C2H2	cluster_19	0.5019138457087245	0.5270780304193196	0.4565434565434565	0.4305694305694306	0.7273018648018648	0.7382572483696079
MA0008.4	HAT5	Homeo domain factors	HD-ZIP	cluster_09	0.5018789947131697	0.5143708389707337	0.4225774225774226	0.3246753246753247	0.7056524261764436	0.6255739210284664
MA1415.2	REF6	C2H2 zinc finger factors	Jumonji	cluster_11	0.5017872642626054	0.5106265215105665	0.47352647352647353	0.47652347652347654	0.7403702854522527	0.7638357449678205
MA1190.2	RVE5	Tryptophan cluster factors	MYB-related	cluster_13	0.5017119729608879	0.5059548803471996	0.4485514485514486	0.7602397602397603	0.7220353486176271	0.9287873211318187
MA1187.2	RVE4	Tryptophan cluster factors	MYB-related	cluster_13	0.5016968489439492	0.5067133237912979	0.4755244755244755	0.7632367632367633	0.7404595404595404	0.9287873211318187
MA1771.2	MYB41	Tryptophan cluster factors	MYB	cluster_02	0.5016169546805551	0.5022289024930876	0.42957042957042957	0.4095904095904096	0.7094420730784368	0.7102670057215512
MA0975.1	CRF2	AP2/EREBP	ERF/DREB	cluster_24	0.5015850627317916	0.5096873666174973	0.4305694305694306	0.25074925074925075	0.7095561026446556	0.53591506532683
MA1172.2	MYB3R5	Tryptophan cluster factors	MYB	cluster_11	0.5014065335753186	0.4987268160026926	0.46553446553446554	0.5424575424575424	0.7354095180182136	0.8193680087171211
MA0578.1	SPL8	C3H(C),C2HC zinc fingers factors	SBP	cluster_40	0.501386149030748	0.5022805743471193	0.4785214785214785	0.43456543456543456	0.743608733425434	0.7384708832370303
MA1352.1	TRP1	Tryptophan cluster factors	Myb-related	cluster_34	0.5013838475499109	0.49975807736290095	0.4855144855144855	0.5134865134865135	0.7483788938334393	0.7977265649330428
MA0558.2	FLC	MADS box factors	Type II	cluster_23	0.5013463662905371	0.4988105002670187	0.46853146853146854	0.5204795204795205	0.7386146910940299	0.8021133795781682
MA0980.3	RAP2-10	AP2/EREBP	ERF/DREB	cluster_15	0.5012427996528053	0.4995725996301875	0.45354645354645357	0.7242757242757243	0.7254841594464236	0.9089183842473316
MA1229.2	ERF034	AP2/EREBP	ERF/DREB	cluster_15	0.5011609326915492	0.4973141767950747	0.4865134865134865	0.6293706293706294	0.7484068351003835	0.8756742350208775
MA0553.1	SMZ	AP2/EREBP	AP2	cluster_36	0.5011007654067703	0.5013527387103952	0.4755244755244755	0.4945054945054945	0.7404595404595404	0.7811753463927377
MA2405.1	OsMSL08	Tryptophan cluster factors	Trihelix	cluster_10	0.5010866277387622	0.6345472125380128	0.4515484515484515	0.5424575424575424	0.7238056061585473	0.8193680087171211
MA1215.2	ATHB-53	Homeo domain factors	HD-ZIP	cluster_09	0.5009975275520134	0.5119074113182017	0.47152847152847155	0.43456543456543456	0.7402802958358514	0.7384708832370303
MA1259.2	ERF023	AP2/EREBP	ERF/DREB	cluster_15	0.5009731976117204	0.4964030283303801	0.4975024975024975	0.6733266733266733	0.7488128310046118	0.8877520421259701
MA1211.2	ATHB-X	Homeo domain factors	HD-ZIP	cluster_09	0.5008857413398562	0.4984089922332961	0.47152847152847155	0.5894105894105894	0.7402802958358514	0.8453388716546612
MA1783.1	NAC005	GCM domain factors	NAC	cluster_16	0.5008137378679081	0.5098548732222846	0.47952047952047955	0.21478521478521478	0.7436465973051339	0.4981189023742215
MA2036.2	NAC076	GCM domain factors	NAC	cluster_25	0.5008107788211158	0.557027157536003	0.4595404595404595	0.38461538461538464	0.728959190497652	0.6970582861319204
MA1253.2	ERF036	AP2/EREBP	ERF/DREB	cluster_15	0.5008081485573002	0.5061193671699151	0.4835164835164835	0.4085914085914086	0.7483226712435638	0.7102670057215512
MA1400.2	AT1G19000	Tryptophan cluster factors	MYB-related	cluster_05	0.5006121939030499	0.4924432507230205	0.4875124875124875	0.7592407592407593	0.7484346639276216	0.9287873211318187
MA1218.2	DREB1D	AP2/EREBP	ERF/DREB	cluster_15	0.5005316420736998	0.5011504048228738	0.4725274725274725	0.5144855144855145	0.7403253830358553	0.7977265649330428
MA0954.3	ATHB-7	Homeo domain factors	HD-ZIP	cluster_09	0.5003488387385248	0.5036362515962085	0.4925074925074925	0.39760239760239763	0.7488128310046118	0.7055130915596032
MA0097.1	bZIP911	Basic leucine zipper factors (bZIP)	Group S	cluster_14	0.5003202346195326	0.49374841367599487	0.4915084915084915	0.7332667332667333	0.7488128310046118	0.9141871200694731
MA0952.1	ATHB-51	Homeo domain factors	HD-ZIP	cluster_09	0.5002061469265368	0.5142052166455987	0.4985014985014985	0.8561438561438561	0.7488128310046118	0.9690987478598098
MA1734.1	AT1G19040	GCM domain factors	NAC	cluster_16	0.5001298692758885	0.51117803993298	0.5004995004995005	0.17682317682317683	0.7488128310046118	0.4527385366311541
MA1355.2	TRB2	Tryptophan cluster factors	MYB-related	cluster_02	0.5000779215655327	0.4984828958684223	0.5114885114885115	0.6433566433566433	0.7548660237248245	0.8763696196851278
MA1001.4	ERF076	AP2/EREBP	ERF/DREB	cluster_24	0.5000144664509845	0.4986992200248557	0.5124875124875125	0.5434565434565435	0.7548802548802549	0.8193680087171211
MA2028.2	MYB49	Tryptophan cluster factors	MYB	cluster_02	0.4999447644598759	0.4905264166928958	0.4995004995004995	0.8101898101898102	0.7488128310046118	0.9429506663549216
MA1393.3	MYB70	Tryptophan cluster factors	MYB	cluster_11	0.4998490886135878	0.5317482574993914	0.5194805194805194	0.5474525474525475	0.7622377622377621	0.8205265322912382
MA1261.2	ERF122	AP2/EREBP	ERF/DREB	cluster_24	0.49978267445224817	0.5014671336533424	0.5074925074925075	0.44155844155844154	0.753340045168839	0.7404595404595404
MA1245.3	ERF112	AP2/EREBP	ERF/DREB	cluster_24	0.49978201688629365	0.4994210579232821	0.48451548451548454	0.4775224775224775	0.748350839443957	0.7638357449678205
MA1256.2	RAP2-12	AP2/EREBP	ERF/DREB	cluster_24	0.4996787790315367	0.49588425673929337	0.4965034965034965	0.6303696303696303	0.7488128310046118	0.8756742350208775
MA1678.3	NTL8	GCM domain factors	NAC	cluster_25	0.49967746389962914	0.5300207162064206	0.5104895104895105	0.6743256743256744	0.754851737409877	0.8877520421259701
MA1037.2	MYB24	Tryptophan cluster factors	MYB	cluster_02	0.49963702359346646	0.5269099377789463	0.4975024975024975	0.7152847152847153	0.7488128310046118	0.9043712063514044
MA1409.2	OsRR22	Tryptophan cluster factors	GARP_ARR-B	cluster_13	0.4995916515426497	0.5046003534553211	0.48951048951048953	0.3516483516483517	0.7488128310046118	0.6592326592326593
MA2418.1	IG1	Other C4 zinc finger-type factors	LBD	cluster_24	0.4995814592703646	0.507555102772461	0.5014985014985015	0.26573426573426573	0.7488128310046118	0.547987147987148
MA0977.1	DOF2.5	Other C4 zinc finger-type factors	DOF	cluster_03	0.4994851258581237	0.5398790732927433	0.5064935064935064	0.6433566433566433	0.753340045168839	0.8763696196851278
MA2352.1	PC-MYB1	Tryptophan cluster factors	MYB	cluster_11	0.49948019411346944	0.5025355797273237	0.5154845154845155	0.44955044955044954	0.7578317636121105	0.7440498763709176
MA1280.2	DOF5.4	Other C4 zinc finger-type factors	DOF	cluster_03	0.4994085194244981	0.6632295571131984	0.5594405594405595	0.5654345654345654	0.7948241349728339	0.8280740372870891
MA1212.2	ATHB-13	Homeo domain factors	HD-ZIP	cluster_09	0.4993960256713747	0.5479139844511907	0.5084915084915085	0.6323676323676324	0.7533573222893611	0.8756742350208775
MA1009.1	ARF3	B3	ARF	cluster_15	0.4993102133143958	0.4999556980268058	0.5204795204795205	0.6093906093906094	0.7622377622377623	0.8594547781239095
MA1194.2	AT3G10580	Tryptophan cluster factors	MYB-related	cluster_05	0.4992526762934319	0.4877803345477693	0.5264735264735265	0.8571428571428571	0.7695388902285454	0.9690987478598098
MA2024.2	MYB63	Tryptophan cluster factors	MYB	cluster_02	0.4992441279360333	0.49685712551063377	0.5504495504495505	0.6253746253746254	0.7894605394605394	0.8755244755244755
MA1180.2	MYB3R4	Tryptophan cluster factors	MYB	cluster_11	0.4992211131276472	0.5008702267814298	0.5294705294705294	0.45854145854145856	0.7709656755458282	0.7540239932481312
MA1219.3	ERF011	AP2/EREBP	ERF/DREB	cluster_15	0.49918856361293	0.5175377426002759	0.4955044955044955	0.3516483516483517	0.7488128310046118	0.6592326592326593
MA1265.3	ERF015	AP2/EREBP	ERF/DREB	cluster_15	0.4991842894342302	0.5029680815259195	0.5324675324675324	0.48451548451548454	0.7738528138528138	0.7717856256478386
MA2372.1	AZF1	C2H2 zinc finger factors	NA	cluster_19	0.4990738183539809	0.5045232717372246	0.5014985014985015	0.4015984015984016	0.7488128310046118	0.7060358995842867
MA1278.2	DOF3.4	Other C4 zinc finger-type factors	DOF	cluster_08	0.4989955680054697	0.5044258302359022	0.5074925074925075	0.34265734265734266	0.753340045168839	0.6519889088467642
MA2398.1	AS2	Other C4 zinc finger-type factors	LBD	cluster_37	0.49885484889134296	0.49133701542725894	0.5284715284715285	0.7632367632367633	0.7709656755458282	0.9287873211318187
MA2359.1	PK23829.1	Tryptophan cluster factors	MYB-related	cluster_05	0.49882854625318906	0.561847799840653	0.4995004995004995	0.6413586413586414	0.7488128310046118	0.8763696196851278
MA2020.2	HSFB4	Heat shock factors	HSF	cluster_04	0.49871018438149384	0.49812877590712	0.5004995004995005	0.5614385614385614	0.7488128310046118	0.8280740372870891
MA1268.2	CDF5	Other C4 zinc finger-type factors	DOF	cluster_08	0.4986467292669459	0.4975153604815091	0.5404595404595405	0.5884115884115884	0.7839745805525273	0.8453388716546612
MA2011.2	ERF010	AP2/EREBP	ERF/DREB	cluster_15	0.498507654067703	0.5051277958062529	0.5494505494505495	0.5044955044955045	0.7894605394605394	0.7904108212116425
MA0932.1	AHL12	A.T hook factors	AHL	cluster_09	0.4983886346300533	0.5580781925026379	0.5754245754245755	0.5554445554445554	0.8055944055944056	0.8244008418765701
MA0972.1	CCA1	Tryptophan cluster factors	Myb-related	cluster_13	0.4983587153791525	0.5232630729811755	0.5454545454545454	0.7332667332667333	0.7882231404958677	0.9141871200694731
MA2350.1	OsFBH1	Basic helix-loop-helix factors (bHLH)	bHLH	cluster_07	0.4983215629027591	0.5413340112761889	0.5534465534465535	0.2707292707292707	0.7922696440520081	0.5552861117377247
MA1004.2	ERF13	AP2/EREBP	ERF/DREB	cluster_24	0.4981052237039376	0.5041546071921007	0.5584415584415584	0.47652347652347654	0.7948241349728339	0.7638357449678205
MA1227.3	ERF027	AP2/EREBP	ERF/DREB	cluster_15	0.49804045345748166	0.5075076752480738	0.5844155844155844	0.6983016983016983	0.815093665458629	0.9015299421390792
MA0588.2	TGA1	Basic leucine zipper factors (bZIP)	Group D	cluster_14	0.4980374944106893	0.507666692054639	0.5674325674325674	0.3956043956043956	0.8002090160761747	0.7052480230050323
MA1784.1	NAC011	GCM domain factors	NAC	cluster_16	0.49803420658092146	0.510188874259366	0.5584415584415584	0.18681318681318682	0.7948241349728339	0.4688765182186235
MA2399.1	LjSGA_053525.1	TCP	NA	cluster_01	0.49798061495568	0.4910278808003468	0.5504495504495505	0.7722277722277723	0.7894605394605394	0.9335000442595379
MA2044.2	NAC007	GCM domain factors	NAC	cluster_25	0.4979234067176937	0.5552371495145294	0.5604395604395604	0.48151848151848153	0.7948241349728339	0.7686163209175763
MA1174.2	MYB56	Tryptophan cluster factors	MYB	cluster_11	0.4979168310581556	0.494790982378355	0.5504495504495505	0.6573426573426573	0.7894605394605394	0.878893280632411
MA1240.2	ERF077	AP2/EREBP	ERF/DREB	cluster_24	0.49780405849706766	0.4931229971669461	0.5674325674325674	0.7172827172827173	0.8002090160761747	0.9043712063514044
MA1260.2	ERF013	AP2/EREBP	ERF/DREB	cluster_15	0.49774783660801175	0.493653046714381	0.5754245754245755	0.7372627372627373	0.8055944055944056	0.9161750301815449
MA1833.2	Zm00001d049364	AP2/EREBP	ERF/DREB	cluster_24	0.4977475078250334	0.49395806220513394	0.5684315684315684	0.7092907092907093	0.8002090160761747	0.9043712063514044
MA1756.2	GRF9	C3H zinc finger factors	GRF	cluster_22	0.49770673873589544	0.5240530297214989	0.5604395604395604	0.5974025974025974	0.7948241349728339	0.8486624899264305
MA2008.2	MYB99	Tryptophan cluster factors	MYB	cluster_02	0.4977064099529184	0.5076960019921392	0.6043956043956044	0.3866133866133866	0.8324076645376284	0.6973664633239102
MA1243.2	DREB2E	AP2/EREBP	ERF/DREB	cluster_15	0.49745489097556417	0.5001392623104592	0.5744255744255744	0.5094905094905094	0.8055944055944056	0.796600940043563
MA1667.3	HSFC1	Heat shock factors	HSF	cluster_39	0.4974384518267181	0.5094141407153603	0.5424575424575424	0.5484515484515484	0.785379705683311	0.8205265322912382
MA1234.2	ERF017	AP2/EREBP	ERF/DREB	cluster_15	0.4974229990268027	0.5024972840832238	0.5854145854145855	0.4725274725274725	0.815093665458629	0.7638357449678205
MA1188.1	At3g11280	Tryptophan cluster factors	Myb-related	cluster_05	0.4974167521502406	0.5027326033022479	0.5834165834165834	0.4095904095904096	0.815093665458629	0.7102670057215512
MA1664.3	HSFA6B	Heat shock factors	HSF	cluster_39	0.4970537757437075	0.5093871018641476	0.5674325674325674	0.5214785214785215	0.8002090160761747	0.8021133795781682
MA2078.1	PK19363.1	AP2/EREBP	ERF/DREB	cluster_24	0.4970113627396831	0.49984430354263354	0.5904095904095904	0.5044955044955045	0.8205510336657877	0.7904108212116425
MA2017.2	JUB1	GCM domain factors	NAC	cluster_47	0.49697585417817397	0.4984151100993274	0.6003996003996004	0.8841158841158842	0.8311561855865653	0.9706193087488052
MA2421.1	SBP8	C3H(C),C2HC zinc-fingers like factors	SBP	cluster_26	0.49696894973565836	0.513535255972258	0.6013986013986014	0.5564435564435565	0.8311561855865653	0.8244008418765701
MA1293.2	MYB57	Tryptophan cluster factors	MYB	cluster_02	0.4968275730555769	0.4934916267875001	0.6123876123876124	0.7282717282717283	0.8373687244654987	0.9109366043792273
MA1064.2	TCP2	TCP	NA	cluster_01	0.4965481075251847	0.4903688376150283	0.5944055944055944	0.8901098901098901	0.8246026700572154	0.9726982602519083
MA0942.2	ARF1	B3	ARF	cluster_15	0.49644289697256644	0.5206309276513921	0.6123876123876124	0.4755244755244755	0.8373687244654987	0.7638357449678205
MA0573.2	ATHB-9	Homeo domain factors	HD-ZIP	cluster_09	0.4963508377390233	0.4978729966920895	0.6093906093906094	0.5814185814185814	0.8373687244654987	0.8432345642971829
MA1007.1	PHYPADRAFT_173530	AP2/EREBP	ERF/DREB	cluster_15	0.49604079539177787	0.5038470137623897	0.6023976023976024	0.44455544455544455	0.8311561855865653	0.740649328884623
MA1252.2	ERF086	AP2/EREBP	ERF/DREB	cluster_24	0.4960322470343761	0.490706125490062	0.6143856143856143	0.7992007992007992	0.8385978958429763	0.9429506663549216
MA1276.2	DOF3.5	Other C4 zinc finger-type factors	DOF	cluster_03	0.4957705357847391	0.598032287601015	0.6213786213786214	0.7712287712287712	0.8449717542244233	0.9335000442595379
MA1424.2	ERF019	AP2/EREBP	ERF/DREB	cluster_15	0.4956659827980748	0.496391771753193	0.6293706293706294	0.6593406593406593	0.849619516286183	0.878893280632411
MA1746.1	BZIP69	Basic leucine zipper factors (bZIP)	Group I	cluster_12	0.4955512375391247	0.4973337321450333	0.6223776223776224	0.5844155844155844	0.8449717542244233	0.844214276289748
MA2380.1	DOF4.7	Other C4 zinc finger-type factors	DOF	cluster_03	0.49546871301191525	0.5266620809690652	0.6203796203796204	0.5634365634365635	0.8449717542244233	0.8280740372870891
MA1391.3	MYB33	Tryptophan cluster factors	MYB	cluster_11	0.49543780741208404	0.48408493640943545	0.6503496503496503	0.938061938061938	0.8599605522682445	0.989960247221658
MA0973.2	CDF2	Other C4 zinc finger-type factors	DOF	cluster_03	0.49543517714826785	0.5998618734222753	0.6123876123876124	0.6073926073926074	0.8373687244654987	0.8582232582232582
MA1790.1	NAC073	GCM domain factors	NAC	cluster_16	0.49540361398248317	0.5033666597004914	0.6303696303696303	0.3886113886113886	0.849619516286183	0.6976717400246812
MA2357.1	PK21687.1	Tryptophan cluster factors	MYB-related	cluster_18	0.49535889949761963	0.5446772034796336	0.6333666333666333	0.6833166833166833	0.8506519842196467	0.8897109716222343
MA2103.1	AT4G09450	Tryptophan cluster factors	MYB-related	cluster_05	0.49527703253636335	0.6277288077885707	0.6493506493506493	0.5464535464535465	0.8599605522682445	0.8205265322912382
MA1732.1	E2FD	Fork head/winged helix factors	E2F	cluster_27	0.4952750598385013	0.49498557094352963	0.6423576423576424	0.6913086913086913	0.8553558134709967	0.8955323114915644
MA1750.1	E2FE	Fork head/winged helix factors	E2F	cluster_27	0.4952750598385013	0.49498557094352963	0.6293706293706294	0.7082917082917083	0.849619516286183	0.9043712063514044
MA1373.1	GAF1	C2H2 zinc finger factors	IDD	cluster_08	0.49527473105552566	0.4942994809816339	0.6643356643356644	0.7162837162837162	0.8649967779660612	0.9043712063514044
MA2074.1	PK17878.1	AP2/EREBP	ERF/DREB	cluster_24	0.49527012809384774	0.5005981712216099	0.6313686313686314	0.5564435564435565	0.849619516286183	0.8244008418765701
MA1761.2	HSFB3	Heat shock factors	HSF	cluster_04	0.495138614903074	0.49905894080137936	0.6293706293706294	0.5164835164835165	0.849619516286183	0.7977265649330428
MA1214.2	ATHB-40	Homeo domain factors	HD-ZIP	cluster_09	0.4950107183250478	0.5039835427877329	0.6563436563436563	0.3966033966033966	0.8599605522682445	0.705380866220027
MA1005.3	ERF082	AP2/EREBP	ERF/DREB	cluster_24	0.4948496146663521	0.49886365668266386	0.6533466533466533	0.5864135864135864	0.8599605522682445	0.844214276289748
MA1744.2	BZIP30	Basic leucine zipper factors (bZIP)	Group I	cluster_12	0.49478418685394127	0.49722758731582756	0.6453546453546454	0.5824175824175825	0.8578494676055652	0.8432345642971829
MA1814.2	RIN	MADS box factors	Type II	cluster_23	0.49474144506694034	0.5143875441585332	0.6593406593406593	0.14385614385614387	0.8599605522682445	0.39625356592865624
MA1173.2	MYB101	Tryptophan cluster factors	MYB	cluster_11	0.49470231989268504	0.497531347371762	0.6343656343656343	0.6783216783216783	0.8506519842196467	0.8877520421259701
MA1209.2	ATHB-20	Homeo domain factors	HD-ZIP	cluster_09	0.4946993608458928	0.5466582799138399	0.6563436563436563	0.6763236763236763	0.8599605522682445	0.8877520421259701
MA0555.2	SVP	MADS box factors	Type II	cluster_23	0.49467305820773794	0.49293251090765833	0.6363636363636364	0.7172827172827173	0.8516772194530513	0.9043712063514044
MA1356.1	TRP2	Tryptophan cluster factors	Myb-related	cluster_34	0.49465760540782366	0.495280567749914	0.6373626373626373	0.6423576423576424	0.8516772194530513	0.8763696196851278
MA1679.2	RAP2-1	AP2/EREBP	ERF/DREB	cluster_15	0.4945869170677824	0.5037577491866195	0.6393606393606394	0.5434565434565435	0.8528534402660277	0.8193680087171211
MA2403.1	DVH24_040989	Tryptophan cluster factors	Trihelix	cluster_18	0.4944317315026697	0.632041859239509	0.6753246753246753	0.7922077922077922	0.872968247968248	0.9429506663549216
MA1397.2	AT1G74840	Tryptophan cluster factors	MYB-related	cluster_05	0.49431336963097405	0.4991762525376703	0.6863136863136863	0.8131868131868132	0.8753030303030304	0.9429506663549216
MA1279.2	DOF1.5	Other C4 zinc finger-type factors	DOF	cluster_08	0.4942966016991524	0.4996239995619611	0.6593406593406593	0.5024975024975025	0.8599605522682445	0.7904108212116425
MA2387.1	NAC094	GCM domain factors	NAC	cluster_16	0.4942916699544966	0.504612159562617	0.6793206793206793	0.3696303696303696	0.8738786466059193	0.6845339126892525
MA1272.3	DOF2.2	Other C4 zinc finger-type factors	DOF	cluster_03	0.4942808201162577	0.7376450061876866	0.913086913086913	0.9120879120879121	0.9754511223042691	0.9829135899065968
MA0001.3	AGL3	MADS box factors	Type II	cluster_23	0.4942643809674109	0.48970846708921284	0.6593406593406593	0.8591408591408591	0.8599605522682445	0.9690987478598098
MA1366.2	DF1	Tryptophan cluster factors	Trihelix	cluster_10	0.4941493069254846	0.5273705021403724	0.6523476523476524	0.6503496503496503	0.8599605522682445	0.878259793304041
MA2420.1	SBP6	C3H(C),C2HC zinc-fingers like factors	SBP	cluster_26	0.4941026197427604	0.5242481106552296	0.6543456543456544	0.5714285714285714	0.8599605522682445	0.83206106870229
MA1769.2	MYB39	Tryptophan cluster factors	MYB	cluster_02	0.4940463978537054	0.4888527508126639	0.6773226773226774	0.8641358641358642	0.872968247968248	0.9696112710818594
MA1213.3	ZHD3	Homeo domain factors	PLINC	cluster_09	0.4940358767984436	0.5082231646379567	0.6933066933066933	0.5604395604395604	0.8754413902928755	0.8280740372870891
MA1793.2	NID1	Tryptophan cluster factors	MYB-related	cluster_05	0.49399181987953394	0.6272086858532747	0.6923076923076923	0.5814185814185814	0.8754413902928755	0.8432345642971829
MA2354.1	PK06182.1	Tryptophan cluster factors	MYB	cluster_02	0.493938228254294	0.5005127460553704	0.6863136863136863	0.5714285714285714	0.8753030303030304	0.83206106870229
MA1398.3	KUA1	Tryptophan cluster factors	MYB-related	cluster_05	0.49392869354796287	0.49806741555367084	0.7022977022977023	0.8021978021978022	0.8794102337791658	0.9429506663549216
MA0576.2	RAX3	Tryptophan cluster factors	MYB	cluster_02	0.4937268208001264	0.49957223563878755	0.6943056943056943	0.5434565434565435	0.8754413902928755	0.8193680087171211
MA1367.2	AT1G76870	Tryptophan cluster factors	Trihelix	cluster_18	0.49371169678318766	0.508556667703068	0.6883116883116883	0.3836163836163836	0.8753030303030304	0.6969030969030969
MA0054.1	myb.Ph3	Tryptophan cluster factors	Myb	cluster_11	0.4936235829453696	0.4955477393626254	0.6553446553446554	0.7282717282717283	0.8599605522682445	0.9109366043792273
MA1233.3	ERF021	AP2/EREBP	ERF/DREB	cluster_15	0.4935910334306536	0.49083979753302004	0.6703296703296703	0.8121878121878122	0.869832548403977	0.9429506663549216
MA2404.1	OsTRBF3	Tryptophan cluster factors	MYB-related	cluster_02	0.4935163996948895	0.520151775591081	0.6693306693306693	0.7572427572427572	0.869832548403977	0.9287873211318187
MA1820.2	Zm00001d024324	AP2/EREBP	ERF/DREB	cluster_24	0.4934871380099428	0.49465984618490205	0.6873126873126874	0.7142857142857143	0.8753030303030304	0.9043712063514044
MA0998.2	ERF096	AP2/EREBP	ERF/DREB	cluster_24	0.49334181593413823	0.51461542094902	0.6803196803196803	0.4925074925074925	0.8738786466059193	0.7811753463927377
MA1196.2	AT5G05790	Tryptophan cluster factors	MYB-related	cluster_05	0.49332603435124456	0.4990526059778525	0.6943056943056943	0.5354645354645354	0.8754413902928755	0.8187563939066945
MA2013.2	ERF115	AP2/EREBP	ERF/DREB	cluster_24	0.49331584207896045	0.4923371529572912	0.6873126873126874	0.7522477522477522	0.8753030303030304	0.9254867515737081
MA1817.2	Zm00001d020267	AP2/EREBP	ERF/DREB	cluster_24	0.4932915121386659	0.49148349662081253	0.7192807192807192	0.8101898101898102	0.8807266451497222	0.9429506663549216
MA1324.1	GATA20	Other C4 zinc finger-type factors	C4-GATA-related	cluster_13	0.4932507430495277	0.4927280376532194	0.6723276723276723	0.8181818181818182	0.8709439965806688	0.9473030762863844
MA1739.2	BHLH122	Basic helix-loop-helix factors (bHLH)	bHLH	cluster_07	0.49322739945816557	0.5420235731632892	0.7092907092907093	0.8311688311688312	0.8794102337791658	0.9565336624160153
MA1030.2	P0510F09.23	Tryptophan cluster factors	MYB	cluster_02	0.4932188511007656	0.5469305139365734	0.7102897102897103	0.8111888111888111	0.8794102337791658	0.9429506663549216
MA0567.1	ERF1B	AP2/EREBP	ERF/DREB	cluster_24	0.493167889739341	0.4977404829840402	0.6983016983016983	0.5924075924075924	0.8777663851798942	0.8461407994990084
MA0590.1	LFY	LEAFY	NA	cluster_42	0.4930643231016074	0.49819784699145797	0.7172827172827173	0.5694305694305695	0.8807266451497222	0.83206106870229
MA1379.1	SOL1	CPP	NA	cluster_06	0.49296930482127377	0.4904745060551601	0.7112887112887113	0.8031968031968032	0.8794102337791658	0.9429506663549216
MA2365.1	VIT_17s0000g10420	Tryptophan cluster factors	Trihelix	cluster_18	0.492771706252137	0.502108658366366	0.6763236763236763	0.8201798201798202	0.872968247968248	0.9481775799957618
MA1049.2	ERF094	AP2/EREBP	ERF/DREB	cluster_24	0.49273586890765164	0.4947768932077374	0.7112887112887113	0.7622377622377622	0.8794102337791658	0.9287873211318187
MA1220.2	TINY	AP2/EREBP	ERF/DREB	cluster_15	0.4927075935716354	0.490955556735431	0.7182817182817183	0.8081918081918081	0.8807266451497222	0.9429506663549216
MA1368.3	GT-4	Tryptophan cluster factors	Trihelix	cluster_02	0.4926641942186814	0.4996136664507734	0.7172827172827173	0.5344655344655345	0.8807266451497222	0.8187563939066945
MA1405.2	SIZF2	C2H2 zinc finger factors	C2H2	cluster_35	0.492639206712433	0.4950769774147858	0.7102897102897103	0.6913086913086913	0.8794102337791658	0.8955323114915644
MA1773.2	MYB51	Tryptophan cluster factors	MYB	cluster_02	0.4925889029169618	0.4945746257244352	0.6873126873126874	0.6493506493506493	0.8753030303030304	0.878259793304041
MA1277.2	DOF1.7	Other C4 zinc finger-type factors	DOF	cluster_03	0.4923127252163389	0.49861882550303993	0.6943056943056943	0.6563436563436563	0.8754413902928755	0.878893280632411
MA1238.3	ERF038	AP2/EREBP	ERF/DREB	cluster_15	0.49226011994002977	0.4936603524001144	0.6953046953046953	0.7412587412587412	0.8754413902928755	0.9176454613347818
MA1161.1	TSO1	CPP	NA	cluster_06	0.4922229674636347	0.4881763431122203	0.7112887112887113	0.8611388611388612	0.8794102337791658	0.9690987478598098
MA1673.2	LBD18	Other C4 zinc finger-type factors	LBD	cluster_15	0.49221967963386726	0.5040909884629645	0.7122877122877123	0.5984015984015985	0.8794102337791658	0.8486624899264305
MA1247.2	ERF087	AP2/EREBP	ERF/DREB	cluster_24	0.49217036218732724	0.48864178750079573	0.7202797202797203	0.8571428571428571	0.8807266451497222	0.9690987478598098
MA1754.2	ERF073	AP2/EREBP	ERF/DREB	cluster_24	0.4920667955495944	0.49716526197895766	0.7072927072927073	0.5944055944055944	0.8794102337791658	0.8461407994990084
MA1417.2	O2	Basic leucine zipper factors (bZIP)	Group C	cluster_14	0.4920076146137453	0.49163346194038526	0.7402597402597403	0.7802197802197802	0.8936996547756042	0.9389711235137104
MA1281.2	DOF5.1	Other C4 zinc finger-type factors	DOF	cluster_08	0.4919964359925302	0.5010792410061005	0.7082917082917083	0.44555444555444557	0.8794102337791658	0.740649328884623
MA0121.2	ARR10	Tryptophan cluster factors	GARP_ARR-B	cluster_13	0.49184059286146403	0.5015944879357876	0.7042957042957043	0.919080919080919	0.8794102337791658	0.9829135899065968
MA2088.1	PK24580.1	AP2/EREBP	ERF/DREB	cluster_15	0.4916097872116574	0.49538176093220104	0.7322677322677322	0.7432567432567433	0.8911009245937475	0.9176454613347818
MA1246.2	LEP	AP2/EREBP	ERF/DREB	cluster_24	0.4914835345485158	0.4867290491222338	0.7222777222777222	0.8701298701298701	0.8817566433566434	0.9705236623841276
MA0986.1	DREB2C	AP2/EREBP	ERF/DREB	cluster_15	0.4914013388042815	0.5014812242937682	0.7342657342657343	0.6073926073926074	0.892109482873814	0.8582232582232582
MA1818.1	Zm00001d052229	AP2/EREBP	ERF/DREB	cluster_24	0.4913697756384962	0.49314939256172935	0.7452547452547452	0.7502497502497503	0.8968917517813417	0.9247828100816793
MA1408.2	FaEOBII	Tryptophan cluster factors	MYB-related	cluster_02	0.4912606196901551	0.49487307790512663	0.7152847152847153	0.8741258741258742	0.8807266451497222	0.9705236623841276
MA1205.1	AGL6	MADS box factors	MIKC	cluster_23	0.49114291538441174	0.5041158829678369	0.7532467532467533	0.35064935064935066	0.9008264462809918	0.6592326592326593
MA1020.1	GT-1	Tryptophan cluster factors	Trihelix	cluster_18	0.4909735921512929	0.49991755156100987	0.7322677322677322	0.8701298701298701	0.8911009245937475	0.9705236623841276
MA1380.1	TCX6	CPP	NA	cluster_06	0.49059976590652044	0.4856874898286147	0.7502497502497503	0.8831168831168831	0.9000637727052822	0.9706193087488052
MA1802.2	TRP5	Tryptophan cluster factors	MYB-related	cluster_18	0.490578066230043	0.5126312831315004	0.7372627372627373	0.8331668331668332	0.8929070929070929	0.9573889965456231
MA1046.1	NTL9	GCM domain factors	NAC	cluster_32	0.49052381703884906	0.4934507291310147	0.7652347652347652	0.9400599400599401	0.9094612552556477	0.9906985279913457
MA2048.2	NAC045	GCM domain factors	NAC	cluster_25	0.4905014597964176	0.508751078210357	0.7362637362637363	0.6433566433566433	0.8929070929070929	0.8763696196851278
MA1195.2	AT5G56840	Tryptophan cluster factors	MYB-related	cluster_05	0.4904659512349097	0.4854333283379794	0.7762237762237763	0.913086913086913	0.916094691133212	0.9829135899065968
MA1353.2	AT1G72740	Tryptophan cluster factors	MYB-related	cluster_02	0.4904518135669007	0.4967678057990878	0.7442557442557443	0.6773226773226774	0.8968917517813417	0.8877520421259701
MA1819.2	Zm00001d005892	AP2/EREBP	ERF/DREB	cluster_24	0.4904110444777611	0.4918063053246224	0.7502497502497503	0.8461538461538461	0.9000637727052822	0.9650454179602161
MA2018.2	NAC69	GCM domain factors	NAC	cluster_20	0.4903748783502985	0.4970629460831519	0.7742257742257742	0.8661338661338661	0.916094691133212	0.9704260497212039
MA1738.1	ATMYB31	Tryptophan cluster factors	Myb	cluster_02	0.49036435729503663	0.500077804220614	0.7522477522477522	0.45854145854145856	0.9008264462809918	0.7540239932481312
MA2371.1	MYB31	Tryptophan cluster factors	MYB	cluster_02	0.49036435729503663	0.500077804220614	0.7782217782217782	0.48951048951048953	0.916094691133212	0.7781177156177157
MA1403.1	BPC5	BBR/BPC	NA	cluster_21	0.4903479181461903	0.4842058053661224	0.7772227772227772	0.9300699300699301	0.916094691133212	0.9894228334339754
MA2029.2	MYB88	Tryptophan cluster factors	MYB	cluster_49	0.4902874220784336	0.4889128606028511	0.7622377622377622	0.8451548451548452	0.9073126561426093	0.9650454179602161
MA1770.2	MYB40	Tryptophan cluster factors	MYB	cluster_02	0.49004675293931965	0.49164374816337114	0.7612387612387612	0.7372627372627373	0.9073126561426093	0.9161750301815449
MA1186.2	YAB4	Tryptophan cluster factors	MYB-related	cluster_05	0.48985375733186054	0.4908664913503998	0.7402597402597403	0.7772227772227772	0.8936996547756042	0.9368419889746904
MA1371.2	IDD4	C2H2 zinc finger factors	IDD	cluster_08	0.4896134169757229	0.4893380264169058	0.7762237762237763	0.8241758241758241	0.916094691133212	0.9513557546840451
MA1789.1	NAC071	GCM domain factors	NAC	cluster_16	0.48951938504432063	0.4991285012241676	0.7982017982017982	0.5444555444555444	0.9267328416264586	0.8193680087171211
MA0584.2	SEP1	MADS box factors	Type II	cluster_23	0.4894319287724552	0.4839386467836446	0.7752247752247752	0.916083916083916	0.916094691133212	0.9829135899065968
MA1042.1	MYB59	Tryptophan cluster factors	Myb	cluster_02	0.4892757568584129	0.49539631497151265	0.7612387612387612	0.8641358641358642	0.9073126561426093	0.9696112710818594
MA1274.1	DOF3.6	Other C4 zinc finger-type factors	DOF	cluster_08	0.4892169047055409	0.4967496126337002	0.7972027972027972	0.6153846153846154	0.9267328416264586	0.8647117155404449
MA1758.2	HSFA1E	Heat shock factors	HSF	cluster_04	0.48915575107183373	0.49805855080066	0.7872127872127872	0.5644355644355644	0.9212321420910378	0.8280740372870891
MA1036.1	MYB111	Tryptophan cluster factors	Myb	cluster_02	0.48912484547200114	0.4976413095583853	0.7952047952047953	0.7172827172827173	0.9267328416264586	0.9043712063514044
MA0579.2	CDC5	Tryptophan cluster factors	MYB-related	cluster_41	0.4891123517188768	0.49554253626412514	0.7852147852147852	0.6473526473526473	0.9203055009506622	0.8773180638189518
MA1267.2	DOF5.8	Other C4 zinc finger-type factors	DOF	cluster_08	0.4889242878560733	0.4980138279371998	0.7962037962037962	0.5854145854145855	0.9267328416264586	0.844214276289748
MA1202.1	AGL55	MADS box factors	Type I	cluster_43	0.48887168257976277	0.6276621053303769	0.8181818181818182	0.6733266733266733	0.9345400108873164	0.8877520421259701
MA1832.2	Zm00001d002364	AP2/EREBP	ERF/DREB	cluster_24	0.4888447223756544	0.4928258453923322	0.7912087912087912	0.7432567432567433	0.9244905171398279	0.9176454613347818
MA1266.2	RAP2-11	AP2/EREBP	ERF/DREB	cluster_24	0.48866356295536517	0.48832639056410276	0.7842157842157842	0.8411588411588412	0.9203055009506622	0.9636699636699637
MA1248.2	ERF012	AP2/EREBP	ERF/DREB	cluster_15	0.4886536994660566	0.4952230807262243	0.7992007992007992	0.7392607392607392	0.9267328416264586	0.9171641366763318
MA1258.2	DREB2A	AP2/EREBP	ERF/DREB	cluster_15	0.48855736605381467	0.4940741450125476	0.7792207792207793	0.7182817182817183	0.916094691133212	0.9043712063514044
MA0110.4	ATHB-5	Homeo domain factors	HD-ZIP	cluster_09	0.4884787869223284	0.5200226363444044	0.8131868131868132	0.6113886113886113	0.9330248698669752	0.8606817536706834
MA1404.1	BPC1	BBR/BPC	NA	cluster_21	0.48844557984165815	0.4854226920920836	0.8021978021978022	0.8971028971028971	0.9271394263829967	0.976142091526707
MA1414.2	E2FA	Fork head/winged helix factors	E2F	cluster_44	0.4882966411531078	0.507628684372046	0.8051948051948052	0.8351648351648352	0.9280417467728646	0.9582417582417583
MA1406.2	ATHB-4	Homeo domain factors	HD-ZIP	cluster_09	0.4880832610010786	0.48903710917208665	0.8031968031968032	0.8811188811188811	0.9271394263829967	0.9706193087488052
MA2052.2	ZAT6	C2H2 zinc finger factors	C2H2	cluster_09	0.48802868302690755	0.519848194966867	0.8111888111888111	0.6443556443556444	0.9321341309293116	0.8763696196851278
MA1177.2	MYB65	Tryptophan cluster factors	MYB	cluster_11	0.48788960782766505	0.48421552825850606	0.8021978021978022	0.9630369630369631	0.9271394263829967	0.9908070510480149
MA1204.1	AGL13	MADS box factors	MIKC	cluster_23	0.48782713906204755	0.5043552330898184	0.8091908091908092	0.37162837162837165	0.931240704996361	0.6865676696185171
MA0005.3	AG	MADS box factors	Type II	cluster_23	0.4877692732581079	0.4958497247201602	0.8211788211788211	0.6623376623376623	0.9365611966508827	0.878893280632411
MA1235.1	AIL7	AP2/EREBP	AP2	cluster_31	0.48756115363370883	0.49015231230490397	0.8241758241758241	0.8031968031968032	0.9380515318015319	0.9429506663549216
MA1244.2	ABR1	AP2/EREBP	ERF/DREB	cluster_24	0.4874980273021369	0.49108289830378044	0.8181818181818182	0.7732267732267732	0.9345400108873164	0.9335000442595379
MA1765.2	MYB121	Tryptophan cluster factors	MYB	cluster_02	0.48726722165233155	0.4913986738861693	0.8261738261738262	0.8021978021978022	0.9380515318015319	0.9429506663549216
MA0571.2	ANT	AP2/EREBP	AP2	cluster_31	0.4870706094321261	0.49565536417712136	0.8251748251748252	0.6313686313686314	0.9380515318015319	0.8756742350208775
MA1778.2	MYB80	Tryptophan cluster factors	MYB	cluster_02	0.48694961729661435	0.4866753197278464	0.8181818181818182	0.8711288711288712	0.9345400108873164	0.9705236623841276
MA1766.2	MYB17	Tryptophan cluster factors	MYB	cluster_02	0.4865238433414861	0.49411351120570973	0.8311688311688312	0.7042957042957043	0.942320680805079	0.9043712063514044
MA2351.1	OsEIL3	Other all-alpha-helical DNA-binding domains	EIL	cluster_26	0.4862752834109261	0.5069317436550701	0.8631368631368631	0.6383616383616384	0.962884040137259	0.8763696196851278
MA0995.3	ERF039	AP2/EREBP	ERF/DREB	cluster_15	0.4862272810962938	0.5037454146097616	0.8671328671328671	0.8081918081918081	0.962884040137259	0.9429506663549216
MA1189.2	AT5G61620	Tryptophan cluster factors	MYB-related	cluster_05	0.48620492385386044	0.4826516797156323	0.8691308691308691	0.942057942057942	0.962884040137259	0.9908070510480149
MA2041.2	MYB13	Tryptophan cluster factors	MYB	cluster_02	0.4862039375049324	0.49061579852231496	0.8571428571428571	0.8131868131868132	0.962884040137259	0.9429506663549216
MA0556.2	AP3	MADS box factors	Type II	cluster_23	0.48615692153923007	0.48662302988433503	0.8751248751248751	0.9020979020979021	0.962884040137259	0.9776998569612205
MA1273.2	DOF4.2	Other C4 zinc finger-type factors	DOF	cluster_03	0.4858984981193613	0.49782146410628475	0.8541458541458542	0.6293706293706294	0.962884040137259	0.8756742350208775
MA1825.2	Zm00001d044409	Tryptophan cluster factors	MYB-related	cluster_05	0.4857821089455272	0.6222371550170459	0.8731268731268731	0.8821178821178821	0.962884040137259	0.9706193087488052
MA2083.1	PK21166.1	Tryptophan cluster factors	MYB	cluster_02	0.4857577790052343	0.49320655337685104	0.8641358641358642	0.7852147852147852	0.962884040137259	0.9405319954770504
MA2367.1	WIP5	C2H2 zinc finger factors	C2H2	cluster_05	0.48575218969462686	0.4889351577105636	0.8481518481518482	0.8051948051948052	0.9601481604448964	0.9429506663549216
MA1228.2	ERF091	AP2/EREBP	ERF/DREB	cluster_24	0.48547995738972627	0.49037291356280904	0.8601398601398601	0.8051948051948052	0.962884040137259	0.9429506663549216
MA1231.3	ERF15	AP2/EREBP	ERF/DREB	cluster_24	0.4854723953812566	0.49399245327027685	0.8531468531468531	0.7662337662337663	0.962884040137259	0.9294695765284001
MA2032.2	TRB1	Tryptophan cluster factors	MYB-related	cluster_02	0.48543129750914055	0.49684777903033206	0.8791208791208791	0.8881118881118881	0.962884040137259	0.9722085661827412
MA1796.1	RAP2-7	AP2/EREBP	AP2	cluster_36	0.4851715589573634	0.48519132237272733	0.8761238761238761	0.936063936063936	0.962884040137259	0.989960247221658
MA1181.2	MYB113	Tryptophan cluster factors	MYB	cluster_11	0.4850834451195454	0.49571418322504923	0.8591408591408591	0.6443556443556444	0.962884040137259	0.8763696196851278
MA1000.3	ERF105	AP2/EREBP	ERF/DREB	cluster_24	0.48497823456692707	0.49092794037254056	0.8621378621378621	0.7982017982017982	0.962884040137259	0.9429506663549216
MA2106.1	Zm00001d024644	Tryptophan cluster factors	MYB-related	cluster_05	0.48477701938504403	0.4838452235707159	0.8731268731268731	0.9460539460539461	0.962884040137259	0.9908070510480149
MA1777.2	MYB74	Tryptophan cluster factors	MYB	cluster_02	0.48466819221968044	0.4878483117391131	0.8751248751248751	0.8601398601398601	0.962884040137259	0.9690987478598098
MA2022.2	LOB	Other C4 zinc finger-type factors	LBD	cluster_24	0.4845692285436225	0.4880857194515869	0.8751248751248751	0.8531468531468531	0.962884040137259	0.9690987478598098
MA1193.2	AT2G38090	Tryptophan cluster factors	MYB-related	cluster_05	0.4845208974460155	0.4848963693314561	0.8651348651348651	0.9010989010989011	0.962884040137259	0.9776998569612205
MA1210.3	HAT22	Homeo domain factors	HD-ZIP	cluster_09	0.48438083589784015	0.5043077053653131	0.8741258741258742	0.6373626373626373	0.962884040137259	0.8763696196851278
MA2065.1	PK08602.1	AP2/EREBP	NA	cluster_15	0.48437820563402484	0.49377596399924367	0.8801198801198801	0.7902097902097902	0.962884040137259	0.9429506663549216
MA1171.2	MYB52	Tryptophan cluster factors	MYB	cluster_11	0.4843719587574634	0.5067703439035576	0.8621378621378621	0.8821178821178821	0.962884040137259	0.9706193087488052
MA1270.2	DOF3.2	Other C4 zinc finger-type factors	DOF	cluster_08	0.48395243167889734	0.4873606960160888	0.906093906093906	0.8751248751248751	0.9751052896327932	0.9705236623841276
MA1676.3	NAC062	GCM domain factors	NAC	cluster_25	0.4838459059943712	0.5719604987456295	0.9040959040959041	0.967032967032967	0.9751052896327932	0.9908070510480149
MA1829.2	Zm00001d035604	Tryptophan cluster factors	MYB	cluster_02	0.48383505615613254	0.5155563054138411	0.8901098901098901	0.9370629370629371	0.9688357291780971	0.989960247221658
MA1823.2	Zm00001d027846	Other C4 zinc finger-type factors	DOF	cluster_25	0.48380415055630077	0.6435909866437086	0.9170829170829171	0.9440559440559441	0.9772824940422705	0.9908070510480149
MA1242.1	DREB2F	AP2/EREBP	ERF/DREB	cluster_24	0.4837564770246461	0.4893671405790534	0.8821178821178821	0.8121878121878122	0.962884040137259	0.9429506663549216
MA1661.2	GTL1	Tryptophan cluster factors	Trihelix	cluster_10	0.4837130776716906	0.5092297266561456	0.9100899100899101	0.7172827172827173	0.9752789345485975	0.9043712063514044
MA1416.1	RAMOSA1	C2H2 zinc finger factors	C2H2	cluster_21	0.48344840737525874	0.48770279365200553	0.8731268731268731	0.919080919080919	0.962884040137259	0.9829135899065968
MA2344.1	REV	Homeo domain factors	HD-ZIP	cluster_09	0.483333990899287	0.4927986491414566	0.8891108891108891	0.7172827172827173	0.9688357291780971	0.9043712063514044
MA1780.2	MYB92	Tryptophan cluster factors	MYB	cluster_02	0.48317683263631334	0.5158168483106269	0.8941058941058941	0.936063936063936	0.9701207883026064	0.989960247221658
MA1039.1	MYB4	Tryptophan cluster factors	Myb	cluster_02	0.4831548041768589	0.4897317098507114	0.8771228771228772	0.8781218781218781	0.962884040137259	0.9706193087488052
MA1747.2	DOF4.3	Other C4 zinc finger-type factors	DOF	cluster_03	0.4830703069517878	0.48412210106632	0.8931068931068931	0.9200799200799201	0.9701207883026064	0.9829135899065968
MA1208.2	GT-2	Tryptophan cluster factors	Trihelix	cluster_10	0.4828253636339725	0.49220666659742324	0.8811188811188811	0.7532467532467533	0.962884040137259	0.9254867515737081
MA2042.2	MYB58	Tryptophan cluster factors	MYB	cluster_02	0.4827836081959019	0.48845885050388865	0.8951048951048951	0.8741258741258742	0.9701207883026064	0.9705236623841276
MA1827.2	Zm00001d044785	Tryptophan cluster factors	GARP_G2-like	cluster_05	0.4827086456771616	0.5138080177442813	0.919080919080919	0.9080919080919081	0.9780456642381329	0.9814081103032943
MA0575.2	MYB77	Tryptophan cluster factors	MYB	cluster_11	0.4821812777821616	0.4889846349968392	0.9000999000999002	0.8611388611388612	0.9727708552071158	0.9690987478598098
MA1040.1	MYB46	Tryptophan cluster factors	Myb	cluster_02	0.48205929929771957	0.4887125951483957	0.9050949050949051	0.958041958041958	0.9751052896327932	0.9908070510480149
MA1262.2	ERF2	AP2/EREBP	ERF/DREB	cluster_24	0.4819751308556248	0.48738151378000677	0.8981018981018981	0.8601398601398601	0.9719882953925506	0.9690987478598098
MA0992.3	ERF4	AP2/EREBP	ERF/DREB	cluster_24	0.48175057208237937	0.4843467899461467	0.9100899100899101	0.9170829170829171	0.9752789345485975	0.9829135899065968
MA1821.2	Zm00001d020595	AP2/EREBP	ERF/DREB	cluster_24	0.4816996107209553	0.4855061724328805	0.9140859140859141	0.8971028971028971	0.9754511223042691	0.976142091526707
MA1767.2	MYB23	Tryptophan cluster factors	MYB	cluster_45	0.48150102580288806	0.6992578852409808	0.9920079920079921	0.985014985014985	1.0	0.999423448891534
MA1169.1	MYB105	Tryptophan cluster factors	Myb	cluster_11	0.48131197559115113	0.4790067374600255	0.9120879120879121	0.9690309690309691	0.9754511223042691	0.9908070510480149
MA0574.1	MYB15	Tryptophan cluster factors	Myb	cluster_02	0.48095195823141124	0.48815839607241923	0.9300699300699301	0.8721278721278721	0.9785201024870447	0.9705236623841276
MA1221.1	RAP2-6	AP2/EREBP	ERF/DREB	cluster_24	0.4809230253294398	0.480499834426442	0.9270729270729271	0.9600399600399601	0.9780647529266314	0.9908070510480149
MA1006.2	ERF6	AP2/EREBP	ERF/DREB	cluster_15	0.48089211972960894	0.4905457766430643	0.9080919080919081	0.8431568431568431	0.9752789345485975	0.9645107516171983
MA1662.2	AT3G10030	Tryptophan cluster factors	Trihelix	cluster_11	0.4808299797469686	0.49376271725297266	0.926073926073926	0.985014985014985	0.9780647529266314	0.999423448891534
MA1776.2	MYB67	Tryptophan cluster factors	MYB	cluster_02	0.48072871459007344	0.4930672895659814	0.926073926073926	0.8121878121878122	0.9780647529266314	0.9429506663549216
MA2021.2	LBD13	Other C4 zinc finger-type factors	LBD	cluster_48	0.4803670533154474	0.49254900409288016	0.936063936063936	0.8911088911088911	0.9810670099131638	0.9726982602519083
MA1762.2	MYB10	Tryptophan cluster factors	MYB	cluster_02	0.48016123517188725	0.48465618132513755	0.9280719280719281	0.9140859140859141	0.9780647529266314	0.9829135899065968
MA0994.3	ERF8	AP2/EREBP	ERF/DREB	cluster_24	0.48014545358899463	0.482555561791253	0.945054945054945	0.9590409590409591	0.9865475124330709	0.9908070510480149
MA1041.1	MYB55	Tryptophan cluster factors	Myb	cluster_02	0.4799399642284117	0.49609164927685206	0.926073926073926	0.6583416583416584	0.9780647529266314	0.878893280632411
MA1192.2	DIV1	Tryptophan cluster factors	MYB-related	cluster_05	0.47967628028091247	0.4860453164254135	0.9310689310689311	0.8881118881118881	0.9785201024870447	0.9722085661827412
MA1257.2	ERF9	AP2/EREBP	ERF/DREB	cluster_37	0.4793350035508562	0.47843471036518764	0.926073926073926	0.965034965034965	0.9780647529266314	0.9908070510480149
MA0950.1	ATHB-12	Homeo domain factors	HD-ZIP	cluster_09	0.47905225019069414	0.5134651010506363	0.945054945054945	0.8111888111888111	0.9865475124330709	0.9429506663549216
MA1269.2	DOF4.5	Other C4 zinc finger-type factors	DOF	cluster_03	0.47901115231858016	0.48029843687963336	0.926073926073926	0.961038961038961	0.9780647529266314	0.9908070510480149
MA1038.2	MYB3	Tryptophan cluster factors	MYB	cluster_02	0.4789674241826456	0.49257173527368825	0.935064935064935	0.8291708291708292	0.9810670099131638	0.9556757441953816
MA1751.2	EIL3	EIL	NA	cluster_26	0.4786366685078513	0.4797500983717709	0.9460539460539461	0.996003996003996	0.9865475124330709	1.0
MA1775.2	MYB61	Tryptophan cluster factors	MYB	cluster_02	0.47846701649175427	0.48751190490360385	0.948051948051948	0.9280719280719281	0.9865475124330709	0.9889928507246942
MA1222.1	ERF014	AP2/EREBP	ERF/DREB	cluster_24	0.4782270049185924	0.4773503682749927	0.9590409590409591	0.985014985014985	0.9915287964068451	0.999423448891534
MA2040.2	ENAP2	Tryptophan cluster factors	Trihelix	cluster_15	0.4775013808885028	0.481656744531252	0.949050949050949	0.9600399600399601	0.9865475124330709	0.9908070510480149
MA2039.2	ASIL2	Tryptophan cluster factors	Trihelix	cluster_15	0.4767507693521654	0.48203987742159116	0.9590409590409591	0.967032967032967	0.9915287964068451	0.9908070510480149
MA1815.2	GRF4	C3H zinc finger factors	GRF	cluster_12	0.4766120229359004	0.48862258403671266	0.951048951048951	0.906093906093906	0.9872793872793874	0.9806378019143975
MA1225.1	ERF5	AP2/EREBP	ERF/DREB	cluster_24	0.4761583024277326	0.4790854528833296	0.962037962037962	0.962037962037962	0.9917287014061209	0.9908070510480149
MA1323.2	GATA19	Other C4 zinc finger-type factors	C4-GATA-related	cluster_13	0.476084326257924	0.48060954350060087	0.949050949050949	0.97002997002997	0.9865475124330709	0.9908070510480149
MA1239.2	ERF104	AP2/EREBP	ERF/DREB	cluster_24	0.4756999789578878	0.4812124508730485	0.967032967032967	0.9460539460539461	0.9917287014061209	0.9908070510480149
MA2025.2	MYB93	Tryptophan cluster factors	MYB	cluster_02	0.4753373313343327	0.494196946303045	0.965034965034965	0.935064935064935	0.9917287014061209	0.989960247221658
MA1264.2	ERF095	AP2/EREBP	ERF/DREB	cluster_24	0.4753060969515249	0.48538734571391867	0.965034965034965	0.8831168831168831	0.9917287014061209	0.9706193087488052
MA1813.2	EIL4	EIL	NA	cluster_46	0.4752479023646077	0.4857763157120982	0.9630369630369631	0.9690309690309691	0.9917287014061209	0.9908070510480149
MA2031.2	AT5G04760	Tryptophan cluster factors	MYB-related	cluster_05	0.4752235724243141	0.49550794988189273	0.957042957042957	0.962037962037962	0.9915287964068451	0.9908070510480149
MA1179.2	MYB1	Tryptophan cluster factors	MYB	cluster_11	0.47487999421341953	0.5019364163499372	0.971028971028971	0.9590409590409591	0.9931569770711861	0.9908070510480149
MA0034.2	Gam1	Tryptophan cluster factors	MYB	cluster_11	0.47475801572897774	0.4770999315929966	0.9660339660339661	0.987012987012987	0.9917287014061209	1.0
MA1226.2	DREB2G	AP2/EREBP	ERF/DREB	cluster_24	0.4746646413635284	0.48109203779451176	0.974025974025974	0.9500499500499501	0.9948886454910552	0.9908070510480149
MA1772.2	MYB43	Tryptophan cluster factors	MYB	cluster_02	0.47449235908361714	0.48124066766591606	0.9690309690309691	0.9530469530469531	0.9924437978129254	0.9908070510480149
MA1681.2	SRM1	Tryptophan cluster factors	MYB-related	cluster_05	0.4740501459796415	0.49279959975287746	0.9790209790209791	0.7662337662337663	0.997320436572773	0.9294695765284001
MA1779.2	MYB83	Tryptophan cluster factors	MYB	cluster_02	0.4728277308714063	0.49184795240346035	0.977022977022977	0.9310689310689311	0.9966156837814591	0.9894228334339754
MA2343.1	MYB3R3	Tryptophan cluster factors	MYB	cluster_11	0.47112463505089563	0.48384035891819266	0.986013986013986	0.955044955044955	1.0	0.9908070510480149
MA1250.2	DREB2D	AP2/EREBP	ERF/DREB	cluster_24	0.4710601935874172	0.4780434270499743	0.983016983016983	0.981018981018981	0.9987243116404235	0.999423448891534
MA1753.2	ERF057	AP2/EREBP	ERF/DREB	cluster_24	0.4706373786790819	0.47510665712611994	0.9820179820179821	0.993006993006993	0.9987243116404235	1.0
MA2363.1	TOE2	AP2/EREBP	AP2	cluster_36	0.46898853204976476	0.47587655492553715	0.987012987012987	0.985014985014985	1.0	0.999423448891534
MA2007.2	MYB107	Tryptophan cluster factors	MYB	cluster_02	0.46776480180962154	0.49620986871959666	0.99000999000999	0.8981018981018981	1.0	0.976142091526707
MA1015.2	GATA12	Other C4 zinc finger-type factors	C4-GATA-related	cluster_13	0.4662168915542229	0.5548109869137742	0.996003996003996	0.998001998001998	1.0	1.0
MA1018.2	GATA9	Other C4 zinc finger-type factors	C4-GATA-related	cluster_13	0.4644444225255794	0.5550129875407354	0.998001998001998	0.995004995004995	1.0	1.0
MA2388.1	GATA1	Other C4 zinc finger-type factors	C4-GATA-related	cluster_13	0.46419816407585646	0.46630894710359844	0.995004995004995	0.999000999000999	1.0	1.0
MA1013.1	GATA10	Other C4 zinc finger-type factors	C4-GATA-related	cluster_13	0.46201570267497805	0.4624888807837763	0.999000999000999	1.0	1.0	1.0
MA1014.1	GATA11	Other C4 zinc finger-type factors	C4-GATA-related	cluster_13	0.4610559851653122	0.46664868237659657	1.0	1.0	1.0	1.0
MA1396.2	GATA6	Other C4 zinc finger-type factors	C4-GATA-related	cluster_13	0.45569090454772665	0.4678807039336773	0.999000999000999	0.998001998001998	1.0	1.0
MA1325.2	GATA14	Other C4 zinc finger-type factors	C4-GATA-related	cluster_13	0.4548189720929009	0.4602998804839966	0.999000999000999	1.0	1.0	1.0
MA1812.2	ASR1	Tryptophan cluster factors	MYB-related	cluster_01	0.43868986559351875	0.45953459881311703	1.0	1.0	1.0	1.0
