motif_id	tf_name	tf_class	tf_family	auc_roc	auc_prc	p_value_roc	p_value_prc	p_value_roc_adj	p_value_prc_adj
TBP.H12CORE.0.P.B	TBP	TATA-binding proteins	TBP-related	0.6112387158805631	0.6081481718732604	9.999000099990002e-05	9.999000099990002e-05	0.024047595240475953	0.020612224491836532
TF65.H12CORE.0.P.B	RELA	Rel homology region (RHR) factors	NFkappaB-related	0.6096268895892308	0.6556137896855186	9.999000099990002e-05	9.999000099990002e-05	0.024047595240475953	0.020612224491836532
NFKB2.H12CORE.0.PSM.A	NFKB2	Rel homology region (RHR) factors	NFkappaB-related	0.6076852198066329	0.6107023114665914	9.999000099990002e-05	9.999000099990002e-05	0.024047595240475953	0.020612224491836532
NFKB1.H12CORE.0.PS.A	NFKB1	Rel homology region (RHR) factors	NFkappaB-related	0.595252657443512	0.6272696207388572	9.999000099990002e-05	9.999000099990002e-05	0.024047595240475953	0.020612224491836532
NFAC1.H12CORE.3.SM.B	NFATC1	Rel homology region (RHR) factors	NFAT-related	0.591202393034555	0.5977432410951868	9.999000099990002e-05	9.999000099990002e-05	0.024047595240475953	0.020612224491836532
RELB.H12CORE.0.P.B	RELB	Rel homology region (RHR) factors	NFkappaB-related	0.5891205063832025	0.6213687181294765	0.00019998000199980003	9.999000099990002e-05	0.041224448983673063	0.020612224491836532
REL.H12CORE.0.P.B	REL	Rel homology region (RHR) factors	NFkappaB-related	0.5836119865391771	0.5965704983437593	9.999000099990002e-05	9.999000099990002e-05	0.024047595240475953	0.020612224491836532
STA5A.H12CORE.0.P.B	STAT5A	STAT domain factors	STAT	0.5697452059184851	0.5495847846666482	0.0015998400159984002	0.0052994700529947	0.15230143652301437	0.2552744725527447
ATF1.H12CORE.0.P.B	ATF1	Basic leucine zipper factors (bZIP)	CREB-related	0.5684699001121747	0.5594460714446842	0.0008999100089991	0.0013998600139986002	0.12985701429857013	0.201999800019998
STA5B.H12CORE.0.P.B	STAT5B	STAT domain factors	STAT	0.5683230062496624	0.5483099874076437	0.0008999100089991	0.006899310068993101	0.12985701429857013	0.2552744725527447
STAT1.H12CORE.0.P.B	STAT1	STAT domain factors	STAT	0.5669435393408457	0.564174487260588	0.0008999100089991	0.000999900009999	0.12985701429857013	0.16031730160317303
STAT6.H12CORE.0.P.B	STAT6	STAT domain factors	STAT	0.5664307462208225	0.5559837426811363	0.0015998400159984002	0.0020997900209979003	0.15230143652301437	0.2291594369974767
HXD13.H12CORE.0.PS.A	HOXD13	Homeo domain factors	HOX-related	0.5663386037070639	0.5428882796490399	0.0014998500149985001	0.0131986801319868	0.15230143652301437	0.30718863597511215
STAT4.H12CORE.0.P.B	STAT4	STAT domain factors	STAT	0.5646266225094813	0.5494838891557695	0.0013998600139986002	0.0045995400459954	0.15230143652301437	0.25116377251163774
NR1I3.H12CORE.1.PSM.A	NR1I3	Nuclear receptors with C4 zinc fingers	Thyroid hormone receptor-related	0.5639442337481955	0.543623155924245	0.0017998200179982	0.009499050094990502	0.15230143652301437	0.26876724092296655
NFAT5.H12CORE.1.PS.A	NFAT5	Rel homology region (RHR) factors	NFAT-related	0.5637252283531852	0.5520169311095116	0.0018998100189981002	0.0035996400359964	0.15230143652301437	0.25116377251163774
KLF17.H12CORE.1.P.C	KLF17	C2H2 zinc finger factors	Three-zinc finger Kruppel-related	0.5635115645531761	0.5352034530601462	0.0018998100189981002	0.048795120487951205	0.15230143652301437	0.480951904809519
ZN444.H12CORE.0.S.C	ZNF444	C2H2 zinc finger factors	More than 3 adjacent zinc fingers	0.563001442230647	0.5517447680838816	0.0016998300169983002	0.0035996400359964	0.15230143652301437	0.25116377251163774
ZNF35.H12CORE.1.P.C	ZNF35	C2H2 zinc finger factors	More than 3 adjacent zinc fingers	0.5615031248330741	0.5394140465716473	0.0023997600239976003	0.018998100189981004	0.18225545866465984	0.3426782321767824
NFAC2.H12CORE.2.S.C	NFATC2	Rel homology region (RHR) factors	NFAT-related	0.5602745579830123	0.5492585369952612	0.0032996700329967	0.005499450054994501	0.2132917143068302	0.2552744725527447
ZN213.H12CORE.0.P.C	ZNF213	C2H2 zinc finger factors	More than 3 adjacent zinc fingers	0.5593277602692116	0.5482259492627025	0.0032996700329967	0.0065993400659934	0.2132917143068302	0.2552744725527447
FOXA1.H12CORE.0.P.B	FOXA1	Fork head/winged helix factors	FOX	0.5589591902142013	0.5355071307642918	0.0028997100289971	0.028097190280971903	0.20921407859214078	0.41371679158614755
CPEB1.H12CORE.0.S.B	CPEB1	Uncharacterized	Unannotated	0.5579950323166483	0.557046882874504	0.0037996200379962005	0.0093990600939906	0.22845215478452155	0.26876724092296655
MEF2A.H12CORE.0.P.B	MEF2A	MADS box factors	Regulators of differentiation	0.5578494738528905	0.5555379317990398	0.0033996600339966003	0.0015998400159984002	0.2132917143068302	0.20986992209869923
VEZF1.H12CORE.0.P.C	VEZF1	C2H2 zinc finger factors	Multiple dispersed zinc fingers	0.5574608728166219	0.5703388440178899	0.0045995400459954	0.0021997800219978004	0.2552744725527447	0.2291594369974767
FOXA3.H12CORE.0.PS.A	FOXA3	Fork head/winged helix factors	FOX	0.556202927194059	0.532591516832303	0.004199580041995801	0.0402959704029597	0.2423997600239976	0.4724188871435437
NFAC1.H12CORE.1.PS.A	NFATC1	Rel homology region (RHR) factors	NFAT-related	0.5553856631590212	0.5494543259149569	0.005099490050994901	0.0046995300469953	0.2725394127253941	0.25116377251163774
TEAD2.H12CORE.0.PSM.A	TEAD2	TEA domain factors	TEF1-related	0.5551559745740073	0.5497149566290476	0.006399360063993601	0.0059994000599940004	0.2798265627982656	0.2552744725527447
PAX5.H12CORE.0.PS.A	PAX5	Paired box factors	PD	0.5550758506490038	0.5552441732515304	0.006099390060993901	0.0026997300269973002	0.27955329467053297	0.2291594369974767
ATF3.H12CORE.1.P.B	ATF3	Basic leucine zipper factors (bZIP)	Fos-related	0.5548755408364928	0.5519102459304712	0.006099390060993901	0.0024997500249975004	0.27955329467053297	0.2291594369974767
NFAC2.H12CORE.1.PS.A	NFATC2	Rel homology region (RHR) factors	NFAT-related	0.5541410715239585	0.535910351780087	0.006099390060993901	0.029497050294970503	0.27955329467053297	0.4148210178982102
PATZ1.H12CORE.0.P.B	PATZ1	C2H2 zinc finger factors	Multiple dispersed zinc fingers	0.5540409166177027	0.5557586536407338	0.0065993400659934	0.0023997600239976003	0.2800837563302493	0.2291594369974767
NFAC4.H12CORE.1.SM.B	NFATC4	Rel homology region (RHR) factors	NFAT-related	0.5537471288926876	0.5461547479354536	0.007399260073992601	0.009099090090990901	0.2965870079658701	0.26876724092296655
FOXA1.H12CORE.1.S.C	FOXA1	Fork head/winged helix factors	FOX	0.5535588376689312	0.5403511687334588	0.006199380061993801	0.018198180181981802	0.27955329467053297	0.3324047342101233
HXA13.H12CORE.0.P.B	HOXA13	Homeo domain factors	HOX-related	0.5534680305539205	0.5344346066566222	0.006099390060993901	0.0321967803219678	0.27955329467053297	0.42236321822363215
NFAC2.H12CORE.3.M.C	NFATC2	Rel homology region (RHR) factors	NFAT-related	0.5526267293413806	0.5407980312020406	0.0081991800819918	0.017298270172982702	0.3113530752187939	0.330338018829696
ZN468.H12CORE.0.P.C	ZNF468	C2H2 zinc finger factors	More than 3 adjacent zinc fingers	0.5524063885476186	0.5425150675691467	0.009099090090990901	0.014098590140985901	0.3202435853975578	0.3152084791520848
TEAD4.H12CORE.0.PS.A	TEAD4	TEA domain factors	TEF1-related	0.5523596495913681	0.5466711885886331	0.008099190080991902	0.0084991500849915	0.3113530752187939	0.26876724092296655
VEZF1.H12CORE.1.P.B	VEZF1	C2H2 zinc finger factors	Multiple dispersed zinc fingers	0.551573099727578	0.5305522032561301	0.008899110088991101	0.04839516048395161	0.3202435853975578	0.480951904809519
NR1I2.H12CORE.1.S.C	NR1I2	Nuclear receptors with C4 zinc fingers	Thyroid hormone receptor-related	0.5515437209550753	0.5420517880132883	0.009599040095990401	0.014198580141985802	0.32979559186938445	0.3152084791520848
NFAC3.H12CORE.0.SM.B	NFATC3	Rel homology region (RHR) factors	NFAT-related	0.5512686288125614	0.5452657865105585	0.007399260073992601	0.007699230076992301	0.2965870079658701	0.25837183723488116
ZNF41.H12CORE.1.P.C	ZNF41	C2H2 zinc finger factors	More than 3 adjacent zinc fingers	0.5510990331713078	0.5388976810882136	0.0108989101089891	0.021497850214978503	0.34468219844682196	0.3582262463408831
FOXA2.H12CORE.0.PSM.A	FOXA2	Fork head/winged helix factors	FOX	0.5509227605362967	0.5380998647388623	0.0086991300869913	0.023397660233976603	0.3202435853975578	0.3723498617880147
NFAT5.H12CORE.0.SM.B	NFAT5	Rel homology region (RHR) factors	NFAT-related	0.5503886010362691	0.5447626411030556	0.010698930106989302	0.0100989901009899	0.34468219844682196	0.27495929652317785
FOXP1.H12CORE.0.PS.A	FOXP1	Fork head/winged helix factors	FOX	0.5501428876662553	0.5472574727962966	0.010798920107989201	0.0058994100589941	0.34468219844682196	0.2552744725527447
HXB13.H12CORE.0.PS.A	HOXB13	Homeo domain factors	HOX-related	0.5496768335024828	0.5273175533091432	0.012198780121987801	0.0744925507449255	0.34468219844682196	0.5592000385453683
NFAC2.H12CORE.4.M.B	NFATC2	Rel homology region (RHR) factors	NFAT-related	0.5494070829549722	0.541713852735129	0.011398860113988602	0.015898410158984102	0.34468219844682196	0.3231183923861135
MAZ.H12CORE.0.P.B	MAZ	C2H2 zinc finger factors	Multiple dispersed zinc fingers	0.5493456546124651	0.5517643023633998	0.012398760123987601	0.0045995400459954	0.34468219844682196	0.25116377251163774
VDR.H12CORE.1.PS.A	VDR	Nuclear receptors with C4 zinc fingers	Thyroid hormone receptor-related	0.5493443192137167	0.5451105923436662	0.011998800119988001	0.012098790120987902	0.34468219844682196	0.2980324918327839
NFAC1.H12CORE.2.SM.B	NFATC1	Rel homology region (RHR) factors	NFAT-related	0.5491800651674607	0.5431126738051334	0.011698830116988301	0.0110988901109889	0.34468219844682196	0.28599461482423183
ZN707.H12CORE.0.P.B	ZNF707	C2H2 zinc finger factors	More than 3 adjacent zinc fingers	0.5490131403236991	0.5212201327255622	0.011998800119988001	0.1257874212578742	0.34468219844682196	0.6954453979889367
ZN778.H12CORE.0.P.C	ZNF778	C2H2 zinc finger factors	Multiple dispersed zinc fingers	0.5488301906949414	0.547055367659587	0.013898610138986101	0.007499250074992501	0.35185428825538495	0.25837183723488116
FOXB1.H12CORE.0.SM.B	FOXB1	Fork head/winged helix factors	FOX	0.5487727685486888	0.5217465991201977	0.012798720127987202	0.11888811118888111	0.34468219844682196	0.6780851559112864
FOXJ2.H12CORE.0.PSM.A	FOXJ2	Fork head/winged helix factors	FOX	0.548102398376155	0.5337351696028545	0.015498450154984501	0.0403959604039596	0.3727377262273773	0.4724188871435437
ZN875.H12CORE.0.P.C	ZNF875	C2H2 zinc finger factors	More than 3 adjacent zinc fingers	0.5477565300998893	0.5483972404160612	0.012898710128987101	0.0065993400659934	0.34468219844682196	0.2552744725527447
SALL1.H12CORE.0.P.C	SALL1	C2H2 zinc finger factors	Multiple dispersed zinc fingers	0.5475134875273764	0.5301134463143031	0.0124987501249875	0.051294870512948704	0.34468219844682196	0.4818768123187681
ZFP14.H12CORE.0.P.C	ZFP14	C2H2 zinc finger factors	More than 3 adjacent zinc fingers	0.5474240158111182	0.5429521873284554	0.0136986301369863	0.012598740125987402	0.35185428825538495	0.2980324918327839
CEBPG.H12CORE.2.P.B	CEBPG	Basic leucine zipper factors (bZIP)	C/EBP-related	0.5468791731210928	0.533871083439678	0.016298370162983702	0.0341965803419658	0.37933142169654005	0.4328567143285671
HXA9.H12CORE.2.P.B	HOXA9	Homeo domain factors	HOX-related	0.5468484589498404	0.5445913121612079	0.014898510148985102	0.009299070092990702	0.37066465767216383	0.26876724092296655
ZN281.H12CORE.0.P.B	ZNF281	C2H2 zinc finger factors	More than 3 adjacent zinc fingers	0.546785695208589	0.5251333666294934	0.013898610138986101	0.0882911708829117	0.35185428825538495	0.5898340721483407
ZN281.H12CORE.1.SM.B	ZNF281	C2H2 zinc finger factors	More than 3 adjacent zinc fingers	0.5464905720848259	0.5376839772136576	0.015498450154984501	0.022797720227977204	0.3727377262273773	0.3723498617880147
ZN75D.H12CORE.0.P.B	ZNF75D	C2H2 zinc finger factors	More than 3 adjacent zinc fingers	0.5461994551573116	0.5419373435853555	0.0170982901709829	0.0164983501649835	0.3795820417958204	0.3261249217543999
SP4.H12CORE.2.P.B	SP4	C2H2 zinc finger factors	Three-zinc finger Kruppel-related	0.545793493937287	0.5318528145154142	0.018198180181981802	0.04459554044595541	0.3919399104865633	0.480951904809519
JDP2.H12CORE.0.SM.B	JDP2	Basic leucine zipper factors (bZIP)	Fos-related	0.545626569093533	0.5463206437229582	0.016198380161983803	0.0072992700729927005	0.37933142169654005	0.25837183723488116
SRF.H12CORE.0.PSM.A	SRF	MADS box factors	Responders to external signals	0.545581165536029	0.5665957942409423	0.0174982501749825	0.00029997000299970003	0.38257537882575376	0.054107089291070894
PATZ1.H12CORE.1.P.C	PATZ1	C2H2 zinc finger factors	Multiple dispersed zinc fingers	0.5454983708135235	0.5456200615370694	0.0170982901709829	0.04989501049895011	0.3795820417958204	0.480951904809519
FOXA3.H12CORE.1.M.C	FOXA3	Fork head/winged helix factors	FOX	0.5453261043747665	0.539459361823153	0.0188981101889811	0.019598040195980403	0.3952170000391265	0.3491354568246879
ZN460.H12CORE.0.S.C	ZNF460	C2H2 zinc finger factors	More than 3 adjacent zinc fingers	0.5451898937022579	0.5458515643605049	0.019198080191980802	0.007699230076992301	0.39575471024326137	0.25837183723488116
STAT3.H12CORE.0.P.B	STAT3	STAT domain factors	STAT	0.5449775653009996	0.5330761199216681	0.016798320167983202	0.037696230376962306	0.3795820417958204	0.46615338466153383
FOXC2.H12CORE.0.SM.B	FOXC2	Fork head/winged helix factors	FOX	0.5448547086159923	0.5260996057320052	0.0187981201879812	0.07799220077992201	0.3952170000391265	0.5609541484875903
ATF6B.H12CORE.0.SM.B	ATF6B	Basic leucine zipper factors (bZIP)	CREB-related	0.5445929704609777	0.5389460155965639	0.0221977802219778	0.021597840215978402	0.4448805119488051	0.3582262463408831
IRF5.H12CORE.1.S.B	IRF5	Tryptophan cluster factors	IRF	0.543959991453446	0.529529735752804	0.023397660233976603	0.057694230576942306	0.4501709829017098	0.5011575765500373
PRD15.H12CORE.0.P.B	PRDM15	C2H2 zinc finger factors	Multiple dispersed zinc fingers	0.5435286576571747	0.5226683211236668	0.022897710228977103	0.11338866113388661	0.4465053494650535	0.6571077831975839
ZN140.H12CORE.1.SM.B	ZNF140	C2H2 zinc finger factors	More than 3 adjacent zinc fingers	0.5434311735484207	0.5301345708760907	0.0202979702029797	0.051794820517948204	0.4125348028577424	0.4818768123187681
ZN148.H12CORE.0.P.B	ZNF148	C2H2 zinc finger factors	More than 3 adjacent zinc fingers	0.54323486993216	0.5208708438364397	0.0245975402459754	0.13108689131086892	0.4581066893310669	0.7045152627594382
FOXL1.H12CORE.0.S.B	FOXL1	Fork head/winged helix factors	FOX	0.5431400566209044	0.5186227456435515	0.024397560243975602	0.15548445155484453	0.4581066893310669	0.7448384300642783
ZN75A.H12CORE.0.SM.B	ZNF75A	C2H2 zinc finger factors	More than 3 adjacent zinc fingers	0.5431293734309063	0.534769064768453	0.028597140285971403	0.03899610038996101	0.47725227477252274	0.4724188871435437
SP5.H12CORE.1.P.B	SP5	C2H2 zinc finger factors	Three-zinc finger Kruppel-related	0.5427314246033895	0.5317765152298556	0.0225977402259774	0.0438956104389561	0.4465053494650535	0.480951904809519
ZN671.H12CORE.0.P.C	ZNF671	C2H2 zinc finger factors	Multiple dispersed zinc fingers	0.542540462582128	0.519413939868659	0.024997500249975	0.1513848615138486	0.4581066893310669	0.7355163473551635
IRF4.H12CORE.0.P.B	IRF4	Tryptophan cluster factors	IRF	0.542122482773355	0.5381973800395254	0.025197480251974803	0.023397660233976603	0.4581066893310669	0.3723498617880147
ZFP1.H12CORE.0.PSM.A	ZFP1	C2H2 zinc finger factors	More than 3 adjacent zinc fingers	0.5419755889108474	0.531574337047495	0.027997200279972004	0.049595040495950406	0.4752936471058777	0.480951904809519
PRDM1.H12CORE.1.PS.A	PRDM1	C2H2 zinc finger factors	More than 3 adjacent zinc fingers	0.5418901233908409	0.5247960119218579	0.028897110288971104	0.09209079092090791	0.47725227477252274	0.6096390360963904
CPEB1.H12CORE.1.S.B	CPEB1	Uncharacterized	Unannotated	0.5418140056620919	0.5281817005563121	0.027197280271972803	0.067993200679932	0.4728394630416477	0.5361431070007753
PAX2.H12CORE.0.SM.B	PAX2	Paired box factors	PD	0.5416711179958318	0.545221917715305	0.026697330266973303	0.008599140085991401	0.4698078972590546	0.26876724092296655
GLIS1.H12CORE.1.P.B	GLIS1	C2H2 zinc finger factors	More than 3 adjacent zinc fingers	0.5414601249933221	0.5309464091245955	0.026697330266973303	0.051794820517948204	0.4698078972590546	0.4818768123187681
PAX3.H12CORE.1.SM.B	PAX3	Paired box factors	PD+HD	0.5414534479995722	0.5310164704116813	0.025397460253974602	0.04999500049995	0.4581066893310669	0.480951904809519
CEBPB.H12CORE.0.P.B	CEBPB	Basic leucine zipper factors (bZIP)	C/EBP-related	0.5413466160995668	0.5540242337101089	0.027897210278972105	0.0025997400259974	0.4752936471058777	0.2291594369974767
MEF2D.H12CORE.0.PS.A	MEF2D	MADS box factors	Regulators of differentiation	0.5412197532183098	0.5466621031599546	0.029997000299970003	0.006899310068993101	0.47725227477252274	0.2552744725527447
HLF.H12CORE.0.P.B	HLF	Basic leucine zipper factors (bZIP)	C/EBP-related	0.5411503124833067	0.5288591913630889	0.0316968303169683	0.0658934106589341	0.48811501828540554	0.5282455087824551
ZN180.H12CORE.0.P.C	ZNF180	C2H2 zinc finger factors	More than 3 adjacent zinc fingers	0.5410554991720508	0.522462215885449	0.029897010298970104	0.1131886811318868	0.47725227477252274	0.6571077831975839
IRF3.H12CORE.0.PS.A	IRF3	Tryptophan cluster factors	IRF	0.5410127664120497	0.5292631564854497	0.029897010298970104	0.058694130586941305	0.47725227477252274	0.5011575765500373
ZN251.H12CORE.0.P.C	ZNF251	C2H2 zinc finger factors	Multiple dispersed zinc fingers	0.5409580150632961	0.5233543997648735	0.030096990300969902	0.10798920107989202	0.47725227477252274	0.6418629741964075
SP2.H12CORE.1.P.B	SP2	C2H2 zinc finger factors	Three-zinc finger Kruppel-related	0.5403464024357685	0.5279824321251851	0.033096690330966905	0.06989301069893011	0.49748462653734626	0.5437859439862465
ZBT17.H12CORE.0.P.B	ZBTB17	C2H2 zinc finger factors	Multiple dispersed zinc fingers	0.5400632979007529	0.5302386203498397	0.0327967203279672	0.055694430556944306	0.49748462653734626	0.5011575765500373
NFAC2.H12CORE.0.P.B	NFATC2	Rel homology region (RHR) factors	NFAT-related	0.5399190748357452	0.5413278174027709	0.0313968603139686	0.015298470152984701	0.48811501828540554	0.3153670347250989
XBP1.H12CORE.1.M.B	XBP1	Basic leucine zipper factors (bZIP)	XBP1-related	0.5397534853907353	0.5316629494366018	0.035996400359964	0.046795320467953205	0.5194280571942805	0.480951904809519
NFAC1.H12CORE.0.P.B	NFATC1	Rel homology region (RHR) factors	NFAT-related	0.5396279579082303	0.5406290211978327	0.031796820317968204	0.0164983501649835	0.48811501828540554	0.3261249217543999
FOXF1.H12CORE.0.P.C	FOXF1	Fork head/winged helix factors	FOX	0.5395665295657256	0.5404408569100331	0.0342965703429657	0.0173982601739826	0.5102056804628815	0.330338018829696
NFIL3.H12CORE.0.P.B	NFIL3	Basic leucine zipper factors (bZIP)	C/EBP-related	0.5392420276694614	0.5291780644376703	0.035396460353964605	0.06029397060293971	0.5159302251593023	0.5087964887721754
NR1I3.H12CORE.2.M.C	NR1I3	Nuclear receptors with C4 zinc fingers	Thyroid hormone receptor-related	0.5391138293894581	0.5290447618822529	0.034896510348965105	0.062493750624937505	0.5138333105464964	0.5123777394987774
MEF2C.H12CORE.0.P.B	MEF2C	MADS box factors	Regulators of differentiation	0.538845414240692	0.5324089832446987	0.0392960703929607	0.04459554044595541	0.5403903005925822	0.480951904809519
ZN701.H12CORE.1.P.B	ZNF701	C2H2 zinc finger factors	More than 3 adjacent zinc fingers	0.5384928689706713	0.508646419962917	0.036996300369963	0.3110688931106889	0.5233888375868295	0.9212750095958147
PO2F2.H12CORE.2.S.B	POU2F2	Homeo domain factors	POU	0.5383446397094168	0.51994710319121	0.039696030396960305	0.14028597140285973	0.5403903005925822	0.7127910448391781
CEBPA.H12CORE.0.P.B	CEBPA	Basic leucine zipper factors (bZIP)	C/EBP-related	0.5381510068906546	0.5437619180563659	0.036896310368963105	0.0096990300969903	0.5233888375868295	0.2691480851914808
PAX1.H12CORE.0.SM.B	PAX1	Paired box factors	PD	0.5381389883019071	0.5341624813891256	0.039696030396960305	0.0377962203779622	0.5403903005925822	0.46615338466153383
CREM.H12CORE.0.PSM.A	CREM	Basic leucine zipper factors (bZIP)	CREB-related	0.5380428395919028	0.5502055334664039	0.040695930406959305	0.0053994600539946005	0.5488245567966568	0.2552744725527447
ATF6A.H12CORE.0.SM.B	ATF6	Basic leucine zipper factors (bZIP)	CREB-related	0.5379213183056462	0.5488783451121225	0.0423957604239576	0.005499450054994501	0.554854270670494	0.2552744725527447
PRDM1.H12CORE.0.S.B	PRDM1	C2H2 zinc finger factors	More than 3 adjacent zinc fingers	0.5379066289193939	0.5198580496493899	0.0430956904309569	0.1434856514348565	0.554854270670494	0.7174748278596798
WT1.H12CORE.1.P.B	WT1	C2H2 zinc finger factors	More than 3 adjacent zinc fingers	0.5376515677581323	0.5311838922424605	0.041195880411958805	0.045795420457954206	0.5504227355042274	0.480951904809519
ZN467.H12CORE.0.P.C	ZNF467	C2H2 zinc finger factors	Multiple dispersed zinc fingers	0.5371921905881093	0.5172308833451132	0.044495550444955505	0.17448255174482552	0.554854270670494	0.7875943174913278
KLF15.H12CORE.1.P.C	KLF15	C2H2 zinc finger factors	Three-zinc finger Kruppel-related	0.5371588056193551	0.5289221477047864	0.043795620437956206	0.057394260573942604	0.554854270670494	0.5011575765500373
MAZ.H12CORE.1.P.B	MAZ	C2H2 zinc finger factors	Multiple dispersed zinc fingers	0.5370105763580983	0.5242875327474532	0.0451954804519548	0.09349065093490651	0.554854270670494	0.6096390360963904
ZN485.H12CORE.0.P.C	ZNF485	C2H2 zinc finger factors	More than 3 adjacent zinc fingers	0.5370092409593523	0.523594462525044	0.0448955104489551	0.100989901009899	0.554854270670494	0.6308589920228757
FOXJ3.H12CORE.0.SM.B	FOXJ3	Fork head/winged helix factors	FOX	0.5368449869130908	0.5307393592558173	0.046795320467953205	0.048795120487951205	0.554854270670494	0.480951904809519
ZN124.H12CORE.0.P.C	ZNF124	C2H2 zinc finger factors	More than 3 adjacent zinc fingers	0.5367795523743366	0.5330930753522439	0.045995400459954004	0.0405959404059594	0.554854270670494	0.4724188871435437
FOXI1.H12CORE.0.SM.B	FOXI1	Fork head/winged helix factors	FOX	0.536754179798089	0.5163099120568885	0.0387961203879612	0.18168183181681832	0.5403903005925822	0.7875943174913278
ZN681.H12CORE.0.P.C	ZNF681	C2H2 zinc finger factors	More than 3 adjacent zinc fingers	0.5365966027455807	0.5213626255658558	0.043795620437956206	0.1227877212278772	0.554854270670494	0.6867545803559179
SUH.H12CORE.0.P.B	RBPJ	Rel homology region (RHR) factors	CSL-related	0.536567223973079	0.5255373738298538	0.04789521047895211	0.08299170082991701	0.5573611993639346	0.5813244762480274
ZN562.H12CORE.0.P.C	ZNF562	C2H2 zinc finger factors	More than 3 adjacent zinc fingers	0.5365618823780756	0.5364657824008984	0.04709529047095291	0.028597140285971403	0.554854270670494	0.4148210178982102
CREB1.H12CORE.0.PSM.A	CREB1	Basic leucine zipper factors (bZIP)	CREB-related	0.5365365098018275	0.5496505883695514	0.04509549045095491	0.004299570042995701	0.554854270670494	0.25116377251163774
FOXJ2.H12CORE.2.S.B	FOXJ2	Fork head/winged helix factors	FOX	0.536529832808077	0.5099849696839658	0.046795320467953205	0.2823717628237176	0.554854270670494	0.9065730595082083
ZN530.H12CORE.0.P.B	ZNF530	C2H2 zinc finger factors	More than 3 adjacent zinc fingers	0.5364470380855718	0.5232687201407165	0.043995600439956005	0.10478952104789521	0.554854270670494	0.6407257579326814
TEF.H12CORE.0.SM.B	TEF	Basic leucine zipper factors (bZIP)	C/EBP-related	0.536404305325571	0.5373939485992092	0.047295270472952705	0.023997600239976002	0.554854270670494	0.3723498617880147
ATF3.H12CORE.2.P.B	ATF3	Basic leucine zipper factors (bZIP)	Fos-related	0.5363602371668167	0.5437962545299894	0.0466953304669533	0.010298970102989701	0.554854270670494	0.2752113677521137
PAX9.H12CORE.0.SM.B	PAX9	Paired box factors	PD	0.5363455477805644	0.5267738710776542	0.04939506049395061	0.0790920907909209	0.5632112650803884	0.5609541484875903
FOXK1.H12CORE.0.PS.A	FOXK1	Fork head/winged helix factors	FOX	0.5362013247155588	0.5205568570992498	0.048595140485951406	0.1362863713628637	0.560982301769823	0.7121523561929521
MEF2B.H12CORE.0.PS.A	MEF2B	MADS box factors	Regulators of differentiation	0.5359102077880435	0.526326084011511	0.05069493050694931	0.0780921907809219	0.5632112650803884	0.5609541484875903
ZN652.H12CORE.0.PS.A	ZNF652	C2H2 zinc finger factors	More than 3 adjacent zinc fingers	0.5358794936167953	0.5422202283201333	0.051294870512948704	0.014798520147985201	0.5632112650803884	0.3153670347250989
KLF8.H12CORE.1.P.C	KLF8	C2H2 zinc finger factors	Three-zinc finger Kruppel-related	0.5358207360717899	0.5412995092398843	0.0496950304969503	0.014098590140985901	0.5632112650803884	0.3152084791520848
ARI1A.H12CORE.0.P.C	ARID1A	ARID domain factors	ARID-related	0.5356671652155308	0.5224827188715044	0.0524947505249475	0.10748925107489252	0.5632112650803884	0.6418629741964075
NR1I2.H12CORE.0.M.C	NR1I2	Nuclear receptors with C4 zinc fingers	Thyroid hormone receptor-related	0.5355643395117762	0.5339684444243513	0.0527947205279472	0.036196380361963806	0.5632112650803884	0.45418588575925023
CREB3.H12CORE.0.SM.B	CREB3	Basic leucine zipper factors (bZIP)	CREB-related	0.5352571977992616	0.5347424774412741	0.05599440055994401	0.0321967803219678	0.5632112650803884	0.42236321822363215
CEBPD.H12CORE.0.P.B	CEBPD	Basic leucine zipper factors (bZIP)	C/EBP-related	0.5352371668180099	0.5407282932813183	0.05039496050394961	0.014998500149985002	0.5632112650803884	0.3153670347250989
TEAD3.H12CORE.1.S.B	TEAD3	TEA domain factors	TEF1-related	0.53523449602051	0.5317518507828246	0.05419458054194581	0.0463953604639536	0.5632112650803884	0.480951904809519
ZN257.H12CORE.0.P.B	ZNF257	C2H2 zinc finger factors	More than 3 adjacent zinc fingers	0.5350462047967491	0.538688236597892	0.052594740525947405	0.021097890210978902	0.5632112650803884	0.3581677126405007
KLF16.H12CORE.1.P.B	KLF16	C2H2 zinc finger factors	Three-zinc finger Kruppel-related	0.535002136637999	0.5283791303129184	0.053594640535946404	0.06869313068693131	0.5632112650803884	0.538718410767619
ZN341.H12CORE.1.P.B	ZNF341	C2H2 zinc finger factors	Multiple dispersed zinc fingers	0.5348552427754907	0.5179483363395244	0.055694430556944306	0.1640835916408359	0.5632112650803884	0.7662544425169133
KLF13.H12CORE.1.P.C	KLF13	C2H2 zinc finger factors	Three-zinc finger Kruppel-related	0.5348352117942432	0.5355520096735668	0.054394560543945605	0.0313968603139686	0.5632112650803884	0.41949693919496933
SPI1.H12CORE.1.S.B	SPI1	Tryptophan cluster factors	Ets-related	0.5348298701992408	0.5226520927428928	0.05319468053194681	0.1070892910708929	0.5632112650803884	0.6418629741964075
HXD11.H12CORE.0.PS.A	HOXD11	Homeo domain factors	HOX-related	0.5348071684204915	0.521810949955007	0.0585941405859414	0.12158784121587841	0.5712928707129287	0.6826897076829281
TEAD4.H12CORE.1.P.B	TEAD4	TEA domain factors	TEF1-related	0.5347537524704875	0.5305297499535372	0.054594540545945404	0.0496950304969503	0.5632112650803884	0.480951904809519
ZBT7A.H12CORE.0.P.B	ZBTB7A	C2H2 zinc finger factors	More than 3 adjacent zinc fingers	0.5346909887292353	0.5316707159035226	0.05549445055494451	0.06209379062093791	0.5632112650803884	0.5123777394987774
SP4.H12CORE.0.P.C	SP4	C2H2 zinc finger factors	Three-zinc finger Kruppel-related	0.5345147160942253	0.5226030844890968	0.0598940105989401	0.11458854114588542	0.5723646178428514	0.6614050594940507
ZN274.H12CORE.0.SM.B	ZNF274	C2H2 zinc finger factors	More than 3 adjacent zinc fingers	0.5344799957267229	0.5182409506017708	0.051394860513948606	0.15308469153084692	0.5632112650803884	0.7412792277819198
HLF.H12CORE.1.SM.B	HLF	Basic leucine zipper factors (bZIP)	C/EBP-related	0.5341942203942077	0.5318868196289283	0.059494050594940506	0.043695630436956304	0.5723646178428514	0.480951904809519
ZN534.H12CORE.0.P.C	ZNF534	C2H2 zinc finger factors	More than 3 adjacent zinc fingers	0.5341768602104571	0.5121707584378437	0.0565943405659434	0.24577542245775422	0.5632112650803884	0.8776519511169449
SPIB.H12CORE.0.P.B	SPIB	Tryptophan cluster factors	Ets-related	0.534151487634205	0.5514489058972191	0.060993900609939006	0.003999600039996	0.5790283716726367	0.25116377251163774
HXD13.H12CORE.1.SM.B	HOXD13	Homeo domain factors	HOX-related	0.5341020778804563	0.5190396506673808	0.055694430556944306	0.14608539146085392	0.5632112650803884	0.718015698430157
SPIB.H12CORE.1.S.C	SPIB	Tryptophan cluster factors	Ets-related	0.534049997329202	0.5343351613519698	0.057894210578942104	0.032896710328967106	0.5683084752749215	0.42383886611338867
CDX4.H12CORE.0.S.C	CDX4	Homeo domain factors	HOX-related	0.5339672026066955	0.5242663691422634	0.05629437056294371	0.09579042095790422	0.5632112650803884	0.614335899743359
RXRA.H12CORE.0.PS.A	RXRA	Nuclear receptors with C4 zinc fingers	RXR-related receptors	0.5339298114416948	0.5226646042288527	0.0613938606139386	0.1327867213278672	0.5790283716726367	0.7045152627594382
ZSA5C.H12CORE.0.P.C	ZSCAN5C	C2H2 zinc finger factors	More than 3 adjacent zinc fingers	0.5338977618716962	0.5170306813121677	0.057694230576942306	0.16998300169983002	0.5683084752749215	0.7852994955281541
ZN766.H12CORE.0.P.B	ZNF766	C2H2 zinc finger factors	More than 3 adjacent zinc fingers	0.5338403397254434	0.521455910226762	0.05959404059594041	0.12138786121387861	0.5723646178428514	0.6826897076829281
FOXC1.H12CORE.1.S.C	FOXC1	Fork head/winged helix factors	FOX	0.533710806046683	0.5127874905772453	0.06189381061893811	0.2410758924107589	0.5799530436566733	0.8776519511169449
NR2E1.H12CORE.0.SM.B	NR2E1	Nuclear receptors with C4 zinc fingers	RXR-related receptors	0.5336747502804331	0.5157928192670209	0.06509349065093491	0.20237976202379762	0.5944930823373359	0.8332388983323888
HOMEZ.H12CORE.0.S.B	HOMEZ	Homeo domain factors	HD-ZF	0.5334116767266712	0.5289097774330151	0.06629337066293371	0.06479352064793521	0.5978833366663334	0.5223298899160365
ZN682.H12CORE.0.P.B	ZNF682	C2H2 zinc finger factors	More than 3 adjacent zinc fingers	0.5330137278991519	0.5321536505409714	0.06469353064693531	0.045995400459954004	0.5944930823373359	0.480951904809519
FOXD3.H12CORE.0.P.C	FOXD3	Fork head/winged helix factors	FOX	0.5329496287591492	0.5273384251833078	0.0643935606439356	0.072992700729927	0.5944930823373359	0.5543603534383403
WT1.H12CORE.0.P.B	WT1	C2H2 zinc finger factors	More than 3 adjacent zinc fingers	0.5326772074141332	0.5196115385443552	0.06629337066293371	0.18438156184381563	0.5978833366663334	0.7875943174913278
ZFP28.H12CORE.0.P.B	ZFP28	C2H2 zinc finger factors	More than 3 adjacent zinc fingers	0.5324461834303705	0.5236151665949308	0.06919308069193081	0.102989701029897	0.6032179914538668	0.6351031563510315
SPIB.H12CORE.2.SM.B	SPIB	Tryptophan cluster factors	Ets-related	0.532388761284121	0.5464721718228787	0.07119288071192881	0.007899210078992101	0.6087314345488528	0.25905818509058187
FLI1.H12CORE.1.P.B	FLI1	Tryptophan cluster factors	Ets-related	0.5323500347203656	0.5171319037187616	0.0673932606739326	0.17448255174482552	0.6002992293363255	0.7875943174913278
FOS.H12CORE.1.S.C	FOS	Basic leucine zipper factors (bZIP)	Fos-related	0.5322979541691141	0.5144933629970804	0.064993500649935	0.20607939206079393	0.5944930823373359	0.8353161874823753
KLF10.H12CORE.1.PSM.A	KLF10	C2H2 zinc finger factors	Three-zinc finger Kruppel-related	0.532267239997861	0.5430478916275421	0.066993300669933	0.0122987701229877	0.6002992293363255	0.2980324918327839
ZNF7.H12CORE.0.P.B	ZNF7	C2H2 zinc finger factors	More than 3 adjacent zinc fingers	0.5322325196303627	0.5203903541417148	0.0700929907009299	0.13408659134086592	0.6056538058768973	0.7061567565871151
NPAS4.H12CORE.0.P.B	NPAS4	Basic helix-loop-helix factors (bHLH)	PAS	0.5321243523316058	0.5364266424640111	0.06929307069293071	0.029797020297970205	0.6032179914538668	0.4148210178982102
TEAD1.H12CORE.0.PSM.A	TEAD1	TEA domain factors	TEF1-related	0.5320882965653546	0.5370697410186455	0.0744925507449255	0.026597340265973404	0.6107542654825426	0.3997912708729127
KMT2A.H12CORE.0.P.B	KMT2A	CXXC zinc finger factors	CpG-binding	0.5320829549703537	0.5190585745715304	0.06939306069393061	0.1451854814518548	0.6032179914538668	0.7174748278596798
NFIA.H12CORE.1.PS.A	NFIA	SMAD/NF-1 DNA-binding domain factors	NF-1	0.5319227071203463	0.5240766760028188	0.07129287071292871	0.09379062093790622	0.6087314345488528	0.6096390360963904
FOXC1.H12CORE.0.S.B	FOXC1	Fork head/winged helix factors	FOX	0.5316876769403344	0.5143645298283338	0.073992600739926	0.21277872212778723	0.6101218449583612	0.8474293066561112
JUN.H12CORE.0.P.B	JUN	Basic leucine zipper factors (bZIP)	Jun-related	0.5316663105603316	0.5482794372701005	0.07289271072892711	0.006399360063993601	0.6088350702502003	0.2552744725527447
BCL6.H12CORE.0.PSM.A	BCL6	C2H2 zinc finger factors	More than 3 adjacent zinc fingers	0.5316035468190807	0.5252747468858697	0.0735926407359264	0.08759124087591241	0.6101218449583612	0.5898340721483407
NFAC3.H12CORE.1.P.C	NFATC3	Rel homology region (RHR) factors	NFAT-related	0.5315995406228303	0.5246462588960075	0.0684931506849315	0.1202879712028797	0.6032179914538668	0.6826897076829281
ZN263.H12CORE.1.P.B	ZNF263	C2H2 zinc finger factors	More than 3 adjacent zinc fingers	0.5314205971903185	0.5109090684417514	0.07189281071892811	0.2726727327267273	0.6088350702502003	0.9009612737356402
ZN189.H12CORE.0.P.B	ZNF189	C2H2 zinc finger factors	More than 3 adjacent zinc fingers	0.5314152555953203	0.5185623617240885	0.072992700729927	0.15448455154484553	0.6088350702502003	0.7448384300642783
ZN132.H12CORE.0.P.C	ZNF132	C2H2 zinc finger factors	Multiple dispersed zinc fingers	0.5312536723465626	0.5045481507092366	0.07219278072192781	0.39276072392760725	0.6088350702502003	1.0
KAISO.H12CORE.0.P.B	ZBTB33	C2H2 zinc finger factors	Other with up to three adjacent zinc fingers	0.5312336413653117	0.5052477073140554	0.0750924907509249	0.3768623137686231	0.6121947127321167	0.9914405298600575
CEBPG.H12CORE.0.P.B	CEBPG	Basic leucine zipper factors (bZIP)	C/EBP-related	0.5310587041290525	0.5412660323695105	0.07749225077492251	0.017298270172982702	0.6212295437122956	0.330338018829696
ZFP91.H12CORE.0.P.C	ZFP91	C2H2 zinc finger factors	More than 3 adjacent zinc fingers	0.5309051332727922	0.5272424869972655	0.07849215078492151	0.0700929907009299	0.6257689148212251	0.5437859439862465
KLF11.H12CORE.1.SM.B	KLF11	C2H2 zinc finger factors	Three-zinc finger Kruppel-related	0.5308770898990423	0.531508666667452	0.0770922907709229	0.04709529047095291	0.6212295437122956	0.480951904809519
ZN770.H12CORE.0.P.B	ZNF770	C2H2 zinc finger factors	Multiple dispersed zinc fingers	0.5308236739490414	0.5118027406153587	0.08289171082891711	0.24897510248975102	0.6465553444655534	0.8776519511169449
ZN480.H12CORE.1.P.C	ZNF480	C2H2 zinc finger factors	More than 3 adjacent zinc fingers	0.5304617808877723	0.5247265085874286	0.07989201079892011	0.09469053094690531	0.633429514191438	0.6112812825860271
TF7L1.H12CORE.2.S.C	TCF7L1	High-mobility group (HMG) domain factors	TCF7-related	0.5302360984990115	0.5289425822870526	0.08499150084991501	0.0644935506449355	0.6508038669817228	0.5223298899160365
GLIS3.H12CORE.0.P.C	GLIS3	C2H2 zinc finger factors	More than 3 adjacent zinc fingers	0.530221409112762	0.5236467141337984	0.08459154084591541	0.10228977102289771	0.6508038669817228	0.6351031563510315
ZN766.H12CORE.1.P.B	ZNF766	C2H2 zinc finger factors	More than 3 adjacent zinc fingers	0.5301225896052549	0.5197005864499515	0.08149185081491851	0.1451854814518548	0.6390909822061273	0.7174748278596798
FEZF1.H12CORE.0.P.B	FEZF1	C2H2 zinc finger factors	More than 3 adjacent zinc fingers	0.5300344532877495	0.5131059221386752	0.0810918908109189	0.22877712228777122	0.6390909822061273	0.8756641577221588
ZN335.H12CORE.0.P.B	ZNF335	C2H2 zinc finger factors	Multiple dispersed zinc fingers	0.5299730249452488	0.5116229966745607	0.08449155084491551	0.2605739426057394	0.6508038669817228	0.8815209388152094
CEBPB.H12CORE.1.SM.B	CEBPB	Basic leucine zipper factors (bZIP)	C/EBP-related	0.5299049196089936	0.5492200199595405	0.07699230076992301	0.0045995400459954	0.6212295437122956	0.25116377251163774
ZNF24.H12CORE.0.P.B	ZNF24	C2H2 zinc finger factors	More than 3 adjacent zinc fingers	0.529778056727741	0.5167191465262807	0.0913908609139086	0.18168183181681832	0.6626985542651764	0.7875943174913278
THB.H12CORE.3.S.C	THRB	Nuclear receptors with C4 zinc fingers	Thyroid hormone receptor-related	0.5297753859302378	0.5112286321969601	0.0852914708529147	0.27077292270772924	0.6508038669817228	0.9002887729660214
IRF7.H12CORE.0.S.B	IRF7	Tryptophan cluster factors	IRF	0.5293667539127185	0.5369301857772569	0.0897910208979102	0.027597240275972403	0.6626985542651764	0.4105445125590534
DBP.H12CORE.0.SM.B	DBP	Basic leucine zipper factors (bZIP)	C/EBP-related	0.5293347043427161	0.5379023964847558	0.08909109089091091	0.024997500249975	0.662672392554559	0.37969887221804133
ZN823.H12CORE.0.P.C	ZNF823	C2H2 zinc finger factors	More than 3 adjacent zinc fingers	0.5292612574114627	0.5116454401771721	0.08839116088391161	0.24977502249775022	0.662672392554559	0.8776519511169449
FOXA2.H12CORE.1.SM.B	FOXA2	Fork head/winged helix factors	FOX	0.5292599220127104	0.5131033755800031	0.09419058094190581	0.23877612238776122	0.6728564767285647	0.8776519511169449
FOXG1.H12CORE.0.PSM.A	FOXG1	Fork head/winged helix factors	FOX	0.5292238662464577	0.5163134786648786	0.0856914308569143	0.1800819918008199	0.6508038669817228	0.7875943174913278
TEAD1.H12CORE.1.P.C	TEAD1	TEA domain factors	TEF1-related	0.5292145184552086	0.5250601982926353	0.0871912808719128	0.08599140085991401	0.6587278444930376	0.5898340721483407
CTCFL.H12CORE.0.P.B	CTCFL	C2H2 zinc finger factors	More than 3 adjacent zinc fingers	0.5291303883339563	0.5297008216635578	0.09099090090990901	0.05499450054994501	0.6626985542651764	0.5011575765500373
FOXO4.H12CORE.0.SM.B	FOXO4	Fork head/winged helix factors	FOX	0.5290088670476985	0.5154755070083109	0.09049095090490951	0.1982801719828017	0.6626985542651764	0.8221789889976518
ZN584.H12CORE.1.P.C	ZNF584	C2H2 zinc finger factors	More than 3 adjacent zinc fingers	0.5289501095026968	0.5101753031965189	0.0887911208879112	0.2836716328367163	0.662672392554559	0.9065730595082083
ZN410.H12CORE.0.SM.B	ZNF410	C2H2 zinc finger factors	More than 3 adjacent zinc fingers	0.5288205758239372	0.5161164222214033	0.09619038096190381	0.18868113188681132	0.6758639925481136	0.7961019687504933
GMEB1.H12CORE.2.SM.B	GMEB1	SAND domain factors	GMEB	0.5287377811014345	0.5503542927210897	0.09359064093590641	0.0045995400459954	0.671896989405537	0.25116377251163774
FOXM1.H12CORE.0.P.B	FOXM1	Fork head/winged helix factors	FOX	0.5286923775439337	0.5192301060706842	0.09019098090190981	0.14728527147285272	0.6626985542651764	0.718015698430157
CTCF.H12CORE.0.P.B	CTCF	C2H2 zinc finger factors	More than 3 adjacent zinc fingers	0.5285561668714294	0.5266063434198395	0.09579042095790422	0.07639236076392361	0.6758639925481136	0.5595643481337146
ZN383.H12CORE.0.P.C	ZNF383	C2H2 zinc finger factors	More than 3 adjacent zinc fingers	0.5285534960739285	0.5320142367772971	0.096990300969903	0.0463953604639536	0.6758639925481136	0.480951904809519
ZNF34.H12CORE.0.P.C	ZNF34	C2H2 zinc finger factors	More than 3 adjacent zinc fingers	0.5282530313551617	0.5075710641618721	0.0978902109789021	0.32686731326867313	0.6758639925481136	0.9301874930617173
MBNL2.H12CORE.0.S.C	MBNL2	Uncharacterized	Unannotated	0.5282530313551602	0.5233485237318063	0.09979002099790021	0.11038896110388961	0.6841710195177665	0.6492850714928508
CDX1.H12CORE.0.M.B	CDX1	Homeo domain factors	HOX-related	0.5281635596389083	0.5065795643105974	0.100989901009899	0.3514648535146485	0.6841710195177665	0.9652869313829072
ZN684.H12CORE.1.M.C	ZNF684	C2H2 zinc finger factors	More than 3 adjacent zinc fingers	0.52815955344266	0.5206327637037842	0.09359064093590641	0.12858714128587143	0.671896989405537	0.6975610709605732
CDX2.H12CORE.0.PS.A	CDX2	Homeo domain factors	HOX-related	0.5281181560814069	0.5197071916621272	0.09759024097590241	0.14358564143585642	0.6758639925481136	0.7174748278596798
PO3F1.H12CORE.1.PS.A	POU3F1	Homeo domain factors	POU	0.52804737994765	0.5188102160618249	0.09549045095490451	0.1471852814718528	0.6758639925481136	0.718015698430157
ZSC22.H12CORE.0.P.C	ZSCAN22	C2H2 zinc finger factors	More than 3 adjacent zinc fingers	0.5278176913626409	0.5029123720119786	0.10028997100289971	0.42285771422857715	0.6841710195177665	1.0
KLF9.H12CORE.1.P.B	KLF9	C2H2 zinc finger factors	Three-zinc finger Kruppel-related	0.5277883125901401	0.5347114435244612	0.1050894910508949	0.0332966703329667	0.6878441466198207	0.4251955335439907
CDX2.H12CORE.1.M.C	CDX2	Homeo domain factors	HOX-related	0.5275345868276267	0.5092441920332631	0.10518948105189481	0.29587041295870414	0.6878441466198207	0.9212750095958147
ZN197.H12CORE.0.P.C	ZNF197	C2H2 zinc finger factors	More than 3 adjacent zinc fingers	0.52741573633887	0.5089300338188462	0.09769023097690231	0.30416958304169583	0.6758639925481136	0.9212750095958147
ZNF2.H12CORE.0.P.B	ZNF2	C2H2 zinc finger factors	More than 3 adjacent zinc fingers	0.5273970407563693	0.5190478273737159	0.10168983101689831	0.1558844115588441	0.6856935801746928	0.7448384300642783
FOXJ2.H12CORE.1.SM.B	FOXJ2	Fork head/winged helix factors	FOX	0.5273957053576184	0.5103416751792734	0.100989901009899	0.2790720927907209	0.6841710195177665	0.9065730595082083
HXC13.H12CORE.0.SM.B	HOXC13	Homeo domain factors	HOX-related	0.5273850221676191	0.5126556603174911	0.10428957104289571	0.23757624237576241	0.6878441466198207	0.8776519511169449
HAND2.H12CORE.1.P.B	HAND2	Basic helix-loop-helix factors (bHLH)	Tal-related	0.5273583141926173	0.5250488989043588	0.10438956104389562	0.0928907109289071	0.6878441466198207	0.6096390360963904
PRDM5.H12CORE.0.P.B	PRDM5	C2H2 zinc finger factors	More than 3 adjacent zinc fingers	0.5271753645638589	0.5165654810099288	0.10598940105989402	0.18448155184481552	0.6878441466198207	0.7875943174913278
NFIL3.H12CORE.1.S.B	NFIL3	Basic leucine zipper factors (bZIP)	C/EBP-related	0.5271299610063547	0.5528790520091474	0.10668933106689331	0.0033996600339966003	0.6878441466198207	0.25116377251163774
HXC9.H12CORE.0.P.B	HOXC9	Homeo domain factors	HOX-related	0.5270671972651015	0.5165842942282031	0.10878912108789121	0.17898210178982102	0.6878441466198207	0.7875943174913278
CEBPE.H12CORE.1.SM.B	CEBPE	Basic leucine zipper factors (bZIP)	C/EBP-related	0.5270364830938511	0.5435501772382965	0.10648935106489352	0.011698830116988301	0.6878441466198207	0.29616512033007225
SOX9.H12CORE.2.S.B	SOX9	High-mobility group (HMG) domain factors	SOX-related	0.5270057689225992	0.5244432248532589	0.10788921107889211	0.09809019098090191	0.6878441466198207	0.6208076560764976
ZN816.H12CORE.0.P.B	ZNF816	C2H2 zinc finger factors	More than 3 adjacent zinc fingers	0.5269910795363464	0.5063094018938443	0.10848915108489152	0.34526547345265474	0.6878441466198207	0.9562727028640705
PAX6.H12CORE.0.PSM.A	PAX6	Paired box factors	PD+HD	0.526983067143849	0.5276819107531941	0.11048895110488952	0.06769323067693231	0.6878441466198207	0.5361431070007753
OVOL2.H12CORE.0.PSM.A	OVOL2	C2H2 zinc finger factors	More than 3 adjacent zinc fingers	0.5269763901500953	0.5093572563442069	0.1075892410758924	0.29457054294570545	0.6878441466198207	0.9212750095958147
ATF3.H12CORE.0.P.B	ATF3	Basic leucine zipper factors (bZIP)	Fos-related	0.5268976016238437	0.5488497661984942	0.11018898110188981	0.006399360063993601	0.6878441466198207	0.2552744725527447
FOXR2.H12CORE.0.M.C	FOXR2	Fork head/winged helix factors	FOX	0.5268201484963398	0.5198025896917157	0.11048895110488952	0.1381861813818618	0.6878441466198207	0.7121523561929521
ZNF41.H12CORE.0.P.C	ZNF41	C2H2 zinc finger factors	More than 3 adjacent zinc fingers	0.526798782116339	0.5020439465294914	0.1121887811218878	0.44455554444555545	0.6948000478922064	1.0
MZF1.H12CORE.0.P.B	MZF1	C2H2 zinc finger factors	More than 3 adjacent zinc fingers	0.5267159873938343	0.5287534709601426	0.1050894910508949	0.057894210578942104	0.6878441466198207	0.5011575765500373
MEF2C.H12CORE.1.SM.B	MEF2C	MADS box factors	Regulators of differentiation	0.5266892794188344	0.5287122980236638	0.10428957104289571	0.059694030596940305	0.6878441466198207	0.5066969773610874
KLF12.H12CORE.0.P.C	KLF12	C2H2 zinc finger factors	Three-zinc finger Kruppel-related	0.5264342182575686	0.5215237689640425	0.1105889411058894	0.11228877112288771	0.6878441466198207	0.6560028207705545
SP2.H12CORE.0.P.D	SP2	C2H2 zinc finger factors	Three-zinc finger Kruppel-related	0.5263634421238164	0.5137808577145523	0.10848915108489152	0.2850714928507149	0.6878441466198207	0.9068034500897737
ZN749.H12CORE.0.P.C	ZNF749	C2H2 zinc finger factors	More than 3 adjacent zinc fingers	0.5260282570375509	0.5119145636302361	0.11688831116888311	0.25877412258774124	0.6972844548214501	0.8786142562214367
ZN669.H12CORE.1.P.C	ZNF669	C2H2 zinc finger factors	More than 3 adjacent zinc fingers	0.5259962074675495	0.5229738620865025	0.11688831116888311	0.1060893910608939	0.6972844548214501	0.6418629741964075
SKOR1.H12CORE.0.M.C	SKOR1	Uncharacterized	Unannotated	0.5259534747075482	0.5135824878688582	0.11918808119188082	0.2303769623037696	0.6972844548214501	0.8776519511169449
ZN285.H12CORE.0.P.C	ZNF285	C2H2 zinc finger factors	More than 3 adjacent zinc fingers	0.5258760215800425	0.5209753804684932	0.11438856114388561	0.12158784121587841	0.6972844548214501	0.6826897076829281
ZNF28.H12CORE.0.P.C	ZNF28	C2H2 zinc finger factors	More than 3 adjacent zinc fingers	0.5257558356925389	0.5351675323550648	0.1171882811718828	0.0301969803019698	0.6972844548214501	0.4149927864356421
SOX1.H12CORE.0.S.B	SOX1	High-mobility group (HMG) domain factors	SOX-related	0.5257464879012888	0.5242302472047967	0.11798820117988201	0.09709029097090291	0.6972844548214501	0.6171862989912462
PO3F3.H12CORE.1.P.C	POU3F3	Homeo domain factors	POU	0.5256837241600314	0.5273770316991011	0.12398760123987601	0.07589241075892411	0.7077406883817547	0.5594746647784202
KLF11.H12CORE.0.P.B	KLF11	C2H2 zinc finger factors	Three-zinc finger Kruppel-related	0.525638320602532	0.5086029195925704	0.12058794120587941	0.3233676632336766	0.6972844548214501	0.9239990852399907
ZN350.H12CORE.0.P.B	ZNF350	C2H2 zinc finger factors	More than 3 adjacent zinc fingers	0.5256316436087796	0.5167985246386714	0.11798820117988201	0.17938206179382063	0.6972844548214501	0.7875943174913278
NR1H2.H12CORE.1.P.C	NR1H2	Nuclear receptors with C4 zinc fingers	Thyroid hormone receptor-related	0.5256196250200296	0.5373747673956939	0.11388861113888611	0.023797620237976203	0.6972844548214501	0.3723498617880147
ZN331.H12CORE.0.P.B	ZNF331	C2H2 zinc finger factors	More than 3 adjacent zinc fingers	0.5255448426900269	0.5242963598394306	0.12118788121187882	0.09669033096690331	0.6972844548214501	0.6171862989912462
ZSA5A.H12CORE.0.SM.B	ZSCAN5A	C2H2 zinc finger factors	More than 3 adjacent zinc fingers	0.5254540355750223	0.5339548741641789	0.11988801119888011	0.0392960703929607	0.6972844548214501	0.4724188871435437
E2F8.H12CORE.0.P.C	E2F8	Fork head/winged helix factors	E2F	0.5253311788900142	0.5189138662604335	0.11698830116988301	0.13688631136886312	0.6972844548214501	0.7121523561929521
PO4F1.H12CORE.1.SM.B	POU4F1	Homeo domain factors	POU	0.525320495700014	0.5235649756631914	0.11898810118988101	0.09909009099090091	0.6972844548214501	0.6241919286332237
E2F7.H12CORE.1.P.B	E2F7	Fork head/winged helix factors	E2F	0.5252470487687608	0.5180210896259247	0.11788821117888211	0.1593840615938406	0.6972844548214501	0.7565500028944474
SOX1.H12CORE.1.S.B	SOX1	High-mobility group (HMG) domain factors	SOX-related	0.5251776080337588	0.5242327313497843	0.1282871712828717	0.12488751124887511	0.7235894388089281	0.6931256874312568
MYNN.H12CORE.0.P.B	MYNN	C2H2 zinc finger factors	More than 3 adjacent zinc fingers	0.5251495646600076	0.5441035140051225	0.12408759124087591	0.014698530146985302	0.7077406883817547	0.3153670347250989
HXB13.H12CORE.1.SM.B	HOXB13	Homeo domain factors	HOX-related	0.5251482292612567	0.5134723812813983	0.1207879212078792	0.22627737226277372	0.6972844548214501	0.8730238976102389
PO4F1.H12CORE.0.S.B	POU4F1	Homeo domain factors	POU	0.5250413973612514	0.5299220395486326	0.1192880711928807	0.05629437056294371	0.6972844548214501	0.5011575765500373
NRL.H12CORE.0.SM.B	NRL	Basic leucine zipper factors (bZIP)	Maf-related	0.5249519256449983	0.5247220166465002	0.1212878712128787	0.0882911708829117	0.6972844548214501	0.5898340721483407
ZN416.H12CORE.0.P.C	ZNF416	C2H2 zinc finger factors	More than 3 adjacent zinc fingers	0.524907857486245	0.5333828229490021	0.1212878712128787	0.0387961203879612	0.6972844548214501	0.4724188871435437
ZN75D.H12CORE.1.P.B	ZNF75D	C2H2 zinc finger factors	More than 3 adjacent zinc fingers	0.5248945034987417	0.516988190047602	0.1294870512948705	0.17628237176282371	0.7235894388089281	0.7875943174913278
KLF8.H12CORE.0.P.C	KLF8	C2H2 zinc finger factors	Three-zinc finger Kruppel-related	0.5247436034399859	0.5094805098953427	0.13308669133086692	0.31516848315168483	0.7235894388089281	0.9212750095958147
IRX5.H12CORE.0.M.C	IRX5	Homeo domain factors	TALE-type HD	0.5246327653437305	0.5200869463812596	0.13238676132386762	0.1416858314168583	0.7235894388089281	0.7173777359106195
ZN480.H12CORE.0.P.C	ZNF480	C2H2 zinc finger factors	More than 3 adjacent zinc fingers	0.5245953741787297	0.511814037829662	0.13058694130586943	0.2555744425557444	0.7235894388089281	0.8776519511169449
SP1.H12CORE.0.P.B	SP1	C2H2 zinc finger factors	Three-zinc finger Kruppel-related	0.5245673308049773	0.5046382832624013	0.1287871212878712	0.3775622437756224	0.7235894388089281	0.9914405298600575
CEBPD.H12CORE.1.SM.B	CEBPD	Basic leucine zipper factors (bZIP)	C/EBP-related	0.5244872068799745	0.5402565037475602	0.13038696130386962	0.0178982101789821	0.7235894388089281	0.33111688831116887
NRL.H12CORE.1.SM.B	NRL	Basic leucine zipper factors (bZIP)	Maf-related	0.5244364617274718	0.5317389956754709	0.13308669133086692	0.04689531046895311	0.7235894388089281	0.480951904809519
BATF3.H12CORE.0.P.B	BATF3	Basic leucine zipper factors (bZIP)	B-ATF-related	0.5244164307462209	0.49468190376588383	0.1336866313368663	0.6096390360963904	0.7235894388089281	1.0
BARH2.H12CORE.2.S.C	BARHL2	Homeo domain factors	NK-related	0.5243269590299667	0.5122487624020715	0.1327867213278672	0.24617538246175383	0.7235894388089281	0.8776519511169449
BATF.H12CORE.0.P.B	BATF	Basic leucine zipper factors (bZIP)	B-ATF-related	0.5242441643074597	0.49522119532751885	0.132986701329867	0.5793420657934206	0.7235894388089281	1.0
FOXD3.H12CORE.1.S.B	FOXD3	Fork head/winged helix factors	FOX	0.5241586987874588	0.5079851514441628	0.1317868213178682	0.31856814318568144	0.7235894388089281	0.9222733726627338
FOXO6.H12CORE.0.S.B	FOXO6	Fork head/winged helix factors	FOX	0.5241560279899583	0.5148187427712274	0.138986101389861	0.20957904209579042	0.7292979792929797	0.8404634536546346
ZN37A.H12CORE.0.P.B	ZNF37A	C2H2 zinc finger factors	Multiple dispersed zinc fingers	0.5241106244324557	0.5277837319645297	0.13758624137586242	0.0734926507349265	0.7292979792929797	0.5552350524109891
HXA13.H12CORE.1.SM.B	HOXA13	Homeo domain factors	HOX-related	0.5240425190962015	0.5124738237735058	0.1411858814118588	0.24347565243475652	0.7354917937809108	0.8776519511169449
PAX8.H12CORE.0.PSM.A	PAX8	Paired box factors	PD	0.5239650659686966	0.528948939828245	0.13068693130686931	0.057194280571942806	0.7235894388089281	0.5011575765500373
SP1.H12CORE.2.P.B	SP1	C2H2 zinc finger factors	Three-zinc finger Kruppel-related	0.5239089792211936	0.5140184888124468	0.1354864513548645	0.22287771222877711	0.7292979792929797	0.8700029997000299
ZN543.H12CORE.0.P.C	ZNF543	C2H2 zinc finger factors	More than 3 adjacent zinc fingers	0.5239023022274454	0.5133655032299792	0.137986201379862	0.23357664233576642	0.7292979792929797	0.8776519511169449
ZN320.H12CORE.0.P.B	ZNF320	C2H2 zinc finger factors	More than 3 adjacent zinc fingers	0.5238902836386947	0.5361294527968763	0.1361863813618638	0.029397060293970604	0.7292979792929797	0.4148210178982102
HINFP.H12CORE.0.P.B	HINFP	C2H2 zinc finger factors	Multiple dispersed zinc fingers	0.523852892473692	0.5208169477842999	0.1376862313768623	0.1332866713328667	0.7292979792929797	0.7045152627594382
ZN441.H12CORE.0.P.C	ZNF441	C2H2 zinc finger factors	More than 3 adjacent zinc fingers	0.5237634207574371	0.530221520906131	0.13388661133886612	0.06189381061893811	0.7235894388089281	0.5123777394987774
ZN740.H12CORE.0.P.C	ZNF740	C2H2 zinc finger factors	Other with up to three adjacent zinc fingers	0.5236752844399328	0.5086964782789425	0.13988601139886012	0.31026897310268975	0.7313605595962144	0.9212750095958147
LEF1.H12CORE.1.P.B	LEF1	High-mobility group (HMG) domain factors	TCF7-related	0.5236739490411831	0.5017857303061407	0.13888611138886112	0.45615438456154384	0.7292979792929797	1.0
FOSL1.H12CORE.0.P.B	FOSL1	Basic leucine zipper factors (bZIP)	Fos-related	0.523480316222424	0.5352232951857938	0.1374862513748625	0.031096890310968902	0.7292979792929797	0.41949693919496933
ZN880.H12CORE.0.P.C	ZNF880	C2H2 zinc finger factors	More than 3 adjacent zinc fingers	0.523414881683671	0.5123058682270342	0.14378562143785623	0.25077492250774924	0.739912841456068	0.8776519511169449
STAT1.H12CORE.1.P.B	STAT1	STAT domain factors	STAT	0.523000908071151	0.5310301056887399	0.14408559144085592	0.048795120487951205	0.739912841456068	0.480951904809519
ZN613.H12CORE.0.P.C	ZNF613	C2H2 zinc finger factors	More than 3 adjacent zinc fingers	0.5229555045136473	0.5121080947578305	0.14778522147785222	0.24987501249875013	0.7482599108510203	0.8776519511169449
FOXD2.H12CORE.1.SM.B	FOXD2	Fork head/winged helix factors	FOX	0.5227899150686367	0.5010662898568147	0.14388561143885611	0.45695430456954306	0.739912841456068	1.0
STAT2.H12CORE.0.P.B	STAT2	STAT domain factors	STAT	0.522753859302386	0.5297828929126898	0.1501849815018498	0.055394460553944605	0.757751497577515	0.5011575765500373
RFX3.H12CORE.2.S.B	RFX3	Fork head/winged helix factors	RFX	0.522541530901127	0.5050318038078194	0.15748425157484253	0.38246175382461756	0.7735851414858513	0.9944005599440057
KAISO.H12CORE.1.P.B	ZBTB33	C2H2 zinc finger factors	Other with up to three adjacent zinc fingers	0.5225308477111269	0.5038871515081792	0.15208479152084792	0.406959304069593	0.7646632549288624	1.0
BATF3.H12CORE.1.P.B	BATF3	Basic leucine zipper factors (bZIP)	B-ATF-related	0.5225281769136243	0.5276374666036503	0.14328567143285673	0.067993200679932	0.739912841456068	0.5361431070007753
SP3.H12CORE.0.P.B	SP3	C2H2 zinc finger factors	Three-zinc finger Kruppel-related	0.5224867795523732	0.5053393696142384	0.14658534146585342	0.3792620737926207	0.7482599108510203	0.9914405298600575
ZN317.H12CORE.1.P.B	ZNF317	C2H2 zinc finger factors	More than 3 adjacent zinc fingers	0.5224320282036207	0.5442397948657909	0.14678532146785322	0.008999100089991	0.7482599108510203	0.26876724092296655
JUND.H12CORE.1.SM.B	JUND	Basic leucine zipper factors (bZIP)	Jun-related	0.5223933016398672	0.5311944068720967	0.1476852314768523	0.044795520447955206	0.7482599108510203	0.480951904809519
MAFK.H12CORE.2.S.B	MAFK	Basic leucine zipper factors (bZIP)	Maf-related	0.5219112226910938	0.5289978257923562	0.1536846315368463	0.06419358064193581	0.7700240392627404	0.5223298899160365
ATF4.H12CORE.1.S.B	ATF4	Basic leucine zipper factors (bZIP)	ATF4-related	0.5218831793173444	0.5146112002443444	0.15558444155584442	0.2084791520847915	0.7720021812251764	0.8403223923417714
ZN667.H12CORE.1.P.C	ZNF667	C2H2 zinc finger factors	More than 3 adjacent zinc fingers	0.521841781956092	0.5245766997911506	0.16098390160983903	0.09349065093490651	0.7821541078215412	0.6096390360963904
KLF10.H12CORE.0.P.C	KLF10	C2H2 zinc finger factors	Three-zinc finger Kruppel-related	0.5218391111585945	0.5077167341376236	0.15628437156284372	0.34526547345265474	0.772323110154738	0.9562727028640705
BATF.H12CORE.1.P.B	BATF	Basic leucine zipper factors (bZIP)	B-ATF-related	0.5217937076010873	0.5313593870137404	0.1586841315868413	0.048795120487951205	0.7735851414858513	0.480951904809519
CEBPE.H12CORE.0.P.B	CEBPE	Basic leucine zipper factors (bZIP)	C/EBP-related	0.5215613482185775	0.5300205263934377	0.16828317168283172	0.056894310568943104	0.7987915024287044	0.5011575765500373
ZN384.H12CORE.0.PSM.A	ZNF384	C2H2 zinc finger factors	More than 3 adjacent zinc fingers	0.521418460552319	0.5170843702269385	0.15858414158584141	0.17718228177182282	0.7735851414858513	0.7875943174913278
ZN449.H12CORE.1.S.C	ZNF449	C2H2 zinc finger factors	More than 3 adjacent zinc fingers	0.5213396720260682	0.5165753665641175	0.1553844615538446	0.17488251174882513	0.7720021812251764	0.7875943174913278
ZN662.H12CORE.0.P.C	ZNF662	C2H2 zinc finger factors	More than 3 adjacent zinc fingers	0.5212755728860637	0.5087126869269912	0.16228377162283772	0.30586941305869414	0.7841607143633463	0.9212750095958147
TEAD3.H12CORE.0.PS.A	TEAD3	TEA domain factors	TEF1-related	0.5212208215373112	0.5300664933716778	0.1556844315568443	0.052094790520947905	0.7720021812251764	0.4818768123187681
ZN248.H12CORE.0.P.B	ZNF248	C2H2 zinc finger factors	Multiple dispersed zinc fingers	0.5211700763848065	0.5175646916669985	0.16448355164483552	0.16398360163983602	0.7911658834116588	0.7662544425169133
ZN791.H12CORE.0.P.C	ZNF791	C2H2 zinc finger factors	More than 3 adjacent zinc fingers	0.5211500454035551	0.515701703263742	0.15828417158284172	0.19268073192680732	0.7735851414858513	0.8056639422762926
GMEB2.H12CORE.2.SM.B	GMEB2	SAND domain factors	GMEB	0.5211206666310555	0.5292921591526415	0.16518348165183483	0.0608939106089391	0.7918929037328826	0.5108715872598787
ZN558.H12CORE.0.P.B	ZNF558	C2H2 zinc finger factors	More than 3 adjacent zinc fingers	0.5210311949148012	0.5142895540106542	0.16248375162483752	0.2096790320967903	0.7841607143633463	0.8404634536546346
TF7L1.H12CORE.0.PM.A	TCF7L1	High-mobility group (HMG) domain factors	TCF7-related	0.5210018161423003	0.5027924467050165	0.1665833416658334	0.42405759424057593	0.7933325479333254	1.0
FOXP2.H12CORE.0.P.B	FOXP2	Fork head/winged helix factors	FOX	0.520985791357299	0.534531708533859	0.1690830916908309	0.0458954104589541	0.7996606183537491	0.480951904809519
CEBPG.H12CORE.1.SM.B	CEBPG	Basic leucine zipper factors (bZIP)	C/EBP-related	0.5209644249772977	0.5354078659981452	0.1665833416658334	0.032896710328967106	0.7933325479333254	0.42383886611338867
FOSB.H12CORE.1.M.C	FOSB	Basic leucine zipper factors (bZIP)	Fos-related	0.5208816302547924	0.5118324274598706	0.17268273172682733	0.2608739126087391	0.803810264134877	0.8815209388152094
ZN510.H12CORE.1.P.C	ZNF510	C2H2 zinc finger factors	Multiple dispersed zinc fingers	0.5207360717910369	0.5092573178812366	0.17028297170282972	0.2960703929607039	0.7996606183537491	0.9212750095958147
FOXE1.H12CORE.1.S.C	FOXE1	Fork head/winged helix factors	FOX	0.5206292398910306	0.5140612746851342	0.17228277172282772	0.19978002199780023	0.803810264134877	0.8260245608676956
BCL6B.H12CORE.0.PSM.A	BCL6B	C2H2 zinc finger factors	More than 3 adjacent zinc fingers	0.5204569734522728	0.526783730951937	0.17068293170682933	0.07589241075892411	0.7996606183537491	0.5594746647784202
MAFK.H12CORE.1.P.B	MAFK	Basic leucine zipper factors (bZIP)	Maf-related	0.52043560707227	0.5444445972486537	0.1772822717728227	0.0108989101089891	0.8147080196438954	0.2859477688594777
PPARD.H12CORE.0.PSM.A	PPARD	Nuclear receptors with C4 zinc fingers	Thyroid hormone receptor-related	0.52041958228727	0.5013080173737889	0.17018298170182983	0.45725427457254275	0.7996606183537491	1.0
MYCN.H12CORE.1.M.C	MYCN	Basic helix-loop-helix factors (bHLH)	bHLH-ZIP	0.5203100795897645	0.5102270440684873	0.1745825417458254	0.274972502749725	0.8100405393544247	0.9017848215178482
ZN680.H12CORE.0.P.B	ZNF680	C2H2 zinc finger factors	More than 3 adjacent zinc fingers	0.5201137759735065	0.5166604040523943	0.17578242175782421	0.1807819218078192	0.812993700629937	0.7875943174913278
KLF14.H12CORE.1.P.C	KLF14	C2H2 zinc finger factors	Three-zinc finger Kruppel-related	0.5199602051172464	0.5177421509967792	0.17638236176382363	0.1630836916308369	0.8131621342658066	0.7662544425169133
ZNF77.H12CORE.0.P.C	ZNF77	C2H2 zinc finger factors	More than 3 adjacent zinc fingers	0.5199495219272483	0.5057815901319161	0.18248175182481752	0.3705629437056294	0.8331039961019377	0.9883961696251815
ZNF79.H12CORE.0.P.C	ZNF79	C2H2 zinc finger factors	More than 3 adjacent zinc fingers	0.5196957961647334	0.5236201046715394	0.1855814418558144	0.10258974102589741	0.8331039961019377	0.6351031563510315
EGR1.H12CORE.0.PS.A	EGR1	C2H2 zinc finger factors	Three-zinc finger Kruppel-related	0.5196771005822335	0.5111440994282109	0.18588141185881413	0.26417358264173585	0.8331039961019377	0.8865173947721507
ZFP37.H12CORE.0.P.C	ZFP37	C2H2 zinc finger factors	More than 3 adjacent zinc fingers	0.5195515730997287	0.5032876431648442	0.18518148185181482	0.415958404159584	0.8331039961019377	1.0
BACH2.H12CORE.1.SM.B	BACH2	Basic leucine zipper factors (bZIP)	Jun-related	0.5195502377009784	0.5272358404904758	0.18418158184181582	0.07139286071392861	0.8331039961019377	0.5487456573491587
PDX1.H12CORE.0.P.B	PDX1	Homeo domain factors	HOX-related	0.5194086854334696	0.52678615708789	0.1877812218778122	0.0795920407959204	0.8363219233632191	0.5609541484875903
GMEB2.H12CORE.1.P.C	GMEB2	SAND domain factors	GMEB	0.5193325677047175	0.5222829544211479	0.18648135186481352	0.12368763123687632	0.8331039961019377	0.6891168026054537
HXC10.H12CORE.1.S.B	HOXC10	Homeo domain factors	HOX-related	0.5193232199134648	0.515396788911419	0.18958104189581043	0.2074792520747925	0.8400429895660741	0.8386346239325646
CREB5.H12CORE.1.SM.B	CREB5	Basic leucine zipper factors (bZIP)	Jun-related	0.5192965119384645	0.5399415120237827	0.1897810218978102	0.017698230176982303	0.8400429895660741	0.33111688831116887
ZSCA4.H12CORE.0.SM.B	ZSCAN4	C2H2 zinc finger factors	More than 3 adjacent zinc fingers	0.5192911703434633	0.5144791654005115	0.18198180181981802	0.20477952204779523	0.8331039961019377	0.8347368652965212
FOS.H12CORE.2.S.C	FOS	Basic leucine zipper factors (bZIP)	Fos-related	0.519213717215961	0.5209566611643404	0.1917808219178082	0.12788721127887212	0.8428045774809705	0.6963820599072169
ZN267.H12CORE.0.P.C	ZNF267	C2H2 zinc finger factors	More than 3 adjacent zinc fingers	0.5191562950697054	0.5162734138370143	0.18618138186181382	0.1817818218178182	0.8331039961019377	0.7875943174913278
SPI1.H12CORE.0.P.B	SPI1	Tryptophan cluster factors	Ets-related	0.5191015437209547	0.5376935629815159	0.19098090190980901	0.023497650234976502	0.8427689341157627	0.3723498617880147
NFE2.H12CORE.1.SM.B	NFE2	Basic leucine zipper factors (bZIP)	Jun-related	0.5189933764222009	0.5413948935617977	0.19258074192580743	0.0150984901509849	0.8428045774809705	0.3153670347250989
CREM.H12CORE.1.P.C	CREM	Basic leucine zipper factors (bZIP)	CREB-related	0.5189025693071955	0.4924244845112373	0.1855814418558144	0.6452354764523548	0.8331039961019377	1.0
PPARG.H12CORE.1.P.B	PPARG	Nuclear receptors with C4 zinc fingers	Thyroid hormone receptor-related	0.5187343090646861	0.5197587215685249	0.19508049195080493	0.1381861813818618	0.8428045774809705	0.7121523561929521
PO3F3.H12CORE.0.P.C	POU3F3	Homeo domain factors	POU	0.5186942471021829	0.5268325312136429	0.19588041195880412	0.0775922407759224	0.8428045774809705	0.5609541484875903
FOXD2.H12CORE.0.S.B	FOXD2	Fork head/winged helix factors	FOX	0.5186301479621814	0.4996450340722171	0.20717928207179281	0.49745025497450257	0.8428045774809705	1.0
ZN565.H12CORE.0.P.C	ZNF565	C2H2 zinc finger factors	More than 3 adjacent zinc fingers	0.5186167939746815	0.5245341154000884	0.19508049195080493	0.08809119088091191	0.8428045774809705	0.5898340721483407
ZN519.H12CORE.0.P.C	ZNF519	C2H2 zinc finger factors	Multiple dispersed zinc fingers	0.518497943485925	0.5014668161286914	0.20167983201679832	0.45035496450354967	0.8428045774809705	1.0
KLF16.H12CORE.0.SM.B	KLF16	C2H2 zinc finger factors	Three-zinc finger Kruppel-related	0.5184859248971727	0.5091394507426252	0.19928007199280073	0.3007699230076992	0.8428045774809705	0.9212750095958147
FOXL2.H12CORE.0.PSM.A	FOXL2	Fork head/winged helix factors	FOX	0.5184792479034233	0.5054363384361547	0.20657934206579343	0.38236176382361764	0.8428045774809705	0.9944005599440057
NR1H3.H12CORE.1.P.B	NR1H3	Nuclear receptors with C4 zinc fingers	Thyroid hormone receptor-related	0.5184298381496725	0.5242289686674998	0.1954804519548045	0.0948905109489051	0.8428045774809705	0.6112812825860271
ZN554.H12CORE.0.P.C	ZNF554	C2H2 zinc finger factors	More than 3 adjacent zinc fingers	0.5184191549596703	0.5176708617159672	0.19868013198680132	0.1703829617038296	0.8428045774809705	0.7852994955281541
FOXO3.H12CORE.0.PS.A	FOXO3	Fork head/winged helix factors	FOX	0.5184071363709202	0.5168784080853968	0.19418058194180582	0.1872812718728127	0.8428045774809705	0.792512830828354
NR2C2.H12CORE.0.SM.B	NR2C2	Nuclear receptors with C4 zinc fingers	RXR-related receptors	0.5183924469846705	0.5169965263042267	0.20387961203879612	0.1812818718128187	0.8428045774809705	0.7875943174913278
ZN222.H12CORE.0.P.C	ZNF222	C2H2 zinc finger factors	More than 3 adjacent zinc fingers	0.5183844345921689	0.5052727822373493	0.20107989201079893	0.37766223377662234	0.8428045774809705	0.9914405298600575
ANDR.H12CORE.2.P.B	AR	Nuclear receptors with C4 zinc fingers	Steroid hormone receptors	0.518323006249668	0.5060617363321447	0.204979502049795	0.3641635836416358	0.8428045774809705	0.9843302186635269
HXC11.H12CORE.1.S.B	HOXC11	Homeo domain factors	HOX-related	0.5183109876609143	0.5066360346086133	0.19458054194580543	0.3427657234276572	0.8428045774809705	0.9562727028640705
ETV6.H12CORE.1.P.B	ETV6	Tryptophan cluster factors	Ets-related	0.5182949628759133	0.5247976356435813	0.20467953204679531	0.09309069093090691	0.8428045774809705	0.6096390360963904
ZN793.H12CORE.0.P.B	ZNF793	C2H2 zinc finger factors	More than 3 adjacent zinc fingers	0.5182188451471608	0.5183241505407021	0.20327967203279673	0.15828417158284172	0.8428045774809705	0.7538087775380877
ZN557.H12CORE.0.P.C	ZNF557	C2H2 zinc finger factors	More than 3 adjacent zinc fingers	0.5182161743496614	0.5062700360436563	0.20087991200879912	0.34526547345265474	0.8428045774809705	0.9562727028640705
ZN816.H12CORE.1.P.C	ZNF816	C2H2 zinc finger factors	More than 3 adjacent zinc fingers	0.5179798087709013	0.5129780228512836	0.20177982201779823	0.23797620237976203	0.8428045774809705	0.8776519511169449
ZIC5.H12CORE.0.P.B	ZIC5	C2H2 zinc finger factors	More than 3 adjacent zinc fingers	0.5179624485871489	0.5287947230926816	0.19768023197680232	0.06239376062393761	0.8428045774809705	0.5123777394987774
SALL4.H12CORE.0.P.B	SALL4	C2H2 zinc finger factors	Multiple dispersed zinc fingers	0.5178636290796435	0.5199010005074419	0.2074792520747925	0.1444855514448555	0.8428045774809705	0.7174748278596798
OVOL1.H12CORE.0.SM.B	OVOL1	C2H2 zinc finger factors	More than 3 adjacent zinc fingers	0.5178542812883921	0.5008666615775658	0.20367963203679632	0.46885311468853114	0.8428045774809705	1.0
ATF7.H12CORE.0.PSM.A	ATF7	Basic leucine zipper factors (bZIP)	Jun-related	0.5177474493883881	0.5384110201557623	0.20537946205379462	0.020897910208979104	0.8428045774809705	0.3581677126405007
ZN223.H12CORE.0.P.C	ZNF223	C2H2 zinc finger factors	More than 3 adjacent zinc fingers	0.5177421077933879	0.49805120477760373	0.2094790520947905	0.526047395260474	0.8428045774809705	1.0
TBXT.H12CORE.0.PS.A	TBXT	T-Box factors	Brachyury-related	0.5176913626408833	0.5265159569117898	0.20387961203879612	0.07479252074792521	0.8428045774809705	0.5592000385453683
MAFF.H12CORE.1.PSM.A	MAFF	Basic leucine zipper factors (bZIP)	Maf-related	0.5176566422733845	0.5355936767230249	0.21087891210878912	0.029897010298970104	0.8452729727027298	0.4148210178982102
PIT1.H12CORE.1.S.B	POU1F1	Homeo domain factors	POU	0.5176419528871304	0.5199580100762888	0.21197880211978803	0.1376862313768623	0.8473280095813134	0.7121523561929521
ZN776.H12CORE.0.P.C	ZNF776	C2H2 zinc finger factors	More than 3 adjacent zinc fingers	0.5176312696971329	0.5040194408611978	0.20827917208279173	0.39486051394860516	0.8428045774809705	1.0
MGAP.H12CORE.1.S.B	MGA	Basic helix-loop-helix factors (bHLH)	bHLH-ZIP	0.5175765183483779	0.512055920458527	0.21707829217078292	0.252974702529747	0.8495964233363897	0.8776519511169449
FOXO1.H12CORE.0.PS.A	FOXO1	Fork head/winged helix factors	FOX	0.5175284439933757	0.5271473801312463	0.2096790320967903	0.0714928507149285	0.8428045774809705	0.5487456573491587
MEF2D.H12CORE.1.M.C	MEF2D	MADS box factors	Regulators of differentiation	0.517473692644621	0.5206958363182965	0.21557844215578442	0.1332866713328667	0.8495964233363897	0.7045152627594382
ZN454.H12CORE.0.P.B	ZNF454	C2H2 zinc finger factors	More than 3 adjacent zinc fingers	0.5174336306821202	0.5153882718685026	0.20367963203679632	0.19738026197380262	0.8428045774809705	0.8208061038276576
ZN100.H12CORE.1.P.B	ZNF100	C2H2 zinc finger factors	More than 3 adjacent zinc fingers	0.5174309598846207	0.4984511637102428	0.21337866213378662	0.5201479852014799	0.8495964233363897	1.0
MAF.H12CORE.1.PSM.A	MAF	Basic leucine zipper factors (bZIP)	Maf-related	0.5173655253458673	0.5375379075306304	0.21387861213878612	0.024697530246975304	0.8495964233363897	0.37913336325941877
CDX1.H12CORE.1.S.B	CDX1	Homeo domain factors	HOX-related	0.5173321403771146	0.5121587818065648	0.21677832216778323	0.24817518248175183	0.8495964233363897	0.8776519511169449
PBX2.H12CORE.1.P.C	PBX2	Homeo domain factors	TALE-type HD	0.5173014262058647	0.5151617311562533	0.20857914208579142	0.26207379262073793	0.8428045774809705	0.8815209388152094
FOSL2.H12CORE.0.P.B	FOSL2	Basic leucine zipper factors (bZIP)	Fos-related	0.5172773890283631	0.5388284303202328	0.20777922207779223	0.0198980101989801	0.8428045774809705	0.35015644776985716
PBX1.H12CORE.1.P.B	PBX1	Homeo domain factors	TALE-type HD	0.5172253084771112	0.5196259330361427	0.21727827217278273	0.1892810718928107	0.8495964233363897	0.7963049176131949
XBP1.H12CORE.0.PS.A	XBP1	Basic leucine zipper factors (bZIP)	XBP1-related	0.5171318305646038	0.5072210185551016	0.22507749225077492	0.3451654834516548	0.8517381246168577	0.9562727028640705
FOS.H12CORE.0.P.B	FOS	Basic leucine zipper factors (bZIP)	Fos-related	0.5171064579883535	0.543931851011156	0.2096790320967903	0.0124987501249875	0.8428045774809705	0.2980324918327839
HNF1A.H12CORE.0.PS.A	HNF1A	Homeo domain factors	POU	0.5169074835745933	0.5012553608756508	0.21957804219578042	0.4627537246275372	0.8495964233363897	1.0
ZN740.H12CORE.1.S.C	ZNF740	C2H2 zinc finger factors	Other with up to three adjacent zinc fingers	0.5169008065808448	0.525701980070259	0.21577842215778423	0.08559144085591441	0.8495964233363897	0.5898340721483407
MAFG.H12CORE.1.PSM.A	MAFG	Basic leucine zipper factors (bZIP)	Maf-related	0.5167846268895897	0.5321745946725159	0.22107789221077892	0.046495350464953504	0.8495964233363897	0.480951904809519
ZF64B.H12CORE.0.P.B	ZFP64	C2H2 zinc finger factors	More than 3 adjacent zinc fingers	0.5167832914908363	0.5092765722661536	0.21797820217978203	0.29657034296570345	0.8495964233363897	0.9212750095958147
ZN333.H12CORE.0.P.C	ZNF333	C2H2 zinc finger factors	More than 3 adjacent zinc fingers	0.5167659313070874	0.5200644890094533	0.21747825217478253	0.1386861313868613	0.8495964233363897	0.7121853650933839
KLF7.H12CORE.0.P.B	KLF7	C2H2 zinc finger factors	Three-zinc finger Kruppel-related	0.5167565835158378	0.5582903391935954	0.2211778822117788	0.1080891910808919	0.8495964233363897	0.6418629741964075
ZN860.H12CORE.0.P.C	ZNF860	C2H2 zinc finger factors	More than 3 adjacent zinc fingers	0.5166858073820847	0.5233258948085278	0.22297770222977703	0.10438956104389562	0.8512085299406568	0.6407257579326814
ZN343.H12CORE.0.PSM.A	ZNF343	C2H2 zinc finger factors	More than 3 adjacent zinc fingers	0.5166684471983337	0.5114611224455469	0.21937806219378062	0.25817418258174185	0.8495964233363897	0.8786142562214367
IRF7.H12CORE.1.SM.B	IRF7	Tryptophan cluster factors	IRF	0.516656428609581	0.5226724232759694	0.22297770222977703	0.11068893110688931	0.8512085299406568	0.6492850714928508
RARG.H12CORE.2.SM.B	RARG	Nuclear receptors with C4 zinc fingers	Thyroid hormone receptor-related	0.5165522675070795	0.5138767537805988	0.22517748225177484	0.21957804219578042	0.8517381246168577	0.8633545364809568
ZN140.H12CORE.0.P.B	ZNF140	C2H2 zinc finger factors	More than 3 adjacent zinc fingers	0.5164708081833234	0.5292750172983729	0.22967703229677033	0.058694130586941305	0.8603027197280272	0.5011575765500373
PO2F3.H12CORE.0.PS.A	POU2F3	Homeo domain factors	POU	0.5164280754233205	0.5118075905464384	0.2211778822117788	0.2516748325167483	0.8495964233363897	0.8776519511169449
PO4F2.H12CORE.0.S.B	POU4F2	Homeo domain factors	POU	0.5163506222958176	0.5108969158318623	0.22137786221377861	0.261973802619738	0.8495964233363897	0.8815209388152094
ZN621.H12CORE.0.P.C	ZNF621	C2H2 zinc finger factors	More than 3 adjacent zinc fingers	0.5162678275733134	0.523653287076156	0.2348765123487651	0.10728927107289271	0.8603027197280272	0.6418629741964075
SOX9.H12CORE.1.PS.A	SOX9	High-mobility group (HMG) domain factors	SOX-related	0.5162678275733112	0.5132979927980447	0.2343765623437656	0.22807719228077192	0.8603027197280272	0.8753068842051965
HXA9.H12CORE.0.P.B	HOXA9	Homeo domain factors	HOX-related	0.5162451257945643	0.5200811011694901	0.2248775122487751	0.13998600139986	0.8517381246168577	0.7127910448391781
ZIC1.H12CORE.2.S.B	ZIC1	C2H2 zinc finger factors	More than 3 adjacent zinc fingers	0.5162010576358079	0.5180452870142782	0.22547745225477453	0.1558844115588441	0.8517381246168577	0.7448384300642783
ATF1.H12CORE.1.P.B	ATF1	Basic leucine zipper factors (bZIP)	CREB-related	0.5161783558570585	0.516687584269052	0.23117688231176883	0.17838216178382163	0.8603027197280272	0.7875943174913278
CDX4.H12CORE.1.M.C	CDX4	Homeo domain factors	HOX-related	0.5161249399070561	0.5019735180740268	0.22817718228177183	0.43485651434856515	0.8596858329832814	1.0
IRF9.H12CORE.0.PSM.A	IRF9	Tryptophan cluster factors	IRF	0.5160982319320538	0.5167672980374057	0.23537646235376464	0.1837816218378162	0.8603027197280272	0.7875943174913278
HXB9.H12CORE.1.M.C	HOXB9	Homeo domain factors	HOX-related	0.516043480583299	0.5041163443853766	0.23347665233476653	0.40545945405459455	0.8603027197280272	1.0
ZN701.H12CORE.0.P.B	ZNF701	C2H2 zinc finger factors	More than 3 adjacent zinc fingers	0.515833822979543	0.5000172519778434	0.2333766623337666	0.49135086491350866	0.8603027197280272	1.0
ZN100.H12CORE.0.P.B	ZNF100	C2H2 zinc finger factors	More than 3 adjacent zinc fingers	0.5158057796057895	0.5003923875227412	0.23447655234476553	0.47985201479852013	0.8603027197280272	1.0
ZN112.H12CORE.0.P.C	ZNF112	C2H2 zinc finger factors	Multiple dispersed zinc fingers	0.5157670530420394	0.4997081047974236	0.23257674232576742	0.48265173482651735	0.8603027197280272	1.0
ATF4.H12CORE.0.P.B	ATF4	Basic leucine zipper factors (bZIP)	ATF4-related	0.5157229848832873	0.5111529732145874	0.2298770122987701	0.267973202679732	0.8603027197280272	0.8971089002210889
ZN799.H12CORE.0.P.C	ZNF799	C2H2 zinc finger factors	More than 3 adjacent zinc fingers	0.515625500774531	0.5013925078887638	0.23807619238076191	0.4477552244775522	0.8603027197280272	1.0
MYT1L.H12CORE.0.P.C	MYT1L	C2HC zinc finger factors	MYT	0.5155881096095294	0.5312911064200652	0.24317568243175683	0.07599240075992401	0.8618517710272768	0.5594746647784202
ZN316.H12CORE.0.P.C	ZNF316	C2H2 zinc finger factors	Multiple dispersed zinc fingers	0.5155814326157797	0.5097661248419865	0.23847615238476152	0.283971602839716	0.8603027197280272	0.9065730595082083
SP5.H12CORE.0.P.B	SP5	C2H2 zinc finger factors	Three-zinc finger Kruppel-related	0.5154425511457713	0.5112234973320565	0.24467553244675533	0.27677232276772323	0.8618517710272768	0.9025176489123097
E2F1.H12CORE.0.P.B	E2F1	Fork head/winged helix factors	E2F	0.5153904705945183	0.508514642160442	0.23567643235676433	0.3076692330766923	0.8603027197280272	0.9212750095958147
GMEB1.H12CORE.0.P.C	GMEB1	SAND domain factors	GMEB	0.5153664334170183	0.5184147833862397	0.24047595240475952	0.16248375162483752	0.8614170840980417	0.7662223973681064
ZN362.H12CORE.0.P.C	ZNF362	C2H2 zinc finger factors	More than 3 adjacent zinc fingers	0.5153170236632658	0.5060933143711319	0.23717628237176283	0.3788621137886211	0.8603027197280272	0.9914405298600575
ZN274.H12CORE.1.P.B	ZNF274	C2H2 zinc finger factors	More than 3 adjacent zinc fingers	0.5152836386945154	0.5049578638500329	0.23747625237476253	0.37516248375162486	0.8603027197280272	0.9914405298600575
SMAD2.H12CORE.1.P.B	SMAD2	SMAD/NF-1 DNA-binding domain factors	SMAD	0.5152769617007619	0.5050431313201015	0.24437556244375563	0.3832616738326167	0.8618517710272768	0.994688121115946
FOSB.H12CORE.0.P.B	FOSB	Basic leucine zipper factors (bZIP)	Fos-related	0.5152662785107621	0.5264744668993749	0.24377562243775622	0.07289271072892711	0.8618517710272768	0.5543603534383403
ZN765.H12CORE.0.P.C	ZNF765	C2H2 zinc finger factors	More than 3 adjacent zinc fingers	0.5152515891245136	0.5095932792499054	0.23737626237376264	0.28887111288871115	0.8603027197280272	0.9068034500897737
Z780A.H12CORE.0.P.C	ZNF780A	C2H2 zinc finger factors	More than 3 adjacent zinc fingers	0.5152382351370125	0.4991111615479236	0.24447555244475552	0.5002499750024998	0.8618517710272768	1.0
IRF4.H12CORE.1.S.B	IRF4	Tryptophan cluster factors	IRF	0.5152035147695089	0.5152033170874774	0.24517548245175483	0.20417958204179582	0.8618517710272768	0.8347368652965212
HNF1B.H12CORE.0.PS.A	HNF1B	Homeo domain factors	POU	0.5151981731745076	0.49875865707265765	0.24017598240175983	0.5110488951104889	0.8614170840980417	1.0
IRF6.H12CORE.1.S.C	IRF6	Tryptophan cluster factors	IRF	0.5151714651995078	0.5302514416478774	0.2333766623337666	0.050794920507949204	0.8603027197280272	0.4818768123187681
KLF15.H12CORE.0.S.B	KLF15	C2H2 zinc finger factors	Three-zinc finger Kruppel-related	0.5150980182682532	0.5082742769615439	0.24547545245475452	0.3120687931206879	0.8618517710272768	0.9212750095958147
ZN704.H12CORE.0.SM.B	ZN704	Uncharacterized	Unannotated	0.5149898509694986	0.5141153077774095	0.24217578242175783	0.21157884211578842	0.8618517710272768	0.8457292774877636
ZN771.H12CORE.0.SM.B	ZNF771	C2H2 zinc finger factors	More than 3 adjacent zinc fingers	0.5149831739757476	0.5189145370601788	0.2405759424057594	0.1434856514348565	0.8614170840980417	0.7174748278596798
ZN165.H12CORE.0.P.C	ZNF165	C2H2 zinc finger factors	More than 3 adjacent zinc fingers	0.5148135783344913	0.5034633192686673	0.2465753424657534	0.41185881411858816	0.8636121824710732	1.0
ZN789.H12CORE.0.P.C	ZNF789	C2H2 zinc finger factors	More than 3 adjacent zinc fingers	0.5147668393782374	0.5126393229579674	0.2508749125087491	0.24427557244275572	0.8712628737126287	0.8776519511169449
IRX3.H12CORE.1.S.B	IRX3	Homeo domain factors	TALE-type HD	0.5146907216494836	0.5140051338684288	0.24787521247875213	0.2268773122687731	0.8660619445301846	0.8730238976102389
PO3F1.H12CORE.0.P.B	POU3F1	Homeo domain factors	POU	0.514677367661982	0.5168110968362716	0.2511748825117488	0.1790820917908209	0.8712628737126287	0.7875943174913278
ZBT40.H12CORE.0.P.B	ZBTB40	C2H2 zinc finger factors	More than 3 adjacent zinc fingers	0.5145371507932242	0.4968404211856371	0.253974602539746	0.5509449055094491	0.8746667099399845	1.0
HXC9.H12CORE.1.S.C	HOXC9	Homeo domain factors	HOX-related	0.5145304737994754	0.502223651249272	0.2526747325267473	0.4326567343265673	0.8743636427724134	1.0
ZN429.H12CORE.0.P.C	ZNF429	C2H2 zinc finger factors	More than 3 adjacent zinc fingers	0.5144997596282259	0.5208797245204546	0.24847515248475152	0.1332866713328667	0.8660619445301846	0.7045152627594382
PRDM6.H12CORE.0.P.B	PRDM6	C2H2 zinc finger factors	More than 3 adjacent zinc fingers	0.5144396666844716	0.5108275749615449	0.258974102589741	0.2770722927707229	0.8854972658762492	0.9025176489123097
EGR2.H12CORE.0.PSM.A	EGR2	C2H2 zinc finger factors	Three-zinc finger Kruppel-related	0.5143715613482167	0.49631742632168463	0.257974202579742	0.5601439856014399	0.8842203665619186	1.0
SOX17.H12CORE.1.P.B	SOX17	High-mobility group (HMG) domain factors	SOX-related	0.5142607232519628	0.5012308575752648	0.263973602639736	0.46235376462353767	0.8867816758147193	1.0
ZN614.H12CORE.0.P.C	ZNF614	C2H2 zinc finger factors	More than 3 adjacent zinc fingers	0.5141819347257071	0.5045382202136716	0.26217378262173785	0.40215978402159785	0.8867816758147193	1.0
DDIT3.H12CORE.0.P.B	DDIT3	Basic leucine zipper factors (bZIP)	C/EBP-related	0.5140884568132041	0.5058017360475837	0.253974602539746	0.36236376362363765	0.8746667099399845	0.9828776520844156
ZN454.H12CORE.1.SM.B	ZNF454	C2H2 zinc finger factors	More than 3 adjacent zinc fingers	0.5139322151594462	0.5196863622925979	0.2595740425957404	0.14438556144385561	0.8854972658762492	0.7174748278596798
CR3L4.H12CORE.0.M.C	CREB3L4	Basic leucine zipper factors (bZIP)	CREB-related	0.513910848779445	0.5072340146539395	0.255974402559744	0.33596640335966405	0.8794549116516919	0.9450283041871251
SKOR2.H12CORE.0.SM.B	SKOR2	Uncharacterized	Unannotated	0.5137919982906888	0.5037270331958021	0.26647335266473354	0.411958804119588	0.8867816758147193	1.0
ATF3.H12CORE.3.SM.B	ATF3	Basic leucine zipper factors (bZIP)	Fos-related	0.5137559425244388	0.5393455013765837	0.27287271272872715	0.0202979702029797	0.8867816758147193	0.35289121690240616
HXC11.H12CORE.0.SM.B	HOXC11	Homeo domain factors	HOX-related	0.5137399177394364	0.5014608320952512	0.26997300269973	0.46325367463253675	0.8867816758147193	1.0
ZIC5.H12CORE.2.S.C	ZIC5	C2H2 zinc finger factors	More than 3 adjacent zinc fingers	0.5137185513594323	0.5023004586857603	0.2683731626837316	0.44695530446955306	0.8867816758147193	1.0
CUX1.H12CORE.1.S.B	CUX1	Homeo domain factors	HD-CUT	0.5136344212381795	0.517585233904937	0.26877312268773124	0.1660833916608339	0.8867816758147193	0.7730914005373657
JUNB.H12CORE.1.S.C	JUNB	Basic leucine zipper factors (bZIP)	Jun-related	0.5136304150419302	0.5325602703297578	0.2716728327167283	0.041495850414958506	0.8867816758147193	0.47522628689512003
ZN528.H12CORE.0.P.B	ZNF528	C2H2 zinc finger factors	More than 3 adjacent zinc fingers	0.5135476203194252	0.5212074806040431	0.2685731426857314	0.12758724127587243	0.8867816758147193	0.6963820599072169
IRX3.H12CORE.0.M.C	IRX3	Homeo domain factors	TALE-type HD	0.5135449495219285	0.5203092843915398	0.26477352264773524	0.1316868313168683	0.8867816758147193	0.7045152627594382
KLF6.H12CORE.0.P.B	KLF6	C2H2 zinc finger factors	Three-zinc finger Kruppel-related	0.5135142353506763	0.5099129433106159	0.27507249275072493	0.28747125287471254	0.8867816758147193	0.9068034500897737
PAX3.H12CORE.0.PS.A	PAX3	Paired box factors	PD+HD	0.513452807008173	0.5117425287350466	0.2745725427457254	0.2525747425257474	0.8867816758147193	0.8776519511169449
BARH1.H12CORE.0.SM.B	BARHL1	Homeo domain factors	NK-related	0.5134074034506697	0.5124204356472452	0.26217378262173785	0.2410758924107589	0.8867816758147193	0.8776519511169449
IRF1.H12CORE.0.P.B	IRF1	Tryptophan cluster factors	IRF	0.5133700122856708	0.5168737224633181	0.2776722327767223	0.18298170182981702	0.8867816758147193	0.7875943174913278
MAFB.H12CORE.1.P.B	MAFB	Basic leucine zipper factors (bZIP)	Maf-related	0.513361999893167	0.5264431242016152	0.2673732626737326	0.0796920307969203	0.8867816758147193	0.5609541484875903
ZN586.H12CORE.0.P.C	ZNF586	C2H2 zinc finger factors	More than 3 adjacent zinc fingers	0.5133099193419147	0.4974043769465253	0.271972802719728	0.537946205379462	0.8867816758147193	1.0
FOXK2.H12CORE.0.P.B	FOXK2	Fork head/winged helix factors	FOX	0.5132845467656644	0.5094926872921939	0.2692730726927307	0.29727027297270275	0.8867816758147193	0.9212750095958147
IRF2.H12CORE.0.PSM.A	IRF2	Tryptophan cluster factors	IRF	0.5132110998344099	0.5223309268971668	0.27777222277772223	0.11798820117988201	0.8867816758147193	0.6756229138990864
ZN627.H12CORE.0.P.C	ZNF627	C2H2 zinc finger factors	More than 3 adjacent zinc fingers	0.5132084290369126	0.5157797626649825	0.27247275272472754	0.19318068193180682	0.8867816758147193	0.8056639422762926
SOX10.H12CORE.1.PSM.A	SOX10	High-mobility group (HMG) domain factors	SOX-related	0.5131950750494091	0.5074926083084874	0.27277272272772723	0.33226677332266774	0.8867816758147193	0.9381380221352864
ZN430.H12CORE.0.P.C	ZNF430	C2H2 zinc finger factors	More than 3 adjacent zinc fingers	0.5131643608781571	0.4973629612623007	0.26907309269073093	0.5386461353864613	0.8867816758147193	1.0
SOX21.H12CORE.0.S.B	SOX21	High-mobility group (HMG) domain factors	SOX-related	0.513164360878157	0.5208194070262324	0.270972902709729	0.13058694130586943	0.8867816758147193	0.7045152627594382
NFAC4.H12CORE.0.P.C	NFATC4	Rel homology region (RHR) factors	NFAT-related	0.5130762245606527	0.5029913016559683	0.28017198280171984	0.4163583641635836	0.8905025796979774	1.0
ZN189.H12CORE.1.P.B	ZNF189	C2H2 zinc finger factors	More than 3 adjacent zinc fingers	0.5130535227819051	0.5102622966526142	0.275972402759724	0.2836716328367163	0.8867816758147193	0.9065730595082083
HXA11.H12CORE.1.SM.B	HOXA11	Homeo domain factors	HOX-related	0.5130455103894032	0.5019180490535649	0.2776722327767223	0.4460553944605539	0.8867816758147193	1.0
IRF4.H12CORE.2.SM.B	IRF4	Tryptophan cluster factors	IRF	0.513004113028151	0.5004553766091827	0.27887211278872115	0.48155184481551844	0.8883277235190389	1.0
ZSC23.H12CORE.0.M.C	ZSCAN23	C2H2 zinc finger factors	More than 3 adjacent zinc fingers	0.5129226537043957	0.49930477799304096	0.27647235276472354	0.5008499150084992	0.8867816758147193	1.0
JUN.H12CORE.1.S.C	JUN	Basic leucine zipper factors (bZIP)	Jun-related	0.5128011324181408	0.5309150159750033	0.27007299270072993	0.05089491050894911	0.8867816758147193	0.4818768123187681
OTX2.H12CORE.0.PSM.A	OTX2	Homeo domain factors	Paired-related HD	0.5127303562843849	0.514298831019818	0.266973302669733	0.20467953204679531	0.8867816758147193	0.8347368652965212
PO5F1.H12CORE.0.P.B	POU5F1	Homeo domain factors	POU	0.5126382137706318	0.5355316898865473	0.2826717328267173	0.029397060293970604	0.8945072598003356	0.4148210178982102
ZN770.H12CORE.1.P.B	ZNF770	C2H2 zinc finger factors	Multiple dispersed zinc fingers	0.5125781208268781	0.5014690743860073	0.2772722727727227	0.44615538446155384	0.8867816758147193	1.0
ONEC3.H12CORE.1.S.C	ONECUT3	Homeo domain factors	HD-CUT	0.512448587148121	0.5223475623009413	0.275972402759724	0.10948905109489052	0.8867816758147193	0.6475110685652746
ZN423.H12CORE.0.P.C	ZNF423	C2H2 zinc finger factors	Multiple dispersed zinc fingers	0.5124125313818715	0.5004362198668898	0.28217178282171784	0.47535246475352466	0.8945072598003356	1.0
KLF14.H12CORE.0.PSM.A	KLF14	C2H2 zinc finger factors	Three-zinc finger Kruppel-related	0.5121214144543564	0.5008775798718991	0.29117088291170884	0.46905309469053097	0.9153701512965587	1.0
Z585B.H12CORE.0.P.C	ZNF585B	C2H2 zinc finger factors	More than 3 adjacent zinc fingers	0.5119611666043483	0.498001674945271	0.286971302869713	0.5278472152784721	0.9061260175951769	1.0
FOXP3.H12CORE.0.P.B	FOXP3	Fork head/winged helix factors	FOX	0.5119090860530944	0.5063463034917243	0.2927707229277072	0.33286671332866713	0.9153701512965587	0.9381380221352864
RARG.H12CORE.1.PSM.A	RARG	Nuclear receptors with C4 zinc fingers	Thyroid hormone receptor-related	0.5118984028630945	0.5012992728470816	0.2957704229577042	0.4570542945705429	0.91927867299107	1.0
PKNX1.H12CORE.0.P.B	PKNOX1	Homeo domain factors	TALE-type HD	0.5118062603493416	0.5112837051414951	0.298970102989701	0.2880711928807119	0.9237984124499754	0.9068034500897737
HSFY1.H12CORE.2.M.B	HSFY1	Heat shock factors	HSF	0.5117702045830866	0.5133199676620172	0.29187081291870814	0.23067693230676933	0.9153701512965587	0.8776519511169449
E2F3.H12CORE.0.P.B	E2F3	Fork head/winged helix factors	E2F	0.5117394904118349	0.5125127895402993	0.30286971302869714	0.24147585241475852	0.9294318975745737	0.8776519511169449
OTX1.H12CORE.0.SM.B	OTX1	Homeo domain factors	Paired-related HD	0.5117101116393331	0.5067516200371418	0.2930706929307069	0.34856514348565143	0.9153701512965587	0.9598845458965555
DRGX.H12CORE.0.S.B	DRGX	Homeo domain factors	Paired-related HD	0.5116940868543344	0.5087431085274497	0.29157084291570845	0.3150684931506849	0.9153701512965587	0.9212750095958147
ZBT45.H12CORE.0.SM.B	ZBTB45	C2H2 zinc finger factors	More than 3 adjacent zinc fingers	0.5115912611505771	0.5015713107855593	0.2967703229677032	0.45115488451154884	0.91927867299107	1.0
GSC2.H12CORE.0.SM.B	GSC2	Homeo domain factors	Paired-related HD	0.5115632177768279	0.5045371414934898	0.29687031296870314	0.40955904409559046	0.91927867299107	1.0
ZN433.H12CORE.0.P.C	ZNF433	C2H2 zinc finger factors	More than 3 adjacent zinc fingers	0.5113602371668184	0.5079817095451142	0.3033696630336966	0.32326767323267674	0.9294318975745737	0.9239990852399907
NFIA.H12CORE.0.P.B	NFIA	SMAD/NF-1 DNA-binding domain factors	NF-1	0.5113308583943164	0.5034165744682608	0.31016898310168983	0.48475152484751527	0.9356064393560644	1.0
IRF8.H12CORE.1.SM.B	IRF8	Tryptophan cluster factors	IRF	0.5112814486405656	0.5165044308676843	0.29417058294170584	0.17498250174982502	0.9168210608744741	0.7875943174913278
EGR3.H12CORE.0.PSM.A	EGR3	C2H2 zinc finger factors	Three-zinc finger Kruppel-related	0.5112707654505622	0.5040195111031545	0.30486951304869514	0.39936006399360063	0.9320481087484472	1.0
GFI1.H12CORE.0.PSM.A	GFI1	C2H2 zinc finger factors	More than 3 adjacent zinc fingers	0.5111198653918062	0.4936866581390661	0.30186981301869814	0.6176382361763824	0.9293959729826591	1.0
FOXH1.H12CORE.0.P.B	FOXH1	Fork head/winged helix factors	FOX	0.5109729715292984	0.4947730157236179	0.3106689331066893	0.6026397360263973	0.9356064393560644	1.0
CUX1.H12CORE.0.PM.A	CUX1	Homeo domain factors	HD-CUT	0.5109168847817951	0.500161717337538	0.3020697930206979	0.48235176482351766	0.9293959729826591	1.0
ZN548.H12CORE.0.P.B	ZNF548	C2H2 zinc finger factors	More than 3 adjacent zinc fingers	0.5109062015917951	0.499309753787132	0.3073692630736926	0.49465053494650535	0.9356064393560644	1.0
FOXE1.H12CORE.0.SM.B	FOXE1	Fork head/winged helix factors	FOX	0.5108688104267939	0.5021211254925009	0.31516848315168483	0.44795520447955206	0.9391949464847331	1.0
HXD11.H12CORE.1.SM.B	HOXD11	Homeo domain factors	HOX-related	0.510844773249291	0.5046404258821625	0.31566843315668436	0.39546045395460455	0.9391949464847331	1.0
HXC12.H12CORE.0.SM.B	HOXC12	Homeo domain factors	HOX-related	0.5108073820842911	0.500635544375602	0.3077692230776922	0.47115288471152883	0.9356064393560644	1.0
PAX7.H12CORE.0.P.B	PAX7	Paired box factors	PD+HD	0.510724587361784	0.5090571062683289	0.3097690230976902	0.30086991300869914	0.9356064393560644	0.9212750095958147
ZN136.H12CORE.0.P.B	ZNF136	C2H2 zinc finger factors	More than 3 adjacent zinc fingers	0.510720581165537	0.5023305682492869	0.31796820317968205	0.43985601439856015	0.9404225585346604	1.0
ZN184.H12CORE.0.P.B	ZNF184	C2H2 zinc finger factors	More than 3 adjacent zinc fingers	0.5106124138667802	0.49103866666784823	0.31156884311568844	0.6767323267673233	0.9356064393560644	1.0
BARH2.H12CORE.0.SM.B	BARHL2	Homeo domain factors	NK-related	0.5106110784680299	0.5030280300638849	0.31026897310268975	0.4186581341865813	0.9356064393560644	1.0
MSGN1.H12CORE.0.PSM.A	MSGN1	Basic helix-loop-helix factors (bHLH)	Tal-related	0.5106057368730295	0.5020653535015944	0.31186881311868814	0.44065593440655937	0.9356064393560644	1.0
TFEB.H12CORE.0.SM.B	TFEB	Basic helix-loop-helix factors (bHLH)	bHLH-ZIP	0.510520271353025	0.5086789736941285	0.3204679532046795	0.3100689931006899	0.9404225585346604	0.9212750095958147
ZBT26.H12CORE.0.PSM.A	ZBTB26	C2H2 zinc finger factors	More than 3 adjacent zinc fingers	0.5105149297580249	0.5104119370887056	0.32936706329367066	0.42775722427757223	0.9404225585346604	1.0
HXC10.H12CORE.2.SM.B	HOXC10	Homeo domain factors	HOX-related	0.510492227979273	0.4974459584523963	0.3143685631436856	0.5447455254474552	0.9391949464847331	1.0
ZN667.H12CORE.0.P.C	ZNF667	C2H2 zinc finger factors	More than 3 adjacent zinc fingers	0.510490892580525	0.5145021896924392	0.31786821317868214	0.21377862213778623	0.9404225585346604	0.8474795377605098
HXB7.H12CORE.0.P.C	HOXB7	Homeo domain factors	HOX-related	0.5104161102505217	0.5086152756261195	0.3140685931406859	0.3103689631036896	0.9391949464847331	0.9212750095958147
ERF.H12CORE.0.PS.A	ERF	Tryptophan cluster factors	Ets-related	0.5103573527055179	0.5255696325026628	0.3234676532346765	0.0867913208679132	0.9404225585346604	0.5898340721483407
HXA11.H12CORE.0.PS.A	HOXA11	Homeo domain factors	HOX-related	0.5102905827680134	0.5116759911467077	0.31156884311568844	0.251974802519748	0.9356064393560644	0.8776519511169449
E2F4.H12CORE.0.P.B	E2F4	Fork head/winged helix factors	E2F	0.5101396827092566	0.5124802446029509	0.3287671232876712	0.2415758424157584	0.9404225585346604	0.8776519511169449
PITX1.H12CORE.0.PSM.A	PITX1	Homeo domain factors	Paired-related HD	0.5101116393355051	0.5059844705288972	0.3230676932306769	0.36536346365363465	0.9404225585346604	0.9854569683218594
ZBT49.H12CORE.0.P.C	ZBTB49	C2H2 zinc finger factors	More than 3 adjacent zinc fingers	0.5099206773142464	0.4991295317182945	0.32496750324967505	0.5052494750524947	0.9404225585346604	1.0
RARA.H12CORE.0.PSM.A	RARA	Nuclear receptors with C4 zinc fingers	Thyroid hormone receptor-related	0.5099086587254951	0.5023713253162507	0.3241675832416758	0.43545645435456454	0.9404225585346604	1.0
NR2F6.H12CORE.3.SM.B	NR2F6	Nuclear receptors with C4 zinc fingers	RXR-related receptors	0.5099006463329941	0.5070250986195406	0.3287671232876712	0.3407659234076592	0.9404225585346604	0.9562727028640705
HNF4A.H12CORE.0.PSM.A	HNF4A	Nuclear receptors with C4 zinc fingers	RXR-related receptors	0.5098806153517443	0.49676072988436315	0.32266773322667736	0.5605439456054394	0.9404225585346604	1.0
JUNB.H12CORE.0.PM.A	JUNB	Basic leucine zipper factors (bZIP)	Jun-related	0.5098699321617437	0.5297786538037307	0.31886811318868113	0.054894510548945105	0.9404225585346604	0.5011575765500373
ZN263.H12CORE.0.PM.A	ZNF263	C2H2 zinc finger factors	More than 3 adjacent zinc fingers	0.5098699321617424	0.5207211551328353	0.3297670232976702	0.25677432256774324	0.9404225585346604	0.8776519511169449
EVX2.H12CORE.1.S.B	EVX2	Homeo domain factors	HOX-related	0.509815180812992	0.49225709880970864	0.32466753324667535	0.6497350264973503	0.9404225585346604	1.0
E2F4.H12CORE.1.P.B	E2F4	Fork head/winged helix factors	E2F	0.5097804604454881	0.502795464351221	0.33486651334866513	0.43245675432456754	0.943298320071281	1.0
MEIS1.H12CORE.0.P.B	MEIS1	Homeo domain factors	TALE-type HD	0.5097751188504888	0.5123255022673987	0.33686631336866313	0.25317468253174685	0.943298320071281	0.8776519511169449
ZN276.H12CORE.0.SM.B	ZNF276	C2H2 zinc finger factors	More than 3 adjacent zinc fingers	0.5097123551092337	0.49334254804689304	0.32936706329367066	0.6300369963003699	0.9404225585346604	1.0
NKX63.H12CORE.0.SM.B	NKX6-3	Homeo domain factors	NK-related	0.509709684311735	0.4919558414329254	0.31856814318568144	0.6528347165283471	0.9404225585346604	1.0
HNF1B.H12CORE.1.P.D	HNF1B	Homeo domain factors	POU	0.5097043427167349	0.49533781746079186	0.33556644335566443	0.5903409659034097	0.943298320071281	1.0
PPARG.H12CORE.0.P.B	PPARG	Nuclear receptors with C4 zinc fingers	Thyroid hormone receptor-related	0.5095307408792237	0.49532247420525166	0.32796720327967205	0.5883411658834117	0.9404225585346604	1.0
ONEC2.H12CORE.1.PM.A	ONECUT2	Homeo domain factors	HD-CUT	0.5094866727204733	0.5014407216008395	0.33726627337266274	0.4647535246475352	0.943298320071281	1.0
MEIS2.H12CORE.0.P.C	MEIS2	Homeo domain factors	TALE-type HD	0.5094506169542229	0.5173049553136106	0.33366663333666635	0.1708829117088291	0.943298320071281	0.7852994955281541
CR3L1.H12CORE.0.PSM.A	CREB3L1	Basic leucine zipper factors (bZIP)	CREB-related	0.5094492815554705	0.4887000610269575	0.3274672532746725	0.7167283271672833	0.9404225585346604	1.0
LEF1.H12CORE.0.PSM.A	LEF1	High-mobility group (HMG) domain factors	TCF7-related	0.5094199027829717	0.49686040695840133	0.32736726327367266	0.551044895510449	0.9404225585346604	1.0
PO3F2.H12CORE.0.P.B	POU3F2	Homeo domain factors	POU	0.5093264248704678	0.5055845370809158	0.32536746325367466	0.36006399360063995	0.9404225585346604	0.9784789882593663
BATF3.H12CORE.2.SM.B	BATF3	Basic leucine zipper factors (bZIP)	B-ATF-related	0.5092649965279632	0.5322324392699596	0.33796620337966204	0.0403959604039596	0.943298320071281	0.4724188871435437
GSC.H12CORE.0.SM.B	GSC	Homeo domain factors	Paired-related HD	0.5092369531542109	0.500494389283429	0.3340665933406659	0.46805319468053197	0.943298320071281	1.0
PBX3.H12CORE.0.P.B	PBX3	Homeo domain factors	TALE-type HD	0.5092195929704608	0.5098539970264574	0.32856714328567144	0.30626937306269375	0.9404225585346604	0.9212750095958147
SATB1.H12CORE.0.P.B	SATB1	Homeo domain factors	HD-CUT	0.5091968911917074	0.48979933731822	0.3350664933506649	0.7042295770422957	0.943298320071281	1.0
ZN563.H12CORE.1.P.C	ZNF563	C2H2 zinc finger factors	More than 3 adjacent zinc fingers	0.5091955557929585	0.5084718539698814	0.33786621337866213	0.3077692230776922	0.943298320071281	0.9212750095958147
DMBX1.H12CORE.0.SM.B	DMBX1	Homeo domain factors	Paired-related HD	0.5090980716842056	0.5057620905021357	0.33696630336966304	0.36896310368963103	0.943298320071281	0.9870201868702019
NPAS2.H12CORE.0.M.B	NPAS2	Basic helix-loop-helix factors (bHLH)	PAS	0.5090513327279531	0.508451925548269	0.33156684331566844	0.30746925307469253	0.943298320071281	0.9212750095958147
ZN716.H12CORE.0.P.C	ZNF716	C2H2 zinc finger factors	More than 3 adjacent zinc fingers	0.508889749479195	0.508813853124389	0.34166583341665835	0.30446955304469553	0.950505527481934	0.9212750095958147
ZNF12.H12CORE.0.P.C	ZNF12	C2H2 zinc finger factors	More than 3 adjacent zinc fingers	0.5088710538966944	0.5055374913985614	0.3484651534846515	0.37376262373762625	0.9524453862591478	0.9914405298600575
SOX3.H12CORE.0.PM.A	SOX3	High-mobility group (HMG) domain factors	SOX-related	0.5087281662304344	0.5117919752717668	0.3418658134186581	0.24827517248275172	0.950505527481934	0.8776519511169449
PO2F2.H12CORE.0.PSM.A	POU2F2	Homeo domain factors	POU	0.5087201538379326	0.5104325922336724	0.35226477352264773	0.28087191280871915	0.9524453862591478	0.9065730595082083
MAFA.H12CORE.0.PSM.A	MAFA	Basic leucine zipper factors (bZIP)	Maf-related	0.5087081352491858	0.5190256263183387	0.3457654234576542	0.14678532146785322	0.9524453862591478	0.718015698430157
SP9.H12CORE.1.S.C	SP9	C2H2 zinc finger factors	Three-zinc finger Kruppel-related	0.508641365311681	0.49789254095487867	0.34636536346365365	0.5293470652934706	0.9524453862591478	1.0
CUX2.H12CORE.2.S.C	CUX2	Homeo domain factors	HD-CUT	0.5085278564179273	0.5090351958581414	0.3504649535046495	0.30526947305269475	0.9524453862591478	0.9212750095958147
ZN567.H12CORE.0.P.C	ZNF567	C2H2 zinc finger factors	More than 3 adjacent zinc fingers	0.5085091608354263	0.500066848734355	0.34456554344565543	0.48695130486951305	0.9524453862591478	1.0
ZN891.H12CORE.0.P.C	ZNF891	C2H2 zinc finger factors	More than 3 adjacent zinc fingers	0.5084650926766748	0.49482426972696114	0.3548645135486451	0.6093390660933906	0.9524453862591478	1.0
JUND.H12CORE.0.PM.A	JUND	Basic leucine zipper factors (bZIP)	Jun-related	0.5084557448854228	0.52533289631635	0.34836516348365165	0.08759124087591241	0.9524453862591478	0.5898340721483407
PO5F1.H12CORE.1.P.B	POU5F1	Homeo domain factors	POU	0.5084223599166717	0.5016334693409812	0.3524647535246475	0.45655434456554345	0.9524453862591478	1.0
NR4A1.H12CORE.0.PSM.A	NR4A1	Nuclear receptors with C4 zinc fingers	NGFI (NR4A)	0.5083929811441693	0.5185691477801594	0.3474652534746525	0.19198080191980801	0.9524453862591478	0.8053148173554737
ELF5.H12CORE.1.S.B	ELF5	Tryptophan cluster factors	Ets-related	0.5083409005929175	0.48709712902900165	0.35576442355764426	0.7495250474952505	0.9524453862591478	1.0
PO3F1.H12CORE.3.M.C	POU3F1	Homeo domain factors	POU	0.5083315528016671	0.5031184156116317	0.34736526347365265	0.4196580341965803	0.9524453862591478	1.0
ZN214.H12CORE.0.P.B	ZNF214	C2H2 zinc finger factors	More than 3 adjacent zinc fingers	0.5083288820041647	0.5221597106273924	0.35356464353564643	0.11728827117288271	0.9524453862591478	0.6742907382568516
SP3.H12CORE.1.S.B	SP3	C2H2 zinc finger factors	Three-zinc finger Kruppel-related	0.5082781368516629	0.4902997633040524	0.36396360363963604	0.6942305769423057	0.956153297713707	1.0
GMEB1.H12CORE.1.P.C	GMEB1	SAND domain factors	GMEB	0.5082327332941607	0.5083338983871153	0.34566543345665435	0.30896910308969106	0.9524453862591478	0.9212750095958147
ZN768.H12CORE.1.P.B	ZNF768	C2H2 zinc finger factors	More than 3 adjacent zinc fingers	0.5082287270979111	0.5104041601254438	0.3608639136086391	0.28077192280771923	0.9551335542862534	0.9065730595082083
NFIC.H12CORE.0.PSM.A	NFIC	SMAD/NF-1 DNA-binding domain factors	NF-1	0.5082140377116606	0.5126200439908773	0.35436456354364565	0.24067593240675933	0.9524453862591478	0.8776519511169449
SKOR1.H12CORE.1.S.C	SKOR1	Uncharacterized	Unannotated	0.5082073607179097	0.49585501374806823	0.35526447355264473	0.5792420757924207	0.9524453862591478	1.0
ZN563.H12CORE.0.P.C	ZNF563	C2H2 zinc finger factors	More than 3 adjacent zinc fingers	0.5081806527429071	0.49937909108691236	0.35496450354964504	0.49525047495250474	0.9524453862591478	1.0
NANOG.H12CORE.0.P.B	NANOG	Homeo domain factors	NK-related	0.5081365845841594	0.5323916199469954	0.35336466353364665	0.04129587041295871	0.9524453862591478	0.47522628689512003
GLI4.H12CORE.0.P.C	GLI4	C2H2 zinc finger factors	More than 3 adjacent zinc fingers	0.5081031996154054	0.5006530402655859	0.35526447355264473	0.47335266473352666	0.9524453862591478	1.0
SOX8.H12CORE.1.PS.A	SOX8	High-mobility group (HMG) domain factors	SOX-related	0.5080350942791519	0.5051835471334606	0.35206479352064796	0.36796320367963203	0.9524453862591478	0.9869347637726934
HXB9.H12CORE.0.S.C	HOXB9	Homeo domain factors	HOX-related	0.5079669889428975	0.507209389392293	0.36376362363763626	0.34266573342665735	0.956153297713707	0.9562727028640705
HNF6.H12CORE.3.M.B	ONECUT1	Homeo domain factors	HD-CUT	0.507920249986644	0.4895481646984114	0.36206379362063795	0.7030296970302969	0.9551335542862534	1.0
ZN177.H12CORE.0.SM.B	ZNF177	C2H2 zinc finger factors	More than 3 adjacent zinc fingers	0.507889535815396	0.49527501947657143	0.3611638836116388	0.5937406259374063	0.9551335542862534	1.0
ZN502.H12CORE.0.P.C	ZNF502	C2H2 zinc finger factors	More than 3 adjacent zinc fingers	0.5077319587628869	0.5115117571663087	0.36026397360263973	0.25207479252074794	0.9551335542862534	0.8776519511169449
SMAD3.H12CORE.1.P.B	SMAD3	SMAD/NF-1 DNA-binding domain factors	SMAD	0.507638480850381	0.511255684735621	0.3584641535846415	0.2685731426857314	0.9551335542862534	0.8971089002210889
E2F7.H12CORE.0.S.C	E2F7	Fork head/winged helix factors	E2F	0.5076371454516323	0.49439562837786477	0.3584641535846415	0.6013398660133986	0.9551335542862534	1.0
ZIC3.H12CORE.1.S.B	ZIC3	C2H2 zinc finger factors	More than 3 adjacent zinc fingers	0.5076184498691297	0.5142112146567047	0.36906309369063095	0.21827817218278173	0.9586473644302237	0.8605885313108034
ZN566.H12CORE.0.P.C	ZNF566	C2H2 zinc finger factors	More than 3 adjacent zinc fingers	0.5076091020778798	0.4888030015773349	0.36736326367363265	0.7219278072192781	0.9585988959874356	1.0
MAFF.H12CORE.0.PSM.A	MAFF	Basic leucine zipper factors (bZIP)	Maf-related	0.5075823941028803	0.5202548752436337	0.36066393360663934	0.12688731126887312	0.9551335542862534	0.696191597570281
HXC9.H12CORE.2.M.C	HOXC9	Homeo domain factors	HOX-related	0.5075383259441252	0.49751294942191987	0.36176382361763826	0.5327467253274673	0.9551335542862534	1.0
SOX17.H12CORE.2.S.C	SOX17	High-mobility group (HMG) domain factors	SOX-related	0.5074515250253729	0.5267160075007934	0.36576342365763426	0.0796920307969203	0.956153297713707	0.5609541484875903
NFIX.H12CORE.1.S.B	NFIX	SMAD/NF-1 DNA-binding domain factors	NF-1	0.5072498798141123	0.5024099539551354	0.36836316368363164	0.5136486351364864	0.9586473644302237	1.0
BARH2.H12CORE.1.S.B	BARHL2	Homeo domain factors	NK-related	0.5072071470541061	0.4963172427475835	0.38136186381361864	0.5756424357564244	0.9586473644302237	1.0
ZNF35.H12CORE.0.P.C	ZNF35	C2H2 zinc finger factors	More than 3 adjacent zinc fingers	0.5071777682816079	0.5081024583231045	0.36496350364963503	0.3140685931406859	0.956153297713707	0.9212750095958147
IRF8.H12CORE.0.P.B	IRF8	Tryptophan cluster factors	IRF	0.5071256877303575	0.5262624246022101	0.3655634436556344	0.0795920407959204	0.956153297713707	0.5609541484875903
ZNF26.H12CORE.0.P.B	ZNF26	C2H2 zinc finger factors	More than 3 adjacent zinc fingers	0.5070629239891019	0.49152794481759365	0.37166283371662834	0.658934106589341	0.9586473644302237	1.0
SP1.H12CORE.1.SM.B	SP1	C2H2 zinc finger factors	Three-zinc finger Kruppel-related	0.5070335452166006	0.493850818839043	0.37606239376062395	0.6224377562243776	0.9586473644302237	1.0
RBAK.H12CORE.0.P.C	RBAK	C2H2 zinc finger factors	More than 3 adjacent zinc fingers	0.5069240425190965	0.5021791455722769	0.38076192380761925	0.44585541445855414	0.9586473644302237	1.0
SOX2.H12CORE.1.P.B	SOX2	High-mobility group (HMG) domain factors	SOX-related	0.506924042519096	0.5081376365329239	0.38166183381661833	0.31616838316168383	0.9586473644302237	0.9212750095958147
ZN239.H12CORE.0.P.C	ZNF239	C2H2 zinc finger factors	More than 3 adjacent zinc fingers	0.5069013407403437	0.5243751484566128	0.37416258374162586	0.0994900509949005	0.9586473644302237	0.6241919286332237
ONEC2.H12CORE.3.P.B	ONECUT2	Homeo domain factors	HD-CUT	0.5068959991453426	0.4988225503459493	0.38176182381761825	0.5196480351964804	0.9586473644302237	1.0
HIC1.H12CORE.0.PSM.A	HIC1	C2H2 zinc finger factors	Multiple dispersed zinc fingers	0.5068198814165912	0.49942832601327336	0.3712628737126287	0.49095090490950904	0.9586473644302237	1.0
ZN684.H12CORE.0.P.C	ZNF684	C2H2 zinc finger factors	More than 3 adjacent zinc fingers	0.5067691362640887	0.4891314705869166	0.37306269373062695	0.708029197080292	0.9586473644302237	1.0
NR2C1.H12CORE.0.S.C	NR2C1	Nuclear receptors with C4 zinc fingers	RXR-related receptors	0.5067050371240843	0.5000455563111074	0.37176282371762825	0.49035096490350966	0.9586473644302237	1.0
FOSB.H12CORE.2.M.C	FOSB	Basic leucine zipper factors (bZIP)	Fos-related	0.5066996955290866	0.5200319066185228	0.38046195380461956	0.13988601139886012	0.9586473644302237	0.7127910448391781
RARG.H12CORE.3.S.B	RARG	Nuclear receptors with C4 zinc fingers	Thyroid hormone receptor-related	0.5066916831365837	0.5083767435221469	0.3822617738226177	0.31666833316668336	0.9586473644302237	0.9212750095958147
CREB5.H12CORE.0.P.B	CREB5	Basic leucine zipper factors (bZIP)	Jun-related	0.5066489503765826	0.5258854581279129	0.38036196380361964	0.08449155084491551	0.9586473644302237	0.5861601339866014
MAFA.H12CORE.1.M.C	MAFA	Basic leucine zipper factors (bZIP)	Maf-related	0.5066329255915821	0.5310450981196119	0.38096190380961903	0.04789521047895211	0.9586473644302237	0.480951904809519
ZNF85.H12CORE.1.P.B	ZNF85	C2H2 zinc finger factors	More than 3 adjacent zinc fingers	0.5065608140590788	0.5059252016118307	0.3815618438156184	0.36426357364263573	0.9586473644302237	0.9843302186635269
SP4.H12CORE.1.S.B	SP4	C2H2 zinc finger factors	Three-zinc finger Kruppel-related	0.506548795470328	0.4948798649960617	0.37936206379362064	0.5971402859714029	0.9586473644302237	1.0
HXC10.H12CORE.0.P.B	HOXC10	Homeo domain factors	HOX-related	0.5065421184765766	0.5129867988212266	0.38716128387161286	0.23307669233076692	0.9617413258674132	0.8776519511169449
ZN610.H12CORE.0.P.B	ZNF610	C2H2 zinc finger factors	More than 3 adjacent zinc fingers	0.5064152555953222	0.49825149339856434	0.38266173382661733	0.5197480251974802	0.9586473644302237	1.0
IRX5.H12CORE.1.SM.B	IRX5	Homeo domain factors	TALE-type HD	0.5063832060253185	0.508236491768798	0.3835616438356164	0.3311668833116688	0.9592364853635954	0.937007475723016
SOX2.H12CORE.0.P.B	SOX2	High-mobility group (HMG) domain factors	SOX-related	0.5063725228353169	0.4904683133868411	0.38006199380061995	0.6797320267973203	0.9586473644302237	1.0
PAX3.H12CORE.3.S.B	PAX3	Paired box factors	PD+HD	0.5063685166390673	0.49787642180021996	0.39036096390360964	0.5348465153484652	0.9617413258674132	1.0
E2F2.H12CORE.0.S.B	E2F2	Fork head/winged helix factors	E2F	0.5062910635115615	0.508234744720237	0.3848615138486151	0.31956804319568044	0.9608220838815772	0.9222733726627338
NF2L1.H12CORE.0.P.B	NFE2L1	Basic leucine zipper factors (bZIP)	Jun-related	0.5062296351690633	0.529143462401378	0.3935606439356064	0.058694130586941305	0.9617413258674132	0.5011575765500373
ZN547.H12CORE.0.P.B	ZNF547	C2H2 zinc finger factors	More than 3 adjacent zinc fingers	0.5062002563965595	0.508419036186444	0.37966203379662034	0.31056894310568944	0.9586473644302237	0.9212750095958147
KLF1.H12CORE.0.P.B	KLF1	C2H2 zinc finger factors	Three-zinc finger Kruppel-related	0.5061828962128103	0.503686152207141	0.37936206379362064	0.39966003399660033	0.9586473644302237	1.0
SATB1.H12CORE.1.P.B	SATB1	Homeo domain factors	HD-CUT	0.5061147908765558	0.4979522594617899	0.3945605439456054	0.5358464153584641	0.9617413258674132	1.0
ZN160.H12CORE.0.P.C	ZNF160	C2H2 zinc finger factors	More than 3 adjacent zinc fingers	0.5061014368890541	0.5043539232311555	0.3915608439156084	0.39936006399360063	0.9617413258674132	1.0
RXRB.H12CORE.2.PS.A	RXRB	Nuclear receptors with C4 zinc fingers	RXR-related receptors	0.506018642166551	0.5015900673524527	0.3975602439756024	0.4530546945305469	0.9665920802877696	1.0
TF7L2.H12CORE.0.P.B	TCF7L2	High-mobility group (HMG) domain factors	TCF7-related	0.5059905987927981	0.4988262495231602	0.3825617438256174	0.5101489851014899	0.9586473644302237	1.0
PO3F4.H12CORE.0.SM.B	POU3F4	Homeo domain factors	POU	0.5059345120452965	0.5026549929659472	0.39206079392060794	0.42325767423257676	0.9617413258674132	1.0
PO3F2.H12CORE.2.SM.B	POU3F2	Homeo domain factors	POU	0.5058704129052921	0.5032330796753757	0.3932606739326067	0.41505849415058493	0.9617413258674132	1.0
P5F1B.H12CORE.0.S.B	POU5F1B	Homeo domain factors	POU	0.5058677421077892	0.48824195210822824	0.3945605439456054	0.7289271072892711	0.9617413258674132	1.0
SRY.H12CORE.0.S.B	SRY	High-mobility group (HMG) domain factors	SOX-related	0.5058557235190423	0.5006391526962102	0.39806019398060194	0.47705229477052297	0.9665920802877696	1.0
ZN664.H12CORE.0.P.C	ZNF664	C2H2 zinc finger factors	More than 3 adjacent zinc fingers	0.5058463757277922	0.5142372242786607	0.39336066393360664	0.22107789221077892	0.9617413258674132	0.8668896697286793
CR3L4.H12CORE.1.S.C	CREB3L4	Basic leucine zipper factors (bZIP)	CREB-related	0.5058410341327914	0.4833981118596688	0.39186081391860816	0.8107189281071893	0.9617413258674132	1.0
ZBT22.H12CORE.0.SM.B	ZBTB22	C2H2 zinc finger factors	Other with up to three adjacent zinc fingers	0.505811655360291	0.5022805710315617	0.3932606739326067	0.43155684431556846	0.9617413258674132	1.0
RHXF2.H12CORE.0.SM.B	RHOXF2	Homeo domain factors	Paired-related HD	0.5057168420490342	0.5097407705133085	0.39046095390460955	0.2870712928707129	0.9617413258674132	0.9068034500897737
ZN749.H12CORE.1.P.C	ZNF749	C2H2 zinc finger factors	More than 3 adjacent zinc fingers	0.5056193579402801	0.5057495102626826	0.39346065393460655	0.39666033396660333	0.9617413258674132	1.0
SMAD4.H12CORE.1.P.B	SMAD4	SMAD/NF-1 DNA-binding domain factors	SMAD	0.5055819667752786	0.5046650932486862	0.40185981401859816	0.38976102389761025	0.9671679598209333	1.0
ZN664.H12CORE.1.P.C	ZNF664	C2H2 zinc finger factors	More than 3 adjacent zinc fingers	0.5055739543827786	0.51172579173872	0.401959804019598	0.2572742725727427	0.9671679598209333	0.8776519511169449
ZNF26.H12CORE.1.P.B	ZNF26	C2H2 zinc finger factors	More than 3 adjacent zinc fingers	0.5054804764702742	0.5050067499003433	0.39006099390060994	0.37576242375762425	0.9617413258674132	0.9914405298600575
ZN616.H12CORE.0.P.C	ZNF616	C2H2 zinc finger factors	More than 3 adjacent zinc fingers	0.5054778056727751	0.4863821628978599	0.40315968403159685	0.7632236776322368	0.9671679598209333	1.0
PITX2.H12CORE.0.SM.B	PITX2	Homeo domain factors	Paired-related HD	0.5054457561027718	0.500657679450446	0.40355964403559647	0.47495250474952505	0.9671679598209333	1.0
NR1H4.H12CORE.0.P.B	NR1H4	Nuclear receptors with C4 zinc fingers	Thyroid hormone receptor-related	0.5054310667165216	0.5118986656904883	0.40415958404159585	0.24787521247875213	0.9671679598209333	0.8776519511169449
ZN615.H12CORE.0.P.C	ZNF615	C2H2 zinc finger factors	More than 3 adjacent zinc fingers	0.5053723091715203	0.5162755863281154	0.40545945405459455	0.18238176182381763	0.9686721725178475	0.7875943174913278
SOX4.H12CORE.0.PSM.A	SOX4	High-mobility group (HMG) domain factors	SOX-related	0.5053415950002663	0.495947352900966	0.40005999400059994	0.5767423257674232	0.9671679598209333	1.0
ZN713.H12CORE.0.SM.B	ZNF713	C2H2 zinc finger factors	More than 3 adjacent zinc fingers	0.505318893221516	0.504119606353101	0.40375962403759624	0.39846015398460155	0.9671679598209333	1.0
HXD10.H12CORE.0.SM.B	HOXD10	Homeo domain factors	HOX-related	0.5052881790502625	0.4951230595055741	0.39856014398560147	0.5875412458754125	0.9665920802877696	1.0
PO2F1.H12CORE.0.PS.A	POU2F1	Homeo domain factors	POU	0.505125260402757	0.501947863907405	0.40805919408059194	0.44985501449855014	0.9700649374930711	1.0
HINFP.H12CORE.2.S.B	HINFP	C2H2 zinc finger factors	Multiple dispersed zinc fingers	0.5050731798515018	0.49843019914321196	0.40875912408759124	0.5288471152884712	0.9701306185170956	1.0
ZN527.H12CORE.0.P.C	ZNF527	C2H2 zinc finger factors	More than 3 adjacent zinc fingers	0.5050718444527541	0.48700593349856935	0.40615938406159385	0.7529247075292471	0.9687404813237684	1.0
SIX2.H12CORE.2.SM.B	SIX2	Homeo domain factors	HD-SINE	0.50500240371775	0.49999050858160876	0.40245975402459755	0.48735126487351266	0.9671679598209333	1.0
NOTO.H12CORE.0.SM.B	NOTO	Homeo domain factors	NK-related	0.5047406655627367	0.49768465273085183	0.41515848415158485	0.5354464553544646	0.9734591475917345	1.0
HXA10.H12CORE.0.S.B	HOXA10	Homeo domain factors	HOX-related	0.5047393301639856	0.4992272832561022	0.40755924407559246	0.5085491450854914	0.9700649374930711	1.0
NR1H3.H12CORE.0.P.B	NR1H3	Nuclear receptors with C4 zinc fingers	Thyroid hormone receptor-related	0.5047179637839853	0.5061295263747138	0.41805819418058193	0.3591640835916408	0.9744929895725162	0.9778750426844108
LMX1B.H12CORE.0.P.C	LMX1B	Homeo domain factors	HD-LIM	0.5046779018214833	0.5119138674748157	0.41305869413058693	0.31956804319568044	0.9734591475917345	0.9222733726627338
HSFY1.H12CORE.1.S.B	HSFY1	Heat shock factors	HSF	0.5046258212702316	0.5177028525418421	0.40955904409559046	0.1618838116188381	0.9704330059604876	0.7658961972655193
ZNF12.H12CORE.2.S.C	ZNF12	C2H2 zinc finger factors	More than 3 adjacent zinc fingers	0.5046164734789816	0.49908215393199123	0.41455854414558546	0.5096490350964904	0.9734591475917345	1.0
RARB.H12CORE.0.SM.B	RARB	Nuclear receptors with C4 zinc fingers	Thyroid hormone receptor-related	0.50460846108648	0.5165479514386758	0.42415758424157585	0.1780821917808219	0.9744929895725162	0.7875943174913278
TEAD1.H12CORE.2.S.C	TEAD1	TEA domain factors	TEF1-related	0.5046071256877305	0.5127857319430309	0.42225777422257776	0.23627637236276372	0.9744929895725162	0.8776519511169449
ZBT7A.H12CORE.1.SM.B	ZBTB7A	C2H2 zinc finger factors	More than 3 adjacent zinc fingers	0.5045724053202282	0.5015198376196668	0.41185881411858816	0.45145485451454853	0.9734591475917345	1.0
NF2L2.H12CORE.1.P.B	NFE2L2	Basic leucine zipper factors (bZIP)	Jun-related	0.5045390203514776	0.5263569479737015	0.43005699430056993	0.08339166083391661	0.9744929895725162	0.5813244762480274
HXD12.H12CORE.0.SM.B	HOXD12	Homeo domain factors	HOX-related	0.504512312376474	0.493778924627966	0.41545845415458454	0.6153384661533846	0.9734591475917345	1.0
ZN540.H12CORE.0.P.C	ZNF540	C2H2 zinc finger factors	More than 3 adjacent zinc fingers	0.5044402008439723	0.4969934739630003	0.42705729427057293	0.5556444355564444	0.9744929895725162	1.0
ZN610.H12CORE.1.P.C	ZNF610	C2H2 zinc finger factors	More than 3 adjacent zinc fingers	0.5044375300464712	0.49641370862793616	0.4233576642335766	0.5618438156184381	0.9744929895725162	1.0
PHX2A.H12CORE.0.PS.A	PHOX2A	Homeo domain factors	Paired-related HD	0.5044094866727205	0.5079321386162203	0.41555844415558446	0.3143685631436856	0.9734591475917345	0.9212750095958147
HMGA1.H12CORE.0.P.B	HMGA1	A.T hook factors	HMGA	0.5044068158752176	0.49718016360196454	0.42145785421457854	0.5581441855814419	0.9744929895725162	1.0
TBX1.H12CORE.0.S.B	TBX1	T-Box factors	TBX1-related	0.5043707601089703	0.5133891909653481	0.412958704129587	0.22497750224977503	0.9734591475917345	0.8726949885656595
NFIC.H12CORE.1.PSM.A	NFIC	SMAD/NF-1 DNA-binding domain factors	NF-1	0.5043600769189682	0.5003284840628401	0.4226577342265773	0.635036496350365	0.9744929895725162	1.0
SOX2.H12CORE.2.S.B	SOX2	High-mobility group (HMG) domain factors	SOX-related	0.5042906361839631	0.507585301724623	0.4273572642735726	0.32936706329367066	0.9744929895725162	0.9337459181390309
IRF5.H12CORE.0.SM.B	IRF5	Tryptophan cluster factors	IRF	0.5042559158164623	0.5170563322479891	0.42605739426057393	0.16928307169283072	0.9744929895725162	0.7852994955281541
TF7L1.H12CORE.1.P.C	TCF7L1	High-mobility group (HMG) domain factors	TCF7-related	0.5042238662464609	0.5008655840270272	0.42585741425857415	0.4714528547145285	0.9744929895725162	1.0
ZNF81.H12CORE.0.P.C	ZNF81	C2H2 zinc finger factors	More than 3 adjacent zinc fingers	0.5041050157577048	0.5112516563230926	0.4163583641635836	0.2532746725327467	0.9737522195916551	0.8776519511169449
LYL1.H12CORE.1.P.C	LYL1	Basic helix-loop-helix factors (bHLH)	Tal-related	0.5039955130601979	0.503626999294539	0.42505749425057493	0.41025897410258977	0.9744929895725162	1.0
Z705G.H12CORE.0.P.C	ZNF705G	C2H2 zinc finger factors	More than 3 adjacent zinc fingers	0.5039941776614497	0.5095226281332438	0.42745725427457254	0.283971602839716	0.9744929895725162	0.9065730595082083
ATF2.H12CORE.0.PSM.A	ATF2	Basic leucine zipper factors (bZIP)	Jun-related	0.5039314139201969	0.5349454677086533	0.43045695430456954	0.031196880311968805	0.9744929895725162	0.41949693919496933
LRRF1.H12CORE.0.P.B	LRRFIP1	Leucine-rich repeat flightless-interacting proteins	LRRFIP	0.5038566315901922	0.5024602788531917	0.43385661433856615	0.43765623437656237	0.9797419319100954	1.0
SMAD4.H12CORE.0.P.B	SMAD4	SMAD/NF-1 DNA-binding domain factors	SMAD	0.5038299236151913	0.5237919145150135	0.42905709429057093	0.2131786821317868	0.9744929895725162	0.8474293066561112
ZN649.H12CORE.0.P.C	ZNF649	C2H2 zinc finger factors	More than 3 adjacent zinc fingers	0.5037978740451902	0.49696676297857817	0.44055594440555945	0.5560443955604439	0.9867343498208319	1.0
ZFP82.H12CORE.0.P.C	ZFP82	C2H2 zinc finger factors	More than 3 adjacent zinc fingers	0.5037845200576901	0.5117239593469998	0.4286571342865713	0.252974702529747	0.9744929895725162	0.8776519511169449
CUX2.H12CORE.1.SM.B	CUX2	Homeo domain factors	HD-CUT	0.5037831846589367	0.5103459756316591	0.42525747425257476	0.2693730626937306	0.9744929895725162	0.8977028394158275
ZIC5.H12CORE.1.M.C	ZIC5	C2H2 zinc finger factors	More than 3 adjacent zinc fingers	0.5037711660701868	0.5143452960312018	0.42875712428757123	0.20567943205679431	0.9744929895725162	0.8353161874823753
TCF7.H12CORE.0.PSM.A	TCF7	High-mobility group (HMG) domain factors	TCF7-related	0.5037070669301856	0.4939246050401222	0.42945705429457054	0.6143385661433857	0.9744929895725162	1.0
ZN484.H12CORE.0.P.C	ZNF484	C2H2 zinc finger factors	More than 3 adjacent zinc fingers	0.5036162598151792	0.5012542666651922	0.43085691430856915	0.45995400459954006	0.9744929895725162	1.0
HNF6.H12CORE.1.S.B	ONECUT1	Homeo domain factors	HD-CUT	0.5035281234976766	0.5163245417987505	0.4380561943805619	0.18138186181381863	0.9830716772801724	0.7875943174913278
SP8.H12CORE.0.SM.B	SP8	C2H2 zinc finger factors	Three-zinc finger Kruppel-related	0.5034974093264251	0.492832630519657	0.44375562443755623	0.6467353264673532	0.9891651387856607	1.0
E2F8.H12CORE.1.SM.B	E2F8	Fork head/winged helix factors	E2F	0.5034092730089212	0.5098163406851758	0.43055694430556946	0.28687131286871315	0.9744929895725162	0.9068034500897737
ZBT14.H12CORE.0.P.C	ZBTB14	C2H2 zinc finger factors	More than 3 adjacent zinc fingers	0.5033959190214196	0.5012960897918649	0.44555544445555445	0.46005399460054	0.9891651387856607	1.0
HNF6.H12CORE.2.S.B	ONECUT1	Homeo domain factors	HD-CUT	0.5033812296351697	0.5078244227675529	0.43795620437956206	0.3207679232076792	0.9830716772801724	0.9223354556974582
ZN492.H12CORE.0.P.C	ZNF492	C2H2 zinc finger factors	More than 3 adjacent zinc fingers	0.5033531862614168	0.5010955504839603	0.4380561943805619	0.45565443455654436	0.9830716772801724	1.0
SRY.H12CORE.1.S.B	SRY	High-mobility group (HMG) domain factors	SOX-related	0.5032570375514138	0.5056112924662043	0.44455554444555545	0.37466253374662534	0.9891651387856607	0.9914405298600575
NKX61.H12CORE.0.PS.A	NKX6-1	Homeo domain factors	NK-related	0.503243683563914	0.50459004106502	0.4410558944105589	0.39536046395360464	0.9867343498208319	1.0
NFE2.H12CORE.0.P.B	NFE2	Basic leucine zipper factors (bZIP)	Jun-related	0.503134180866406	0.505738394532592	0.45285471452854714	0.37906209379062095	0.9931401397037838	0.9914405298600575
MAFG.H12CORE.0.PSM.A	MAFG	Basic leucine zipper factors (bZIP)	Maf-related	0.5031248330751564	0.5116448844040022	0.43755624437556245	0.25077492250774924	0.9830716772801724	0.8776519511169449
COT2.H12CORE.1.P.B	NR2F2	Nuclear receptors with C4 zinc fingers	RXR-related receptors	0.5030714171251524	0.5003693255798025	0.44445555444455553	0.47735226477352266	0.9891651387856607	1.0
IRX2.H12CORE.0.S.B	IRX2	Homeo domain factors	TALE-type HD	0.5030567277389024	0.5061598885578422	0.45165483451654836	0.35896410358964104	0.9931401397037838	0.9778750426844108
ZN431.H12CORE.0.P.C	ZNF431	C2H2 zinc finger factors	More than 3 adjacent zinc fingers	0.5030340259601521	0.4909883800746184	0.44625537446255376	0.6757324267573243	0.9891651387856607	1.0
ZNF3.H12CORE.0.P.B	ZNF3	C2H2 zinc finger factors	More than 3 adjacent zinc fingers	0.5030206719726524	0.4982337715137303	0.45195480451954806	0.5325467453254674	0.9931401397037838	1.0
DUX4.H12CORE.0.P.B	DUX4	Homeo domain factors	Paired-related HD	0.5029792746113987	0.4928643697791103	0.45615438456154384	0.6435356464353564	0.9949018551059692	1.0
E2F4.H12CORE.2.S.B	E2F4	Fork head/winged helix factors	E2F	0.5028777843063926	0.4869110844374563	0.44595540445955406	0.746025397460254	0.9891651387856607	1.0
E2F3.H12CORE.1.SM.B	E2F3	Fork head/winged helix factors	E2F	0.5028056727738889	0.4883363454155823	0.44885511448855114	0.7286271372862714	0.9931401397037838	1.0
ZNF74.H12CORE.0.P.C	ZNF74	C2H2 zinc finger factors	More than 3 adjacent zinc fingers	0.5027522568238868	0.4977629594099483	0.4527547245275472	0.5337466253374663	0.9931401397037838	1.0
PO5F1.H12CORE.2.SM.B	POU5F1	Homeo domain factors	POU	0.5025773195876274	0.49818273405397856	0.45355464453554645	0.523947605239476	0.9931401397037838	1.0
HXA9.H12CORE.1.SM.B	HOXA9	Homeo domain factors	HOX-related	0.502569307195128	0.5087485981135876	0.45715428457154283	0.30426957304269575	0.9949018551059692	0.9212750095958147
NR2F6.H12CORE.0.P.C	NR2F6	Nuclear receptors with C4 zinc fingers	RXR-related receptors	0.5025252390363768	0.5118662259217893	0.46065393460653936	0.25347465253474655	0.9949018551059692	0.8776519511169449
NR2F6.H12CORE.1.PSM.A	NR2F6	Nuclear receptors with C4 zinc fingers	RXR-related receptors	0.5024050531488713	0.5129489524083821	0.45855414458554145	0.24047595240475952	0.9949018551059692	0.8776519511169449
SOX2.H12CORE.3.S.B	SOX2	High-mobility group (HMG) domain factors	SOX-related	0.5023770097751185	0.5054924015529692	0.45425457454254575	0.36936306369363064	0.9931656834316569	0.9870201868702019
E2F1.H12CORE.1.S.B	E2F1	Fork head/winged helix factors	E2F	0.502346295603867	0.4977148627287559	0.45055494450554945	0.527947205279472	0.9931401397037838	1.0
GMEB2.H12CORE.0.P.C	GMEB2	SAND domain factors	GMEB	0.502180706158858	0.5041188709392946	0.45855414458554145	0.39856014398560147	0.9949018551059692	1.0
ZN273.H12CORE.0.P.C	ZNF273	C2H2 zinc finger factors	More than 3 adjacent zinc fingers	0.5021326318038561	0.4986214552500289	0.46025397460253975	0.5191480851914808	0.9949018551059692	1.0
ZSC31.H12CORE.0.P.C	ZSCAN31	C2H2 zinc finger factors	More than 3 adjacent zinc fingers	0.5021085946263554	0.502818105804435	0.45295470452954706	0.42175782421757824	0.9931401397037838	1.0
HSF1.H12CORE.0.PSM.A	HSF1	Heat shock factors	HSF	0.5020898990438546	0.502390670276249	0.45785421457854214	0.43675632436756323	0.9949018551059692	1.0
KLF3.H12CORE.1.M.C	KLF3	C2H2 zinc finger factors	Three-zinc finger Kruppel-related	0.5020845574488538	0.5031778427691254	0.46385361463853614	0.42455754424557546	0.9990160685423994	1.0
NR1H4.H12CORE.1.P.B	NR1H4	Nuclear receptors with C4 zinc fingers	Thyroid hormone receptor-related	0.5020418246888501	0.5066011212041786	0.46815318468153183	0.3484651534846515	1.0	0.9598845458965555
GATA3.H12CORE.1.SM.B	GATA3	Other C4 zinc finger-type factors	C4-GATA-related	0.5019884087388506	0.49583909590989733	0.4667533246675332	0.5845415458454155	1.0	1.0
RHXF1.H12CORE.0.SM.B	RHOXF1	Homeo domain factors	Paired-related HD	0.5019056140163456	0.5156301791087994	0.46125387461253875	0.18688131186881313	0.9949018551059692	0.792512830828354
RUNX2.H12CORE.2.M.C	RUNX2	Runt domain factors	Runt-related	0.5018228192938399	0.5031530689649132	0.47025297470252975	0.42145785421457854	1.0	1.0
PPARA.H12CORE.0.P.B	PPARA	Nuclear receptors with C4 zinc fingers	Thyroid hormone receptor-related	0.501760055552589	0.4861514373956341	0.46785321467853214	0.7765223477652234	1.0	1.0
KLF9.H12CORE.0.P.B	KLF9	C2H2 zinc finger factors	Three-zinc finger Kruppel-related	0.5017453661663389	0.4935595277198673	0.47055294470552944	0.6217378262173783	1.0	1.0
HXD9.H12CORE.0.SM.B	HOXD9	Homeo domain factors	HOX-related	0.5015503979488277	0.49349848783791095	0.47065293470652936	0.6279372062793721	1.0	1.0
ZN317.H12CORE.0.P.B	ZNF317	C2H2 zinc finger factors	More than 3 adjacent zinc fingers	0.5015170129800758	0.5175083473494912	0.47795220477952205	0.1735826417358264	1.0	0.7875943174913278
AP2C.H12CORE.0.PSM.A	TFAP2C	Basic helix-span-helix factors (bHSH)	AP-2	0.5014702740238235	0.5073341504882191	0.46085391460853914	0.32226777322267774	0.9949018551059692	0.9239990852399907
ZN716.H12CORE.1.P.C	ZNF716	C2H2 zinc finger factors	More than 3 adjacent zinc fingers	0.5013741253138186	0.5105858866252645	0.47585241475852413	0.2733726627337266	1.0	0.9009612737356402
IRF3.H12CORE.1.SM.B	IRF3	Tryptophan cluster factors	IRF	0.5013020137813136	0.4910911692153568	0.47685231476852313	0.6691330866913309	1.0	1.0
THB.H12CORE.2.SM.B	THRB	Nuclear receptors with C4 zinc fingers	Thyroid hormone receptor-related	0.5011978526788082	0.5007482589435216	0.47935206479352066	0.46935306469353066	1.0	1.0
ZN432.H12CORE.0.P.C	ZNF432	C2H2 zinc finger factors	More than 3 adjacent zinc fingers	0.501187169488809	0.520130359843406	0.47305269473052697	0.13538646135386462	1.0	0.7104096863040968
NFIB.H12CORE.0.PSM.A	NFIB	SMAD/NF-1 DNA-binding domain factors	NF-1	0.5011831632925617	0.5025410251820478	0.48025197480251974	0.42755724427557246	1.0	1.0
KLF13.H12CORE.0.PSM.A	KLF13	C2H2 zinc finger factors	Three-zinc finger Kruppel-related	0.5011684739063077	0.4936826163120196	0.47435256474352566	0.6241375862413758	1.0	1.0
SOX8.H12CORE.0.PSM.A	SOX8	High-mobility group (HMG) domain factors	SOX-related	0.5011297473425537	0.5079196470278592	0.4774522547745225	0.31626837316268375	1.0	0.9212750095958147
NR1H2.H12CORE.0.P.C	NR1H2	Nuclear receptors with C4 zinc fingers	Thyroid hormone receptor-related	0.5011110517600534	0.5102306163506543	0.4791520847915208	0.28617138286171384	1.0	0.9068034500897737
ONEC2.H12CORE.2.S.B	ONECUT2	Homeo domain factors	HD-CUT	0.501074995993805	0.5158973438579021	0.47765223477652236	0.1850814918508149	1.0	0.787824757347274
PBX3.H12CORE.1.P.B	PBX3	Homeo domain factors	TALE-type HD	0.5010402756263022	0.5014264337819335	0.47775222477752227	0.45825417458254175	1.0	1.0
CRX.H12CORE.0.PSM.A	CRX	Homeo domain factors	Paired-related HD	0.5009374499225462	0.4973930360799745	0.48385161483851613	0.5478452154784521	1.0	1.0
ZFP41.H12CORE.0.SM.B	ZFP41	C2H2 zinc finger factors	More than 3 adjacent zinc fingers	0.500924095935045	0.5031262128877723	0.48465153484651535	0.42285771422857715	1.0	1.0
ZN211.H12CORE.1.P.C	ZNF211	C2H2 zinc finger factors	Multiple dispersed zinc fingers	0.5009160835425456	0.499105035555894	0.48505149485051496	0.5023497650234976	1.0	1.0
HXA10.H12CORE.1.M.B	HOXA10	Homeo domain factors	HOX-related	0.5008786923775446	0.4952795651005449	0.48805119488051196	0.5952404759524048	1.0	1.0
TFDP1.H12CORE.0.P.B	TFDP1	Fork head/winged helix factors	E2F	0.5007999038512896	0.5020789844885856	0.47855214478552144	0.42445755424457554	1.0	1.0
NFYB.H12CORE.0.P.B	NFYB	Heteromeric CCAAT-binding factors	Heteromeric CCAAT-binding	0.5007424817050362	0.5046070046773773	0.49445055494450557	0.39366063393660633	1.0	1.0
ZN675.H12CORE.0.P.C	ZNF675	C2H2 zinc finger factors	More than 3 adjacent zinc fingers	0.5007317985150369	0.4946860611691076	0.4754524547545245	0.5947405259474052	1.0	1.0
ONEC3.H12CORE.0.S.B	ONECUT3	Homeo domain factors	HD-CUT	0.5007117675337839	0.5021237856660355	0.48205179482051796	0.4370562943705629	1.0	1.0
ALX4.H12CORE.0.S.B	ALX4	Homeo domain factors	Paired-related HD	0.5006703701725335	0.4999891511161108	0.4938506149385061	0.49005099490050996	1.0	1.0
ZN436.H12CORE.0.P.C	ZNF436	C2H2 zinc finger factors	More than 3 adjacent zinc fingers	0.500659686982533	0.501786853364116	0.48595140485951405	0.4487551244875512	1.0	1.0
ZBTB2.H12CORE.0.SM.B	ZBTB2	C2H2 zinc finger factors	Multiple dispersed zinc fingers	0.50062763741253	0.48351984233365725	0.48325167483251674	0.8084191580841916	1.0	1.0
NKX25.H12CORE.1.P.B	NKX2-5	Homeo domain factors	NK-related	0.5005955878425296	0.5077571052621417	0.47925207479252074	0.32486751324867513	1.0	0.926450240351459
AP2A.H12CORE.0.PSM.A	TFAP2A	Basic helix-span-helix factors (bHSH)	AP-2	0.5005915816462793	0.5002308796631296	0.48505149485051496	0.48495150484951505	1.0	1.0
BMAL1.H12CORE.0.PSM.A	ARNTL	Basic helix-loop-helix factors (bHLH)	PAS	0.5004834143475243	0.5046199855609524	0.49055094490550943	0.5678432156784322	1.0	1.0
ZN254.H12CORE.0.P.C	ZNF254	C2H2 zinc finger factors	More than 3 adjacent zinc fingers	0.5004406815875224	0.49216934291638587	0.4901509849015098	0.651034896510349	1.0	1.0
ZBT44.H12CORE.0.P.C	ZBTB44	C2H2 zinc finger factors	More than 3 adjacent zinc fingers	0.5003178249025149	0.503945337597605	0.49425057494250574	0.4012598740125987	1.0	1.0
ZBED5.H12CORE.0.P.C	ZBED5	C2H2 zinc finger factors	BED zinc finger	0.5003084771112667	0.5033037931112583	0.4961503849615039	0.41245875412458755	1.0	1.0
SOX13.H12CORE.0.P.B	SOX13	High-mobility group (HMG) domain factors	SOX-related	0.5002991293200152	0.49378454899802776	0.49525047495250474	0.6260373962603739	1.0	1.0
KLF6.H12CORE.1.SM.B	KLF6	C2H2 zinc finger factors	Three-zinc finger Kruppel-related	0.5002750921425158	0.5013402262047476	0.49775022497750226	0.45815418458154183	1.0	1.0
ZKSC5.H12CORE.0.P.C	ZKSCAN5	C2H2 zinc finger factors	Multiple dispersed zinc fingers	0.5002617381550143	0.48306210598242144	0.49085091490850913	0.8231176882311769	1.0	1.0
PO3F2.H12CORE.1.S.B	POU3F2	Homeo domain factors	POU	0.500260402756264	0.49370739267101055	0.49805019498050196	0.6197380261973803	1.0	1.0
HES1.H12CORE.0.S.C	HES1	Basic helix-loop-helix factors (bHLH)	Hairy-related	0.5002417071737625	0.4953171394314747	0.4958504149585041	0.5851414858514149	1.0	1.0
KLF3.H12CORE.0.PS.A	KLF3	C2H2 zinc finger factors	Three-zinc finger Kruppel-related	0.5002296885850113	0.5001913882288408	0.49105089491050896	0.47515248475152483	1.0	1.0
MYBA.H12CORE.1.PS.A	MYBL1	Tryptophan cluster factors	Myb/SANT domain	0.5002283531862615	0.49569345975452833	0.49395060493950604	0.6058394160583942	1.0	1.0
ZBT26.H12CORE.1.SM.B	ZBTB26	C2H2 zinc finger factors	More than 3 adjacent zinc fingers	0.5001722664387578	0.49754601312039637	0.4931506849315068	0.5400459954004599	1.0	1.0
ETV7.H12CORE.1.P.C	ETV7	Tryptophan cluster factors	Ets-related	0.5001054965012555	0.5308527465736623	0.5006499350064993	0.7390260973902609	1.0	1.0
ONEC3.H12CORE.2.M.C	ONECUT3	Homeo domain factors	HD-CUT	0.5000440681587504	0.4924623991576578	0.5011498850114988	0.6504349565043496	1.0	1.0
HXB3.H12CORE.0.S.B	HOXB3	Homeo domain factors	HOX-related	0.4999572672399954	0.4849692915747574	0.49545045495450457	0.7818218178182181	1.0	1.0
NR1I3.H12CORE.0.P.B	NR1I3	Nuclear receptors with C4 zinc fingers	Thyroid hormone receptor-related	0.49983173975748957	0.5055152504095237	0.5054494550544946	0.36726327367263273	1.0	0.9868918136119348
ZN33B.H12CORE.0.P.C	ZNF33B	C2H2 zinc finger factors	More than 3 adjacent zinc fingers	0.499718230863734	0.5054730715280542	0.5046495350464953	0.37246275372462756	1.0	0.9914405298600575
SOX11.H12CORE.0.P.B	SOX11	High-mobility group (HMG) domain factors	SOX-related	0.4995032316649764	0.4902569072214425	0.5257474252574742	0.7059294070592941	1.0	1.0
GATA6.H12CORE.0.PSM.A	GATA6	Other C4 zinc finger-type factors	C4-GATA-related	0.4994431387212211	0.4963818925206376	0.5032496750324967	0.5689431056894311	1.0	1.0
RFX3.H12CORE.1.PS.A	RFX3	Fork head/winged helix factors	RFX	0.49939907056246896	0.48220893496415573	0.5101489851014899	0.82991700829917	1.0	1.0
ZN282.H12CORE.0.P.B	ZNF282	C2H2 zinc finger factors	More than 3 adjacent zinc fingers	0.4993883873724722	0.4953424055737085	0.5148485151484852	0.6196380361963804	1.0	1.0
ZN595.H12CORE.0.P.C	ZNF595	C2H2 zinc finger factors	More than 3 adjacent zinc fingers	0.49938304577746717	0.5121444228182394	0.5081491850814919	0.2460753924607539	1.0	0.8776519511169449
ZN322.H12CORE.0.P.C	ZNF322	C2H2 zinc finger factors	More than 3 adjacent zinc fingers	0.4993469900112173	0.4981011038292473	0.5218478152184781	0.5349465053494651	1.0	1.0
NRF1.H12CORE.0.PS.A	NRF1	Uncharacterized	NRF	0.49925084130121317	0.4793303685331505	0.508049195080492	0.8700129987001299	1.0	1.0
DUXA.H12CORE.0.SM.B	DUXA	Homeo domain factors	Paired-related HD	0.4992054377437097	0.4960510734184553	0.5085491450854914	0.5734426557344265	1.0	1.0
RXRA.H12CORE.3.P.B	RXRA	Nuclear receptors with C4 zinc fingers	RXR-related receptors	0.4991226430212049	0.49658815007829427	0.5163483651634837	0.5636436356364364	1.0	1.0
ARNT.H12CORE.0.P.B	ARNT	Basic helix-loop-helix factors (bHLH)	PAS	0.4990678916724522	0.4989202758339989	0.5194480551944806	0.5090490950904909	1.0	1.0
NPAS3.H12CORE.0.P.C	NPAS3	Basic helix-loop-helix factors (bHLH)	PAS	0.49905053148870276	0.4912637499186872	0.5075492450754925	0.6648335166483351	1.0	1.0
EGR4.H12CORE.0.S.B	EGR4	C2H2 zinc finger factors	Three-zinc finger Kruppel-related	0.49903851289995094	0.47991962824749257	0.5271472852714728	0.857014298570143	1.0	1.0
DMRT1.H12CORE.1.M.C	DMRT1	DM-type intertwined zinc finger factors	DMRT	0.4989904385449507	0.4950987034049245	0.5151484851514848	0.5854414558544145	1.0	1.0
ZN708.H12CORE.1.P.B	ZNF708	C2H2 zinc finger factors	More than 3 adjacent zinc fingers	0.4989877677474488	0.4952632718695435	0.5135486451354865	0.5885411458854115	1.0	1.0
PPARA.H12CORE.1.P.B	PPARA	Nuclear receptors with C4 zinc fingers	Thyroid hormone receptor-related	0.4989503765824473	0.5120152834047049	0.5113488651134886	0.28247175282471754	1.0	0.9065730595082083
SIX2.H12CORE.0.P.B	SIX2	Homeo domain factors	HD-SINE	0.4988088243149414	0.4970780400137275	0.5226477352264773	0.5524447555244476	1.0	1.0
RXRA.H12CORE.1.S.C	RXRA	Nuclear receptors with C4 zinc fingers	RXR-related receptors	0.49878078094119005	0.49973978672926145	0.5178482151784821	0.48705129487051296	1.0	1.0
MAFB.H12CORE.0.PS.A	MAFB	Basic leucine zipper factors (bZIP)	Maf-related	0.4987193525986866	0.5138542840434137	0.5205479452054794	0.22307769223077692	1.0	0.8700029997000299
HSF5.H12CORE.0.M.C	HSF5	Heat shock factors	HSF	0.498575129533678	0.487777843329423	0.5288471152884712	0.7394260573942606	1.0	1.0
ZN584.H12CORE.0.P.B	ZNF584	C2H2 zinc finger factors	More than 3 adjacent zinc fingers	0.49855376315367744	0.5015443361720098	0.5348465153484652	0.45225477452254775	1.0	1.0
CENPB.H12CORE.0.S.B	CENPB	Uncharacterized	Unannotated	0.498536402969927	0.4920176137955362	0.5314468553144686	0.6624337566243376	1.0	1.0
SOX12.H12CORE.0.SM.B	SOX12	High-mobility group (HMG) domain factors	SOX-related	0.4985337321724267	0.503427414383744	0.5334466553344666	0.42015798420157985	1.0	1.0
IRX1.H12CORE.0.S.C	IRX1	Homeo domain factors	TALE-type HD	0.4984295710699213	0.5051914302406926	0.5317468253174683	0.38816118388161186	1.0	1.0
NR2E1.H12CORE.1.S.B	NR2E1	Nuclear receptors with C4 zinc fingers	RXR-related receptors	0.49841087548741997	0.49104037646153703	0.5349465053494651	0.6811318868113189	1.0	1.0
THA.H12CORE.2.S.B	THRA	Nuclear receptors with C4 zinc fingers	Thyroid hormone receptor-related	0.49835745953741867	0.48087521495936236	0.535046495350465	0.8488151184881512	1.0	1.0
PRDM4.H12CORE.0.PSM.A	PRDM4	C2H2 zinc finger factors	Multiple dispersed zinc fingers	0.4981972116874102	0.4909706041480421	0.532046795320468	0.6752324767523248	1.0	1.0
LHX8.H12CORE.0.S.B	LHX8	Homeo domain factors	HD-LIM	0.49816516211740836	0.49055668303550437	0.5395460453954605	0.6924307569243076	1.0	1.0
NFYA.H12CORE.0.P.B	NFYA	Heteromeric CCAAT-binding factors	Heteromeric CCAAT-binding	0.498151808129909	0.5013881152124257	0.531946805319468	0.45145485451454853	1.0	1.0
ZF64B.H12CORE.1.P.B	ZFP64	C2H2 zinc finger factors	More than 3 adjacent zinc fingers	0.49812777095240657	0.4929440207449589	0.5434456554344566	0.6441355864413558	1.0	1.0
VAX1.H12CORE.0.SM.B	VAX1	Homeo domain factors	NK-related	0.49807569040115157	0.48663122995974717	0.5368463153684632	0.7611238876112388	1.0	1.0
RXRB.H12CORE.0.P.C	RXRB	Nuclear receptors with C4 zinc fingers	RXR-related receptors	0.49806100101490225	0.4928227811314115	0.5267473252674733	0.6394360563943605	1.0	1.0
IRF8.H12CORE.2.SM.B	IRF8	Tryptophan cluster factors	IRF	0.4980022434699007	0.5070160747734173	0.5337466253374663	0.34326567343265674	1.0	0.9562727028640705
ZN674.H12CORE.0.P.C	ZNF674	C2H2 zinc finger factors	Multiple dispersed zinc fingers	0.4978633619998929	0.499325308207472	0.5322467753224678	0.49935006499350065	1.0	1.0
BACH2.H12CORE.0.P.B	BACH2	Basic leucine zipper factors (bZIP)	Jun-related	0.4977965920623902	0.5127723258486168	0.5373462653734626	0.24087591240875914	1.0	0.8776519511169449
SHOX2.H12CORE.0.S.B	SHOX2	Homeo domain factors	Paired-related HD	0.4977645424923876	0.4906847433649184	0.5347465253474653	0.6761323867613239	1.0	1.0
Z324A.H12CORE.0.P.B	ZNF324	C2H2 zinc finger factors	More than 3 adjacent zinc fingers	0.49776454249238744	0.5022134756728512	0.5388461153884612	0.43715628437156284	1.0	1.0
ELF1.H12CORE.0.PSM.A	ELF1	Tryptophan cluster factors	Ets-related	0.497651033598632	0.4741759956403191	0.5447455254474552	0.927007299270073	1.0	1.0
ELF3.H12CORE.0.S.B	ELF3	Tryptophan cluster factors	Ets-related	0.4976483628011308	0.47702480570850775	0.5398460153984601	0.9002099790020998	1.0	1.0
PITX1.H12CORE.1.S.B	PITX1	Homeo domain factors	Paired-related HD	0.4976269964211303	0.49959390511215857	0.5511448855114488	0.49865013498650135	1.0	1.0
ZN417.H12CORE.0.P.C	ZNF417	C2H2 zinc finger factors	Multiple dispersed zinc fingers	0.49761364243363293	0.5030718172151518	0.5402459754024598	0.42355764423557646	1.0	1.0
ZN174.H12CORE.0.M.C	ZNF174	C2H2 zinc finger factors	Other with up to three adjacent zinc fingers	0.4976123070348814	0.5020395864717195	0.5354464553544646	0.43895610438956106	1.0	1.0
RXRB.H12CORE.1.SM.B	RXRB	Nuclear receptors with C4 zinc fingers	RXR-related receptors	0.4975695742748797	0.49707800338782465	0.5496450354964504	0.5522447755224478	1.0	1.0
ONEC2.H12CORE.0.S.B	ONECUT2	Homeo domain factors	HD-CUT	0.4975562202873771	0.5212854880063521	0.5523447655234477	0.12688731126887312	1.0	0.696191597570281
GBX1.H12CORE.1.S.B	GBX1	Homeo domain factors	HOX-related	0.49746407777362267	0.4916015005885076	0.5465453454654534	0.666033396660334	1.0	1.0
PO2F2.H12CORE.1.M.C	POU2F2	Homeo domain factors	POU	0.49738796004487007	0.4906317888809821	0.5522447755224478	0.6886311368863114	1.0	1.0
PO4F3.H12CORE.0.SM.B	POU4F3	Homeo domain factors	POU	0.4972076812136091	0.507685751975039	0.5548445155484452	0.3274672532746725	1.0	0.9301874930617173
ELF2.H12CORE.0.PS.A	ELF2	Tryptophan cluster factors	Ets-related	0.497198333422359	0.4732062437572375	0.5505449455054494	0.930906909309069	1.0	1.0
E2F6.H12CORE.0.P.B	E2F6	Fork head/winged helix factors	E2F	0.4971863148336092	0.5091991370205515	0.5576442355764424	0.2999700029997	1.0	0.9212750095958147
ESX1.H12CORE.1.S.B	ESX1	Homeo domain factors	Paired-related HD	0.49715159446610824	0.486803234127233	0.5480451954804519	0.7527247275272473	1.0	1.0
PROX1.H12CORE.0.SM.B	PROX1	Homeo domain factors	HD-PROS	0.4969953528123514	0.508377177938442	0.5511448855114488	0.30926907309269075	1.0	0.9212750095958147
PITX3.H12CORE.0.SM.B	PITX3	Homeo domain factors	Paired-related HD	0.496986005021098	0.4981838458054106	0.5646435356464353	0.5457454254574543	1.0	1.0
OTX1.H12CORE.1.S.B	OTX1	Homeo domain factors	Paired-related HD	0.4969686448373489	0.498035894133331	0.5593440655934406	0.5277472252774722	1.0	1.0
Z354A.H12CORE.0.P.B	ZNF354A	C2H2 zinc finger factors	More than 3 adjacent zinc fingers	0.4969178996848445	0.4820692578210123	0.563043695630437	0.8355164483551645	1.0	1.0
ATF2.H12CORE.1.P.B	ATF2	Basic leucine zipper factors (bZIP)	Jun-related	0.49691656428609543	0.5232167292472851	0.5564443555644436	0.10568943105689431	1.0	0.6418629741964075
MYBA.H12CORE.2.S.B	MYBL1	Tryptophan cluster factors	Myb/SANT domain	0.49671491907483795	0.49474343950557276	0.5576442355764424	0.5925407459254075	1.0	1.0
LHX1.H12CORE.1.M.C	LHX1	Homeo domain factors	HD-LIM	0.49670022968858524	0.4897876690124601	0.5551444855514449	0.7001299870012999	1.0	1.0
MAF.H12CORE.0.PM.A	MAF	Basic leucine zipper factors (bZIP)	Maf-related	0.49662277656108206	0.5086105035705386	0.5544445555444456	0.30226977302269775	1.0	0.9212750095958147
COT1.H12CORE.1.PSM.A	NR2F1	Nuclear receptors with C4 zinc fingers	RXR-related receptors	0.49662010576358284	0.4956362121288884	0.5656434356564344	0.5814418558144185	1.0	1.0
ZIC3.H12CORE.2.M.B	ZIC3	C2H2 zinc finger factors	More than 3 adjacent zinc fingers	0.49660808717482685	0.5091762896114989	0.5557444255574443	0.29817018298170184	1.0	0.9212750095958147
HMX2.H12CORE.0.SM.B	HMX2	Homeo domain factors	NK-related	0.496381069387319	0.4851946388053167	0.5693430656934306	0.785921407859214	1.0	1.0
VENTX.H12CORE.1.S.C	VENTX	Homeo domain factors	NK-related	0.49633299503231876	0.4970857163498786	0.561043895610439	0.547045295470453	1.0	1.0
SOX10.H12CORE.2.S.C	SOX10	High-mobility group (HMG) domain factors	SOX-related	0.4962902622723158	0.5000206419825058	0.571042895710429	0.49235076492350766	1.0	1.0
TFEB.H12CORE.1.P.C	TFEB	Basic helix-loop-helix factors (bHLH)	bHLH-ZIP	0.4962648896960622	0.5040900279942941	0.5732426757324267	0.39976002399760024	1.0	1.0
ZN133.H12CORE.0.P.B	ZNF133	C2H2 zinc finger factors	More than 3 adjacent zinc fingers	0.4962274985310604	0.4811369192423963	0.5621437856214379	0.8385161483851615	1.0	1.0
ETS2.H12CORE.1.P.B	ETS2	Tryptophan cluster factors	Ets-related	0.4961553869985571	0.4791370334705747	0.5634436556344365	0.8697130286971303	1.0	1.0
HAND1.H12CORE.1.P.B	HAND1	Basic helix-loop-helix factors (bHLH)	Tal-related	0.49614737460605773	0.507955868931262	0.565943405659434	0.3190680931906809	1.0	0.9222733726627338
PHX2B.H12CORE.0.PSM.A	PHOX2B	Homeo domain factors	Paired-related HD	0.4961420330110581	0.4996963302650592	0.5736426357364264	0.49355064493550643	1.0	1.0
HIF3A.H12CORE.1.P.C	HIF3A	Basic helix-loop-helix factors (bHLH)	PAS	0.49606858607980314	0.49214865253685447	0.571042895710429	0.6516348365163483	1.0	1.0
PBX2.H12CORE.0.P.B	PBX2	Homeo domain factors	TALE-type HD	0.4959964745472988	0.49628847817621335	0.5727427257274272	0.5604439556044396	1.0	1.0
ZIK1.H12CORE.0.P.C	ZIK1	C2H2 zinc finger factors	More than 3 adjacent zinc fingers	0.49599380374979934	0.48410021837435496	0.5761423857614238	0.8025197480251974	1.0	1.0
ERR2.H12CORE.0.PSM.A	ESRRB	Nuclear receptors with C4 zinc fingers	Steroid hormone receptors	0.49598178516104796	0.5019240042350595	0.5758424157584242	0.4443555644435556	1.0	1.0
TBXT.H12CORE.1.PSM.A	TBXT	T-Box factors	Brachyury-related	0.495919021419795	0.49359034912554256	0.5712428757124287	0.6182381761823817	1.0	1.0
ZNF32.H12CORE.0.SM.B	ZNF32	C2H2 zinc finger factors	More than 3 adjacent zinc fingers	0.49587762405854235	0.483439682396016	0.5755424457554245	0.8138186181381862	1.0	1.0
ZBT20.H12CORE.0.SM.B	ZBTB20	C2H2 zinc finger factors	More than 3 adjacent zinc fingers	0.49582554350729025	0.48280562968589064	0.5796420357964204	0.8176182381761824	1.0	1.0
SOX30.H12CORE.0.P.C	SOX30	High-mobility group (HMG) domain factors	SOX-related	0.4957494257785383	0.5153300740086565	0.5762423757624238	0.20267973202679732	1.0	0.8332388983323888
KLF12.H12CORE.1.PSM.A	KLF12	C2H2 zinc finger factors	Three-zinc finger Kruppel-related	0.4957480903797872	0.49124379762005493	0.5689431056894311	0.6637336266373363	1.0	1.0
AP2E.H12CORE.0.SM.B	TFAP2E	Basic helix-span-helix factors (bHSH)	AP-2	0.4957480903797865	0.49380941041542775	0.5773422657734226	0.6263373662633737	1.0	1.0
KLF2.H12CORE.0.S.C	KLF2	C2H2 zinc finger factors	Three-zinc finger Kruppel-related	0.49562656909353264	0.48637896840196887	0.5751424857514249	0.766023397660234	1.0	1.0
PO2F3.H12CORE.1.S.C	POU2F3	Homeo domain factors	POU	0.49558784252978044	0.49585361847113124	0.587041295870413	0.583041695830417	1.0	1.0
ZN682.H12CORE.1.P.B	ZNF682	C2H2 zinc finger factors	More than 3 adjacent zinc fingers	0.49555579295977664	0.4962248101398219	0.5831416858314169	0.5487451254874512	1.0	1.0
ZIC1.H12CORE.1.M.B	ZIC1	C2H2 zinc finger factors	More than 3 adjacent zinc fingers	0.49544495486352236	0.5080690214844611	0.5764423557644236	0.32086791320867913	1.0	0.9223354556974582
ATF4.H12CORE.2.SM.B	ATF4	Basic leucine zipper factors (bZIP)	ATF4-related	0.4954289300785196	0.5131288400407317	0.5849415058494151	0.23507649235076492	1.0	0.8776519511169449
HXB4.H12CORE.0.P.B	HOXB4	Homeo domain factors	HOX-related	0.49540222210352025	0.4998864784068463	0.5827417258274172	0.5038496150384961	1.0	1.0
ARNT2.H12CORE.2.S.C	ARNT2	Basic helix-loop-helix factors (bHLH)	PAS	0.49540088670476945	0.497975689906898	0.5727427257274272	0.5170482951704829	1.0	1.0
KLF17.H12CORE.0.M.C	KLF17	C2H2 zinc finger factors	Three-zinc finger Kruppel-related	0.49533144596976736	0.49218653560557696	0.5883411658834117	0.6527347265273473	1.0	1.0
ZN211.H12CORE.0.P.B	ZNF211	C2H2 zinc finger factors	Multiple dispersed zinc fingers	0.49531542118476407	0.4883783142248344	0.5864413558644136	0.7234276572342766	1.0	1.0
ZN768.H12CORE.0.P.B	ZNF768	C2H2 zinc finger factors	More than 3 adjacent zinc fingers	0.4953034025960173	0.5028001199853092	0.5796420357964204	0.42355764423557646	1.0	1.0
PROP1.H12CORE.0.PSM.A	PROP1	Homeo domain factors	Paired-related HD	0.49521660167725895	0.502610986479852	0.5902409759024098	0.4340565943405659	1.0	1.0
SOX6.H12CORE.0.P.B	SOX6	High-mobility group (HMG) domain factors	SOX-related	0.4951832167085083	0.49302478420627366	0.585041495850415	0.6382361763823617	1.0	1.0
ZN587.H12CORE.0.P.C	ZNF587	C2H2 zinc finger factors	Multiple dispersed zinc fingers	0.49505368302975444	0.5114273604855095	0.5783421657834217	0.255974402559744	1.0	0.8776519511169449
BARH1.H12CORE.1.S.B	BARHL1	Homeo domain factors	NK-related	0.4950376582447505	0.48997608116077535	0.5833416658334166	0.6914308569143086	1.0	1.0
ZNF16.H12CORE.0.P.C	ZNF16	C2H2 zinc finger factors	More than 3 adjacent zinc fingers	0.49502430425725147	0.4878910531228015	0.5942405759424058	0.7411258874112588	1.0	1.0
LHX3.H12CORE.0.P.B	LHX3	Homeo domain factors	HD-LIM	0.4950056086747489	0.4908879921967069	0.5818418158184182	0.6782321767823217	1.0	1.0
NFIX.H12CORE.0.SM.B	NFIX	SMAD/NF-1 DNA-binding domain factors	NF-1	0.49487473959724215	0.5103134973178973	0.5914408559144085	0.27287271272872715	1.0	0.9009612737356402
GATA2.H12CORE.0.PSM.A	GATA2	Other C4 zinc finger-type factors	C4-GATA-related	0.4948693980022427	0.49654705116033676	0.5954404559544045	0.5552444755524447	1.0	1.0
ZN549.H12CORE.0.P.B	ZNF549	C2H2 zinc finger factors	More than 3 adjacent zinc fingers	0.4948667272047431	0.5115844593021956	0.5940405959404059	0.25547445255474455	1.0	0.8776519511169449
ARNT2.H12CORE.0.P.B	ARNT2	Basic helix-loop-helix factors (bHLH)	PAS	0.4947452059184869	0.4945507581138169	0.5997400259974003	0.6076392360763924	1.0	1.0
BHE40.H12CORE.0.PSM.A	BHLHE40	Basic helix-loop-helix factors (bHLH)	Hairy-related	0.494715827145985	0.48418787515412753	0.5940405959404059	0.7955204479552045	1.0	1.0
RARA.H12CORE.1.P.B	RARA	Nuclear receptors with C4 zinc fingers	Thyroid hormone receptor-related	0.4946851129747328	0.4920988681042472	0.583941605839416	0.6514348565143485	1.0	1.0
HXD8.H12CORE.0.SM.B	HOXD8	Homeo domain factors	HOX-related	0.49459564125848077	0.4841486295831992	0.6064393560643936	0.8034196580341966	1.0	1.0
MTF1.H12CORE.0.SM.B	MTF1	C2H2 zinc finger factors	More than 3 adjacent zinc fingers	0.49459163506222875	0.4961267897410941	0.5929407059294071	0.5609439056094391	1.0	1.0
EHF.H12CORE.0.P.B	EHF	Tryptophan cluster factors	Ets-related	0.49429651193846386	0.5055754624816717	0.6014398560143985	0.3665633436656334	1.0	0.9868487031893824
RFX5.H12CORE.2.S.B	RFX5	Fork head/winged helix factors	RFX	0.4942925057422156	0.48045860362503606	0.6096390360963904	0.8582141785821418	1.0	1.0
CLOCK.H12CORE.0.M.C	CLOCK	Basic helix-loop-helix factors (bHLH)	PAS	0.49425110838096403	0.507067290198657	0.6071392860713929	0.34736526347365265	1.0	0.9598845458965555
SOX11.H12CORE.1.S.B	SOX11	High-mobility group (HMG) domain factors	SOX-related	0.4942324127984609	0.49560455342273413	0.605039496050395	0.5858414158584142	1.0	1.0
ARX.H12CORE.0.S.B	ARX	Homeo domain factors	Paired-related HD	0.4942284066022101	0.4955680419464053	0.6052394760523948	0.5816418358164184	1.0	1.0
KLF4.H12CORE.0.PSM.A	KLF4	C2H2 zinc finger factors	Three-zinc finger Kruppel-related	0.49422039420971026	0.48824695883251346	0.6065393460653935	0.7264273572642735	1.0	1.0
PAX7.H12CORE.1.S.B	PAX7	Paired box factors	PD+HD	0.4941375994872065	0.4868432042737704	0.6061393860613938	0.7545245475452454	1.0	1.0
ZIC4.H12CORE.0.SM.B	ZIC4	C2H2 zinc finger factors	More than 3 adjacent zinc fingers	0.4940855189359525	0.4977953939438053	0.6105389461053895	0.533046695330467	1.0	1.0
CUX2.H12CORE.0.P.C	CUX2	Homeo domain factors	HD-CUT	0.4940735003472046	0.49361561101180806	0.6106389361063893	0.6324367563243676	1.0	1.0
RFX1.H12CORE.2.S.C	RFX1	Fork head/winged helix factors	RFX	0.49406014635970263	0.47945049700359177	0.6072392760723928	0.873012698730127	1.0	1.0
PKNX1.H12CORE.1.P.B	PKNOX1	Homeo domain factors	TALE-type HD	0.4940067304096992	0.4923071918010173	0.6175382461753824	0.6531346865313469	1.0	1.0
MEF2B.H12CORE.1.SM.B	MEF2B	MADS box factors	Regulators of differentiation	0.49398937022594713	0.4981541154799052	0.6040395960403959	0.5251474852514748	1.0	1.0
SOX30.H12CORE.1.SM.B	SOX30	High-mobility group (HMG) domain factors	SOX-related	0.4939733454409498	0.4970857496434107	0.6171382861713829	0.5560443955604439	1.0	1.0
ZN260.H12CORE.0.P.C	ZNF260	C2H2 zinc finger factors	More than 3 adjacent zinc fingers	0.49383045777469115	0.502792070729771	0.6165383461653835	0.42255774422557746	1.0	1.0
HXB5.H12CORE.0.SM.B	HOXB5	Homeo domain factors	HOX-related	0.4938224453821907	0.4851699553202511	0.6093390660933906	0.7791220877912208	1.0	1.0
ZIC3.H12CORE.0.P.B	ZIC3	C2H2 zinc finger factors	More than 3 adjacent zinc fingers	0.49378238341968766	0.5086990915261319	0.6218378162183782	0.31366863313668636	1.0	0.9212750095958147
ZN425.H12CORE.0.P.C	ZNF425	C2H2 zinc finger factors	More than 3 adjacent zinc fingers	0.4937676940334379	0.5043950538666557	0.6165383461653835	0.43015698430156984	1.0	1.0
SOX9.H12CORE.0.PS.A	SOX9	High-mobility group (HMG) domain factors	SOX-related	0.49375166924843716	0.505074460578067	0.6154384561543845	0.37996200379962003	1.0	0.9914740894807444
NKX21.H12CORE.0.P.B	NKX2-1	Homeo domain factors	NK-related	0.49374365685593646	0.49704210200789173	0.6129387061293871	0.5442455754424558	1.0	1.0
PITX3.H12CORE.1.S.B	PITX3	Homeo domain factors	Paired-related HD	0.4937009240959354	0.4913057294387803	0.6214378562143785	0.6718328167183282	1.0	1.0
GLIS2.H12CORE.0.SM.B	GLIS2	C2H2 zinc finger factors	More than 3 adjacent zinc fingers	0.49368623470968304	0.5062339484977154	0.6099390060993901	0.35566443355664434	1.0	0.9738591605735063
ZN534.H12CORE.1.P.C	ZNF534	C2H2 zinc finger factors	More than 3 adjacent zinc fingers	0.49368089311468266	0.497256258507501	0.6156384361563844	0.5471452854714528	1.0	1.0
ZNF10.H12CORE.0.P.C	ZNF10	C2H2 zinc finger factors	More than 3 adjacent zinc fingers	0.493672880722183	0.4967254258804929	0.6174382561743825	0.5565443455654434	1.0	1.0
KLF5.H12CORE.0.PM.A	KLF5	C2H2 zinc finger factors	Three-zinc finger Kruppel-related	0.49364884354468114	0.48682345773478275	0.6136386361363864	0.7538246175382461	1.0	1.0
COT1.H12CORE.0.PSM.A	NR2F1	Nuclear receptors with C4 zinc fingers	RXR-related receptors	0.49352598685967586	0.499705133730123	0.6127387261273872	0.49025097490250974	1.0	1.0
SOX10.H12CORE.0.PSM.A	SOX10	High-mobility group (HMG) domain factors	SOX-related	0.4934966080871744	0.5090511868395035	0.6125387461253875	0.30586941305869414	1.0	0.9212750095958147
GATA5.H12CORE.0.SM.B	GATA5	Other C4 zinc finger-type factors	C4-GATA-related	0.49346055232092323	0.49004845586206847	0.6203379662033797	0.6962303769623037	1.0	1.0
ZN787.H12CORE.1.S.C	ZNF787	C2H2 zinc finger factors	Multiple dispersed zinc fingers	0.4933670744084205	0.49090213492582085	0.629037096290371	0.6865313468653135	1.0	1.0
MYCN.H12CORE.0.PS.A	MYCN	Basic helix-loop-helix factors (bHLH)	bHLH-ZIP	0.4933670744084177	0.4912498275817678	0.6271372862713729	0.6832316768323168	1.0	1.0
RXRG.H12CORE.0.P.B	RXRG	Nuclear receptors with C4 zinc fingers	RXR-related receptors	0.4933483788259166	0.491473803255407	0.6194380561943805	0.6874312568743126	1.0	1.0
COE1.H12CORE.0.P.B	EBF1	Rel homology region (RHR) factors	EBF-related	0.49323887612841166	0.4894811906671793	0.625037496250375	0.7094290570942906	1.0	1.0
HXA7.H12CORE.0.SM.B	HOXA7	Homeo domain factors	HOX-related	0.49321617434966253	0.48870011758493676	0.618938106189381	0.7206279372062794	1.0	1.0
ZN284.H12CORE.0.P.C	ZNF284	C2H2 zinc finger factors	More than 3 adjacent zinc fingers	0.49319080177340757	0.4874285333590775	0.6247375262473752	0.7416258374162584	1.0	1.0
TFEC.H12CORE.1.SM.B	TFEC	Basic helix-loop-helix factors (bHLH)	bHLH-ZIP	0.4931520752096565	0.4920479027474199	0.6195380461953804	0.6561343865613438	1.0	1.0
SIX4.H12CORE.0.P.B	SIX4	Homeo domain factors	HD-SINE	0.4931360504246547	0.48805479108718675	0.6231376862313769	0.7376262373762624	1.0	1.0
NFYC.H12CORE.0.P.B	NFYC	Heteromeric CCAAT-binding factors	Heteromeric CCAAT-binding	0.49308931146840357	0.49674464394136775	0.6284371562843716	0.5608439156084392	1.0	1.0
BACH1.H12CORE.0.P.B	BACH1	Basic leucine zipper factors (bZIP)	Jun-related	0.4930666096896542	0.5105347834301981	0.6253374662533746	0.27347265273472654	1.0	0.9009612737356402
ARNT2.H12CORE.1.P.B	ARNT2	Basic helix-loop-helix factors (bHLH)	PAS	0.4930225415309016	0.4812581887165013	0.6237376262373763	0.844015598440156	1.0	1.0
NKX62.H12CORE.0.SM.B	NKX6-2	Homeo domain factors	NK-related	0.49302120613215195	0.4868196329445364	0.6334366563343665	0.7638236176382361	1.0	1.0
EPAS1.H12CORE.0.P.B	EPAS1	Basic helix-loop-helix factors (bHLH)	PAS	0.4929597777896486	0.48884397961959797	0.6333366663333667	0.7224277572242775	1.0	1.0
DLX3.H12CORE.0.SM.B	DLX3	Homeo domain factors	NK-related	0.492879653864643	0.48632942195550727	0.6241375862413758	0.7581241875812419	1.0	1.0
MYBB.H12CORE.1.S.B	MYBL2	Tryptophan cluster factors	Myb/SANT domain	0.492834250307142	0.48525942570931974	0.6261373862613738	0.7758224177582241	1.0	1.0
BSH.H12CORE.0.SM.B	BSX	Homeo domain factors	NK-related	0.49276881576838594	0.48810621503179374	0.635036496350365	0.7373262673732627	1.0	1.0
LMX1B.H12CORE.1.SM.B	LMX1B	Homeo domain factors	HD-LIM	0.492764809572137	0.48298762288891495	0.6296370362963704	0.8165183481651834	1.0	1.0
HXA6.H12CORE.0.SM.B	HOXA6	Homeo domain factors	HOX-related	0.4927554617808872	0.4831323194544125	0.6353364663533647	0.8211178882111789	1.0	1.0
ELF5.H12CORE.0.PSM.A	ELF5	Tryptophan cluster factors	Ets-related	0.49274878478713635	0.49284874431387155	0.6355364463553644	0.6386361363863614	1.0	1.0
LYL1.H12CORE.0.P.C	LYL1	Basic helix-loop-helix factors (bHLH)	Tal-related	0.4927020458308845	0.4972132668063549	0.6359364063593641	0.5568443155684432	1.0	1.0
HSF1.H12CORE.2.P.B	HSF1	Heat shock factors	HSF	0.4926326050958808	0.4844407316960863	0.641035896410359	0.8042195780421958	1.0	1.0
SIX4.H12CORE.1.M.C	SIX4	Homeo domain factors	HD-SINE	0.49262726350088204	0.5039218466881504	0.6320367963203679	0.3992600739926007	1.0	1.0
HXA4.H12CORE.0.SM.B	HOXA4	Homeo domain factors	HOX-related	0.4926112387158792	0.48377765768151054	0.6335366463353664	0.8076192380761924	1.0	1.0
ZN529.H12CORE.0.P.B	ZNF529	C2H2 zinc finger factors	More than 3 adjacent zinc fingers	0.4925498103733761	0.4921845854392343	0.6327367263273672	0.6602339766023397	1.0	1.0
ZN714.H12CORE.0.P.C	ZNF714	C2H2 zinc finger factors	More than 3 adjacent zinc fingers	0.49254446877837604	0.5064629062945694	0.6356364363563644	0.3518648135186481	1.0	0.9652869313829072
RFX2.H12CORE.1.PSM.A	RFX2	Fork head/winged helix factors	RFX	0.492529779392128	0.4771065323849315	0.628937106289371	0.8966103389661034	1.0	1.0
Z585A.H12CORE.0.P.C	ZNF585A	C2H2 zinc finger factors	More than 3 adjacent zinc fingers	0.492471021847123	0.49191506349662484	0.6364363563643636	0.6566343365663434	1.0	1.0
COT2.H12CORE.0.P.B	NR2F2	Nuclear receptors with C4 zinc fingers	RXR-related receptors	0.4924590032583716	0.5031997924141404	0.6367363263673632	0.41545845415458454	1.0	1.0
ZN524.H12CORE.0.S.B	ZNF524	C2H2 zinc finger factors	More than 3 adjacent zinc fingers	0.4923521713583671	0.4984469571939359	0.6407359264073592	0.5150484951504849	1.0	1.0
THA.H12CORE.0.P.B	THRA	Nuclear receptors with C4 zinc fingers	Thyroid hormone receptor-related	0.4923107739971168	0.47543690985815257	0.6434356564343565	0.9119088091190881	1.0	1.0
NPAS2.H12CORE.2.S.B	NPAS2	Basic helix-loop-helix factors (bHLH)	PAS	0.4923014262058647	0.48895837837306916	0.6333366663333667	0.7175282471752825	1.0	1.0
SOX15.H12CORE.0.P.B	SOX15	High-mobility group (HMG) domain factors	SOX-related	0.49229074301586406	0.49127323039424287	0.6408359164083591	0.764023597640236	1.0	1.0
RFX2.H12CORE.0.PS.A	RFX2	Fork head/winged helix factors	RFX	0.49229074301586384	0.4803521719050786	0.6427357264273572	0.8556144385561444	1.0	1.0
NR2F6.H12CORE.2.SM.B	NR2F6	Nuclear receptors with C4 zinc fingers	RXR-related receptors	0.49225468724961247	0.49380581781926713	0.6441355864413558	0.6153384661533846	1.0	1.0
ALX1.H12CORE.0.SM.B	ALX1	Homeo domain factors	Paired-related HD	0.492222637679611	0.49362148146514223	0.6511348865113489	0.6318368163183682	1.0	1.0
LHX9.H12CORE.0.PS.A	LHX9	Homeo domain factors	HD-LIM	0.49219726510335965	0.4876500530526267	0.6379362063793621	0.7414258574142586	1.0	1.0
HXB1.H12CORE.0.SM.B	HOXB1	Homeo domain factors	HOX-related	0.4921905881096095	0.48295961103423424	0.6402359764023597	0.8221177882211779	1.0	1.0
PBX1.H12CORE.0.P.B	PBX1	Homeo domain factors	TALE-type HD	0.4921825757171091	0.5010879484386056	0.633036696330367	0.45925407459254075	1.0	1.0
HIF1A.H12CORE.0.P.B	HIF1A	Basic helix-loop-helix factors (bHLH)	PAS	0.4921104641846048	0.49112225479684346	0.639036096390361	0.6727327267273273	1.0	1.0
HMBX1.H12CORE.0.PSM.A	HMBOX1	Homeo domain factors	POU	0.49209310400085254	0.48252675535554324	0.6452354764523548	0.8293170682931706	1.0	1.0
LHX6.H12CORE.0.P.B	LHX6	Homeo domain factors	HD-LIM	0.49208375620960404	0.4961751685111553	0.6521347865213478	0.5692430756924307	1.0	1.0
GATA3.H12CORE.0.PS.A	GATA3	Other C4 zinc finger-type factors	C4-GATA-related	0.49208375620960304	0.4957072657656154	0.6328367163283671	0.5785421457854215	1.0	1.0
ZN677.H12CORE.0.P.C	ZNF677	C2H2 zinc finger factors	More than 3 adjacent zinc fingers	0.49205437743710334	0.4939832334512708	0.647035296470353	0.6118388161183882	1.0	1.0
ZN274.H12CORE.2.P.B	ZNF274	C2H2 zinc finger factors	More than 3 adjacent zinc fingers	0.4920436942471035	0.49724546245377377	0.64003599640036	0.551044895510449	1.0	1.0
ZN778.H12CORE.1.P.B	ZNF778	C2H2 zinc finger factors	Multiple dispersed zinc fingers	0.4919422039420985	0.498914824248675	0.6426357364263574	0.5133486651334866	1.0	1.0
ZN506.H12CORE.0.P.C	ZNF506	C2H2 zinc finger factors	More than 3 adjacent zinc fingers	0.49194220394209803	0.49315502709570463	0.6498350164983502	0.6403359664033597	1.0	1.0
NKX61.H12CORE.1.P.B	NKX6-1	Homeo domain factors	NK-related	0.49192083756209587	0.4919250342935985	0.6414358564143585	0.6781321867813219	1.0	1.0
MXI1.H12CORE.0.P.B	MXI1	Basic helix-loop-helix factors (bHLH)	bHLH-ZIP	0.49185006142834353	0.4853431979166747	0.6496350364963503	0.785021497850215	1.0	1.0
SIX1.H12CORE.0.P.B	SIX1	Homeo domain factors	HD-SINE	0.49183804283959265	0.49259653456107083	0.6427357264273572	0.6417358264173583	1.0	1.0
ZNF18.H12CORE.0.P.B	ZNF18	C2H2 zinc finger factors	More than 3 adjacent zinc fingers	0.491811334864589	0.5027382877056671	0.645035496450355	0.44125587441255876	1.0	1.0
ZNF8.H12CORE.1.P.B	ZNF8	C2H2 zinc finger factors	Multiple dispersed zinc fingers	0.4917939746808383	0.5027516038193657	0.6463353664633537	0.42795720427957207	1.0	1.0
EVX2.H12CORE.0.SM.B	EVX2	Homeo domain factors	HOX-related	0.49177527909833696	0.4794700386904493	0.6508349165083491	0.8754124587541245	1.0	1.0
ZN407.H12CORE.0.P.B	ZNF407	C2H2 zinc finger factors	Multiple dispersed zinc fingers	0.49177527909833646	0.47789704569489905	0.6483351664833517	0.8824117588241176	1.0	1.0
SRBP2.H12CORE.0.S.B	SREBF2	Basic helix-loop-helix factors (bHLH)	bHLH-ZIP	0.49172319854708535	0.4956363900114865	0.643035696430357	0.5721427857214278	1.0	1.0
HXD4.H12CORE.0.SM.B	HOXD4	Homeo domain factors	HOX-related	0.49171919235083433	0.4836236155193292	0.6499350064993501	0.8073192680731927	1.0	1.0
ZN611.H12CORE.0.P.C	ZNF611	C2H2 zinc finger factors	More than 3 adjacent zinc fingers	0.4917031675658346	0.49794152748144965	0.663033696630337	0.5336466353364664	1.0	1.0
HXA5.H12CORE.0.SM.B	HOXA5	Homeo domain factors	HOX-related	0.4915923294695797	0.48276761009834246	0.6511348865113489	0.81991800819918	1.0	1.0
LHX6.H12CORE.1.S.B	LHX6	Homeo domain factors	HD-LIM	0.4915829816783292	0.4886979953661749	0.6512348765123488	0.7266273372662734	1.0	1.0
NFIB.H12CORE.1.PS.A	NFIB	SMAD/NF-1 DNA-binding domain factors	NF-1	0.49154559051332575	0.4928935203040109	0.6518348165183482	0.6547345265473453	1.0	1.0
YBOX1.H12CORE.0.SM.B	YBX1	Cold-shock domain factors	Dbp	0.49140537364457104	0.4937020545869113	0.6555344465553444	0.6243375662433757	1.0	1.0
TBX5.H12CORE.2.S.B	TBX5	T-Box factors	TBX2-related	0.4913412745045655	0.48081590817741254	0.657034296570343	0.8497150284971503	1.0	1.0
SOX17.H12CORE.0.PS.A	SOX17	High-mobility group (HMG) domain factors	SOX-related	0.49133593290956895	0.5047397809511318	0.6572342765723428	0.39186081391860816	1.0	1.0
RXRA.H12CORE.2.SM.B	RXRA	Nuclear receptors with C4 zinc fingers	RXR-related receptors	0.49125046738956274	0.49378965674868464	0.6575342465753424	0.6147385261473852	1.0	1.0
TBX5.H12CORE.0.PS.A	TBX5	T-Box factors	TBX2-related	0.4912197532183109	0.48706766783980693	0.655034496550345	0.7473252674732527	1.0	1.0
AHRR.H12CORE.0.P.C	AHRR	Basic helix-loop-helix factors (bHLH)	PAS	0.4911262753058046	0.48346277787278324	0.6528347165283471	0.8109189081091891	1.0	1.0
RARA.H12CORE.3.P.B	RARA	Nuclear receptors with C4 zinc fingers	Thyroid hormone receptor-related	0.49100742481704945	0.48049496645881745	0.6603339666033397	0.8560143985601439	1.0	1.0
SIX1.H12CORE.1.SM.B	SIX1	Homeo domain factors	HD-SINE	0.49099407082954916	0.48952046610637795	0.6695330466953304	0.7137286271372862	1.0	1.0
GFI1B.H12CORE.1.S.C	GFI1B	C2H2 zinc finger factors	More than 3 adjacent zinc fingers	0.49099140003205066	0.4879425538394304	0.6536346365363463	0.7278272172782722	1.0	1.0
SOX5.H12CORE.0.P.B	SOX5	High-mobility group (HMG) domain factors	SOX-related	0.49094199027829655	0.4966471347241511	0.6591340865913409	0.5793420657934206	1.0	1.0
ZN335.H12CORE.1.P.D	ZNF335	C2H2 zinc finger factors	Multiple dispersed zinc fingers	0.4909019283157951	0.510946103335264	0.667033296670333	0.43625637436256376	1.0	1.0
RFX5.H12CORE.0.P.B	RFX5	Fork head/winged helix factors	RFX	0.4908645371507928	0.4845609996483602	0.6596340365963403	0.793020697930207	1.0	1.0
P73.H12CORE.0.PS.A	TP73	p53 domain factors	p53-related	0.4908498477645418	0.5137460992723991	0.6618338166183382	0.22617738226177383	1.0	0.8730238976102389
VDR.H12CORE.0.PS.A	VDR	Nuclear receptors with C4 zinc fingers	Thyroid hormone receptor-related	0.49084049997329166	0.49134445343260946	0.6657334266573343	0.6742325767423257	1.0	1.0
ZN821.H12CORE.0.SM.B	ZN821	Uncharacterized	Unannotated	0.49081646279578983	0.5023239276809655	0.6605339466053395	0.43465653434656537	1.0	1.0
PDX1.H12CORE.1.PSM.A	PDX1	Homeo domain factors	HOX-related	0.4907884194220374	0.4828681055835174	0.6597340265973403	0.8217178282171783	1.0	1.0
ZN787.H12CORE.0.M.C	ZNF787	C2H2 zinc finger factors	Multiple dispersed zinc fingers	0.49070161850328414	0.4970372959785605	0.6593340665933407	0.5363463653634637	1.0	1.0
ZN483.H12CORE.0.P.C	ZNF483	C2H2 zinc finger factors	More than 3 adjacent zinc fingers	0.49063751936328054	0.49585462576394784	0.6738326167383262	0.5847415258474152	1.0	1.0
DPRX.H12CORE.0.SM.B	DPRX	Homeo domain factors	Paired-related HD	0.49053469365952657	0.5005171367384174	0.6637336266373363	0.47705229477052297	1.0	1.0
ISX.H12CORE.2.SM.B	ISX	Homeo domain factors	Paired-related HD	0.4905280166657765	0.4833730773461315	0.6717328267173283	0.816018398160184	1.0	1.0
BARX2.H12CORE.0.SM.B	BARX2	Homeo domain factors	NK-related	0.490513327279525	0.4794169952863734	0.6767323267673233	0.8713128687131287	1.0	1.0
MYBB.H12CORE.0.S.B	MYBL2	Tryptophan cluster factors	Myb/SANT domain	0.49048261310827457	0.4913747694289274	0.6632336766323368	0.6624337566243376	1.0	1.0
VENTX.H12CORE.0.SM.B	VENTX	Homeo domain factors	NK-related	0.4901661236045075	0.4839814921719497	0.6704329567043296	0.8021197880211979	1.0	1.0
NR6A1.H12CORE.2.SM.B	NR6A1	Nuclear receptors with C4 zinc fingers	GCNF (NR6)	0.49013674483200625	0.4832594877871026	0.6761323867613239	0.8218178182181782	1.0	1.0
ZBT37.H12CORE.0.M.C	ZBTB37	C2H2 zinc finger factors	Other with up to three adjacent zinc fingers	0.4901260616420062	0.48202797024853894	0.6707329267073293	0.8333166683331666	1.0	1.0
NKX28.H12CORE.0.SM.B	NKX2-8	Homeo domain factors	NK-related	0.4900793226857546	0.4805039251699899	0.6744325567443256	0.8572142785721428	1.0	1.0
ZSCA1.H12CORE.0.SM.B	ZSCAN1	C2H2 zinc finger factors	Other with up to three adjacent zinc fingers	0.4898536402969932	0.49604342110004296	0.6803319668033196	0.5761423857614238	1.0	1.0
NR4A2.H12CORE.0.SM.B	NR4A2	Nuclear receptors with C4 zinc fingers	NGFI (NR4A)	0.4898322739169915	0.5128984160649979	0.6826317368263174	0.22457754224577542	1.0	0.8726949885656595
EMX1.H12CORE.0.SM.B	EMX1	Homeo domain factors	NK-related	0.489789541156988	0.48335777443108013	0.6876312368763123	0.8155184481551845	1.0	1.0
HIF1A.H12CORE.1.P.B	HIF1A	Basic helix-loop-helix factors (bHLH)	PAS	0.48974146680198843	0.5115841683029791	0.6777322267773223	0.25607439256074394	1.0	0.8776519511169449
MAX.H12CORE.0.PS.A	MAX	Basic helix-loop-helix factors (bHLH)	bHLH-ZIP	0.48973478980823765	0.48845934819928344	0.6818318168183182	0.7241275872412759	1.0	1.0
ZN669.H12CORE.0.P.B	ZNF669	C2H2 zinc finger factors	More than 3 adjacent zinc fingers	0.48961861011697844	0.5004266007384026	0.6782321767823217	0.48165183481651835	1.0	1.0
ZBT7B.H12CORE.0.SM.B	ZBTB7B	C2H2 zinc finger factors	More than 3 adjacent zinc fingers	0.48952513220447674	0.4978020394267823	0.6905309469053095	0.5354464553544646	1.0	1.0
ZN560.H12CORE.0.P.C	ZNF560	C2H2 zinc finger factors	More than 3 adjacent zinc fingers	0.4895131136157243	0.4962473467588399	0.679032096790321	0.5854414558544145	1.0	1.0
PRD16.H12CORE.0.P.B	PRDM16	C2H2 zinc finger factors	Multiple dispersed zinc fingers	0.4895091074194756	0.4866861928262578	0.683031696830317	0.7589241075892411	1.0	1.0
SOLH2.H12CORE.0.S.C	SOHLH2	Basic helix-loop-helix factors (bHLH)	PAS	0.4894289834944713	0.4742335789238038	0.6873312668733127	0.917008299170083	1.0	1.0
ZSC21.H12CORE.0.P.C	ZSCAN21	C2H2 zinc finger factors	More than 3 adjacent zinc fingers	0.4893675551519659	0.4865475920651111	0.6876312368763123	0.7515248475152485	1.0	1.0
ZN570.H12CORE.0.P.C	ZNF570	C2H2 zinc finger factors	More than 3 adjacent zinc fingers	0.48927941883446513	0.4896469323311459	0.6894310568943106	0.6990300969903009	1.0	1.0
NKX61.H12CORE.2.S.B	NKX6-1	Homeo domain factors	NK-related	0.4892340152769619	0.4832000173550666	0.6926307369263074	0.8226177382261773	1.0	1.0
BARX1.H12CORE.1.S.B	BARX1	Homeo domain factors	NK-related	0.48922600288446055	0.4821590740176417	0.6894310568943106	0.831916808319168	1.0	1.0
ZN443.H12CORE.0.P.C	ZNF443	C2H2 zinc finger factors	More than 3 adjacent zinc fingers	0.48921665509321166	0.478747788470079	0.6852314768523148	0.8724127587241276	1.0	1.0
HNF6.H12CORE.0.PM.A	ONECUT1	Homeo domain factors	HD-CUT	0.4891552267507074	0.5006188626300202	0.6961303869613039	0.47925207479252074	1.0	1.0
HAND2.H12CORE.0.P.B	HAND2	Basic helix-loop-helix factors (bHLH)	Tal-related	0.4890644196357014	0.4783911390543685	0.6832316768323168	0.8703129687031297	1.0	1.0
ALX3.H12CORE.1.S.B	ALX3	Homeo domain factors	Paired-related HD	0.48898830190694864	0.4829693104798173	0.6975302469753024	0.8265173482651735	1.0	1.0
SOX14.H12CORE.0.SM.B	SOX14	High-mobility group (HMG) domain factors	SOX-related	0.48898429571069646	0.49913539807016366	0.6872312768723128	0.5053494650534947	1.0	1.0
ZN564.H12CORE.0.P.C	ZNF564	C2H2 zinc finger factors	More than 3 adjacent zinc fingers	0.4889455691469466	0.4925268680989897	0.6906309369063094	0.65003499650035	1.0	1.0
HXB2.H12CORE.0.SM.B	HOXB2	Homeo domain factors	HOX-related	0.48884007264569285	0.48141574371311413	0.6979302069793021	0.843015698430157	1.0	1.0
GSX2.H12CORE.0.SM.B	GSX2	Homeo domain factors	HOX-related	0.48869451418193344	0.48952770695019726	0.6968303169683032	0.7028297170282972	1.0	1.0
HSFY1.H12CORE.0.S.B	HSFY1	Heat shock factors	HSF	0.48860370706693	0.4956720582761403	0.7064293570642936	0.5816418358164184	1.0	1.0
LHX4.H12CORE.0.SM.B	LHX4	Homeo domain factors	HD-LIM	0.4885716574969281	0.4813292561430456	0.7050294970502949	0.841915808419158	1.0	1.0
ERR3.H12CORE.0.PSM.A	ESRRG	Nuclear receptors with C4 zinc fingers	Steroid hormone receptors	0.48856498050317715	0.4928635608828064	0.7111288871112889	0.657034296570343	1.0	1.0
HXC8.H12CORE.0.SM.B	HOXC8	Homeo domain factors	HOX-related	0.4885329309331779	0.4832164636521351	0.7044295570442956	0.8224177582241776	1.0	1.0
NR2C2.H12CORE.1.PS.A	NR2C2	Nuclear receptors with C4 zinc fingers	RXR-related receptors	0.48849687516692575	0.4923089141501853	0.7002299770022997	0.6561343865613438	1.0	1.0
EVX1.H12CORE.0.SM.B	EVX1	Homeo domain factors	HOX-related	0.48844345921692206	0.47890653033782	0.71002899710029	0.883011698830117	1.0	1.0
ZN433.H12CORE.1.P.C	ZNF433	C2H2 zinc finger factors	More than 3 adjacent zinc fingers	0.4884167512419196	0.4907063826990669	0.7082291770822917	0.6926307369263074	1.0	1.0
UNC4.H12CORE.0.S.B	UNCX	Homeo domain factors	Paired-related HD	0.48839271406441953	0.48809117467378055	0.7045295470452955	0.7290270972902709	1.0	1.0
ZN623.H12CORE.0.P.C	ZNF623	C2H2 zinc finger factors	More than 3 adjacent zinc fingers	0.4883272795256651	0.47736822792638295	0.7123287671232876	0.8851114888511149	1.0	1.0
BHE23.H12CORE.0.SM.B	BHLHE23	Basic helix-loop-helix factors (bHLH)	Tal-related	0.4883232733294182	0.4803652563035128	0.7092290770922908	0.8597140285971403	1.0	1.0
ZN121.H12CORE.0.P.B	ZNF121	C2H2 zinc finger factors	More than 3 adjacent zinc fingers	0.48832060253191584	0.48623103595415534	0.7074292570742926	0.7659234076592341	1.0	1.0
MITF.H12CORE.0.P.B	MITF	Basic helix-loop-helix factors (bHLH)	bHLH-ZIP	0.4882511617969133	0.49331738105172396	0.7097290270972902	0.6663333666633336	1.0	1.0
ZN793.H12CORE.1.P.C	ZNF793	C2H2 zinc finger factors	More than 3 adjacent zinc fingers	0.48822979541691147	0.48709001389925694	0.7015298470152985	0.7451254874512548	1.0	1.0
ETV2.H12CORE.0.S.B	ETV2	Tryptophan cluster factors	Ets-related	0.4882124352331597	0.46739793972454513	0.708029197080292	0.9642035796420358	1.0	1.0
GSX1.H12CORE.0.SM.B	GSX1	Homeo domain factors	HOX-related	0.488195075049409	0.4787471986164959	0.7037296270372962	0.8764123587641236	1.0	1.0
NF2L2.H12CORE.0.P.B	NFE2L2	Basic leucine zipper factors (bZIP)	Jun-related	0.48814299449815507	0.5047044427066976	0.7054294570542946	0.392960703929607	1.0	1.0
TFEC.H12CORE.0.M.B	TFEC	Basic helix-loop-helix factors (bHLH)	bHLH-ZIP	0.48809892633940394	0.49199796534906426	0.7037296270372962	0.6568343165683431	1.0	1.0
MAX.H12CORE.1.M.C	MAX	Basic helix-loop-helix factors (bHLH)	bHLH-ZIP	0.48796405106564905	0.5118610587526041	0.7086291370862914	0.24837516248375163	1.0	0.8776519511169449
PAX7.H12CORE.2.PM.A	PAX7	Paired box factors	PD+HD	0.48796271566689686	0.4873462036178262	0.7053294670532947	0.7425257474252575	1.0	1.0
GATA1.H12CORE.1.PSM.A	GATA1	Other C4 zinc finger-type factors	C4-GATA-related	0.48791597671064485	0.4930584653618368	0.7183281671832816	0.6360363963603639	1.0	1.0
ZN708.H12CORE.0.P.B	ZNF708	C2H2 zinc finger factors	More than 3 adjacent zinc fingers	0.48782383419689146	0.4994320780503795	0.7186281371862814	0.5048495150484952	1.0	1.0
SOX18.H12CORE.0.SM.B	SOX18	High-mobility group (HMG) domain factors	SOX-related	0.4876689279418833	0.5001539269963406	0.7136286371362863	0.47235276472352766	1.0	1.0
PAX4.H12CORE.1.S.C	PAX4	Paired box factors	PD+HD	0.48762085358688106	0.48546249861941837	0.7165283471652835	0.7798220177982201	1.0	1.0
PHX2B.H12CORE.1.SM.B	PHOX2B	Homeo domain factors	Paired-related HD	0.48759281021312884	0.483320396433912	0.7141285871412859	0.8109189081091891	1.0	1.0
PO6F1.H12CORE.0.SM.B	POU6F1	Homeo domain factors	POU	0.48758346242187867	0.4804074614736989	0.7156284371562843	0.8547145285471452	1.0	1.0
ARX.H12CORE.1.SM.B	ARX	Homeo domain factors	Paired-related HD	0.48739250040061954	0.483031044833772	0.7167283271672833	0.8132186781321867	1.0	1.0
LMX1B.H12CORE.2.S.B	LMX1B	Homeo domain factors	HD-LIM	0.4873577800331192	0.4828305531501543	0.7273272672732727	0.829017098290171	1.0	1.0
LHX1.H12CORE.0.S.C	LHX1	Homeo domain factors	HD-LIM	0.4873377490518659	0.48501624899870893	0.7111288871112889	0.783921607839216	1.0	1.0
MLXPL.H12CORE.0.S.B	MLXIPL	Basic helix-loop-helix factors (bHLH)	bHLH-ZIP	0.4873324074568652	0.48654727787734153	0.7261273872612739	0.765023497650235	1.0	1.0
LHX9.H12CORE.1.M.B	LHX9	Homeo domain factors	HD-LIM	0.4873190534693659	0.4893279677029803	0.7231276872312768	0.7115288471152885	1.0	1.0
NR1H4.H12CORE.2.P.B	NR1H4	Nuclear receptors with C4 zinc fingers	Thyroid hormone receptor-related	0.48728833929811427	0.5004337116696482	0.7248275172482752	0.5631436856314369	1.0	1.0
TAF1.H12CORE.0.P.B	TAF1	High-mobility group (HMG) domain factors	TCF7-related	0.48724694193686313	0.47004839537873083	0.7252274772522748	0.9494050594940506	1.0	1.0
AP2B.H12CORE.0.SM.B	TFAP2B	Basic helix-span-helix factors (bHSH)	AP-2	0.48724160034186187	0.49922356700723247	0.7237276272372762	0.5066493350664933	1.0	1.0
THB.H12CORE.0.P.B	THRB	Nuclear receptors with C4 zinc fingers	Thyroid hormone receptor-related	0.4871921905881074	0.4787181496031486	0.7262273772622738	0.881011898810119	1.0	1.0
ZIC2.H12CORE.0.P.B	ZIC2	C2H2 zinc finger factors	More than 3 adjacent zinc fingers	0.48713476844185816	0.5004252106929904	0.7250274972502749	0.47785221477852213	1.0	1.0
ZN329.H12CORE.0.P.C	ZNF329	C2H2 zinc finger factors	More than 3 adjacent zinc fingers	0.4871134020618558	0.4839794052238953	0.7201279872012799	0.804019598040196	1.0	1.0
NKX23.H12CORE.0.SM.B	NKX2-3	Homeo domain factors	NK-related	0.4870506383206026	0.4845949560290324	0.7246275372462754	0.8005199480051994	1.0	1.0
ZN341.H12CORE.0.P.B	ZNF341	C2H2 zinc finger factors	Multiple dispersed zinc fingers	0.487034613535601	0.47997955848602786	0.7223277672232776	0.8612138786121388	1.0	1.0
MAFK.H12CORE.0.PS.A	MAFK	Basic leucine zipper factors (bZIP)	Maf-related	0.4869865391805983	0.5030238003334832	0.7188281171882812	0.41645835416458354	1.0	1.0
MAX.H12CORE.2.S.C	MAX	Basic helix-loop-helix factors (bHLH)	bHLH-ZIP	0.4869438064205979	0.49462048580970513	0.7228277172282772	0.6036396360363964	1.0	1.0
ZN805.H12CORE.0.P.C	ZNF805	C2H2 zinc finger factors	More than 3 adjacent zinc fingers	0.4869144276480967	0.5027746164371203	0.7275272472752725	0.42575742425757424	1.0	1.0
ARNT.H12CORE.1.P.B	ARNT	Basic helix-loop-helix factors (bHLH)	PAS	0.4867902355643387	0.5102152813399886	0.726027397260274	0.27477252274772523	1.0	0.9017848215178482
HXB7.H12CORE.1.SM.B	HOXB7	Homeo domain factors	HOX-related	0.4866820682655833	0.48824783550666506	0.7322267773222678	0.7297270272972702	1.0	1.0
GCM1.H12CORE.0.S.B	GCM1	GCM domain factors	GCM	0.4866193045243286	0.4875926519189162	0.7305269473052695	0.7422257774222578	1.0	1.0
NKX25.H12CORE.0.PSM.A	NKX2-5	Homeo domain factors	NK-related	0.4865485283905764	0.4790820055532028	0.7287271272872713	0.871012898710129	1.0	1.0
SOX7.H12CORE.1.SM.B	SOX7	High-mobility group (HMG) domain factors	SOX-related	0.4864750814593251	0.4973152875470697	0.7389261073892611	0.5494450554944506	1.0	1.0
SCRT1.H12CORE.0.PSM.A	SCRT1	C2H2 zinc finger factors	More than 3 adjacent zinc fingers	0.48646172747182337	0.4798794699893244	0.74002599740026	0.8642135786421358	1.0	1.0
MSX2.H12CORE.1.SM.B	MSX2	Homeo domain factors	NK-related	0.4864603920730727	0.48460523954722895	0.7391260873912608	0.8016198380161984	1.0	1.0
ZN578.H12CORE.0.P.C	ZNF578	C2H2 zinc finger factors	More than 3 adjacent zinc fingers	0.4864577212755749	0.4942078830659817	0.7383261673832616	0.6116388361163884	1.0	1.0
HIC2.H12CORE.0.P.B	HIC2	C2H2 zinc finger factors	Multiple dispersed zinc fingers	0.4863762619518182	0.4764141567961596	0.7359264073592641	0.9067093290670933	1.0	1.0
SP7.H12CORE.0.P.B	SP7	C2H2 zinc finger factors	Three-zinc finger Kruppel-related	0.4863629079643166	0.47849509942312557	0.7329267073292671	0.8789121087891211	1.0	1.0
HXB8.H12CORE.0.PSM.A	HOXB8	Homeo domain factors	HOX-related	0.48635222477431705	0.4802716889126527	0.7302269773022698	0.8576142385761424	1.0	1.0
ZN561.H12CORE.0.P.C	ZNF561	C2H2 zinc finger factors	More than 3 adjacent zinc fingers	0.4863495539768188	0.48493283165010403	0.7374262573742626	0.7921207879212079	1.0	1.0
ELF3.H12CORE.1.PM.A	ELF3	Tryptophan cluster factors	Ets-related	0.4862841194380629	0.5021263282106208	0.7311268873112688	0.43585641435856415	1.0	1.0
PIT1.H12CORE.0.SM.B	POU1F1	Homeo domain factors	POU	0.4862226910955606	0.4765959013960222	0.7310268973102689	0.8951104889511049	1.0	1.0
P73.H12CORE.1.P.B	TP73	p53 domain factors	p53-related	0.4862173495005602	0.4936283260702988	0.7422257774222578	0.6245375462453755	1.0	1.0
LBX2.H12CORE.0.S.B	LBX2	Homeo domain factors	NK-related	0.4862026601143091	0.48301723995315266	0.7315268473152685	0.8162183781621838	1.0	1.0
MIXL1.H12CORE.0.SM.B	MIXL1	Homeo domain factors	Paired-related HD	0.48618930612680883	0.48912135078976055	0.7299270072992701	0.7099290070992901	1.0	1.0
DLX4.H12CORE.1.S.C	DLX4	Homeo domain factors	NK-related	0.4860864804230552	0.48347962666095934	0.7356264373562644	0.8067193280671933	1.0	1.0
PHX2A.H12CORE.1.SM.B	PHOX2A	Homeo domain factors	Paired-related HD	0.4860731264355535	0.48898411862320823	0.736026397360264	0.7132286771322868	1.0	1.0
TLX2.H12CORE.0.SM.B	TLX2	Homeo domain factors	NK-related	0.4860624432455513	0.4854456276784582	0.7284271572842715	0.7749225077492251	1.0	1.0
CR3L2.H12CORE.0.PS.A	CREB3L2	Basic leucine zipper factors (bZIP)	CREB-related	0.48605309545430325	0.48667428408961866	0.7375262473752625	0.7626237376262374	1.0	1.0
RFX4.H12CORE.0.SM.B	RFX4	Fork head/winged helix factors	RFX	0.48599834410554993	0.4819618246142368	0.7385261473852615	0.8375162483751625	1.0	1.0
ZN490.H12CORE.0.P.C	ZNF490	C2H2 zinc finger factors	More than 3 adjacent zinc fingers	0.48593157416804533	0.49533724861701156	0.7433256674332567	0.5914408559144085	1.0	1.0
VSX2.H12CORE.1.S.B	VSX2	Homeo domain factors	Paired-related HD	0.485882164414294	0.4787890595876995	0.7464253574642535	0.8754124587541245	1.0	1.0
HSF2.H12CORE.0.PSM.A	HSF2	Heat shock factors	HSF	0.48582874846429014	0.4972702546773911	0.7459254074592541	0.5524447555244476	1.0	1.0
EMX2.H12CORE.0.S.B	EMX2	Homeo domain factors	NK-related	0.48581806527429156	0.48388470545606505	0.74002599740026	0.7973202679732027	1.0	1.0
LHX2.H12CORE.0.PS.A	LHX2	Homeo domain factors	HD-LIM	0.4857112333742848	0.47740654450642217	0.7484251574842515	0.8921107889211078	1.0	1.0
ZNF90.H12CORE.0.P.C	ZNF90	C2H2 zinc finger factors	More than 3 adjacent zinc fingers	0.4856885315955342	0.4852204428626558	0.7465253474652535	0.7847215278472153	1.0	1.0
DRGX.H12CORE.1.SM.B	DRGX	Homeo domain factors	Paired-related HD	0.48558971208802876	0.48724830050134593	0.7412258774122588	0.7502249775022498	1.0	1.0
DMRT3.H12CORE.0.S.C	DMRT3	DM-type intertwined zinc finger factors	DMRT	0.4855443085305271	0.47976651179450724	0.75002499750025	0.8633136686331366	1.0	1.0
P63.H12CORE.1.PS.A	TP63	p53 domain factors	p53-related	0.4855376315367766	0.5141886909014854	0.7467253274672533	0.21497850214978503	1.0	0.8499013112387392
E4F1.H12CORE.0.P.B	E4F1	C2H2 zinc finger factors	Multiple dispersed zinc fingers	0.4854201164467702	0.47482894119166175	0.7456254374562544	0.9129087091290871	1.0	1.0
NGN2.H12CORE.1.SM.B	NEUROG2	Basic helix-loop-helix factors (bHLH)	Tal-related	0.4854174456492709	0.4929335533681753	0.7439256074392561	0.6281371862813718	1.0	1.0
SMAD3.H12CORE.2.P.C	SMAD3	SMAD/NF-1 DNA-binding domain factors	SMAD	0.4853453341167692	0.4850619712545148	0.7559244075592441	0.7832216778322167	1.0	1.0
COE3.H12CORE.0.P.B	EBF3	Rel homology region (RHR) factors	EBF-related	0.4853106137492657	0.48651318484319633	0.7528247175282472	0.7633236676332367	1.0	1.0
HXD1.H12CORE.0.SM.B	HOXD1	Homeo domain factors	HOX-related	0.4852945889642632	0.47987116939622254	0.7544245575442455	0.8631136886311369	1.0	1.0
ZFP90.H12CORE.1.P.C	ZFP90	C2H2 zinc finger factors	More than 3 adjacent zinc fingers	0.48524918540676076	0.4779316574471656	0.7508249175082492	0.8875112488751125	1.0	1.0
GBX2.H12CORE.1.S.B	GBX2	Homeo domain factors	HOX-related	0.4852051172480104	0.48318463544276863	0.7489251074892511	0.8164183581641836	1.0	1.0
THAP1.H12CORE.0.P.B	THAP1	C2CH THAP-type zinc finger factors	THAP	0.48519042786175715	0.4847895847730487	0.7546245375462454	0.7961203879612039	1.0	1.0
OZF.H12CORE.0.P.B	ZNF146	C2H2 zinc finger factors	More than 3 adjacent zinc fingers	0.4851837508680066	0.491447172126783	0.7513248675132487	0.6735326467353264	1.0	1.0
ZN782.H12CORE.0.P.C	ZNF782	C2H2 zinc finger factors	More than 3 adjacent zinc fingers	0.4851557074942574	0.4847569296890835	0.7449255074492551	0.7843215678432157	1.0	1.0
ERR1.H12CORE.0.PSM.A	ESRRA	Nuclear receptors with C4 zinc fingers	Steroid hormone receptors	0.4851517012980079	0.4953899949683804	0.7497250274972502	0.5745425457454254	1.0	1.0
LBX2.H12CORE.1.S.B	LBX2	Homeo domain factors	NK-related	0.48514903050050645	0.4849644178832665	0.7573242675732427	0.7938206179382061	1.0	1.0
RARB.H12CORE.1.P.B	RARB	Nuclear receptors with C4 zinc fingers	Thyroid hormone receptor-related	0.4851062977405056	0.48186617550791777	0.7506249375062494	0.8329167083291671	1.0	1.0
ZN510.H12CORE.0.P.C	ZNF510	C2H2 zinc finger factors	Multiple dispersed zinc fingers	0.4850261738155005	0.48775739786880534	0.7509249075092491	0.7451254874512548	1.0	1.0
NR2C1.H12CORE.1.PM.A	NR2C1	Nuclear receptors with C4 zinc fingers	RXR-related receptors	0.4850074782329998	0.48221513091902435	0.7493250674932507	0.83001699830017	1.0	1.0
IRF6.H12CORE.0.SM.B	IRF6	Tryptophan cluster factors	IRF	0.48484589498424274	0.4931434106614041	0.7577242275772422	0.6284371562843716	1.0	1.0
NKX32.H12CORE.0.PSM.A	NKX3-2	Homeo domain factors	NK-related	0.4847817958442377	0.49313227109002505	0.7487251274872513	0.6304369563043696	1.0	1.0
HXA1.H12CORE.1.S.B	HOXA1	Homeo domain factors	HOX-related	0.4847016719192348	0.48287829667617643	0.7569243075692431	0.816018398160184	1.0	1.0
PRRX2.H12CORE.0.SM.B	PRRX2	Homeo domain factors	Paired-related HD	0.48464024357673285	0.4844752976112792	0.7628237176282372	0.8028197180281972	1.0	1.0
GLIS1.H12CORE.0.P.B	GLIS1	C2H2 zinc finger factors	More than 3 adjacent zinc fingers	0.48456546124673	0.49595751958389217	0.7595240475952405	0.579042095790421	1.0	1.0
GATA4.H12CORE.0.PSM.A	GATA4	Other C4 zinc finger-type factors	C4-GATA-related	0.4845107098979756	0.4919365606545641	0.7645235476452354	0.6666333366663334	1.0	1.0
ZN574.H12CORE.0.P.B	ZNF574	C2H2 zinc finger factors	Multiple dispersed zinc fingers	0.4844626355429749	0.4941842620751075	0.7673232676732327	0.6166383361663834	1.0	1.0
VAX2.H12CORE.0.SM.B	VAX2	Homeo domain factors	NK-related	0.48445729394797155	0.4818023547410971	0.7651234876512348	0.8416158384161584	1.0	1.0
ELF4.H12CORE.0.PS.A	ELF4	Tryptophan cluster factors	Ets-related	0.48430906468671453	0.4657546637881703	0.7677232276772322	0.9764023597640236	1.0	1.0
ESR1.H12CORE.1.P.B	ESR1	Nuclear receptors with C4 zinc fingers	Steroid hormone receptors	0.4841902141979588	0.47409861566371164	0.7725227477252274	0.9229077092290771	1.0	1.0
SRBP2.H12CORE.1.P.B	SREBF2	Basic helix-loop-helix factors (bHLH)	bHLH-ZIP	0.4841701832167084	0.49119653933880447	0.7709229077092291	0.6757324267573243	1.0	1.0
TBX5.H12CORE.1.P.B	TBX5	T-Box factors	TBX2-related	0.48415148763420796	0.4803469019099057	0.7742225777422258	0.8626137386261374	1.0	1.0
HESX1.H12CORE.0.SM.B	HESX1	Homeo domain factors	Paired-related HD	0.48408471769670386	0.4772947282696627	0.76002399760024	0.8861113888611138	1.0	1.0
ZN157.H12CORE.0.P.B	ZNF157	C2H2 zinc finger factors	More than 3 adjacent zinc fingers	0.48404866193045204	0.48568705180072974	0.765023497650235	0.7639236076392361	1.0	1.0
ZBTB6.H12CORE.0.P.B	ZBTB6	C2H2 zinc finger factors	More than 3 adjacent zinc fingers	0.48400592917045004	0.4802880594861378	0.7747225277472253	0.8557144285571443	1.0	1.0
ZN441.H12CORE.1.P.C	ZNF441	C2H2 zinc finger factors	More than 3 adjacent zinc fingers	0.4839137866566943	0.4903479392142704	0.7641235876412359	0.6801319868013199	1.0	1.0
MYC.H12CORE.0.P.B	MYC	Basic helix-loop-helix factors (bHLH)	bHLH-ZIP	0.48390844506169445	0.48241277398486165	0.7705229477052294	0.8309169083091691	1.0	1.0
SOX7.H12CORE.0.PS.A	SOX7	High-mobility group (HMG) domain factors	SOX-related	0.48384434592169256	0.49880175051438425	0.7635236476352365	0.5346465353464653	1.0	1.0
MEIS3.H12CORE.1.S.B	MEIS3	Homeo domain factors	TALE-type HD	0.4838096255541894	0.4876375607451928	0.769023097690231	0.7374262573742626	1.0	1.0
HME1.H12CORE.0.PSM.A	EN1	Homeo domain factors	NK-related	0.4838002777629397	0.48179684815542984	0.7695230476952305	0.8345165483451655	1.0	1.0
ZN320.H12CORE.1.P.B	ZNF320	C2H2 zinc finger factors	More than 3 adjacent zinc fingers	0.48374819721168605	0.5064631311033148	0.771922807719228	0.3585641435856414	1.0	0.9778750426844108
PROP1.H12CORE.1.P.C	PROP1	Homeo domain factors	Paired-related HD	0.4837455264141872	0.4805646170435628	0.772022797720228	0.853014698530147	1.0	1.0
HES7.H12CORE.0.S.B	HES7	Basic helix-loop-helix factors (bHLH)	Hairy-related	0.4836734148816837	0.4676640932363496	0.7769223077692231	0.9648035196480352	1.0	1.0
LHX2.H12CORE.1.S.C	LHX2	Homeo domain factors	HD-LIM	0.483669408685433	0.47854714457184394	0.7718228177182281	0.8723127687231277	1.0	1.0
DLX2.H12CORE.1.S.B	DLX2	Homeo domain factors	NK-related	0.4836520485016822	0.48230593669685534	0.7815218478152185	0.8413158684131586	1.0	1.0
ZIM3.H12CORE.0.P.B	ZIM3	C2H2 zinc finger factors	More than 3 adjacent zinc fingers	0.4836453715079328	0.4775926762505735	0.781021897810219	0.89001099890011	1.0	1.0
ZN554.H12CORE.1.P.C	ZNF554	C2H2 zinc finger factors	More than 3 adjacent zinc fingers	0.4836427007104304	0.48428428276769986	0.7731226877312268	0.802019798020198	1.0	1.0
SOX3.H12CORE.1.S.C	SOX3	High-mobility group (HMG) domain factors	SOX-related	0.4836373591154323	0.49906751721247583	0.7712228777122287	0.5086491350864913	1.0	1.0
ZBT16.H12CORE.0.P.B	ZBTB16	C2H2 zinc finger factors	More than 3 adjacent zinc fingers	0.4835772661716797	0.48210192563461	0.7696230376962304	0.8246175382461753	1.0	1.0
ZN449.H12CORE.0.P.B	ZNF449	C2H2 zinc finger factors	More than 3 adjacent zinc fingers	0.4835318626141758	0.4898675487447656	0.7735226477352265	0.6892310768923108	1.0	1.0
HESX1.H12CORE.1.S.B	HESX1	Homeo domain factors	Paired-related HD	0.48349580684792365	0.4727811351951882	0.7827217278272173	0.938906109389061	1.0	1.0
GLIS3.H12CORE.1.S.C	GLIS3	C2H2 zinc finger factors	More than 3 adjacent zinc fingers	0.4834650926766724	0.49165711505162785	0.7778222177782221	0.6632336766323368	1.0	1.0
Z280A.H12CORE.0.P.B	ZNF280A	C2H2 zinc finger factors	More than 3 adjacent zinc fingers	0.483390310346669	0.48482602981647654	0.7797220277972203	0.7963203679632037	1.0	1.0
KMT2B.H12CORE.0.P.B	KMT2B	CXXC zinc finger factors	CpG-binding	0.4833328882004159	0.4961537133836223	0.7798220177982201	0.9558044195580442	1.0	1.0
MIXL1.H12CORE.1.S.B	MIXL1	Homeo domain factors	Paired-related HD	0.4833315528016662	0.47607474775365716	0.7816218378162184	0.9042095790420958	1.0	1.0
GBX1.H12CORE.0.S.B	GBX1	Homeo domain factors	HOX-related	0.4832781368516654	0.48876603520538936	0.7776222377762224	0.718928107189281	1.0	1.0
ZSC29.H12CORE.1.M.C	ZSCAN29	C2H2 zinc finger factors	More than 3 adjacent zinc fingers	0.4831846589391575	0.48935673743401076	0.7749225077492251	0.7099290070992901	1.0	1.0
ZN141.H12CORE.0.P.C	ZNF141	C2H2 zinc finger factors	More than 3 adjacent zinc fingers	0.4831833235404079	0.494633348198059	0.7801219878012199	0.6092390760923908	1.0	1.0
ZF69B.H12CORE.0.P.C	ZFP69B	C2H2 zinc finger factors	More than 3 adjacent zinc fingers	0.4830511190641517	0.48178281640020376	0.7785221477852214	0.8367163283671633	1.0	1.0
RFX3.H12CORE.0.PSM.A	RFX3	Fork head/winged helix factors	RFX	0.48296698894289997	0.47086595211040844	0.7874212578742126	0.9493050694930507	1.0	1.0
MNT.H12CORE.0.PS.A	MNT	Basic helix-loop-helix factors (bHLH)	bHLH-ZIP	0.48284146146039153	0.4784037683831033	0.7862213778622138	0.8819118088191181	1.0	1.0
ALX4.H12CORE.1.SM.B	ALX4	Homeo domain factors	Paired-related HD	0.4827947225041403	0.4788320974084376	0.7827217278272173	0.8720127987201279	1.0	1.0
PRRX2.H12CORE.1.S.B	PRRX2	Homeo domain factors	Paired-related HD	0.48278003311788936	0.4829245608213382	0.7834216578342166	0.8196180381961804	1.0	1.0
GBX2.H12CORE.0.SM.B	GBX2	Homeo domain factors	HOX-related	0.4827706853266367	0.491156318158722	0.7811218878112188	0.672032796720328	1.0	1.0
NKX31.H12CORE.0.PSM.A	NKX3-1	Homeo domain factors	NK-related	0.48268655520538206	0.48229460863372	0.7874212578742126	0.828017198280172	1.0	1.0
DLX2.H12CORE.0.PSM.A	DLX2	Homeo domain factors	NK-related	0.48258506490037917	0.4846944911731071	0.7884211578842116	0.7918208179182081	1.0	1.0
ESR2.H12CORE.1.P.B	ESR2	Nuclear receptors with C4 zinc fingers	Steroid hormone receptors	0.48258372950162925	0.5025658442235459	0.788021197880212	0.7374262573742626	1.0	1.0
DLX3.H12CORE.1.S.B	DLX3	Homeo domain factors	NK-related	0.4825757171091281	0.4865281709149572	0.7892210778922107	0.7607239276072393	1.0	1.0
RUNX3.H12CORE.0.P.B	RUNX3	Runt domain factors	Runt-related	0.4825556861278769	0.4969568639566935	0.7905209479052094	0.5491450854914508	1.0	1.0
ASCL1.H12CORE.0.PSM.A	ASCL1	Basic helix-loop-helix factors (bHLH)	MyoD-ASC-related	0.4825049409753744	0.4948892074512351	0.7873212678732127	0.5982401759824018	1.0	1.0
MYBA.H12CORE.0.P.B	MYBL1	Tryptophan cluster factors	Myb/SANT domain	0.4824715560066249	0.4741105639370286	0.7934206579342066	0.9271072892710729	1.0	1.0
NPAS2.H12CORE.1.M.C	NPAS2	Basic helix-loop-helix factors (bHLH)	PAS	0.4824528604241221	0.4931364071095117	0.7932206779322067	0.6395360463953604	1.0	1.0
ARGFX.H12CORE.0.SM.B	ARGFX	Homeo domain factors	Paired-related HD	0.4824248170503693	0.47890615256888897	0.788021197880212	0.8726127387261274	1.0	1.0
RXRG.H12CORE.2.P.B	RXRG	Nuclear receptors with C4 zinc fingers	RXR-related receptors	0.48238742588536987	0.48349939691147636	0.788021197880212	0.812018798120188	1.0	1.0
ETV2.H12CORE.1.PM.A	ETV2	Tryptophan cluster factors	Ets-related	0.4823153143528649	0.4865037841739311	0.7881211878812119	0.7562243775622438	1.0	1.0
MNX1.H12CORE.0.SM.B	MNX1	Homeo domain factors	HOX-related	0.4823019603653641	0.48055916726062536	0.7804219578042195	0.8496150384961504	1.0	1.0
UNC4.H12CORE.1.S.B	UNCX	Homeo domain factors	Paired-related HD	0.48217643288285855	0.47767425144213693	0.7948205179482052	0.8871112888711129	1.0	1.0
PO6F2.H12CORE.0.S.B	POU6F2	Homeo domain factors	POU	0.4821697558891087	0.477734371663451	0.7994200579942006	0.8894110588941105	1.0	1.0
GLIS1.H12CORE.2.SM.B	GLIS1	C2H2 zinc finger factors	More than 3 adjacent zinc fingers	0.48212568773035586	0.49540562683586875	0.7932206779322067	0.5845415458454155	1.0	1.0
ZBT43.H12CORE.0.S.C	ZBTB43	C2H2 zinc finger factors	Other with up to three adjacent zinc fingers	0.48211366914160686	0.49305487048636076	0.7982201779822018	0.634936506349365	1.0	1.0
ISL1.H12CORE.0.PSM.A	ISL1	Homeo domain factors	HD-LIM	0.482078948774104	0.4967905301999874	0.7952204779522047	0.54994500549945	1.0	1.0
ZN394.H12CORE.0.P.C	ZNF394	C2H2 zinc finger factors	More than 3 adjacent zinc fingers	0.4819414027028484	0.4953778083122423	0.7949205079492051	0.5794420557944205	1.0	1.0
TBX19.H12CORE.1.SM.B	TBX19	T-Box factors	Brachyury-related	0.48193071951284583	0.4810590321602995	0.7941205879412059	0.8456154384561544	1.0	1.0
TBX20.H12CORE.2.SM.B	TBX20	T-Box factors	TBX1-related	0.48192003632284813	0.48236734007931964	0.8014198580141986	0.8326167383261673	1.0	1.0
CLOCK.H12CORE.1.PS.A	CLOCK	Basic helix-loop-helix factors (bHLH)	PAS	0.481909353132845	0.4787642321273487	0.7944205579442056	0.8746125387461254	1.0	1.0
VSX1.H12CORE.1.SM.B	VSX1	Homeo domain factors	Paired-related HD	0.48190267613909304	0.4774522311152	0.794020597940206	0.8949105089491051	1.0	1.0
PBX1.H12CORE.2.P.B	PBX1	Homeo domain factors	TALE-type HD	0.4818639495753426	0.4731308839498396	0.7941205879412059	0.9299070092990701	1.0	1.0
PRDM9.H12CORE.0.P.B	PRDM9	C2H2 zinc finger factors	Multiple dispersed zinc fingers	0.48182922920784355	0.47796286088343404	0.7999200079992	0.8859114088591141	1.0	1.0
BARX1.H12CORE.0.P.C	BARX1	Homeo domain factors	NK-related	0.48181587522033886	0.47545036395591495	0.7956204379562044	0.9116088391160884	1.0	1.0
SMAD3.H12CORE.0.S.B	SMAD3	SMAD/NF-1 DNA-binding domain factors	SMAD	0.48180519203034045	0.48339642728310495	0.7991200879912009	0.8149185081491851	1.0	1.0
NANOG.H12CORE.2.M.C	NANOG	Homeo domain factors	NK-related	0.4818011858340908	0.4893603103447263	0.799020097990201	0.7090290970902909	1.0	1.0
RXRG.H12CORE.1.SM.B	RXRG	Nuclear receptors with C4 zinc fingers	RXR-related receptors	0.48174376368783867	0.48451934804396785	0.7988201179882012	0.7958204179582041	1.0	1.0
AHR.H12CORE.0.P.B	AHR	Basic helix-loop-helix factors (bHLH)	PAS	0.48161155921158016	0.4730915055895117	0.8036196380361964	0.928007199280072	1.0	1.0
ZN736.H12CORE.0.P.C	ZNF736	C2H2 zinc finger factors	More than 3 adjacent zinc fingers	0.4815300998878248	0.4730942847071866	0.8015198480151985	0.9296070392960704	1.0	1.0
TBX15.H12CORE.0.SM.B	TBX15	T-Box factors	TBX1-related	0.48145398215906976	0.4861685567824033	0.804019598040196	0.7689231076892311	1.0	1.0
MEIS3.H12CORE.0.SM.B	MEIS3	Homeo domain factors	TALE-type HD	0.48141926179157096	0.4802623269611431	0.8062193780621938	0.8682131786821318	1.0	1.0
SIX2.H12CORE.1.M.C	SIX2	Homeo domain factors	HD-SINE	0.4813978954115688	0.4775215528929715	0.7972202779722027	0.8892110788921108	1.0	1.0
MEOX2.H12CORE.0.SM.B	MEOX2	Homeo domain factors	HOX-related	0.48128705731531224	0.4756938874220821	0.8036196380361964	0.9117088291170883	1.0	1.0
RFX6.H12CORE.0.P.C	RFX6	Fork head/winged helix factors	RFX	0.481275038726562	0.47136376289361165	0.8065193480651934	0.9445055494450555	1.0	1.0
ISL2.H12CORE.0.SM.B	ISL2	Homeo domain factors	HD-LIM	0.48124298915656205	0.49178583163414974	0.7984201579842016	0.6554344565543445	1.0	1.0
ZNF85.H12CORE.0.P.B	ZNF85	C2H2 zinc finger factors	More than 3 adjacent zinc fingers	0.4812149457828101	0.4850756767015485	0.8073192680731927	0.7941205879412059	1.0	1.0
DLX5.H12CORE.0.PSM.A	DLX5	Homeo domain factors	NK-related	0.4811882378078105	0.4903826549311007	0.8071192880711929	0.6899310068993101	1.0	1.0
TFE3.H12CORE.0.PSM.A	TFE3	Basic helix-loop-helix factors (bHLH)	bHLH-ZIP	0.48116019443405866	0.4878494298666444	0.8072192780721927	0.7389261073892611	1.0	1.0
DPF1.H12CORE.0.SM.B	DPF1	Uncharacterized	Unannotated	0.48114951124405714	0.4848808577206205	0.8076192380761924	0.7883211678832117	1.0	1.0
VSX1.H12CORE.0.SM.B	VSX1	Homeo domain factors	Paired-related HD	0.4810987660915545	0.4780467439525761	0.8055194480551945	0.8836116388361164	1.0	1.0
DLX6.H12CORE.0.SM.B	DLX6	Homeo domain factors	NK-related	0.4810440147428004	0.49233213266235437	0.8006199380061993	0.6471352864713529	1.0	1.0
ESR1.H12CORE.0.P.B	ESR1	Nuclear receptors with C4 zinc fingers	Steroid hormone receptors	0.48104000854655116	0.4820569414797591	0.8086191380861913	0.8327167283271673	1.0	1.0
ESX1.H12CORE.0.SM.B	ESX1	Homeo domain factors	Paired-related HD	0.48085438812029163	0.48281522382593217	0.8103189681031897	0.8258174182581742	1.0	1.0
LBX2.H12CORE.2.M.C	LBX2	Homeo domain factors	NK-related	0.4808023075690393	0.49020568047315427	0.8074192580741926	0.6938306169383062	1.0	1.0
HXA2.H12CORE.0.SM.B	HOXA2	Homeo domain factors	HOX-related	0.4807782703915368	0.4768932424700974	0.8024197580241976	0.8908109189081092	1.0	1.0
ZBT7C.H12CORE.0.S.B	ZBTB7C	C2H2 zinc finger factors	More than 3 adjacent zinc fingers	0.48067678008653414	0.49678500786608865	0.8158184181581842	0.5664433556644336	1.0	1.0
SRBP1.H12CORE.1.S.C	SREBF1	Basic helix-loop-helix factors (bHLH)	bHLH-ZIP	0.4806193579402823	0.495558266086129	0.815918408159184	0.5828417158284172	1.0	1.0
ZSC31.H12CORE.1.SM.B	ZSCAN31	C2H2 zinc finger factors	More than 3 adjacent zinc fingers	0.4806006623577792	0.4823049389760621	0.8086191380861913	0.8271172882711729	1.0	1.0
THB.H12CORE.1.PSM.A	THRB	Nuclear receptors with C4 zinc fingers	Thyroid hormone receptor-related	0.4805833021740284	0.48559043924354367	0.8189181081891811	0.8235176482351765	1.0	1.0
ZIC1.H12CORE.0.P.B	ZIC1	C2H2 zinc finger factors	More than 3 adjacent zinc fingers	0.48053122162277667	0.49019549220093095	0.8132186781321867	0.6844315568443156	1.0	1.0
DLX1.H12CORE.0.S.B	DLX1	Homeo domain factors	NK-related	0.4805205384327747	0.482151669192585	0.8121187881211879	0.8301169883011699	1.0	1.0
PRRX1.H12CORE.0.S.B	PRRX1	Homeo domain factors	Paired-related HD	0.4804564392927737	0.4776768713256471	0.8171182881711829	0.8928107189281071	1.0	1.0
ALX3.H12CORE.0.SM.B	ALX3	Homeo domain factors	Paired-related HD	0.4803442657977676	0.4820049582993045	0.819018098190181	0.831016898310169	1.0	1.0
PAX4.H12CORE.0.SM.B	PAX4	Paired box factors	PD+HD	0.48028550825276406	0.47473377774769754	0.8235176482351765	0.9235076492350764	1.0	1.0
ISX.H12CORE.1.S.B	ISX	Homeo domain factors	Paired-related HD	0.4802280861065091	0.4758899567037165	0.8197180281971803	0.9102089791020898	1.0	1.0
ZN264.H12CORE.0.P.B	ZNF264	C2H2 zinc finger factors	More than 3 adjacent zinc fingers	0.4802067197265096	0.47676968321352814	0.8221177882211779	0.8992100789921008	1.0	1.0
LMX1A.H12CORE.0.SM.B	LMX1A	Homeo domain factors	HD-LIM	0.4801840179477596	0.4742266701126967	0.8187181281871813	0.9228077192280771	1.0	1.0
HXB6.H12CORE.0.SM.B	HOXB6	Homeo domain factors	HOX-related	0.48004914267400034	0.47606837701671273	0.828017198280172	0.9117088291170883	1.0	1.0
ZNF30.H12CORE.0.P.C	ZNF30	C2H2 zinc finger factors	More than 3 adjacent zinc fingers	0.48004246568025366	0.4818340843075606	0.8248175182481752	0.8402159784021598	1.0	1.0
RFX1.H12CORE.1.PSM.A	RFX1	Fork head/winged helix factors	RFX	0.480026440895252	0.47079451303003994	0.8184181581841816	0.9498050194980502	1.0	1.0
ZFP57.H12CORE.0.P.B	ZFP57	C2H2 zinc finger factors	Multiple dispersed zinc fingers	0.47999839752149953	0.47735450262093343	0.8249175082491751	0.8911108889111089	1.0	1.0
MSX1.H12CORE.1.S.C	MSX1	Homeo domain factors	NK-related	0.479974360343998	0.48544858454092416	0.8143185681431857	0.7778222177782221	1.0	1.0
HMX1.H12CORE.0.SM.B	HMX1	Homeo domain factors	NK-related	0.47991827359649414	0.4771740196084761	0.8227177282271773	0.8937106289371063	1.0	1.0
GLI1.H12CORE.0.P.C	GLI1	C2H2 zinc finger factors	More than 3 adjacent zinc fingers	0.47986752844399394	0.4773616274098779	0.8206179382061793	0.8899110088991101	1.0	1.0
DLX4.H12CORE.0.SM.B	DLX4	Homeo domain factors	NK-related	0.4797166283852371	0.48747636306924996	0.8289171082891711	0.7515248475152485	1.0	1.0
HXC4.H12CORE.0.SM.B	HOXC4	Homeo domain factors	HOX-related	0.4796712248277334	0.47608252576340426	0.8257174282571743	0.9055094490550945	1.0	1.0
ZN101.H12CORE.0.P.C	ZNF101	C2H2 zinc finger factors	Multiple dispersed zinc fingers	0.47963516906148185	0.4829561079021601	0.8333166683331666	0.8296170382961704	1.0	1.0
GRHL2.H12CORE.0.P.B	GRHL2	Grainyhead domain factors	Grainyhead-related	0.4795670637252276	0.48143037844633296	0.8314168583141686	0.8435156484351565	1.0	1.0
ZFP3.H12CORE.0.P.C	ZFP3	C2H2 zinc finger factors	More than 3 adjacent zinc fingers	0.47947492121147484	0.49256430078209607	0.8316168383161684	0.6499350064993501	1.0	1.0
TGIF1.H12CORE.0.PSM.A	TGIF1	Homeo domain factors	TALE-type HD	0.47929464238021396	0.48834549691974205	0.8265173482651735	0.8091190880911909	1.0	1.0
DLX1.H12CORE.1.PSM.A	DLX1	Homeo domain factors	NK-related	0.47905961220020077	0.4740318308022631	0.8354164583541646	0.9254074592540746	1.0	1.0
HEN2.H12CORE.0.SM.B	NHLH2	Basic helix-loop-helix factors (bHLH)	Tal-related	0.47903290422520045	0.5103941511847316	0.8409159084091591	0.27647235276472354	1.0	0.9025176489123097
NR1D1.H12CORE.1.SM.B	NR1D1	Nuclear receptors with C4 zinc fingers	Thyroid hormone receptor-related	0.47899284226269784	0.4772487110653349	0.831916808319168	0.8943105689431057	1.0	1.0
TFCP2.H12CORE.2.S.C	TFCP2	Grainyhead domain factors	CP2-related	0.4789821590726997	0.47390067170704925	0.8317168283171683	0.9239076092390761	1.0	1.0
RX.H12CORE.0.SM.B	RAX	Homeo domain factors	Paired-related HD	0.4789474387051972	0.4798933512085788	0.83001699830017	0.8582141785821418	1.0	1.0
LHX5.H12CORE.0.PSM.A	LHX5	Homeo domain factors	HD-LIM	0.47882858821644286	0.4754270584826798	0.8352164783521648	0.9107089291070893	1.0	1.0
ERG.H12CORE.0.P.B	ERG	Tryptophan cluster factors	Ets-related	0.47874445809518706	0.46097931188675745	0.8343165683431657	0.9868013198680132	1.0	1.0
NANOG.H12CORE.1.P.B	NANOG	Homeo domain factors	NK-related	0.4787270979114365	0.4824956566301305	0.8392160783921608	0.8315168483151685	1.0	1.0
PRGR.H12CORE.0.P.B	PGR	Nuclear receptors with C4 zinc fingers	Steroid hormone receptors	0.478707066930185	0.491963800736201	0.8316168383161684	0.6544345565443456	1.0	1.0
ZNF23.H12CORE.0.P.C	ZNF23	C2H2 zinc finger factors	More than 3 adjacent zinc fingers	0.4786830297526824	0.486202265495122	0.8405159484051595	0.7686231376862314	1.0	1.0
ZN134.H12CORE.1.P.C	ZNF134	C2H2 zinc finger factors	Multiple dispersed zinc fingers	0.4786269430051792	0.4809991765243651	0.837016298370163	0.8499150084991501	1.0	1.0
HMX3.H12CORE.0.S.B	HMX3	Homeo domain factors	NK-related	0.47855883766892837	0.47741908633028135	0.833916608339166	0.889011098890111	1.0	1.0
ETV7.H12CORE.0.SM.B	ETV7	Tryptophan cluster factors	Ets-related	0.478516104908925	0.46970664424825453	0.8368163183681632	0.9519048095190481	1.0	1.0
STF1.H12CORE.0.PSM.A	NR5A1	Nuclear receptors with C4 zinc fingers	FTZF1-related (NR5A)	0.4784079376101706	0.4741250067185287	0.8428157184281572	0.9231076892310769	1.0	1.0
GLI2.H12CORE.0.PSM.A	GLI2	C2H2 zinc finger factors	More than 3 adjacent zinc fingers	0.47823433577266006	0.4733322750384371	0.8367163283671633	0.9301069893010699	1.0	1.0
MEIS1.H12CORE.1.PS.A	MEIS1	Homeo domain factors	TALE-type HD	0.4782062923989109	0.4741911155077446	0.8436156384361564	0.9231076892310769	1.0	1.0
ZN283.H12CORE.0.P.C	ZNF283	C2H2 zinc finger factors	More than 3 adjacent zinc fingers	0.4781902676139096	0.48388138158185484	0.8464153584641536	0.8117188281171883	1.0	1.0
NKX32.H12CORE.1.S.B	NKX3-2	Homeo domain factors	NK-related	0.47814619945515474	0.47962068941936803	0.843015698430157	0.865013498650135	1.0	1.0
ESR2.H12CORE.0.P.B	ESR2	Nuclear receptors with C4 zinc fingers	Steroid hormone receptors	0.47788045510389304	0.4798151634410547	0.8476152384761524	0.8645135486451355	1.0	1.0
ELF2.H12CORE.1.M.B	ELF2	Tryptophan cluster factors	Ets-related	0.477768281608889	0.47899881782043724	0.849015098490151	0.8763123687631237	1.0	1.0
HINFP.H12CORE.1.P.B	HINFP	C2H2 zinc finger factors	Multiple dispersed zinc fingers	0.4776347417338817	0.499338634439443	0.8497150284971503	0.6477352264773523	1.0	1.0
SHOX2.H12CORE.1.S.C	SHOX2	Homeo domain factors	Paired-related HD	0.47761203995513063	0.48015029930928144	0.8418158184181582	0.8539146085391461	1.0	1.0
MSX1.H12CORE.0.SM.B	MSX1	Homeo domain factors	NK-related	0.477457133700122	0.4864184572211993	0.8458154184581542	0.7564243575642435	1.0	1.0
HSF4.H12CORE.0.SM.B	HSF4	Heat shock factors	HSF	0.4773356124138672	0.4931004842741273	0.8511148885111489	0.6332366763323668	1.0	1.0
HME2.H12CORE.0.SM.B	EN2	Homeo domain factors	NK-related	0.47722343891885927	0.4864801118230421	0.8540145985401459	0.7686231376862314	1.0	1.0
SMAD2.H12CORE.0.P.B	SMAD2	SMAD/NF-1 DNA-binding domain factors	SMAD	0.4770738742588532	0.47923577120719724	0.8534146585341466	0.8720127987201279	1.0	1.0
HXA1.H12CORE.0.SM.B	HOXA1	Homeo domain factors	HOX-related	0.4770084397200989	0.47211566920228565	0.8557144285571443	0.9416058394160584	1.0	1.0
ZN205.H12CORE.0.P.C	ZNF205	C2H2 zinc finger factors	More than 3 adjacent zinc fingers	0.4769657069600989	0.47794605739808754	0.8576142385761424	0.8811118888111189	1.0	1.0
ZFX.H12CORE.0.P.B	ZFX	C2H2 zinc finger factors	More than 3 adjacent zinc fingers	0.4769176326050949	0.4761102388125792	0.8583141685831417	0.8955104489551045	1.0	1.0
HSF5.H12CORE.1.S.C	HSF5	Heat shock factors	HSF	0.47678142193258916	0.4718727743567742	0.8607139286071392	0.9415058494150585	1.0	1.0
SHOX.H12CORE.0.SM.B	SHOX	Homeo domain factors	Paired-related HD	0.4767213289888348	0.47854851356501427	0.8589141085891411	0.8797120287971203	1.0	1.0
LHX8.H12CORE.1.M.C	LHX8	Homeo domain factors	HD-LIM	0.47668660862133344	0.4736257349018096	0.8585141485851415	0.9281071892810719	1.0	1.0
COE2.H12CORE.0.P.B	EBF2	Rel homology region (RHR) factors	EBF-related	0.47667859622883335	0.4886523966065057	0.8521147885211479	0.7138286171382862	1.0	1.0
ZN879.H12CORE.0.P.C	ZNF879	C2H2 zinc finger factors	More than 3 adjacent zinc fingers	0.4765824475188272	0.47920039102968787	0.8604139586041396	0.8716128387161284	1.0	1.0
HAND1.H12CORE.0.P.B	HAND1	Basic helix-loop-helix factors (bHLH)	Tal-related	0.4765503979488277	0.47761060444250747	0.8642135786421358	0.8933106689331067	1.0	1.0
VSX2.H12CORE.0.PSM.A	VSX2	Homeo domain factors	Paired-related HD	0.4765463917525759	0.47547761910835823	0.8604139586041396	0.9113088691130887	1.0	1.0
ISX.H12CORE.0.SM.B	ISX	Homeo domain factors	Paired-related HD	0.47621254206506164	0.48033632308763063	0.8587141285871412	0.8527147285271472	1.0	1.0
CUX1.H12CORE.2.P.C	CUX1	Homeo domain factors	HD-CUT	0.4762018588750616	0.4747047012132559	0.8607139286071392	0.9166083391660834	1.0	1.0
PO3F1.H12CORE.2.S.C	POU3F1	Homeo domain factors	POU	0.4761511137225575	0.47894752104706745	0.8560143985601439	0.8698130186981302	1.0	1.0
ZN611.H12CORE.1.P.C	ZNF611	C2H2 zinc finger factors	More than 3 adjacent zinc fingers	0.4761471075263085	0.46896934890586883	0.8591140885911409	0.9626037396260374	1.0	1.0
PRRX1.H12CORE.1.S.B	PRRX1	Homeo domain factors	Paired-related HD	0.47602425084130046	0.4769253050960543	0.8625137486251375	0.8953104689531047	1.0	1.0
FLI1.H12CORE.0.PSM.A	FLI1	Tryptophan cluster factors	Ets-related	0.4759708348912978	0.4606278435888878	0.8640135986401359	0.9869013098690131	1.0	1.0
NKX22.H12CORE.0.P.B	NKX2-2	Homeo domain factors	NK-related	0.47595347470754734	0.4868531412815058	0.8675132486751325	0.7553244675532447	1.0	1.0
HXB4.H12CORE.1.PSM.A	HOXB4	Homeo domain factors	HOX-related	0.47586400299129356	0.475577216941806	0.8697130286971303	0.908009199080092	1.0	1.0
RARA.H12CORE.2.P.B	RARA	Nuclear receptors with C4 zinc fingers	Thyroid hormone receptor-related	0.4758479782062934	0.4785405829565031	0.8664133586641336	0.8813118688131187	1.0	1.0
THA.H12CORE.1.PS.A	THRA	Nuclear receptors with C4 zinc fingers	Thyroid hormone receptor-related	0.47584664280754235	0.47996094232733266	0.8657134286571343	0.9225077492250775	1.0	1.0
ZN304.H12CORE.0.P.C	ZNF304	C2H2 zinc finger factors	Multiple dispersed zinc fingers	0.4758159286362907	0.4642357590040449	0.8644135586441356	0.98000199980002	1.0	1.0
ZN266.H12CORE.0.P.B	ZNF266	C2H2 zinc finger factors	More than 3 adjacent zinc fingers	0.47577987287003987	0.4776065973488722	0.8697130286971303	0.8894110588941105	1.0	1.0
SP9.H12CORE.0.P.B	SP9	C2H2 zinc finger factors	Three-zinc finger Kruppel-related	0.47577720207253926	0.4750835574240982	0.8679132086791321	0.9165083491650835	1.0	1.0
ZBED1.H12CORE.0.S.B	ZBED1	C2H2 zinc finger factors	BED zinc finger	0.475727792318785	0.4814532721658404	0.8736126387361264	0.8454154584541546	1.0	1.0
TLX3.H12CORE.0.SM.B	TLX3	Homeo domain factors	NK-related	0.4755969232412793	0.4799252346857525	0.8671132886711329	0.8580141985801419	1.0	1.0
NR1D2.H12CORE.0.P.B	NR1D2	Nuclear receptors with C4 zinc fingers	Thyroid hormone receptor-related	0.47555151968377773	0.47496851310016813	0.8657134286571343	0.912008799120088	1.0	1.0
BHE40.H12CORE.1.S.C	BHLHE40	Basic helix-loop-helix factors (bHLH)	Hairy-related	0.4754887559425225	0.4810931758041489	0.8734126587341265	0.8488151184881512	1.0	1.0
HIF3A.H12CORE.0.P.C	HIF3A	Basic helix-loop-helix factors (bHLH)	PAS	0.47541797980877054	0.5024814930087624	0.873012698730127	0.43055694430556946	1.0	1.0
NR6A1.H12CORE.1.P.C	NR6A1	Nuclear receptors with C4 zinc fingers	GCNF (NR6)	0.4753552160675159	0.4724145591060114	0.8692130786921308	0.9382061793820617	1.0	1.0
TYY2.H12CORE.1.SM.B	YY2	C2H2 zinc finger factors	More than 3 adjacent zinc fingers	0.4752563965600137	0.4679269146157801	0.8749125087491251	0.9643035696430357	1.0	1.0
TGIF1.H12CORE.1.S.B	TGIF1	Homeo domain factors	TALE-type HD	0.47512419208375517	0.4805620097207158	0.8736126387361264	0.8552144785521448	1.0	1.0
RFX5.H12CORE.1.PSM.A	RFX5	Fork head/winged helix factors	RFX	0.47504540355750213	0.466715224712712	0.8743125687431257	0.9667033296670333	1.0	1.0
RORB.H12CORE.0.SM.B	RORB	Nuclear receptors with C4 zinc fingers	Thyroid hormone receptor-related	0.47498397521499686	0.478898001271065	0.8751124887511249	0.8791120887911209	1.0	1.0
TBR1.H12CORE.0.PS.A	TBR1	T-Box factors	TBrain-related	0.4749225468724963	0.48544491965236075	0.8774122587741225	0.7811218878112188	1.0	1.0
GCM2.H12CORE.0.SM.B	GCM2	GCM domain factors	GCM	0.47470354147748506	0.4865604550214842	0.8754124587541245	0.7542245775422458	1.0	1.0
HXD3.H12CORE.0.SM.B	HOXD3	Homeo domain factors	HOX-related	0.47466615031248327	0.4765073028216875	0.8809119088091191	0.8995100489951005	1.0	1.0
GRHL2.H12CORE.1.P.B	GRHL2	Grainyhead domain factors	Grainyhead-related	0.4746447839324799	0.4795282972218917	0.8779122087791221	0.8648135186481352	1.0	1.0
PKNX2.H12CORE.1.SM.B	PKNOX2	Homeo domain factors	TALE-type HD	0.47430158645371695	0.4816678164189801	0.8783121687831217	0.833916608339166	1.0	1.0
TBX6.H12CORE.0.PSM.A	TBX6	T-Box factors	TBX6-related	0.4741586987874586	0.47756773540918873	0.8797120287971203	0.8884111588841116	1.0	1.0
ELF4.H12CORE.1.M.B	ELF4	Tryptophan cluster factors	Ets-related	0.47406522087495256	0.4813580020982069	0.8891110888911109	0.8499150084991501	1.0	1.0
P63.H12CORE.0.PS.A	TP63	p53 domain factors	p53-related	0.47406121467870294	0.5098290869985675	0.8784121587841216	0.2890710928907109	1.0	0.9068034500897737
MYB.H12CORE.0.P.B	MYB	Tryptophan cluster factors	Myb/SANT domain	0.4740305005074507	0.4724556529413756	0.8829117088291171	0.9316068393160684	1.0	1.0
HES5.H12CORE.0.SM.B	HES5	Basic helix-loop-helix factors (bHLH)	Hairy-related	0.4740238235137007	0.47010035453556426	0.8842115788421158	0.9502049795020497	1.0	1.0
HEN1.H12CORE.0.S.B	NHLH1	Basic helix-loop-helix factors (bHLH)	Tal-related	0.47395037658244754	0.5110029467453658	0.8877112288771123	0.25677432256774324	1.0	0.8776519511169449
MEIS2.H12CORE.1.PSM.A	MEIS2	Homeo domain factors	TALE-type HD	0.47393435179744475	0.48330838695794665	0.8781121887811218	0.8091190880911909	1.0	1.0
TBX18.H12CORE.0.M.C	TBX18	T-Box factors	TBX1-related	0.47391565621494613	0.4821770056943787	0.8845115488451155	0.8373162683731626	1.0	1.0
ZN580.H12CORE.1.SM.B	ZNF580	C2H2 zinc finger factors	Other with up to three adjacent zinc fingers	0.47389161903744303	0.4765579727512446	0.8831116888311169	0.9005099490050995	1.0	1.0
USF2.H12CORE.0.PSM.A	USF2	Basic helix-loop-helix factors (bHLH)	bHLH-ZIP	0.47378879333368984	0.48483141338076663	0.8828117188281172	0.7883211678832117	1.0	1.0
ZN224.H12CORE.0.P.B	ZNF224	C2H2 zinc finger factors	More than 3 adjacent zinc fingers	0.47371134020618627	0.47511696261355985	0.882011798820118	0.9107089291070893	1.0	1.0
HES2.H12CORE.0.S.C	HES2	Basic helix-loop-helix factors (bHLH)	Hairy-related	0.473693980022434	0.46834750324478375	0.8842115788421158	0.9607039296070393	1.0	1.0
ETV6.H12CORE.0.PS.A	ETV6	Tryptophan cluster factors	Ets-related	0.4736605950536822	0.45915612237791714	0.8872112788721128	0.9906009399060094	1.0	1.0
MEOX1.H12CORE.0.SM.B	MEOX1	Homeo domain factors	HOX-related	0.4734469312536712	0.47549110441626147	0.8905109489051095	0.9088091190880911	1.0	1.0
ZN154.H12CORE.0.P.C	ZNF154	C2H2 zinc finger factors	More than 3 adjacent zinc fingers	0.4734455958549231	0.4704114981513605	0.8883111688831117	0.9519048095190481	1.0	1.0
P53.H12CORE.1.S.C	TP53	p53 domain factors	p53-related	0.47332674536616903	0.4957849408489183	0.8917108289171083	0.5786421357864213	1.0	1.0
TBX20.H12CORE.1.M.C	TBX20	T-Box factors	TBX1-related	0.4729541691148967	0.48445323836392307	0.8947105289471053	0.7983201679832017	1.0	1.0
ZN580.H12CORE.0.SM.B	ZNF580	C2H2 zinc finger factors	Other with up to three adjacent zinc fingers	0.4729434859248966	0.4753028788094364	0.8932106789321068	0.9154084591540846	1.0	1.0
NGN1.H12CORE.0.SM.B	NEUROG1	Basic helix-loop-helix factors (bHLH)	Tal-related	0.4728807221836457	0.48896793857579257	0.8985101489851015	0.7215278472152785	1.0	1.0
NR6A1.H12CORE.0.P.C	NR6A1	Nuclear receptors with C4 zinc fingers	GCNF (NR6)	0.4728446664173912	0.4714465109299287	0.8989101089891011	0.9486051394860514	1.0	1.0
LHX6.H12CORE.2.M.C	LHX6	Homeo domain factors	HD-LIM	0.47281528764488984	0.47074389722142645	0.8963103689631037	0.9491050894910509	1.0	1.0
OLIG1.H12CORE.0.S.B	OLIG1	Basic helix-loop-helix factors (bHLH)	Tal-related	0.4727832380748889	0.47564891516935437	0.8863113688631137	0.9039096090390961	1.0	1.0
TBX19.H12CORE.0.PS.A	TBX19	T-Box factors	Brachyury-related	0.4727778964798869	0.4902149570089523	0.8946105389461054	0.6938306169383062	1.0	1.0
TGIF2.H12CORE.1.PSM.A	TGIF2	Homeo domain factors	TALE-type HD	0.4727645424923874	0.4853070768476783	0.897010298970103	0.7911208879112088	1.0	1.0
GCR.H12CORE.0.PS.A	NR3C1	Nuclear receptors with C4 zinc fingers	Steroid hormone receptors	0.47263233801613147	0.4931008965352264	0.8968103189681031	0.6374362563743625	1.0	1.0
GCR.H12CORE.1.S.B	NR3C1	Nuclear receptors with C4 zinc fingers	Steroid hormone receptors	0.47239730783611994	0.46761464050133095	0.8948105189481051	0.965003499650035	1.0	1.0
PAX3.H12CORE.2.P.C	PAX3	Paired box factors	PD+HD	0.472366593664867	0.4753950723109674	0.9018098190180982	0.9173082691730827	1.0	1.0
RARG.H12CORE.0.P.B	RARG	Nuclear receptors with C4 zinc fingers	Thyroid hormone receptor-related	0.4723612520698699	0.470149511164826	0.8965103489651035	0.950904909509049	1.0	1.0
RORG.H12CORE.1.PS.A	RORC	Nuclear receptors with C4 zinc fingers	Thyroid hormone receptor-related	0.472357245873619	0.4834686557200728	0.894010598940106	0.8051194880511949	1.0	1.0
TFCP2.H12CORE.0.SM.B	TFCP2	Grainyhead domain factors	CP2-related	0.47232920249986804	0.4744597806097284	0.8975102489751025	0.9208079192080791	1.0	1.0
ZFP90.H12CORE.0.P.C	ZFP90	C2H2 zinc finger factors	More than 3 adjacent zinc fingers	0.4721769670423577	0.46729509817628706	0.901009899010099	0.967003299670033	1.0	1.0
ZN730.H12CORE.0.P.C	ZNF730	C2H2 zinc finger factors	More than 3 adjacent zinc fingers	0.47192057048234626	0.4729770690856399	0.9035096490350965	0.9322067793220677	1.0	1.0
RAX2.H12CORE.0.S.B	RAX2	Homeo domain factors	Paired-related HD	0.47188852091234357	0.4721553337639304	0.901009899010099	0.9368063193680632	1.0	1.0
HNF4G.H12CORE.0.P.B	HNF4G	Nuclear receptors with C4 zinc fingers	RXR-related receptors	0.47182709256984273	0.4881060334700455	0.8991100889911009	0.7261273872612739	1.0	1.0
SHOX.H12CORE.1.S.B	SHOX	Homeo domain factors	Paired-related HD	0.4718217509748405	0.4784384454783198	0.9016098390160984	0.8795120487951205	1.0	1.0
PO3F3.H12CORE.2.S.B	POU3F3	Homeo domain factors	POU	0.47180439079108966	0.472015674890257	0.9022097790220978	0.9421057894210579	1.0	1.0
TWST1.H12CORE.0.P.B	TWIST1	Basic helix-loop-helix factors (bHLH)	Tal-related	0.4717629934298381	0.479171859860366	0.9073092690730927	0.8722127787221278	1.0	1.0
DMRTA.H12CORE.0.SM.B	DMRTA1	DM-type intertwined zinc finger factors	DMRT	0.4717576518348359	0.4775885873819076	0.9005099490050995	0.8881111888811118	1.0	1.0
TCF21.H12CORE.1.SM.B	TCF21	Basic helix-loop-helix factors (bHLH)	Tal-related	0.4717523102398374	0.48149285171894607	0.904009599040096	0.8439156084391561	1.0	1.0
ZN250.H12CORE.1.M.C	ZNF250	C2H2 zinc finger factors	More than 3 adjacent zinc fingers	0.47153597564232835	0.4711170550968457	0.9007099290070993	0.9448055194480552	1.0	1.0
HES1.H12CORE.1.S.C	HES1	Basic helix-loop-helix factors (bHLH)	Hairy-related	0.4715065968698244	0.46912234939603953	0.9061093890610938	0.9604039596040396	1.0	1.0
ATOH1.H12CORE.1.SM.B	ATOH1	Basic helix-loop-helix factors (bHLH)	Tal-related	0.4714465039260726	0.4806706234631608	0.9065093490650935	0.8527147285271472	1.0	1.0
PKNX1.H12CORE.2.SM.B	PKNOX1	Homeo domain factors	TALE-type HD	0.4714144543560701	0.49449411356878903	0.9058094190580942	0.6301369863013698	1.0	1.0
BHE41.H12CORE.0.PSM.A	BHLHE41	Basic helix-loop-helix factors (bHLH)	Hairy-related	0.4713450136210663	0.4772134405405268	0.902009799020098	0.8896110388961104	1.0	1.0
MYOG.H12CORE.0.PSM.A	MYOG	Basic helix-loop-helix factors (bHLH)	MyoD-ASC-related	0.47122482773355984	0.47932429937941307	0.9088091190880911	0.8699130086991301	1.0	1.0
ZBT14.H12CORE.1.S.B	ZBTB14	C2H2 zinc finger factors	More than 3 adjacent zinc fingers	0.4711780887773078	0.476135724927732	0.9055094490550945	0.903009699030097	1.0	1.0
ZNF12.H12CORE.1.M.C	ZNF12	C2H2 zinc finger factors	More than 3 adjacent zinc fingers	0.4711353560173062	0.47977163191549166	0.9127087291270873	0.8689131086891311	1.0	1.0
ETV3.H12CORE.0.SM.B	ETV3	Tryptophan cluster factors	Ets-related	0.47081085412104073	0.46602149850558505	0.9135086491350864	0.9726027397260274	1.0	1.0
P53.H12CORE.0.P.B	TP53	p53 domain factors	p53-related	0.4707948293360407	0.49345344251233375	0.9111088891110889	0.6273372662733727	1.0	1.0
ZN790.H12CORE.0.P.C	ZNF790	C2H2 zinc finger factors	More than 3 adjacent zinc fingers	0.47076678596228827	0.4784880250013721	0.908009199080092	0.8791120887911209	1.0	1.0
ZSC29.H12CORE.0.P.B	ZSCAN29	C2H2 zinc finger factors	More than 3 adjacent zinc fingers	0.47075076117728726	0.4818354348241579	0.9084091590840916	0.8346165383461653	1.0	1.0
MGAP.H12CORE.0.P.C	MGA	Basic helix-loop-helix factors (bHLH)	bHLH-ZIP	0.4707387425885375	0.47038150755128094	0.9127087291270873	0.9545045495450455	1.0	1.0
TBX20.H12CORE.0.P.C	TBX20	T-Box factors	TBX1-related	0.47060520271352857	0.4781741298742475	0.9146085391460854	0.8838116188381162	1.0	1.0
MCR.H12CORE.0.S.B	NR3C2	Nuclear receptors with C4 zinc fingers	Steroid hormone receptors	0.47047700443352286	0.48375934452014296	0.9138086191380862	0.8111188881111889	1.0	1.0
TRPS1.H12CORE.0.P.B	TRPS1	Other C4 zinc finger-type factors	C4-GATA-related	0.47044762566102144	0.4939846418648639	0.9163083691630837	0.656934306569343	1.0	1.0
ZN250.H12CORE.0.P.C	ZNF250	C2H2 zinc finger factors	More than 3 adjacent zinc fingers	0.4703768495272693	0.4834706356229847	0.9146085391460854	0.8127187281271873	1.0	1.0
GLI3.H12CORE.0.PS.A	GLI3	C2H2 zinc finger factors	More than 3 adjacent zinc fingers	0.4703474707547679	0.46616124191061803	0.9142085791420858	0.973002699730027	1.0	1.0
ZN337.H12CORE.0.P.C	ZNF337	C2H2 zinc finger factors	More than 3 adjacent zinc fingers	0.4702606698360143	0.48136971735006107	0.9178082191780822	0.8428157184281572	1.0	1.0
TAL1.H12CORE.1.P.B	TAL1	Basic helix-loop-helix factors (bHLH)	Tal-related	0.470257999038513	0.4937137452467953	0.9139086091390861	0.6273372662733727	1.0	1.0
EOMES.H12CORE.0.PSM.A	EOMES	T-Box factors	TBrain-related	0.47014315474600726	0.47727288867890094	0.9139086091390861	0.8913108689131087	1.0	1.0
GFI1B.H12CORE.0.PSM.A	GFI1B	C2H2 zinc finger factors	More than 3 adjacent zinc fingers	0.4700403290422521	0.4776264699415897	0.9134086591340866	0.8871112888711129	1.0	1.0
MSX2.H12CORE.0.SM.B	MSX2	Homeo domain factors	NK-related	0.4699455157309964	0.46971260905466955	0.9121087891210878	0.9517048295170483	1.0	1.0
TBX4.H12CORE.0.PS.A	TBX4	T-Box factors	TBX2-related	0.46992548474974677	0.47195907354628	0.9176082391760824	0.941005899410059	1.0	1.0
GATA2.H12CORE.1.P.B	GATA2	Other C4 zinc finger-type factors	C4-GATA-related	0.4698560440147429	0.47674573655942437	0.916108389161084	0.8983101689831017	1.0	1.0
TF2LX.H12CORE.0.SM.B	TGIF2LX	Homeo domain factors	TALE-type HD	0.46966374659473303	0.47924688040688307	0.9136086391360864	0.8992100789921008	1.0	1.0
ZN550.H12CORE.0.P.C	ZNF550	C2H2 zinc finger factors	More than 3 adjacent zinc fingers	0.4694527535922225	0.46531764568857625	0.9168083191680831	0.9762023797620238	1.0	1.0
MESP2.H12CORE.0.S.C	MESP2	Basic helix-loop-helix factors (bHLH)	Tal-related	0.46929517653971536	0.47842670140540094	0.9279072092790721	0.8865113488651135	1.0	1.0
OLIG2.H12CORE.2.SM.B	OLIG2	Basic helix-loop-helix factors (bHLH)	Tal-related	0.46929117034346285	0.4751191407245386	0.9244075592440756	0.9195080491950804	1.0	1.0
HSF1.H12CORE.1.P.B	HSF1	Heat shock factors	HSF	0.46921505261471125	0.4737086141992677	0.9199080091990801	0.9237076292370763	1.0	1.0
GRHL1.H12CORE.1.PS.A	GRHL1	Grainyhead domain factors	Grainyhead-related	0.4690628171572023	0.47171898428066383	0.9207079292070793	0.9418058194180582	1.0	1.0
ZKSC8.H12CORE.1.P.B	ZKSCAN8	C2H2 zinc finger factors	More than 3 adjacent zinc fingers	0.46896399764969776	0.4898801207660509	0.9224077592240776	0.6895310468953104	1.0	1.0
TAL1.H12CORE.2.P.B	TAL1	Basic helix-loop-helix factors (bHLH)	Tal-related	0.4689626622509484	0.4846288659274666	0.9237076292370763	0.7989201079892011	1.0	1.0
TZAP.H12CORE.0.P.B	ZBTB48	C2H2 zinc finger factors	More than 3 adjacent zinc fingers	0.46884381176219153	0.46894420315509366	0.9237076292370763	0.9571042895710429	1.0	1.0
PBX2.H12CORE.2.P.C	PBX2	Homeo domain factors	TALE-type HD	0.4686354895571811	0.46918508916994894	0.9224077592240776	0.9613038696130387	1.0	1.0
RUNX2.H12CORE.0.P.B	RUNX2	Runt domain factors	Runt-related	0.4685980983921801	0.4903908058384622	0.9274072592740726	0.6912308769123088	1.0	1.0
TBX21.H12CORE.0.PSM.A	TBX21	T-Box factors	TBrain-related	0.4685580364296773	0.473991979768389	0.9274072592740726	0.93000699930007	1.0	1.0
RUNX3.H12CORE.2.S.B	RUNX3	Runt domain factors	Runt-related	0.4684325089471722	0.48977291891746694	0.9252074792520748	0.7036296370362963	1.0	1.0
ZN329.H12CORE.1.P.C	ZNF329	C2H2 zinc finger factors	More than 3 adjacent zinc fingers	0.46835238502216664	0.46564791267671723	0.9291070892910709	0.9753024697530247	1.0	1.0
BHA15.H12CORE.0.P.B	BHLHA15	Basic helix-loop-helix factors (bHLH)	Tal-related	0.4682549009134116	0.4840532285061106	0.9277072292770723	0.805919408059194	1.0	1.0
DMRT1.H12CORE.0.PS.A	DMRT1	DM-type intertwined zinc finger factors	DMRT	0.4681921371721597	0.47029190576281316	0.9311068893110689	0.9527047295270473	1.0	1.0
ZN135.H12CORE.0.P.C	ZNF135	C2H2 zinc finger factors	More than 3 adjacent zinc fingers	0.46800785214465157	0.4766804244554197	0.9305069493050695	0.8998100189981002	1.0	1.0
NR5A2.H12CORE.0.PSM.A	NR5A2	Nuclear receptors with C4 zinc fingers	FTZF1-related (NR5A)	0.4678903370546443	0.46810849397525905	0.9332066793320668	0.9624037596240376	1.0	1.0
IRX3.H12CORE.2.S.C	IRX3	Homeo domain factors	TALE-type HD	0.4678476042946409	0.4842426989558913	0.9339066093390661	0.806019398060194	1.0	1.0
REST.H12CORE.0.P.B	REST	C2H2 zinc finger factors	Multiple dispersed zinc fingers	0.46757785374712796	0.47608256170800883	0.934906509349065	0.9053094690530947	1.0	1.0
ZN605.H12CORE.0.P.C	ZNF605	C2H2 zinc finger factors	More than 3 adjacent zinc fingers	0.46757651834837716	0.48426613800486	0.9296070392960704	0.7937206279372063	1.0	1.0
MYF5.H12CORE.0.P.B	MYF5	Basic helix-loop-helix factors (bHLH)	MyoD-ASC-related	0.46742695368837023	0.4847464845199682	0.9316068393160684	0.7916208379162084	1.0	1.0
HEY2.H12CORE.0.S.B	HEY2	Basic helix-loop-helix factors (bHLH)	Hairy-related	0.4672693766358634	0.46362694874657956	0.9383061693830617	0.9816018398160185	1.0	1.0
OLIG3.H12CORE.0.SM.B	OLIG3	Basic helix-loop-helix factors (bHLH)	Tal-related	0.46714384915335616	0.4787908508635271	0.9317068293170683	0.8700129987001299	1.0	1.0
ZN711.H12CORE.0.P.C	ZNF711	C2H2 zinc finger factors	Multiple dispersed zinc fingers	0.4668887879920922	0.4607154163219136	0.9353064693530647	0.9867013298670133	1.0	1.0
ZN143.H12CORE.0.P.B	ZNF143	C2H2 zinc finger factors	More than 3 adjacent zinc fingers	0.4667579189145866	0.45853118745404065	0.9352064793520648	0.9915008499150085	1.0	1.0
ZN784.H12CORE.0.SM.B	ZNF784	C2H2 zinc finger factors	Multiple dispersed zinc fingers	0.4664921745633255	0.4661066078033177	0.9364063593640636	0.9727027297270273	1.0	1.0
BHA15.H12CORE.1.SM.B	BHLHA15	Basic helix-loop-helix factors (bHLH)	Tal-related	0.4664387586133215	0.47045300893112274	0.941005899410059	0.9563043695630437	1.0	1.0
TBX3.H12CORE.0.PSM.A	TBX3	T-Box factors	TBX2-related	0.4663626408845684	0.4761470428281891	0.9374062593740626	0.9042095790420958	1.0	1.0
PRD14.H12CORE.0.P.B	PRDM14	C2H2 zinc finger factors	More than 3 adjacent zinc fingers	0.46635729928956776	0.46735899143461157	0.9401059894010599	0.9673032696730327	1.0	1.0
HEY1.H12CORE.0.S.B	HEY1	Basic helix-loop-helix factors (bHLH)	Hairy-related	0.46622509481331254	0.46440762450543116	0.9407059294070593	0.9764023597640236	1.0	1.0
RORG.H12CORE.0.M.C	RORC	Nuclear receptors with C4 zinc fingers	Thyroid hormone receptor-related	0.46605549917205225	0.4821205344523264	0.9443055694430557	0.8403159684031597	1.0	1.0
GABPA.H12CORE.0.PSM.A	GABPA	Tryptophan cluster factors	Ets-related	0.4660074248170508	0.4543781042622864	0.9397060293970603	0.9961003899610039	1.0	1.0
ZNF76.H12CORE.1.SM.B	ZNF76	C2H2 zinc finger factors	More than 3 adjacent zinc fingers	0.4659459964745456	0.47618117734035054	0.9439056094390561	0.9037096290370963	1.0	1.0
ZNF76.H12CORE.0.P.B	ZNF76	C2H2 zinc finger factors	More than 3 adjacent zinc fingers	0.46578174242828974	0.4597016115536975	0.9414058594140586	0.9882011798820118	1.0	1.0
UBIP1.H12CORE.0.SM.B	UBP1	Grainyhead domain factors	CP2-related	0.4656361839645326	0.4820146721446461	0.9411058894110589	0.8343165683431657	1.0	1.0
TF2LY.H12CORE.0.SM.B	TGIF2LY	Homeo domain factors	TALE-type HD	0.4654238555632714	0.48197945398021635	0.944005599440056	0.8301169883011699	1.0	1.0
PRD13.H12CORE.0.P.B	PRDM13	C2H2 zinc finger factors	Multiple dispersed zinc fingers	0.4653824582020184	0.4904703782545357	0.9466053394660534	0.6911308869113089	1.0	1.0
RFX1.H12CORE.0.PM.A	RFX1	Fork head/winged helix factors	RFX	0.4653811228032658	0.4688399035907853	0.9458054194580542	0.9627037296270373	1.0	1.0
ZN418.H12CORE.0.P.B	ZNF418	C2H2 zinc finger factors	Multiple dispersed zinc fingers	0.46532370065701445	0.47646082484959035	0.9472052794720528	0.9071092890710929	1.0	1.0
DMRTD.H12CORE.0.SM.B	DMRTC2	DM-type intertwined zinc finger factors	DMRT	0.4651647882057587	0.47505910693511083	0.9462053794620537	0.9111088891110889	1.0	1.0
ZN302.H12CORE.0.P.B	ZNF302	C2H2 zinc finger factors	More than 3 adjacent zinc fingers	0.4650432669195032	0.4661496842245331	0.9451054894510549	0.9721027897210279	1.0	1.0
ZN479.H12CORE.0.P.C	ZNF479	C2H2 zinc finger factors	More than 3 adjacent zinc fingers	0.46474280220073727	0.4855427045311851	0.9458054194580542	0.7778222177782221	1.0	1.0
TGIF2.H12CORE.0.S.B	TGIF2	Homeo domain factors	TALE-type HD	0.4643461887719679	0.48084240864936395	0.9531046895310469	0.8533146685331466	1.0	1.0
ZN577.H12CORE.0.P.B	ZNF577	C2H2 zinc finger factors	More than 3 adjacent zinc fingers	0.46428609582821523	0.47806942529247176	0.9478052194780522	0.879012098790121	1.0	1.0
MYOD1.H12CORE.0.P.B	MYOD1	Basic helix-loop-helix factors (bHLH)	MyoD-ASC-related	0.4642153196944606	0.48121249877506556	0.9501049895010499	0.846015398460154	1.0	1.0
ATOH8.H12CORE.0.P.C	ATOH8	Basic helix-loop-helix factors (bHLH)	Tal-related	0.4640630842369532	0.4902735735116866	0.952004799520048	0.6851314868513149	1.0	1.0
ZNF44.H12CORE.0.P.C	ZNF44	C2H2 zinc finger factors	More than 3 adjacent zinc fingers	0.4638227124619415	0.46862891700370285	0.954004599540046	0.961003899610039	1.0	1.0
RFX7.H12CORE.0.SM.B	RFX7	Fork head/winged helix factors	RFX	0.46359035307942903	0.45821322727103825	0.9521047895210479	0.9918008199180082	1.0	1.0
OSR1.H12CORE.0.SM.B	OSR1	C2H2 zinc finger factors	Other with up to three adjacent zinc fingers	0.4633366273169154	0.48111907324289344	0.954004599540046	0.8489151084891511	1.0	1.0
TF2LX.H12CORE.1.SM.B	TGIF2LX	Homeo domain factors	TALE-type HD	0.4631897334544098	0.4834437922787667	0.9557044295570443	0.8115188481151885	1.0	1.0
HTF4.H12CORE.0.PSM.A	TCF12	Basic helix-loop-helix factors (bHLH)	E2A	0.463085572351904	0.482477058276855	0.9528047195280472	0.8347165283471653	1.0	1.0
ETS1.H12CORE.1.P.B	ETS1	Tryptophan cluster factors	Ets-related	0.4627864430318896	0.4733329848030388	0.9544045595440456	0.928007199280072	1.0	1.0
OSR2.H12CORE.0.PSM.A	OSR2	C2H2 zinc finger factors	More than 3 adjacent zinc fingers	0.4625487420543771	0.47244471606913835	0.9556044395560443	0.935006499350065	1.0	1.0
ZNF8.H12CORE.0.P.C	ZNF8	C2H2 zinc finger factors	Multiple dispersed zinc fingers	0.4624979969018747	0.4718302263214356	0.9584041595840416	0.945005499450055	1.0	1.0
PTF1A.H12CORE.1.PS.A	PTF1A	Basic helix-loop-helix factors (bHLH)	Tal-related	0.46237246941937	0.485207824855211	0.9602039796020398	0.7834216578342166	1.0	1.0
MLX.H12CORE.1.SM.B	MLX	Basic helix-loop-helix factors (bHLH)	bHLH-ZIP	0.4622496127343626	0.47589533519488214	0.9607039296070393	0.9044095590440956	1.0	1.0
RUNX2.H12CORE.1.S.B	RUNX2	Runt domain factors	Runt-related	0.46221355696811134	0.485374919489374	0.9623037696230377	0.7869213078692131	1.0	1.0
SIX3.H12CORE.0.SM.B	SIX3	Homeo domain factors	HD-SINE	0.46219219058810956	0.461910992591883	0.9618038196180382	0.987001299870013	1.0	1.0
ATOH1.H12CORE.0.P.B	ATOH1	Basic helix-loop-helix factors (bHLH)	Tal-related	0.462081352491853	0.47951078954756465	0.9593040695930407	0.8763123687631237	1.0	1.0
TWST2.H12CORE.1.P.B	TWIST2	Basic helix-loop-helix factors (bHLH)	Tal-related	0.4618329683243405	0.4851341832559225	0.9572042795720428	0.7883211678832117	1.0	1.0
ETV1.H12CORE.1.PM.A	ETV1	Tryptophan cluster factors	Ets-related	0.4618089311468407	0.4647989941111767	0.9565043495650435	0.9725027497250275	1.0	1.0
ETV5.H12CORE.1.PM.A	ETV5	Tryptophan cluster factors	Ets-related	0.4617608567918392	0.45567025437244896	0.9643035696430357	0.9949005099490051	1.0	1.0
ZN440.H12CORE.0.P.C	ZNF440	C2H2 zinc finger factors	More than 3 adjacent zinc fingers	0.4616366647080816	0.47801601236522945	0.9608039196080392	0.8877112288771123	1.0	1.0
BHE22.H12CORE.0.SM.B	BHLHE22	Basic helix-loop-helix factors (bHLH)	Tal-related	0.4616299877143299	0.46948331209172045	0.9602039796020398	0.9548045195480452	1.0	1.0
ZN582.H12CORE.0.P.C	ZNF582	C2H2 zinc finger factors	More than 3 adjacent zinc fingers	0.46143234869932165	0.46569765021839604	0.9603039696030397	0.9739026097390261	1.0	1.0
ZKSC8.H12CORE.0.P.B	ZKSCAN8	C2H2 zinc finger factors	More than 3 adjacent zinc fingers	0.46122135569681244	0.4723749404352316	0.9622037796220378	0.9378062193780622	1.0	1.0
SCRT2.H12CORE.0.PSM.A	SCRT2	C2H2 zinc finger factors	More than 3 adjacent zinc fingers	0.46120399551306096	0.4618683221473389	0.960903909609039	0.9855014498550145	1.0	1.0
TBX2.H12CORE.0.SM.B	TBX2	T-Box factors	TBX2-related	0.46068986699428455	0.4644426977296671	0.9656034396560343	0.9774022597740226	1.0	1.0
DMRTB.H12CORE.0.P.C	DMRTB1	DM-type intertwined zinc finger factors	DMRT	0.4606725068105321	0.46491151356236504	0.963003699630037	0.9751024897510249	1.0	1.0
ETV4.H12CORE.0.P.B	ETV4	Tryptophan cluster factors	Ets-related	0.4605830350942782	0.4556471570356583	0.9662033796620338	0.9954004599540046	1.0	1.0
ZN134.H12CORE.0.P.C	ZNF134	C2H2 zinc finger factors	Multiple dispersed zinc fingers	0.4603066075530157	0.470597571013927	0.9649035096490352	0.9496050394960504	1.0	1.0
TF2L1.H12CORE.0.PSM.A	TFCP2L1	Grainyhead domain factors	CP2-related	0.4602077880455111	0.4729301252753619	0.9648035196480352	0.9299070092990701	1.0	1.0
DMTA2.H12CORE.0.SM.B	DMRTA2	DM-type intertwined zinc finger factors	DMRT	0.46016639068425774	0.470128619235124	0.9643035696430357	0.9508049195080492	1.0	1.0
ZN626.H12CORE.0.P.C	ZNF626	C2H2 zinc finger factors	More than 3 adjacent zinc fingers	0.4597203675017358	0.47121044962519854	0.9647035296470353	0.9399060093990601	1.0	1.0
ZFP69.H12CORE.0.P.C	ZFP69	C2H2 zinc finger factors	More than 3 adjacent zinc fingers	0.4595587842529793	0.4664496543518383	0.9678032196780322	0.9685031496850315	1.0	1.0
SPDEF.H12CORE.1.SM.B	SPDEF	Tryptophan cluster factors	Ets-related	0.4595200576892258	0.46584742067340185	0.9681031896810319	0.9742025797420258	1.0	1.0
TAL1.H12CORE.0.P.B	TAL1	Basic helix-loop-helix factors (bHLH)	Tal-related	0.4593838470167178	0.4719554100205498	0.9678032196780322	0.9414058594140586	1.0	1.0
ZN382.H12CORE.0.P.B	ZNF382	C2H2 zinc finger factors	Multiple dispersed zinc fingers	0.4593424496554674	0.47975540664403976	0.9705029497050295	0.8622137786221378	1.0	1.0
MLX.H12CORE.0.PM.A	MLX	Basic helix-loop-helix factors (bHLH)	bHLH-ZIP	0.45929437530046463	0.4764668648546862	0.9713028697130287	0.9145085491450855	1.0	1.0
ETS1.H12CORE.0.S.B	ETS1	Tryptophan cluster factors	Ets-related	0.4592062389829606	0.44973441859878516	0.9702029797020298	0.9982001799820018	1.0	1.0
ZSC16.H12CORE.0.PSM.A	ZSCAN16	C2H2 zinc finger factors	More than 3 adjacent zinc fingers	0.4590353079429493	0.47115112654166935	0.9687031296870313	0.948005199480052	1.0	1.0
ANDR.H12CORE.0.P.B	AR	Nuclear receptors with C4 zinc fingers	Steroid hormone receptors	0.4587895945729399	0.48429779944662443	0.9726027397260274	0.8011198880111989	1.0	1.0
PRDM5.H12CORE.1.P.B	PRDM5	C2H2 zinc finger factors	More than 3 adjacent zinc fingers	0.4587575450029373	0.46849464503290217	0.9665033496650335	0.9592040795920408	1.0	1.0
GATA1.H12CORE.0.P.B	GATA1	Other C4 zinc finger-type factors	C4-GATA-related	0.4585772661716784	0.47563547744744894	0.9705029497050295	0.9127087291270873	1.0	1.0
ZBT42.H12CORE.0.P.C	ZBTB42	C2H2 zinc finger factors	More than 3 adjacent zinc fingers	0.4584998130441729	0.4749969707387757	0.9707029297070293	0.913008699130087	1.0	1.0
USF1.H12CORE.0.PSM.A	USF1	Basic helix-loop-helix factors (bHLH)	bHLH-ZIP	0.4583849687516708	0.4751829897677608	0.9719028097190281	0.912008799120088	1.0	1.0
TCF21.H12CORE.0.PS.A	TCF21	Basic helix-loop-helix factors (bHLH)	Tal-related	0.4581793173441579	0.4792792908342731	0.9744025597440256	0.8703129687031297	1.0	1.0
SMAD5.H12CORE.0.M.C	SMAD5	SMAD/NF-1 DNA-binding domain factors	SMAD	0.4581178890016559	0.47930503755102755	0.9734026597340266	0.8697130286971303	1.0	1.0
ZN692.H12CORE.0.P.C	ZNF692	C2H2 zinc finger factors	More than 3 adjacent zinc fingers	0.45809385182415424	0.4698809955646362	0.974002599740026	0.9544045595440456	1.0	1.0
MEIS2.H12CORE.2.SM.B	MEIS2	Homeo domain factors	TALE-type HD	0.4579990385128994	0.4789963590524557	0.9723027697230276	0.8683131686831317	1.0	1.0
OSR2.H12CORE.1.M.C	OSR2	C2H2 zinc finger factors	More than 3 adjacent zinc fingers	0.45793360397414695	0.4705140672838309	0.975002499750025	0.9506049395060494	1.0	1.0
ASCL2.H12CORE.0.PSM.A	ASCL2	Basic helix-loop-helix factors (bHLH)	MyoD-ASC-related	0.45789754820789447	0.4868960266114404	0.9721027897210279	0.7962203779622038	1.0	1.0
PKNX1.H12CORE.3.SM.B	PKNOX1	Homeo domain factors	TALE-type HD	0.4578468030553923	0.4808833480723048	0.974002599740026	0.8520147985201479	1.0	1.0
ETV4.H12CORE.1.SM.B	ETV4	Tryptophan cluster factors	Ets-related	0.4577065861866359	0.45049139708096037	0.9714028597140286	0.9981001899810019	1.0	1.0
ANDR.H12CORE.1.S.C	AR	Nuclear receptors with C4 zinc fingers	Steroid hormone receptors	0.45733668073286565	0.45938827900957474	0.9746025397460254	0.9927007299270073	1.0	1.0
RORA.H12CORE.0.P.C	RORA	Nuclear receptors with C4 zinc fingers	Thyroid hormone receptor-related	0.457155066502858	0.4638714563580366	0.9761023897610239	0.9788021197880212	1.0	1.0
NR1D1.H12CORE.0.P.B	NR1D1	Nuclear receptors with C4 zinc fingers	Thyroid hormone receptor-related	0.45688130975909563	0.460185004691424	0.9766023397660234	0.9876012398760124	1.0	1.0
NGN2.H12CORE.0.P.B	NEUROG2	Basic helix-loop-helix factors (bHLH)	Tal-related	0.45674643448533764	0.46955649311398706	0.9781021897810219	0.9555044495550445	1.0	1.0
MCR.H12CORE.1.SM.B	NR3C2	Nuclear receptors with C4 zinc fingers	Steroid hormone receptors	0.4567464344853372	0.4552918651153391	0.978002199780022	0.9943005699430058	1.0	1.0
MYOD1.H12CORE.1.PSM.A	MYOD1	Basic helix-loop-helix factors (bHLH)	MyoD-ASC-related	0.4566449441803323	0.4771704504008329	0.9784021597840216	0.8939106089391061	1.0	1.0
NR1D2.H12CORE.1.SM.B	NR1D2	Nuclear receptors with C4 zinc fingers	Thyroid hormone receptor-related	0.4565180812990752	0.46225528660563847	0.976002399760024	0.9839016098390161	1.0	1.0
RUNX3.H12CORE.1.S.B	RUNX3	Runt domain factors	Runt-related	0.4562723679290645	0.48363028079232895	0.9778022197780222	0.8175182481751825	1.0	1.0
NDF2.H12CORE.0.P.B	NEUROD2	Basic helix-loop-helix factors (bHLH)	Tal-related	0.4559024624752949	0.46332786363180894	0.9768023197680232	0.9784021597840216	1.0	1.0
TWST2.H12CORE.0.P.B	TWIST2	Basic helix-loop-helix factors (bHLH)	Tal-related	0.45562870573153097	0.4732867957088352	0.9764023597640236	0.9295070492950704	1.0	1.0
ZBT12.H12CORE.0.P.B	ZBTB12	C2H2 zinc finger factors	More than 3 adjacent zinc fingers	0.4556086747502795	0.469305249904526	0.9785021497850215	0.9574042595740426	1.0	1.0
ZBT24.H12CORE.0.P.B	ZBTB24	C2H2 zinc finger factors	More than 3 adjacent zinc fingers	0.4555272154265256	0.46384558547393284	0.9793020697930207	0.9809019098090191	1.0	1.0
SIX6.H12CORE.0.SM.B	SIX6	Homeo domain factors	HD-SINE	0.45521606751776134	0.4623769242612797	0.9801019898010199	0.9842015798420158	1.0	1.0
SRBP2.H12CORE.2.M.C	SREBF2	Basic helix-loop-helix factors (bHLH)	bHLH-ZIP	0.45510656482025613	0.47125028421340975	0.9783021697830216	0.9382061793820617	1.0	1.0
OLIG2.H12CORE.1.P.B	OLIG2	Basic helix-loop-helix factors (bHLH)	Tal-related	0.45488221783024324	0.4718237927227979	0.9817018298170183	0.9474052594740526	1.0	1.0
TF2LY.H12CORE.1.SM.B	TGIF2LY	Homeo domain factors	TALE-type HD	0.4544588964264743	0.47428070005602807	0.9824017598240176	0.9235076492350764	1.0	1.0
ZN790.H12CORE.1.P.C	ZNF790	C2H2 zinc finger factors	More than 3 adjacent zinc fingers	0.45437476630521817	0.4656477197363205	0.9818018198180182	0.9779022097790221	1.0	1.0
ZN573.H12CORE.0.P.C	ZNF573	C2H2 zinc finger factors	More than 3 adjacent zinc fingers	0.45391805993269424	0.4673264013700181	0.9832016798320168	0.9654034596540346	1.0	1.0
SPDEF.H12CORE.0.PSM.A	SPDEF	Tryptophan cluster factors	Ets-related	0.4538085572351914	0.45191293434201557	0.9827017298270173	0.9974002599740026	1.0	1.0
PKNX2.H12CORE.0.SM.B	PKNOX2	Homeo domain factors	TALE-type HD	0.45361358901768045	0.4742732499813537	0.9844015598440156	0.9271072892710729	1.0	1.0
SNAI2.H12CORE.0.PSM.A	SNAI2	C2H2 zinc finger factors	More than 3 adjacent zinc fingers	0.45316355963890737	0.4574191720051241	0.9854014598540146	0.9927007299270073	1.0	1.0
NDF1.H12CORE.0.P.B	NEUROD1	Basic helix-loop-helix factors (bHLH)	Tal-related	0.4531555472464073	0.47189991421174116	0.9838016198380162	0.939006099390061	1.0	1.0
RUNX1.H12CORE.0.P.B	RUNX1	Runt domain factors	Runt-related	0.4526561081138832	0.48030828312252677	0.9847015298470153	0.8595140485951405	1.0	1.0
TFE2.H12CORE.0.PS.A	TCF3	Basic helix-loop-helix factors (bHLH)	E2A	0.4522741840713636	0.46534865709784523	0.9852014798520148	0.9757024297570243	1.0	1.0
PRGR.H12CORE.1.P.B	PGR	Nuclear receptors with C4 zinc fingers	Steroid hormone receptors	0.4521994017413599	0.4862272852286853	0.986001399860014	0.8629137086291371	1.0	1.0
TYY2.H12CORE.0.PS.A	YY2	C2H2 zinc finger factors	More than 3 adjacent zinc fingers	0.45200977511885	0.4526506337079297	0.9874012598740126	0.9973002699730027	1.0	1.0
TFCP2.H12CORE.1.SM.B	TFCP2	Grainyhead domain factors	CP2-related	0.4518308316863408	0.4630119464135253	0.9849015098490151	0.9809019098090191	1.0	1.0
ZFP42.H12CORE.0.PM.A	ZFP42	C2H2 zinc finger factors	More than 3 adjacent zinc fingers	0.45153704396132777	0.4567648105669011	0.9873012698730127	0.994000599940006	1.0	1.0
ITF2.H12CORE.0.S.B	TCF4	Basic helix-loop-helix factors (bHLH)	E2A	0.45145157844132366	0.47471449077734934	0.9862013798620138	0.9177082291770823	1.0	1.0
ZBT18.H12CORE.0.PSM.A	ZBTB18	C2H2 zinc finger factors	More than 3 adjacent zinc fingers	0.45127931200256255	0.47432645622978675	0.9881011898810119	0.9182081791820818	1.0	1.0
TWST1.H12CORE.1.P.B	TWIST1	Basic helix-loop-helix factors (bHLH)	Tal-related	0.4508826985737923	0.4747685690473374	0.9888011198880112	0.9165083491650835	1.0	1.0
TF2L1.H12CORE.1.P.B	TFCP2L1	Grainyhead domain factors	CP2-related	0.4508386304150418	0.46777379824659415	0.99000099990001	0.9647035296470353	1.0	1.0
FER3L.H12CORE.0.SM.B	FERD3L	Basic helix-loop-helix factors (bHLH)	Tal-related	0.45037925324501804	0.47226216764535467	0.9882011798820118	0.938006199380062	1.0	1.0
TBX4.H12CORE.1.S.B	TBX4	T-Box factors	TBX2-related	0.4500307141712509	0.4553143108846378	0.9875012498750125	0.9948005199480052	1.0	1.0
ZN660.H12CORE.0.SM.B	ZNF660	C2H2 zinc finger factors	More than 3 adjacent zinc fingers	0.449710218471237	0.4582875503232143	0.9892010798920108	0.9911008899110089	1.0	1.0
ELK3.H12CORE.0.PSM.A	ELK3	Tryptophan cluster factors	Ets-related	0.44965546712248156	0.4458792877696957	0.9894010598940106	0.9996000399960004	1.0	1.0
ZN296.H12CORE.0.S.C	ZNF296	C2H2 zinc finger factors	Multiple dispersed zinc fingers	0.4496407777362316	0.45140356130047965	0.992000799920008	0.9989001099890011	1.0	1.0
ELK1.H12CORE.0.PSM.A	ELK1	Tryptophan cluster factors	Ets-related	0.44953127503872536	0.4443009652475438	0.9913008699130087	0.9995000499950005	1.0	1.0
ETV1.H12CORE.0.PSM.A	ETV1	Tryptophan cluster factors	Ets-related	0.44841221088617006	0.4450376539864867	0.9911008899110089	0.9994000599940006	1.0	1.0
MESP1.H12CORE.0.S.C	MESP1	Basic helix-loop-helix factors (bHLH)	Tal-related	0.4481478019336576	0.4638956639494189	0.991000899910009	0.977002299770023	1.0	1.0
ERG.H12CORE.1.SM.B	ERG	Tryptophan cluster factors	Ets-related	0.44754420169862763	0.44804985976573164	0.991000899910009	0.9987001299870013	1.0	1.0
PTF1A.H12CORE.0.P.B	PTF1A	Basic helix-loop-helix factors (bHLH)	Tal-related	0.44645985791357207	0.46175646325956615	0.9927007299270073	0.9845015498450155	1.0	1.0
TYY1.H12CORE.1.S.B	YY1	C2H2 zinc finger factors	More than 3 adjacent zinc fingers	0.44618743656855847	0.44382173620649	0.9937006299370063	0.9998000199980002	1.0	1.0
OLIG2.H12CORE.0.P.B	OLIG2	Basic helix-loop-helix factors (bHLH)	Tal-related	0.4451858875060108	0.4602906453094227	0.9941005899410059	0.9866013398660134	1.0	1.0
FEV.H12CORE.0.S.B	FEV	Tryptophan cluster factors	Ets-related	0.44424843758346233	0.4430913503202773	0.9954004599540046	0.9997000299970003	1.0	1.0
SRBP1.H12CORE.0.P.B	SREBF1	Basic helix-loop-helix factors (bHLH)	bHLH-ZIP	0.4438945569146952	0.4642585814811643	0.9943005699430058	0.9784021597840216	1.0	1.0
HAND2.H12CORE.2.S.C	HAND2	Basic helix-loop-helix factors (bHLH)	Tal-related	0.44264462368463114	0.45266413109366505	0.9962003799620038	0.997000299970003	1.0	1.0
ZKSC1.H12CORE.0.P.B	ZKSCAN1	C2H2 zinc finger factors	More than 3 adjacent zinc fingers	0.44251909620212626	0.46012079888834706	0.9973002699730027	0.9894010598940106	1.0	1.0
TYY1.H12CORE.0.PSM.A	YY1	C2H2 zinc finger factors	More than 3 adjacent zinc fingers	0.44222797927461166	0.44994780642743315	0.9948005199480052	0.9983001699830018	1.0	1.0
ELK4.H12CORE.0.PSM.A	ELK4	Tryptophan cluster factors	Ets-related	0.4421198119758545	0.44217364707732176	0.9957004299570043	0.9997000299970003	1.0	1.0
TFAP4.H12CORE.0.PSM.A	TFAP4	Basic helix-loop-helix factors (bHLH)	bHLH-ZIP	0.442054377437103	0.46138620852667495	0.9964003599640036	0.9868013198680132	1.0	1.0
NDF2.H12CORE.1.S.B	NEUROD2	Basic helix-loop-helix factors (bHLH)	Tal-related	0.44143475241707203	0.45472168168681637	0.9968003199680032	0.9949005099490051	1.0	1.0
ETV5.H12CORE.0.PS.A	ETV5	Tryptophan cluster factors	Ets-related	0.43988702526574236	0.441218583683695	0.9975002499750025	0.9996000399960004	1.0	1.0
MUSC.H12CORE.0.SM.B	MSC	Basic helix-loop-helix factors (bHLH)	Tal-related	0.43902702847070063	0.4621573794686038	0.998000199980002	0.985001499850015	1.0	1.0
GRHL1.H12CORE.0.PSM.A	GRHL1	Grainyhead domain factors	Grainyhead-related	0.4380107900219004	0.45916815057072646	0.9973002699730027	0.9909009099090091	1.0	1.0
FIGLA.H12CORE.0.SM.B	FIGLA	Basic helix-loop-helix factors (bHLH)	Tal-related	0.43500881363175065	0.4532918502260274	0.9985001499850015	0.9953004699530047	1.0	1.0
MAD4.H12CORE.0.P.C	MXD4	Basic helix-loop-helix factors (bHLH)	bHLH-ZIP	0.434765771059238	0.44858471620105395	0.9983001699830018	0.9991000899910009	1.0	1.0
ITF2.H12CORE.1.PSM.A	TCF4	Basic helix-loop-helix factors (bHLH)	E2A	0.43280006409913985	0.45349209645251204	0.9991000899910009	0.9967003299670033	1.0	1.0
NDF1.H12CORE.1.S.C	NEUROD1	Basic helix-loop-helix factors (bHLH)	Tal-related	0.42798862240264995	0.4449637451251977	0.9998000199980002	0.9998000199980002	1.0	1.0
GLI3.H12CORE.1.M.C	GLI3	C2H2 zinc finger factors	More than 3 adjacent zinc fingers	0.4276748036963832	0.44039841835214905	0.9999000099990001	0.9999000099990001	1.0	1.0
MYF6.H12CORE.0.SM.B	MYF6	Basic helix-loop-helix factors (bHLH)	MyoD-ASC-related	0.42503472036750256	0.4539933954884213	0.9995000499950005	0.9961003899610039	1.0	1.0
ETS2.H12CORE.0.S.C	ETS2	Tryptophan cluster factors	Ets-related	0.42500133539874996	0.434655472709048	0.9998000199980002	0.9998000199980002	1.0	1.0
SNAI3.H12CORE.0.S.C	SNAI3	C2H2 zinc finger factors	More than 3 adjacent zinc fingers	0.4200563538272526	0.4405800446936246	0.9999000099990001	0.9999000099990001	1.0	1.0
SNAI1.H12CORE.0.PSM.A	SNAI1	C2H2 zinc finger factors	More than 3 adjacent zinc fingers	0.41818412477965866	0.4394850759933899	0.9999000099990001	0.9997000299970003	1.0	1.0
ZEB2.H12CORE.0.P.B	ZEB2	Homeo domain factors	HD-ZF	0.41596469205704834	0.4506643965050749	0.9999000099990001	0.9993000699930007	1.0	1.0
ZEB1.H12CORE.0.P.B	ZEB1	Homeo domain factors	HD-ZF	0.39974760963623673	0.438401955518104	1.0	1.0	1.0	1.0
