motif_id	tf_name	tf_class	tf_family	auc_roc	auc_prc	p_value_roc	p_value_prc	p_value_roc_adj	p_value_prc_adj
IRF4.H12CORE.0.P.B	IRF4	Tryptophan cluster factors	IRF	0.7151771374586687	0.7586878719900564	9.999000099990002e-05	9.999000099990002e-05	0.006011898810118988	0.005771422857714229
IRF8.H12CORE.0.P.B	IRF8	Tryptophan cluster factors	IRF	0.7029026924893725	0.7502681105019612	9.999000099990002e-05	9.999000099990002e-05	0.006011898810118988	0.005771422857714229
STAT1.H12CORE.1.P.B	STAT1	STAT domain factors	STAT	0.6912942843646707	0.7523400808259426	9.999000099990002e-05	9.999000099990002e-05	0.006011898810118988	0.005771422857714229
STAT2.H12CORE.0.P.B	STAT2	STAT domain factors	STAT	0.6902550779404852	0.7504787545705226	9.999000099990002e-05	9.999000099990002e-05	0.006011898810118988	0.005771422857714229
IRF1.H12CORE.0.P.B	IRF1	Tryptophan cluster factors	IRF	0.6893150684931527	0.7490045551314909	9.999000099990002e-05	9.999000099990002e-05	0.006011898810118988	0.005771422857714229
IRF2.H12CORE.0.PSM.A	IRF2	Tryptophan cluster factors	IRF	0.6829026924893749	0.7445502488251807	9.999000099990002e-05	9.999000099990002e-05	0.006011898810118988	0.005771422857714229
IRF9.H12CORE.0.PSM.A	IRF9	Tryptophan cluster factors	IRF	0.6730302314596159	0.7383716806974685	9.999000099990002e-05	9.999000099990002e-05	0.006011898810118988	0.005771422857714229
IRF8.H12CORE.2.SM.B	IRF8	Tryptophan cluster factors	IRF	0.671152574397734	0.7296885776204137	9.999000099990002e-05	9.999000099990002e-05	0.006011898810118988	0.005771422857714229
IRF7.H12CORE.1.SM.B	IRF7	Tryptophan cluster factors	IRF	0.669376476145492	0.7249593091223842	9.999000099990002e-05	9.999000099990002e-05	0.006011898810118988	0.005771422857714229
IRF4.H12CORE.1.S.B	IRF4	Tryptophan cluster factors	IRF	0.665826641473785	0.7065606960626161	9.999000099990002e-05	9.999000099990002e-05	0.006011898810118988	0.005771422857714229
IRF8.H12CORE.1.SM.B	IRF8	Tryptophan cluster factors	IRF	0.665486537553142	0.7316840539651236	9.999000099990002e-05	9.999000099990002e-05	0.006011898810118988	0.005771422857714229
IRF5.H12CORE.0.SM.B	IRF5	Tryptophan cluster factors	IRF	0.6648582900330664	0.7098767833061764	9.999000099990002e-05	9.999000099990002e-05	0.006011898810118988	0.005771422857714229
IRF3.H12CORE.0.PS.A	IRF3	Tryptophan cluster factors	IRF	0.6610250354274922	0.711991113384612	9.999000099990002e-05	9.999000099990002e-05	0.006011898810118988	0.005771422857714229
PRDM1.H12CORE.1.PS.A	PRDM1	C2H2 zinc finger factors	More than 3 adjacent zinc fingers	0.6561100614076545	0.6662868369037311	9.999000099990002e-05	9.999000099990002e-05	0.006011898810118988	0.005771422857714229
PRDM1.H12CORE.0.S.B	PRDM1	C2H2 zinc finger factors	More than 3 adjacent zinc fingers	0.6496457250826679	0.658475576549148	9.999000099990002e-05	9.999000099990002e-05	0.006011898810118988	0.005771422857714229
IRF4.H12CORE.2.SM.B	IRF4	Tryptophan cluster factors	IRF	0.6435758148323116	0.6854367082270776	9.999000099990002e-05	9.999000099990002e-05	0.006011898810118988	0.005771422857714229
IRF6.H12CORE.1.S.C	IRF6	Tryptophan cluster factors	IRF	0.632064241851679	0.6814559736041298	9.999000099990002e-05	9.999000099990002e-05	0.006011898810118988	0.005771422857714229
IRF7.H12CORE.0.S.B	IRF7	Tryptophan cluster factors	IRF	0.6240056683986791	0.6456241958893326	9.999000099990002e-05	9.999000099990002e-05	0.006011898810118988	0.005771422857714229
IRF6.H12CORE.0.SM.B	IRF6	Tryptophan cluster factors	IRF	0.6211927255550331	0.6378483472051274	9.999000099990002e-05	9.999000099990002e-05	0.006011898810118988	0.005771422857714229
IRF3.H12CORE.1.SM.B	IRF3	Tryptophan cluster factors	IRF	0.6099622106754868	0.6155913413678129	9.999000099990002e-05	9.999000099990002e-05	0.006011898810118988	0.005771422857714229
ZN418.H12CORE.0.P.B	ZNF418	C2H2 zinc finger factors	Multiple dispersed zinc fingers	0.6002928672650006	0.568773104700358	0.00019998000199980003	0.0011998800119988001	0.010306112245918266	0.0332966703329667
FOSB.H12CORE.0.P.B	FOSB	Basic leucine zipper factors (bZIP)	Fos-related	0.599090694378839	0.5745847200545416	0.00019998000199980003	0.000999900009999	0.010306112245918266	0.03005949405059494
FOSL1.H12CORE.0.P.B	FOSL1	Basic leucine zipper factors (bZIP)	Fos-related	0.5983325460557407	0.5781030874078934	0.00019998000199980003	0.00029997000299970003	0.010306112245918266	0.013963119817050553
MAFB.H12CORE.1.P.B	MAFB	Basic leucine zipper factors (bZIP)	Maf-related	0.5975649504015149	0.5638488373201895	0.00019998000199980003	0.0033996600339966003	0.010306112245918266	0.06510446516323977
NFE2.H12CORE.1.SM.B	NFE2	Basic leucine zipper factors (bZIP)	Jun-related	0.5939064714218248	0.5966152828642858	9.999000099990002e-05	9.999000099990002e-05	0.006011898810118988	0.005771422857714229
IRF5.H12CORE.1.S.B	IRF5	Tryptophan cluster factors	IRF	0.5912281530467648	0.6101708005117326	0.00029997000299970003	9.999000099990002e-05	0.014428557144285571	0.005771422857714229
STAT1.H12CORE.0.P.B	STAT1	STAT domain factors	STAT	0.5895087387812956	0.6105890374626054	9.999000099990002e-05	9.999000099990002e-05	0.006011898810118988	0.005771422857714229
ZN112.H12CORE.0.P.C	ZNF112	C2H2 zinc finger factors	Multiple dispersed zinc fingers	0.5892442135096851	0.5638539442694342	9.999000099990002e-05	0.0017998200179982	0.006011898810118988	0.039350610393506104
TAL1.H12CORE.1.P.B	TAL1	Basic helix-loop-helix factors (bHLH)	Tal-related	0.5877066603684487	0.5721639652433241	0.0005999400059994001	0.0010998900109989002	0.02164283571642836	0.0323906384871717
PTF1A.H12CORE.1.PS.A	PTF1A	Basic helix-loop-helix factors (bHLH)	Tal-related	0.5863462446858776	0.5617069721870941	9.999000099990002e-05	0.0035996400359964	0.006011898810118988	0.06510446516323977
JUND.H12CORE.0.PM.A	JUND	Basic leucine zipper factors (bZIP)	Jun-related	0.5851464336325016	0.5755568663547554	0.00029997000299970003	0.0004999500049995	0.014428557144285571	0.02061222449183653
JUNB.H12CORE.0.PM.A	JUNB	Basic leucine zipper factors (bZIP)	Jun-related	0.5832191780821936	0.5674300210444609	0.0004999500049995	0.0013998600139986002	0.02061222449183653	0.03607139286071393
MYOD1.H12CORE.1.PSM.A	MYOD1	Basic helix-loop-helix factors (bHLH)	MyoD-ASC-related	0.5832073689182823	0.5530149231910707	0.0004999500049995	0.0081991800819918	0.02061222449183653	0.11161714017277517
ZIM3.H12CORE.0.P.B	ZIM3	C2H2 zinc finger factors	More than 3 adjacent zinc fingers	0.582683042040627	0.5775802888265882	0.0005999400059994001	0.00019998000199980003	0.02164283571642836	0.009950729065024533
NR6A1.H12CORE.0.P.C	NR6A1	Nuclear receptors with C4 zinc fingers	GCNF (NR6)	0.5826334435521985	0.56568008674419	0.0005999400059994001	0.0022997700229977	0.02164283571642836	0.048095190480951906
TCF21.H12CORE.0.PS.A	TCF21	Basic helix-loop-helix factors (bHLH)	Tal-related	0.5816131317902724	0.5643529840496628	0.0004999500049995	0.0014998500149985001	0.02061222449183653	0.03796988722180413
HAND1.H12CORE.1.P.B	HAND1	Basic helix-loop-helix factors (bHLH)	Tal-related	0.5814147378365632	0.5372879550482231	0.0005999400059994001	0.05019498050194981	0.02164283571642836	0.28461036249316246
ATOH8.H12CORE.0.P.C	ATOH8	Basic helix-loop-helix factors (bHLH)	Tal-related	0.5808006613131801	0.568492576740872	0.0007999200079992001	0.0016998300169983002	0.025650768256507687	0.03832585491450855
COE3.H12CORE.0.P.B	EBF3	Rel homology region (RHR) factors	EBF-related	0.5804227680680222	0.5748602957543459	0.0006999300069993001	0.00019998000199980003	0.023488348839534653	0.009950729065024533
FOSL2.H12CORE.0.P.B	FOSL2	Basic leucine zipper factors (bZIP)	Fos-related	0.5802456306093541	0.5688331999373412	0.0006999300069993001	0.0015998400159984002	0.023488348839534653	0.03832585491450855
ZSC21.H12CORE.0.P.C	ZSCAN21	C2H2 zinc finger factors	More than 3 adjacent zinc fingers	0.5798086915446423	0.5436824752927886	0.0004999500049995	0.020997900209979003	0.02061222449183653	0.18575687341445496
PTF1A.H12CORE.0.P.B	PTF1A	Basic helix-loop-helix factors (bHLH)	Tal-related	0.579669343410488	0.5739966607673338	0.0006999300069993001	9.999000099990002e-05	0.023488348839534653	0.005771422857714229
COE1.H12CORE.0.P.B	EBF1	Rel homology region (RHR) factors	EBF-related	0.5796315540859706	0.5709709426888464	0.0013998600139986002	0.0011998800119988001	0.033666633336666335	0.0332966703329667
PRDM4.H12CORE.0.PSM.A	PRDM4	C2H2 zinc finger factors	Multiple dispersed zinc fingers	0.5792158715162966	0.5668044311783005	0.0004999500049995	0.0016998300169983002	0.02061222449183653	0.03832585491450855
ZN317.H12CORE.0.P.B	ZNF317	C2H2 zinc finger factors	More than 3 adjacent zinc fingers	0.5785096835144091	0.5460437705903606	0.000999900009999	0.018598140185981403	0.0294460349883379	0.17750922276193434
ATOH1.H12CORE.0.P.B	ATOH1	Basic helix-loop-helix factors (bHLH)	Tal-related	0.578367973547475	0.5867297218012777	0.0007999200079992001	0.00019998000199980003	0.025650768256507687	0.009950729065024533
Z280A.H12CORE.0.P.B	ZNF280A	C2H2 zinc finger factors	More than 3 adjacent zinc fingers	0.5781128956069951	0.5547776514470966	0.0011998800119988001	0.0065993400659934	0.03266843127008054	0.0933612521100831
FIGLA.H12CORE.0.SM.B	FIGLA	Basic helix-loop-helix factors (bHLH)	Tal-related	0.5780255077940492	0.5571761479080048	0.0013998600139986002	0.0035996400359964	0.033666633336666335	0.06510446516323977
ASCL1.H12CORE.0.PSM.A	ASCL1	Basic helix-loop-helix factors (bHLH)	MyoD-ASC-related	0.5779546528105821	0.567301786396577	0.0005999400059994001	0.0013998600139986002	0.02164283571642836	0.03607139286071393
BATF3.H12CORE.0.P.B	BATF3	Basic leucine zipper factors (bZIP)	B-ATF-related	0.5777916863486069	0.5794828605005702	0.0008999100089991	0.00019998000199980003	0.02762915197841918	0.009950729065024533
ZN621.H12CORE.0.P.C	ZNF621	C2H2 zinc finger factors	More than 3 adjacent zinc fingers	0.5774444969296182	0.5547468277619972	0.0016998300169983002	0.006399360063993601	0.04021073302505815	0.0933612521100831
MAF.H12CORE.0.PM.A	MAF	Basic leucine zipper factors (bZIP)	Maf-related	0.5765517241379314	0.5589432138063724	0.0023997600239976003	0.004399560043995601	0.0487725875299794	0.07133219262343428
FOS.H12CORE.0.P.B	FOS	Basic leucine zipper factors (bZIP)	Fos-related	0.5763769485120471	0.5596447783212508	0.0008999100089991	0.0033996600339966003	0.02762915197841918	0.06510446516323977
STA5B.H12CORE.0.P.B	STAT5B	STAT domain factors	STAT	0.57609589041096	0.5793245558841977	0.0020997900209979003	0.0004999500049995	0.045223835825372684	0.02061222449183653
OLIG2.H12CORE.1.P.B	OLIG2	Basic helix-loop-helix factors (bHLH)	Tal-related	0.5759423712801143	0.5727249016050513	0.0013998600139986002	0.000999900009999	0.033666633336666335	0.03005949405059494
BATF3.H12CORE.1.P.B	BATF3	Basic leucine zipper factors (bZIP)	B-ATF-related	0.5757817666509233	0.558624547462239	0.0011998800119988001	0.0040995900409959	0.03266843127008054	0.07042510034710814
STA5A.H12CORE.0.P.B	STAT5A	STAT domain factors	STAT	0.5755739253660865	0.5732867734836415	0.0012998700129987	0.0008999100089991	0.033666633336666335	0.029512957795129576
ZFP90.H12CORE.1.P.C	ZFP90	C2H2 zinc finger factors	More than 3 adjacent zinc fingers	0.5754322153991491	0.5546359083891291	0.0013998600139986002	0.007699230076992301	0.033666633336666335	0.10580941905809418
SRF.H12CORE.0.PSM.A	SRF	MADS box factors	Responders to external signals	0.5751511572980651	0.5693947900267858	0.000999900009999	0.0013998600139986002	0.0294460349883379	0.03607139286071393
ZFP1.H12CORE.0.PSM.A	ZFP1	C2H2 zinc finger factors	More than 3 adjacent zinc fingers	0.5749409541804466	0.5664089938029361	0.0013998600139986002	0.0008999100089991	0.033666633336666335	0.029512957795129576
ZN134.H12CORE.0.P.C	ZNF134	C2H2 zinc finger factors	Multiple dispersed zinc fingers	0.5744520547945198	0.5645400954849576	0.0012998700129987	0.0018998100189981002	0.033666633336666335	0.04091680384200386
BCL6B.H12CORE.0.PSM.A	BCL6B	C2H2 zinc finger factors	More than 3 adjacent zinc fingers	0.5741308455361376	0.5662338459053313	0.0010998900109989002	0.0011998800119988001	0.03174282571742826	0.0332966703329667
SMAD2.H12CORE.1.P.B	SMAD2	SMAD/NF-1 DNA-binding domain factors	SMAD	0.5741261218705731	0.5612048370857388	0.0022997700229977	0.004399560043995601	0.0487725875299794	0.07133219262343428
MEF2B.H12CORE.0.PS.A	MEF2B	MADS box factors	Regulators of differentiation	0.5738615965989616	0.5562024334670009	0.0020997900209979003	0.004399560043995601	0.045223835825372684	0.07133219262343428
ZN716.H12CORE.0.P.C	ZNF716	C2H2 zinc finger factors	More than 3 adjacent zinc fingers	0.5731128956069935	0.5526909993684714	0.001999800019998	0.0082991700829917	0.04508924107589241	0.11192245261455162
BATF.H12CORE.1.P.B	BATF	Basic leucine zipper factors (bZIP)	B-ATF-related	0.57300425129901	0.5551901221804576	0.0011998800119988001	0.004399560043995601	0.03266843127008054	0.07133219262343428
ZN605.H12CORE.0.P.C	ZNF605	C2H2 zinc finger factors	More than 3 adjacent zinc fingers	0.5728578176665111	0.5458300828723989	0.0017998200179982	0.0197980201979802	0.04188935945115166	0.18196524296614922
TWST2.H12CORE.1.P.B	TWIST2	Basic helix-loop-helix factors (bHLH)	Tal-related	0.5721776098252265	0.572954787654421	0.001999800019998	0.0008999100089991	0.04508924107589241	0.029512957795129576
NGN2.H12CORE.0.P.B	NEUROG2	Basic helix-loop-helix factors (bHLH)	Tal-related	0.5720689655172425	0.5713822236137219	0.0023997600239976003	0.00039996000399960006	0.0487725875299794	0.018035696430356966
TWST1.H12CORE.1.P.B	TWIST1	Basic helix-loop-helix factors (bHLH)	Tal-related	0.5718115257439803	0.558497164023375	0.0025997400259974	0.004299570042995701	0.0506949305069493	0.07133219262343428
ZNF79.H12CORE.0.P.C	ZNF79	C2H2 zinc finger factors	More than 3 adjacent zinc fingers	0.5705810108644329	0.5424964074526872	0.0025997400259974	0.025297470252974703	0.0506949305069493	0.20057279986287085
ZFP90.H12CORE.0.P.C	ZFP90	C2H2 zinc finger factors	More than 3 adjacent zinc fingers	0.5705077940481846	0.5452445316233258	0.0033996600339966003	0.020597940205979402	0.06371051206567656	0.18551002042652878
ZN790.H12CORE.0.P.C	ZNF790	C2H2 zinc finger factors	More than 3 adjacent zinc fingers	0.5702692489371765	0.5579230806625868	0.0020997900209979003	0.005599440055994401	0.045223835825372684	0.08329888660618474
ZN787.H12CORE.0.M.C	ZNF787	C2H2 zinc finger factors	Multiple dispersed zinc fingers	0.569997638167218	0.5532764244174354	0.0024997500249975004	0.008599140085991401	0.05009915675099157	0.11364084830455007
ZN649.H12CORE.0.P.C	ZNF649	C2H2 zinc finger factors	More than 3 adjacent zinc fingers	0.5694615021256517	0.5464118483926377	0.0038996100389961006	0.019498050194980503	0.0694708306947083	0.18152055762165722
NR6A1.H12CORE.1.P.C	NR6A1	Nuclear receptors with C4 zinc fingers	GCNF (NR6)	0.5691568256967433	0.5639249578176432	0.0023997600239976003	0.0017998200179982	0.0487725875299794	0.039350610393506104
NDF2.H12CORE.0.P.B	NEUROD2	Basic helix-loop-helix factors (bHLH)	Tal-related	0.5687033538025514	0.5702284944659994	0.004399560043995601	0.0007999200079992001	0.07557815647006728	0.029512957795129576
SOX1.H12CORE.0.S.B	SOX1	High-mobility group (HMG) domain factors	SOX-related	0.5678129428436481	0.5289786236992935	0.0030996900309969004	0.08759124087591241	0.059638036196380355	0.39712455086779724
CPEB1.H12CORE.0.S.B	CPEB1	Uncharacterized	Unannotated	0.5674870099196986	0.5973799991214565	0.0045995400459954	0.00029997000299970003	0.07628892283185473	0.013963119817050553
ZBT16.H12CORE.0.P.B	ZBTB16	C2H2 zinc finger factors	More than 3 adjacent zinc fingers	0.5673665564478043	0.546517838120114	0.0051994800519948	0.017198280171982803	0.08336499683364997	0.16998026224774784
ZFP82.H12CORE.0.P.C	ZFP82	C2H2 zinc finger factors	More than 3 adjacent zinc fingers	0.566547000472371	0.5410495519499262	0.0044995500449955	0.030996900309969003	0.07628892283185473	0.21677687303733392
ZN554.H12CORE.1.P.C	ZNF554	C2H2 zinc finger factors	More than 3 adjacent zinc fingers	0.5663462446858786	0.5621007391838456	0.004199580041995801	0.0025997400259974	0.07301197591084266	0.05283696982414435
ZNF7.H12CORE.0.P.B	ZNF7	C2H2 zinc finger factors	More than 3 adjacent zinc fingers	0.5662753897024095	0.548047960268056	0.0038996100389961006	0.016798320167983202	0.0694708306947083	0.16833316668333168
BACH2.H12CORE.1.SM.B	BACH2	Basic leucine zipper factors (bZIP)	Jun-related	0.5660628247520086	0.5769387099604568	0.0031996800319968005	0.0005999400059994001	0.06075181955488662	0.024047595240475953
ZNF85.H12CORE.0.P.B	ZNF85	C2H2 zinc finger factors	More than 3 adjacent zinc fingers	0.5660203117619306	0.5512332815385543	0.0034996500349965005	0.009999000099990002	0.06474352564743525	0.1212483793637443
ZN33B.H12CORE.0.P.C	ZNF33B	C2H2 zinc finger factors	More than 3 adjacent zinc fingers	0.5658573452999539	0.5541728042686274	0.0045995400459954	0.0064993500649935	0.07628892283185473	0.0933612521100831
ZBT26.H12CORE.0.PSM.A	ZBTB26	C2H2 zinc finger factors	More than 3 adjacent zinc fingers	0.5650519603212096	0.538585902174434	0.0038996100389961006	0.07899210078992101	0.0694708306947083	0.37619010376190104
MYF5.H12CORE.0.P.B	MYF5	Basic helix-loop-helix factors (bHLH)	MyoD-ASC-related	0.56456542276807	0.5478804829382935	0.0046995300469953	0.015398460153984602	0.07706161202061612	0.1597447398117331
FOXD3.H12CORE.0.P.C	FOXD3	Fork head/winged helix factors	FOX	0.5641828058573487	0.5368944502826857	0.005699430056994301	0.0443955604439556	0.0874923145983274	0.26873187681231875
SMAD3.H12CORE.1.P.B	SMAD3	SMAD/NF-1 DNA-binding domain factors	SMAD	0.5637128011336815	0.5673126912968378	0.0065993400659934	0.0016998300169983002	0.09295320467953204	0.03832585491450855
NR1D1.H12CORE.0.P.B	NR1D1	Nuclear receptors with C4 zinc fingers	Thyroid hormone receptor-related	0.5633868682097316	0.5432033934644924	0.0053994600539946005	0.026497350264973504	0.08562000942762867	0.20633584309962785
PRD16.H12CORE.0.P.B	PRDM16	C2H2 zinc finger factors	Multiple dispersed zinc fingers	0.5633372697213055	0.559377432212422	0.005099490050994901	0.0036996300369963003	0.08268049599534429	0.06510446516323977
ANDR.H12CORE.2.P.B	AR	Nuclear receptors with C4 zinc fingers	Steroid hormone receptors	0.5632120925838469	0.5726951968503371	0.004199580041995801	0.0007999200079992001	0.07301197591084266	0.029512957795129576
MAFF.H12CORE.0.PSM.A	MAFF	Basic leucine zipper factors (bZIP)	Maf-related	0.5631884742560257	0.5482673134517035	0.005699430056994301	0.012898710128987101	0.0874923145983274	0.1454040642447383
ZN554.H12CORE.0.P.C	ZNF554	C2H2 zinc finger factors	More than 3 adjacent zinc fingers	0.5630444024563082	0.5480546384230411	0.005699430056994301	0.013298670132986702	0.0874923145983274	0.14761523847615238
RARA.H12CORE.2.P.B	RARA	Nuclear receptors with C4 zinc fingers	Thyroid hormone receptor-related	0.5627964100141727	0.5418025352449457	0.0059994000599940004	0.027297270272972702	0.09073628719602267	0.20633584309962785
ITF2.H12CORE.1.PSM.A	TCF4	Basic helix-loop-helix factors (bHLH)	E2A	0.5627373641946157	0.541802914116463	0.006299370062993701	0.027197280271972803	0.09275501021326439	0.20633584309962785
ZIC3.H12CORE.0.P.B	ZIC3	C2H2 zinc finger factors	More than 3 adjacent zinc fingers	0.5625177137458676	0.5674390087611008	0.0072992700729927005	0.0016998300169983002	0.09619038096190381	0.03832585491450855
BACH2.H12CORE.0.P.B	BACH2	Basic leucine zipper factors (bZIP)	Jun-related	0.5624893717524811	0.550650320561053	0.006099390060993901	0.009599040095990401	0.09073628719602267	0.1173848716823233
ZN562.H12CORE.0.P.C	ZNF562	C2H2 zinc finger factors	More than 3 adjacent zinc fingers	0.5623618327822414	0.5339864528490682	0.006099390060993901	0.056394360563943605	0.09073628719602267	0.3082464480824645
NF2L2.H12CORE.0.P.B	NFE2L2	Basic leucine zipper factors (bZIP)	Jun-related	0.5622862541332085	0.5506645715016482	0.007999200079992	0.012598740125987402	0.09865680098656801	0.14428557144285573
ASCL2.H12CORE.0.PSM.A	ASCL2	Basic helix-loop-helix factors (bHLH)	MyoD-ASC-related	0.5621988663202655	0.5730608001079852	0.006999300069993001	0.0015998400159984002	0.09351842593518427	0.03832585491450855
NDF1.H12CORE.0.P.B	NEUROD1	Basic helix-loop-helix factors (bHLH)	Tal-related	0.5620547945205495	0.5632919199892434	0.006399360063993601	0.0023997600239976003	0.09295320467953204	0.04946933878040767
PPARD.H12CORE.0.PSM.A	PPARD	Nuclear receptors with C4 zinc fingers	Thyroid hormone receptor-related	0.5620288143599423	0.5435498290920008	0.006799320067993201	0.025597440255974404	0.09304396663137425	0.20184211087088014
ZN285.H12CORE.0.P.C	ZNF285	C2H2 zinc finger factors	More than 3 adjacent zinc fingers	0.5619768540387358	0.5235267997695436	0.0065993400659934	0.1287871212878712	0.09295320467953204	0.45211813770079307
MAFK.H12CORE.1.P.B	MAFK	Basic leucine zipper factors (bZIP)	Maf-related	0.5618540387340597	0.546467986002675	0.007599240075992401	0.0174982501749825	0.09704162327130118	0.17176853743197107
MAFA.H12CORE.1.M.C	MAFA	Basic leucine zipper factors (bZIP)	Maf-related	0.5617477562588576	0.5551420011046222	0.006899310068993101	0.0064993500649935	0.09304396663137425	0.0933612521100831
STAT4.H12CORE.0.P.B	STAT4	STAT domain factors	STAT	0.5617406707605118	0.584500173847266	0.0065993400659934	9.999000099990002e-05	0.09295320467953204	0.005771422857714229
SOX8.H12CORE.0.PSM.A	SOX8	High-mobility group (HMG) domain factors	SOX-related	0.5616627302786993	0.5350731328556603	0.007899210078992101	0.0484951504849515	0.09826344951711727	0.27879881334575707
ZN197.H12CORE.0.P.C	ZNF197	C2H2 zinc finger factors	More than 3 adjacent zinc fingers	0.5614454416627321	0.5369196773403654	0.007899210078992101	0.04279572042795721	0.09826344951711727	0.26618200248940627
MAFK.H12CORE.0.PS.A	MAFK	Basic leucine zipper factors (bZIP)	Maf-related	0.561438356164387	0.5421469202492327	0.007399260073992601	0.022997700229977002	0.09619038096190381	0.1940683124669989
BATF.H12CORE.0.P.B	BATF	Basic leucine zipper factors (bZIP)	B-ATF-related	0.5612966461974495	0.5620722155495356	0.0066993300669933005	0.0035996400359964	0.09295320467953204	0.06510446516323977
TBX4.H12CORE.0.PS.A	TBX4	T-Box factors	TBX2-related	0.56123287671233	0.5411288183650055	0.0066993300669933005	0.028397160283971604	0.09295320467953204	0.21013898610138987
HEN1.H12CORE.0.S.B	NHLH1	Basic helix-loop-helix factors (bHLH)	Tal-related	0.5607534246575342	0.555952647068184	0.007399260073992601	0.0052994700529947	0.09619038096190381	0.08049616091022477
NF2L2.H12CORE.1.P.B	NFE2L2	Basic leucine zipper factors (bZIP)	Jun-related	0.5606683986773754	0.5556363841750682	0.006899310068993101	0.0047995200479952005	0.09304396663137425	0.07446997235760294
ZIC2.H12CORE.0.P.B	ZIC2	C2H2 zinc finger factors	More than 3 adjacent zinc fingers	0.5606164383561654	0.5668386023668521	0.009099090090990901	0.001999800019998	0.10705058526405423	0.0424369327773105
ZN582.H12CORE.0.P.C	ZNF582	C2H2 zinc finger factors	More than 3 adjacent zinc fingers	0.5604440245630633	0.5487705254823783	0.0091990800919908	0.014898510148985102	0.10705058526405423	0.15578659525351815
BACH1.H12CORE.0.P.B	BACH1	Basic leucine zipper factors (bZIP)	Jun-related	0.5603542749173377	0.5700705529088976	0.0081991800819918	0.0007999200079992001	0.10026624456198449	0.029512957795129576
ZN440.H12CORE.0.P.C	ZNF440	C2H2 zinc finger factors	More than 3 adjacent zinc fingers	0.5602479924421379	0.5306010980741384	0.0084991500849915	0.0756924307569243	0.1022022797720228	0.36872979368729797
MYOD1.H12CORE.0.P.B	MYOD1	Basic helix-loop-helix factors (bHLH)	MyoD-ASC-related	0.5599078885214949	0.5419990012809971	0.009799020097990201	0.027497250274972504	0.10987901209879011	0.20633584309962785
NFAC2.H12CORE.0.P.B	NFATC2	Rel homology region (RHR) factors	NFAT-related	0.5598677373641978	0.5467857792537933	0.007799220077992201	0.014798520147985201	0.09826344951711727	0.15578659525351815
MUSC.H12CORE.0.SM.B	MSC	Basic helix-loop-helix factors (bHLH)	Tal-related	0.559641001417101	0.5461352399667426	0.010698930106989302	0.021497850214978503	0.11521310555511613	0.18575687341445496
ZN821.H12CORE.0.SM.B	ZN821	Uncharacterized	Unannotated	0.5596362777515362	0.5702388221218461	0.007499250074992501	0.000999900009999	0.09661980230548374	0.03005949405059494
NFE2.H12CORE.0.P.B	NFE2	Basic leucine zipper factors (bZIP)	Jun-related	0.5595843174303258	0.551136253132042	0.009599040095990401	0.010498950104989501	0.10987901209879011	0.12520648761570125
ZN157.H12CORE.0.P.B	ZNF157	C2H2 zinc finger factors	More than 3 adjacent zinc fingers	0.5593788379782719	0.5677468050412112	0.011398860113988602	0.0012998700129987	0.11833492909701837	0.035390800542587246
MAFB.H12CORE.0.PS.A	MAFB	Basic leucine zipper factors (bZIP)	Maf-related	0.5592347661785554	0.5482553848374611	0.0091990800919908	0.012998700129987	0.10705058526405423	0.1454040642447383
LYL1.H12CORE.0.P.C	LYL1	Basic helix-loop-helix factors (bHLH)	Tal-related	0.5587009919697711	0.5437409678899313	0.0112988701129887	0.022997700229977002	0.11814688096407751	0.1940683124669989
ZN423.H12CORE.0.P.C	ZNF423	C2H2 zinc finger factors	Multiple dispersed zinc fingers	0.5587009919697675	0.5720475090494722	0.010998900109989001	0.0004999500049995	0.11670156513760388	0.02061222449183653
ZN614.H12CORE.0.P.C	ZNF614	C2H2 zinc finger factors	More than 3 adjacent zinc fingers	0.5586065186584807	0.5227780150420885	0.0096990300969903	0.13738626137386262	0.10987901209879011	0.46312641463126414
MYB.H12CORE.0.P.B	MYB	Tryptophan cluster factors	Myb/SANT domain	0.5585333018422312	0.5372452320359512	0.0098990100989901	0.043495650434956505	0.10987901209879011	0.2665614794452758
NFIB.H12CORE.0.PSM.A	NFIB	SMAD/NF-1 DNA-binding domain factors	NF-1	0.558434104865378	0.5519900060979224	0.0084991500849915	0.009499050094990502	0.1022022797720228	0.1173848716823233
ZN549.H12CORE.0.P.B	ZNF549	C2H2 zinc finger factors	More than 3 adjacent zinc fingers	0.5584081247047726	0.5494014498506066	0.0115988401159884	0.014098590140985901	0.11955090205265187	0.15296440280783952
ZFP28.H12CORE.0.P.B	ZFP28	C2H2 zinc finger factors	More than 3 adjacent zinc fingers	0.5582144544166293	0.5484936959848418	0.0098990100989901	0.012398760123987601	0.10987901209879011	0.14313128687131288
ZN510.H12CORE.1.P.C	ZNF510	C2H2 zinc finger factors	Multiple dispersed zinc fingers	0.5577586206896574	0.536216131138532	0.0100989901009899	0.04659534046595341	0.11040032360400323	0.2700284188448625
MAFF.H12CORE.1.PSM.A	MAFF	Basic leucine zipper factors (bZIP)	Maf-related	0.5576452527161119	0.5330018774745816	0.0122987701229877	0.06369363063693631	0.12007658294573227	0.33061118348596796
STF1.H12CORE.0.PSM.A	NR5A1	Nuclear receptors with C4 zinc fingers	FTZF1-related (NR5A)	0.5576358053849795	0.5445143890399546	0.011698830116988301	0.023697630236976304	0.11972632523981645	0.1965268990342345
ZSA5C.H12CORE.0.P.C	ZSCAN5C	C2H2 zinc finger factors	More than 3 adjacent zinc fingers	0.557548417572037	0.5271389965051406	0.0124987501249875	0.10428957104289571	0.12023797620237975	0.4130915675555732
HAND2.H12CORE.1.P.B	HAND2	Basic helix-loop-helix factors (bHLH)	Tal-related	0.5575177137458684	0.5195670122412404	0.012798720127987202	0.17638236176382363	0.12150363910977324	0.5173165610268242
SOX9.H12CORE.2.S.B	SOX9	High-mobility group (HMG) domain factors	SOX-related	0.557477562588571	0.5497589686945963	0.0096990300969903	0.011498850114988501	0.10987901209879011	0.13600689111416728
BHA15.H12CORE.0.P.B	BHLHA15	Basic helix-loop-helix factors (bHLH)	Tal-related	0.5574421350968359	0.5580876766348981	0.012098790120987902	0.0045995400459954	0.12007658294573227	0.0737459587374596
ZN667.H12CORE.1.P.C	ZNF667	C2H2 zinc finger factors	More than 3 adjacent zinc fingers	0.5574326877657074	0.5385743660298304	0.0100989901009899	0.033996600339966	0.11040032360400323	0.22606955894272324
NFIC.H12CORE.0.PSM.A	NFIC	SMAD/NF-1 DNA-binding domain factors	NF-1	0.5573358526216342	0.5485072169023545	0.012098790120987902	0.012998700129987	0.12007658294573227	0.1454040642447383
FOXJ2.H12CORE.1.SM.B	FOXJ2	Fork head/winged helix factors	FOX	0.5572720831365144	0.5434196251863416	0.010698930106989302	0.0206979302069793	0.11521310555511613	0.18551002042652878
CEBPE.H12CORE.0.P.B	CEBPE	Basic leucine zipper factors (bZIP)	C/EBP-related	0.557267359470952	0.5427220106499854	0.010798920107989201	0.025297470252974703	0.11542845715428457	0.20057279986287085
PITX2.H12CORE.0.SM.B	PITX2	Homeo domain factors	Paired-related HD	0.5572626358053869	0.5406114415042896	0.011898810118988102	0.031296870312968704	0.12006981120069812	0.21712203779622039
ZN660.H12CORE.0.SM.B	ZNF660	C2H2 zinc finger factors	More than 3 adjacent zinc fingers	0.5570618800188957	0.5396876718255686	0.0086991300869913	0.03189681031896811	0.10374251831015245	0.21813790184962548
DDIT3.H12CORE.0.P.B	DDIT3	Basic leucine zipper factors (bZIP)	C/EBP-related	0.5569390647142201	0.5270692939625935	0.012398760123987601	0.1024897510248975	0.12007658294573227	0.4130915675555732
ZN274.H12CORE.2.P.B	ZNF274	C2H2 zinc finger factors	More than 3 adjacent zinc fingers	0.5566674539442643	0.5292301708103527	0.0122987701229877	0.08549145085491451	0.12007658294573227	0.39287950185873133
GSC.H12CORE.0.SM.B	GSC	Homeo domain factors	Paired-related HD	0.5565115729806344	0.5399804679220973	0.0110988901109889	0.032596740325967405	0.11690290824932105	0.2208314379829623
MAFK.H12CORE.2.S.B	MAFK	Basic leucine zipper factors (bZIP)	Maf-related	0.5562021728861617	0.5414808372423003	0.013398660133986601	0.031596840315968405	0.12314819473466665	0.21813790184962548
NKX25.H12CORE.1.P.B	NKX2-5	Homeo domain factors	NK-related	0.5561974492205957	0.5694920926302812	0.014198580141985802	0.0008999100089991	0.12569663279070867	0.029512957795129576
ZBT44.H12CORE.0.P.C	ZBTB44	C2H2 zinc finger factors	More than 3 adjacent zinc fingers	0.5561974492205954	0.533393556345391	0.013298670132986702	0.0603939606039396	0.12314819473466665	0.32016652349363606
ZN134.H12CORE.1.P.C	ZNF134	C2H2 zinc finger factors	Multiple dispersed zinc fingers	0.5559258384506391	0.5388519909951582	0.013798620137986202	0.0405959404059594	0.12522898653530876	0.2584593714541589
MEF2D.H12CORE.0.PS.A	MEF2D	MADS box factors	Regulators of differentiation	0.555859707132738	0.5420869787090565	0.011898810118988102	0.026997300269973004	0.12006981120069812	0.20633584309962785
MYF6.H12CORE.0.SM.B	MYF6	Basic helix-loop-helix factors (bHLH)	MyoD-ASC-related	0.5558360888049135	0.5330386649805962	0.012998700129987	0.06309369063093691	0.12259558357889701	0.3286794064275883
ZN547.H12CORE.0.P.B	ZNF547	C2H2 zinc finger factors	More than 3 adjacent zinc fingers	0.5556683986773743	0.5334850368081083	0.012398760123987601	0.058394160583941604	0.12007658294573227	0.31549009278176654
PRGR.H12CORE.0.P.B	PGR	Nuclear receptors with C4 zinc fingers	Steroid hormone receptors	0.5556400566839886	0.559716240787392	0.013998600139986002	0.0046995300469953	0.1254657142981354	0.07446997235760294
ZNF26.H12CORE.0.P.B	ZNF26	C2H2 zinc finger factors	More than 3 adjacent zinc fingers	0.5555054322154009	0.547067142210683	0.014898510148985102	0.0170982901709829	0.13108872039625308	0.16998026224774784
ZN136.H12CORE.0.P.B	ZNF136	C2H2 zinc finger factors	More than 3 adjacent zinc fingers	0.5550118091639133	0.5428200666921341	0.014998500149985002	0.026997300269973004	0.13116870131168704	0.20633584309962785
ZIC1.H12CORE.1.M.B	ZIC1	C2H2 zinc finger factors	More than 3 adjacent zinc fingers	0.5549811053377415	0.5738476203147274	0.013998600139986002	0.0008999100089991	0.1254657142981354	0.029512957795129576
JUN.H12CORE.0.P.B	JUN	Basic leucine zipper factors (bZIP)	Jun-related	0.5549267831837528	0.5514568965429132	0.013398660133986601	0.008799120087991202	0.12314819473466665	0.11364084830455007
SOX17.H12CORE.2.S.C	SOX17	High-mobility group (HMG) domain factors	SOX-related	0.554898441190365	0.534439542157128	0.013098690130986902	0.051794820517948204	0.12273642765593572	0.29195283596640337
TGIF1.H12CORE.1.S.B	TGIF1	Homeo domain factors	TALE-type HD	0.5545961265942384	0.5283430155429742	0.013498650134986502	0.09169083091690831	0.12328197559990836	0.4021576565747681
PITX3.H12CORE.0.SM.B	PITX3	Homeo domain factors	Paired-related HD	0.5545795937647628	0.5423656980999327	0.012698730126987301	0.028197180281971802	0.12135276538571309	0.20973469663342945
HMGA1.H12CORE.0.P.B	HMGA1	A.T hook factors	HMGA	0.554293811998112	0.5445023191915137	0.017198280171982803	0.023497650234976502	0.14428557144285573	0.19599485138191383
ETV7.H12CORE.1.P.C	ETV7	Tryptophan cluster factors	Ets-related	0.5540127538970242	0.5837918123850965	0.014098590140985901	0.030296970302969704	0.12558188625581884	0.21536220762160238
Z585A.H12CORE.0.P.C	ZNF585A	C2H2 zinc finger factors	More than 3 adjacent zinc fingers	0.5539395370807759	0.5374601239455572	0.016198380161983803	0.044195580441955803	0.1391325153198966	0.26873187681231875
ZSC16.H12CORE.0.PSM.A	ZSCAN16	C2H2 zinc finger factors	More than 3 adjacent zinc fingers	0.553835616438358	0.5279882166006853	0.017298270172982702	0.0927907209279072	0.14428557144285573	0.40330424788846414
NFIX.H12CORE.0.SM.B	NFIX	SMAD/NF-1 DNA-binding domain factors	NF-1	0.5538238072744466	0.5474006409310612	0.015998400159984	0.015798420157984203	0.13823767323866415	0.16168170417000854
ESR1.H12CORE.0.P.B	ESR1	Nuclear receptors with C4 zinc fingers	Steroid hormone receptors	0.553578176665091	0.54630281131148	0.0156984301569843	0.016298370162983702	0.13646285973812255	0.16446537164465375
HEN2.H12CORE.0.SM.B	NHLH2	Basic helix-loop-helix factors (bHLH)	Tal-related	0.5530184222957005	0.5551459121133036	0.017598240175982403	0.007099290070992901	0.1451100604225292	0.0985026497350265
ZNF24.H12CORE.0.P.B	ZNF24	C2H2 zinc finger factors	More than 3 adjacent zinc fingers	0.5530089749645722	0.5229920108821203	0.0163983601639836	0.13208679132086792	0.14001676755401382	0.45656077249417915
OLIG2.H12CORE.2.SM.B	OLIG2	Basic helix-loop-helix factors (bHLH)	Tal-related	0.5526948512045358	0.5454374128563255	0.016698330166983303	0.0193980601939806	0.1417393554762171	0.18152055762165722
DMRT1.H12CORE.0.PS.A	DMRT1	DM-type intertwined zinc finger factors	DMRT	0.5524043457723223	0.5310099221482611	0.0170982901709829	0.07489251074892511	0.1442855714428557	0.3663386203752506
TWST1.H12CORE.0.P.B	TWIST1	Basic helix-loop-helix factors (bHLH)	Tal-related	0.5519933868682136	0.5371184394497963	0.018598140185981403	0.0435956404359564	0.15158090932479784	0.2665614794452758
ZBT42.H12CORE.0.P.C	ZBTB42	C2H2 zinc finger factors	More than 3 adjacent zinc fingers	0.5519626830420438	0.5480546720345976	0.018698130186981302	0.014498550144985502	0.15158090932479784	0.15578659525351815
ZNF85.H12CORE.1.P.B	ZNF85	C2H2 zinc finger factors	More than 3 adjacent zinc fingers	0.5519036372224869	0.5322589731407196	0.020497950204979503	0.065993400659934	0.16341735992146642	0.338891377766138
SMAD3.H12CORE.2.P.C	SMAD3	SMAD/NF-1 DNA-binding domain factors	SMAD	0.5518800188946629	0.5544925734951412	0.0201979802019798	0.0065993400659934	0.16192047461920475	0.0933612521100831
MAFG.H12CORE.0.PSM.A	MAFG	Basic leucine zipper factors (bZIP)	Maf-related	0.5514879546528121	0.5578775449539319	0.0207979202079792	0.0047995200479952005	0.16489779593469225	0.07446997235760294
MEF2A.H12CORE.0.P.B	MEF2A	MADS box factors	Regulators of differentiation	0.5511147850732189	0.5383940751046702	0.017598240175982403	0.036896310368963105	0.1451100604225292	0.2431113053078254
ZN528.H12CORE.0.P.B	ZNF528	C2H2 zinc finger factors	More than 3 adjacent zinc fingers	0.551072272083139	0.5513636321606695	0.021097890210978902	0.0091990800919908	0.16636205231935822	0.11644098748019933
ZEB2.H12CORE.0.P.B	ZEB2	Homeo domain factors	HD-ZF	0.5506235238545116	0.5570470722900704	0.018698130186981302	0.008899110088991101	0.15158090932479784	0.11364084830455007
NFAC1.H12CORE.0.P.B	NFATC1	Rel homology region (RHR) factors	NFAT-related	0.5505904581955618	0.520416877109374	0.020097990200979902	0.15608439156084392	0.16192047461920475	0.4885678460353531
SPIB.H12CORE.0.P.B	SPIB	Tryptophan cluster factors	Ets-related	0.5504345772319333	0.5701773927663851	0.024697530246975304	0.0016998300169983002	0.18561737576242376	0.03832585491450855
OTX2.H12CORE.0.PSM.A	OTX2	Homeo domain factors	Paired-related HD	0.5503708077468136	0.5544941205108889	0.021397860213978603	0.0053994600539946005	0.16781039287375613	0.08116063393660634
TBX20.H12CORE.2.SM.B	TBX20	T-Box factors	TBX1-related	0.5501889466225813	0.5330865078097728	0.0226977302269773	0.06009399060093991	0.17609045547058197	0.3199838687717944
ZN595.H12CORE.0.P.C	ZNF595	C2H2 zinc finger factors	More than 3 adjacent zinc fingers	0.5500968351440738	0.5350274310771177	0.023497650234976502	0.05369463053694631	0.18035696430356965	0.2974162353879554
ZN329.H12CORE.0.P.C	ZNF329	C2H2 zinc finger factors	More than 3 adjacent zinc fingers	0.5498205007085523	0.5420359515688274	0.022097790220977902	0.026497350264973504	0.17236276372362763	0.20633584309962785
ZN550.H12CORE.0.P.C	ZNF550	C2H2 zinc finger factors	More than 3 adjacent zinc fingers	0.5496646197449241	0.5214708569381514	0.0254974502549745	0.1578842115788421	0.18965371504086703	0.4920667760437779
RARG.H12CORE.0.P.B	RARG	Nuclear receptors with C4 zinc fingers	Thyroid hormone receptor-related	0.549631554085971	0.5424364701586871	0.026997300269973004	0.027297270272972702	0.19576434316367358	0.20633584309962785
MYOG.H12CORE.0.PSM.A	MYOG	Basic helix-loop-helix factors (bHLH)	MyoD-ASC-related	0.5495914029286754	0.523334236096322	0.024297570242975703	0.13018698130186981	0.18356750712363318	0.4533696027987563
DMRTB.H12CORE.0.P.C	DMRTB1	DM-type intertwined zinc finger factors	DMRT	0.5494969296173843	0.5332834913263986	0.025697430256974303	0.062993700629937	0.19016098390160985	0.3286794064275883
ZN790.H12CORE.1.P.C	ZNF790	C2H2 zinc finger factors	More than 3 adjacent zinc fingers	0.5491143127066621	0.5240342539951918	0.025197480251974803	0.1536846315368463	0.18839359587357327	0.48664738789278966
SP9.H12CORE.0.P.B	SP9	C2H2 zinc finger factors	Three-zinc finger Kruppel-related	0.5489489844119056	0.5226944888640852	0.026597340265973404	0.14178582141785823	0.19383819193838192	0.4703377938068263
PPARA.H12CORE.0.P.B	PPARA	Nuclear receptors with C4 zinc fingers	Thyroid hormone receptor-related	0.5489111950873884	0.5380426782311379	0.0240975902409759	0.041195880411958805	0.18301485640909593	0.2584593714541589
ZN558.H12CORE.0.P.B	ZNF558	C2H2 zinc finger factors	More than 3 adjacent zinc fingers	0.5488427019367031	0.5478612236355341	0.023697630236976304	0.014798520147985201	0.18092952609500956	0.15578659525351815
NR1D2.H12CORE.0.P.B	NR1D2	Nuclear receptors with C4 zinc fingers	Thyroid hormone receptor-related	0.5487600377893256	0.5424195362774369	0.030096990300969902	0.030896910308969103	0.20917956051284825	0.21677687303733392
NR1I3.H12CORE.0.P.B	NR1I3	Nuclear receptors with C4 zinc fingers	Thyroid hormone receptor-related	0.5487198866320275	0.5508828428644302	0.026597340265973404	0.008899110088991101	0.19383819193838192	0.11364084830455007
HTF4.H12CORE.0.PSM.A	TCF12	Basic helix-loop-helix factors (bHLH)	E2A	0.5486986301369865	0.5478149599081166	0.027797220277972202	0.0193980601939806	0.1985712319857123	0.18152055762165722
ZN382.H12CORE.0.P.B	ZNF382	C2H2 zinc finger factors	Multiple dispersed zinc fingers	0.5484529995276347	0.5298937318688455	0.0273972602739726	0.0811918808119188	0.19767123287671232	0.38038923380389233
TEAD3.H12CORE.0.PS.A	TEAD3	TEA domain factors	TEF1-related	0.5481152574397753	0.5271602029880004	0.0301969803019698	0.1034896510348965	0.20917956051284825	0.4130915675555732
MAFG.H12CORE.1.PSM.A	MAFG	Basic leucine zipper factors (bZIP)	Maf-related	0.5479971658006616	0.5414893402301346	0.030296970302969704	0.031096890310968902	0.20917956051284825	0.21677687303733392
MEF2C.H12CORE.0.P.B	MEF2C	MADS box factors	Regulators of differentiation	0.5479948039678825	0.5330261928978597	0.023397660233976603	0.06059394060593941	0.18035696430356965	0.32016652349363606
DUXA.H12CORE.0.SM.B	DUXA	Homeo domain factors	Paired-related HD	0.5479782711384042	0.5399553438913678	0.028897110288971104	0.0331966803319668	0.20541147855657785	0.2228037661350144
CEBPD.H12CORE.0.P.B	CEBPD	Basic leucine zipper factors (bZIP)	C/EBP-related	0.5479735474728421	0.5365083638038468	0.0263973602639736	0.0453954604539546	0.19383819193838192	0.2700284188448625
CEBPB.H12CORE.0.P.B	CEBPB	Basic leucine zipper factors (bZIP)	C/EBP-related	0.5479097779877207	0.5319134084908389	0.029997000299970003	0.0695930406959304	0.20917956051284825	0.3486901309869013
RARA.H12CORE.3.P.B	RARA	Nuclear receptors with C4 zinc fingers	Thyroid hormone receptor-related	0.5475011809163914	0.5411221274911112	0.031796820317968204	0.030096990300969902	0.21676390500484835	0.21499978714999785
PITX1.H12CORE.1.S.B	PITX1	Homeo domain factors	Paired-related HD	0.5470240906943807	0.5426372224085461	0.027697230276972302	0.024697530246975304	0.1985712319857123	0.19909796729824228
FOXH1.H12CORE.0.P.B	FOXH1	Fork head/winged helix factors	FOX	0.5469815777042997	0.5436864132830603	0.030296970302969704	0.020597940205979402	0.20917956051284825	0.18551002042652878
LMX1B.H12CORE.0.P.C	LMX1B	Homeo domain factors	HD-LIM	0.5466509211147863	0.5320857158192507	0.032296770322967704	0.11118888111188881	0.21676390500484835	0.4233391964233656
ZN584.H12CORE.0.P.B	ZNF584	C2H2 zinc finger factors	More than 3 adjacent zinc fingers	0.5465942371280129	0.5414505147046942	0.030096990300969902	0.029597040295970403	0.20917956051284825	0.2142640735926407
HAND1.H12CORE.0.P.B	HAND1	Basic helix-loop-helix factors (bHLH)	Tal-related	0.5464336324988207	0.5319995537994832	0.033596640335966405	0.06879312068793121	0.22238510093944736	0.3470925634709257
DMRTA.H12CORE.0.SM.B	DMRTA1	DM-type intertwined zinc finger factors	DMRT	0.5463675011809169	0.5380812670723931	0.0327967203279672	0.0410958904109589	0.21910031219100312	0.2584593714541589
ZN677.H12CORE.0.P.C	ZNF677	C2H2 zinc finger factors	More than 3 adjacent zinc fingers	0.5461856400566864	0.5337062825453652	0.032296770322967704	0.0585941405859414	0.21676390500484835	0.31549009278176654
TFAP4.H12CORE.0.PSM.A	TFAP4	Basic helix-loop-helix factors (bHLH)	bHLH-ZIP	0.546112423240436	0.5458044408384293	0.0337966203379662	0.020497950204979503	0.222687320309065	0.18551002042652878
PPARG.H12CORE.0.P.B	PPARG	Nuclear receptors with C4 zinc fingers	Thyroid hormone receptor-related	0.5460722720831362	0.536432114472222	0.033096690330966905	0.046495350464953504	0.22008536473541587	0.2700284188448625
HAND2.H12CORE.0.P.B	HAND2	Basic helix-loop-helix factors (bHLH)	Tal-related	0.5459093056211635	0.5293199356392962	0.035096490350964904	0.08959104089591041	0.2265536604234313	0.39901195065678613
PITX3.H12CORE.1.S.B	PITX3	Homeo domain factors	Paired-related HD	0.5459069437883797	0.5343199936907002	0.0364963503649635	0.056394360563943605	0.2289749285940971	0.3082464480824645
TCF7.H12CORE.0.PSM.A	TCF7	High-mobility group (HMG) domain factors	TCF7-related	0.545666036844594	0.5139314539290577	0.032096790320967905	0.2435756424357564	0.21676390500484835	0.5967396469181605
TEAD1.H12CORE.1.P.C	TEAD1	TEA domain factors	TEF1-related	0.5456400566839885	0.5337616102698617	0.0352964703529647	0.059394060593940604	0.2265536604234313	0.31860828787009776
ZNF77.H12CORE.0.P.C	ZNF77	C2H2 zinc finger factors	More than 3 adjacent zinc fingers	0.5456164383561667	0.5606876037007984	0.039996000399960006	0.0040995900409959	0.24148212793783383	0.07042510034710814
FOXD3.H12CORE.1.S.B	FOXD3	Fork head/winged helix factors	FOX	0.5456164383561646	0.5265067570824207	0.0357964203579642	0.1100889911008899	0.2265536604234313	0.42175782421757824
ZIC3.H12CORE.2.M.B	ZIC3	C2H2 zinc finger factors	More than 3 adjacent zinc fingers	0.545602267359471	0.5695894200962395	0.03189681031896811	0.000999900009999	0.21676390500484835	0.03005949405059494
TAL1.H12CORE.2.P.B	TAL1	Basic helix-loop-helix factors (bHLH)	Tal-related	0.5455668398677391	0.5328952382609649	0.032296770322967704	0.06079392060793921	0.21676390500484835	0.32016652349363606
BHA15.H12CORE.1.SM.B	BHLHA15	Basic helix-loop-helix factors (bHLH)	Tal-related	0.5454865375531424	0.5271736732731624	0.0341965803419658	0.09759024097590241	0.2232835539975414	0.4121854290215678
ZN567.H12CORE.0.P.C	ZNF567	C2H2 zinc finger factors	More than 3 adjacent zinc fingers	0.5453542749173363	0.5454138133743751	0.0357964203579642	0.021097890210978902	0.2265536604234313	0.18575687341445496
BHE22.H12CORE.0.SM.B	BHLHE22	Basic helix-loop-helix factors (bHLH)	Tal-related	0.5452905054322159	0.5287430530549004	0.034096590340965904	0.0867913208679132	0.2232835539975414	0.39507847322523265
SOX2.H12CORE.3.S.B	SOX2	High-mobility group (HMG) domain factors	SOX-related	0.5452857817666525	0.5454762295931952	0.0352964703529647	0.0184981501849815	0.2265536604234313	0.17750922276193434
ZN782.H12CORE.0.P.C	ZNF782	C2H2 zinc finger factors	More than 3 adjacent zinc fingers	0.5450448748228632	0.5329097794916533	0.03569643035696431	0.061493850614938506	0.2265536604234313	0.32267500522675
HXA9.H12CORE.2.P.B	HOXA9	Homeo domain factors	HOX-related	0.5450188946622585	0.5322809233281269	0.0382961703829617	0.0675932406759324	0.23615971736159716	0.34465387383523133
MAF.H12CORE.1.PSM.A	MAF	Basic leucine zipper factors (bZIP)	Maf-related	0.544794520547948	0.5291926807548881	0.039196080391960805	0.08919108089191082	0.23864955276624236	0.39901195065678613
TEAD4.H12CORE.1.P.B	TEAD4	TEA domain factors	TEF1-related	0.5446528105810117	0.5292274782504361	0.0387961203879612	0.09349065093490651	0.237215261524695	0.4043451942230927
ZN664.H12CORE.0.P.C	ZNF664	C2H2 zinc finger factors	More than 3 adjacent zinc fingers	0.5444851204534722	0.5604398850514065	0.037396260373962605	0.0035996400359964	0.23259829189494846	0.06510446516323977
ATF3.H12CORE.0.P.B	ATF3	Basic leucine zipper factors (bZIP)	Fos-related	0.5444449692961755	0.5422195107710038	0.0380961903809619	0.023397660233976603	0.2359347756211503	0.19599485138191383
TBXT.H12CORE.0.PS.A	TBXT	T-Box factors	Brachyury-related	0.544442607463394	0.522042738214598	0.035996400359964	0.14388561143885611	0.22682447912413997	0.4705529447055295
CRX.H12CORE.0.PSM.A	CRX	Homeo domain factors	Paired-related HD	0.5443953708077484	0.5428095887214602	0.03849615038496151	0.0273972602739726	0.23638274470425302	0.20633584309962785
HIC1.H12CORE.0.PSM.A	HIC1	C2H2 zinc finger factors	Multiple dispersed zinc fingers	0.5443646669815787	0.5563824435923179	0.03569643035696431	0.004899510048995101	0.2265536604234313	0.07521269149680777
ZN302.H12CORE.0.P.B	ZNF302	C2H2 zinc finger factors	More than 3 adjacent zinc fingers	0.5439702409069451	0.536736382493307	0.040695930406959305	0.0446955304469553	0.243668994096441	0.26873187681231875
TFE2.H12CORE.0.PS.A	TCF3	Basic helix-loop-helix factors (bHLH)	E2A	0.5439395370807752	0.5267447123422344	0.0413958604139586	0.1040895910408959	0.24581986245819862	0.4130915675555732
ZN879.H12CORE.0.P.C	ZNF879	C2H2 zinc finger factors	More than 3 adjacent zinc fingers	0.5439206424185182	0.5372086204297227	0.04279572042795721	0.04659534046595341	0.2506012556639073	0.2700284188448625
ZN680.H12CORE.0.P.B	ZNF680	C2H2 zinc finger factors	More than 3 adjacent zinc fingers	0.543911195087389	0.5361991298409705	0.03949605039496051	0.047595240475952406	0.239465549243395	0.2747197280271973
ZBT18.H12CORE.0.PSM.A	ZBTB18	C2H2 zinc finger factors	More than 3 adjacent zinc fingers	0.5436655644780365	0.5518043736288676	0.041695830416958304	0.0100989901009899	0.24658640693307718	0.12144035596440356
NF2L1.H12CORE.0.P.B	NFE2L1	Basic leucine zipper factors (bZIP)	Jun-related	0.5436584789796908	0.5386038705664649	0.036996300369963	0.032896710328967106	0.23110675945392473	0.2218222103023343
MEIS1.H12CORE.1.PS.A	MEIS1	Homeo domain factors	TALE-type HD	0.5434222957014647	0.5258389770905111	0.040495950404959506	0.10828917108289171	0.24348190180981905	0.42118941744639554
NR1I3.H12CORE.1.PSM.A	NR1I3	Nuclear receptors with C4 zinc fingers	Thyroid hormone receptor-related	0.5432522437411459	0.5263030941190674	0.0428957104289571	0.11408859114088592	0.2506012556639073	0.4272497620704251
NFIA.H12CORE.1.PS.A	NFIA	SMAD/NF-1 DNA-binding domain factors	NF-1	0.5431058101086451	0.5475597357290664	0.04129587041295871	0.013898610138986101	0.24581986245819862	0.15193707901937079
ATOH1.H12CORE.1.SM.B	ATOH1	Basic helix-loop-helix factors (bHLH)	Tal-related	0.5430656589513468	0.5275672265215028	0.04459554044595541	0.10128987101289871	0.2534899451231348	0.4130915675555732
RHXF1.H12CORE.0.SM.B	RHOXF1	Homeo domain factors	Paired-related HD	0.542987718469534	0.5443026155090135	0.0418958104189581	0.0211978802119788	0.2467577732022716	0.18575687341445496
ZNF35.H12CORE.0.P.C	ZNF35	C2H2 zinc finger factors	More than 3 adjacent zinc fingers	0.5428034955125195	0.5306613183949187	0.044295570442955706	0.07749225077492251	0.2534899451231348	0.37321867813218673
SCRT2.H12CORE.0.PSM.A	SCRT2	C2H2 zinc finger factors	More than 3 adjacent zinc fingers	0.5426547000472386	0.5359458473661162	0.04709529047095291	0.050294970502949704	0.26137886211378863	0.28461036249316246
FOXB1.H12CORE.0.SM.B	FOXB1	Fork head/winged helix factors	FOX	0.5424492205951843	0.5199289406416944	0.043795620437956206	0.16928307169283072	0.2534899451231348	0.5067955860015658
CUX2.H12CORE.1.SM.B	CUX2	Homeo domain factors	HD-CUT	0.5424161549362315	0.5316128490288018	0.04459554044595541	0.0683931606839316	0.2534899451231348	0.3470925634709257
PROP1.H12CORE.0.PSM.A	PROP1	Homeo domain factors	Paired-related HD	0.5423736419461511	0.5271311396250054	0.0476952304769523	0.09959004099590041	0.2636943202231501	0.4121854290215678
HSF1.H12CORE.1.P.B	HSF1	Heat shock factors	HSF	0.542276806802079	0.5233831026540304	0.046795320467953205	0.14358564143585642	0.2612738726127387	0.4705529447055295
CUX1.H12CORE.1.S.B	CUX1	Homeo domain factors	HD-CUT	0.5422272083136512	0.5437103786072743	0.044795520447955206	0.021497850214978503	0.2534899451231348	0.18575687341445496
SIX1.H12CORE.0.P.B	SIX1	Homeo domain factors	HD-SINE	0.5421917808219204	0.5055494467133977	0.044195580441955803	0.37766223377662234	0.2534899451231348	0.7324819937361102
HXC9.H12CORE.0.P.B	HOXC9	Homeo domain factors	HOX-related	0.5418729333963173	0.5149888021312353	0.04789521047895211	0.2343765623437656	0.2637892699279691	0.5843690242374726
TBX5.H12CORE.2.S.B	TBX5	T-Box factors	TBX2-related	0.5418280585734526	0.5386307128203187	0.046495350464953504	0.041195880411958805	0.2610614424938829	0.2584593714541589
STAT6.H12CORE.0.P.B	STAT6	STAT domain factors	STAT	0.5417973547472859	0.5514335352950859	0.044795520447955206	0.009599040095990401	0.2534899451231348	0.1173848716823233
FOXM1.H12CORE.0.P.B	FOXM1	Fork head/winged helix factors	FOX	0.5417855455833742	0.5453430234266701	0.048595140485951406	0.018698130186981302	0.2646142932876524	0.17750922276193434
HSF1.H12CORE.0.PSM.A	HSF1	Heat shock factors	HSF	0.5417052432687762	0.5458808103473999	0.044495550444955505	0.013898610138986101	0.2534899451231348	0.15193707901937079
HSF4.H12CORE.0.SM.B	HSF4	Heat shock factors	HSF	0.5416532829475693	0.5411586342610049	0.048295170482951705	0.029697030296970302	0.2639770113897701	0.2142640735926407
SP7.H12CORE.0.P.B	SP7	C2H2 zinc finger factors	Three-zinc finger Kruppel-related	0.5415375531412367	0.5193219746782084	0.051094890510948905	0.1807819218078192	0.27565004693560496	0.5216699445593289
REL.H12CORE.0.P.B	REL	Rel homology region (RHR) factors	NFkappaB-related	0.5412990080302321	0.5252624849359785	0.046495350464953504	0.11098890110988902	0.2610614424938829	0.4233391964233656
ZN317.H12CORE.1.P.B	ZNF317	C2H2 zinc finger factors	More than 3 adjacent zinc fingers	0.5412116202172893	0.5122537918753722	0.048295170482951705	0.27017298270172985	0.2639770113897701	0.6267839453996723
RXRG.H12CORE.2.P.B	RXRG	Nuclear receptors with C4 zinc fingers	RXR-related receptors	0.5410651865847895	0.5379900674612549	0.05119488051194881	0.040995900409959006	0.27565004693560496	0.2584593714541589
GLI4.H12CORE.0.P.C	GLI4	C2H2 zinc finger factors	More than 3 adjacent zinc fingers	0.5410510155880974	0.5280659101300224	0.04889511048895111	0.09559044095590441	0.26524678359231746	0.41052680446241085
PO3F2.H12CORE.0.P.B	POU3F2	Homeo domain factors	POU	0.5409943316013256	0.537618156890187	0.04689531046895311	0.03949605039496051	0.2612738726127387	0.2567243275672433
ZN433.H12CORE.0.P.C	ZNF433	C2H2 zinc finger factors	More than 3 adjacent zinc fingers	0.5408171941426558	0.5244043447775413	0.0532946705329467	0.1272872712728727	0.2796516711965167	0.4497899843267507
ZN730.H12CORE.0.P.C	ZNF730	C2H2 zinc finger factors	More than 3 adjacent zinc fingers	0.5407841284837029	0.5141952670007499	0.053094690530946904	0.24727527247275272	0.2796516711965167	0.6024470065640991
PAX7.H12CORE.1.S.B	PAX7	Paired box factors	PD+HD	0.5407487009919713	0.5320230139570715	0.051594840515948405	0.07239276072392761	0.2767708359275597	0.35897853513617717
NR6A1.H12CORE.2.SM.B	NR6A1	Nuclear receptors with C4 zinc fingers	GCNF (NR6)	0.5406683986773756	0.5450496487463654	0.0537946205379462	0.021897810218978103	0.28125230955165353	0.18808654848800832
PIT1.H12CORE.0.SM.B	POU1F1	Homeo domain factors	POU	0.5406069910250361	0.5303041220491136	0.054094590540945904	0.0786921307869213	0.2817996178721478	0.3760024659785677
ZN823.H12CORE.0.P.C	ZNF823	C2H2 zinc finger factors	More than 3 adjacent zinc fingers	0.5405243268776578	0.5185590628635172	0.051994800519948	0.1845815418458154	0.2774314480316674	0.5274280492742804
FOXL1.H12CORE.0.S.B	FOXL1	Fork head/winged helix factors	FOX	0.5403330184222949	0.5438905313169318	0.05319468053194681	0.0212978702129787	0.2796516711965167	0.18575687341445496
RXRB.H12CORE.0.P.C	RXRB	Nuclear receptors with C4 zinc fingers	RXR-related receptors	0.5402054794520571	0.5435797151418531	0.0547945205479452	0.024397560243975602	0.28238747553816046	0.1989021436839367
TEAD1.H12CORE.2.S.C	TEAD1	TEA domain factors	TEF1-related	0.5400826641473779	0.5350658517222118	0.057394260573942604	0.053394660533946606	0.29161942960633513	0.2974162353879554
SNAI3.H12CORE.0.S.C	SNAI3	C2H2 zinc finger factors	More than 3 adjacent zinc fingers	0.5400543221539919	0.5301241488231484	0.054594540545945404	0.07629237076292371	0.28238747553816046	0.36942916446610374
ZN250.H12CORE.0.P.C	ZNF250	C2H2 zinc finger factors	More than 3 adjacent zinc fingers	0.5399078885214952	0.5131493530397317	0.055094490550944904	0.25717428257174285	0.2829229532562758	0.6113714822916391
TBX2.H12CORE.0.SM.B	TBX2	T-Box factors	TBX2-related	0.5398653755314137	0.5150613326810504	0.0522947705229477	0.23007699230076992	0.2774314480316674	0.581430493314305
EOMES.H12CORE.0.PSM.A	EOMES	T-Box factors	TBrain-related	0.5398299480396801	0.5057575278558307	0.059694030596940305	0.3795620437956204	0.298057045506522	0.7351785626806446
COE2.H12CORE.0.P.B	EBF2	Rel homology region (RHR) factors	EBF-related	0.5398016060462939	0.5270244865866806	0.05469453054694531	0.09809019098090191	0.28238747553816046	0.4121854290215678
NRL.H12CORE.0.SM.B	NRL	Basic leucine zipper factors (bZIP)	Maf-related	0.5394189891355692	0.5270254351120194	0.058994100589941006	0.10128987101289871	0.29558502483085025	0.4130915675555732
ZN530.H12CORE.0.P.B	ZNF530	C2H2 zinc finger factors	More than 3 adjacent zinc fingers	0.5393528578176673	0.5373322542907436	0.05549445055494451	0.039896010398960104	0.2839662842226416	0.2581611793977553
MAFA.H12CORE.0.PSM.A	MAFA	Basic leucine zipper factors (bZIP)	Maf-related	0.5393504959848858	0.5317294872860954	0.056194380561943806	0.06939306069393061	0.2865317708511834	0.3486901309869013
TFEB.H12CORE.1.P.C	TFEB	Basic helix-loop-helix factors (bHLH)	bHLH-ZIP	0.5393386868209747	0.5076458059139245	0.058894110588941104	0.34426557344265574	0.29558502483085025	0.689008630343623
PBX2.H12CORE.2.P.C	PBX2	Homeo domain factors	TALE-type HD	0.539289088332547	0.518231601261445	0.05849415058494151	0.21337866213378662	0.2951295779512958	0.5652506177953633
STAT3.H12CORE.0.P.B	STAT3	STAT domain factors	STAT	0.5391922531884756	0.5605842966858188	0.06259374062593741	0.0036996300369963003	0.30722029837832543	0.06510446516323977
ZN362.H12CORE.0.P.C	ZNF362	C2H2 zinc finger factors	More than 3 adjacent zinc fingers	0.5390174775625913	0.5239400550923832	0.0522947705229477	0.1416858314168583	0.2774314480316674	0.4703377938068263
SOX2.H12CORE.2.S.B	SOX2	High-mobility group (HMG) domain factors	SOX-related	0.5389300897496454	0.540280079946803	0.063993600639936	0.032096790320967905	0.311968803119688	0.21847013411866362
ZIC5.H12CORE.1.M.C	ZIC5	C2H2 zinc finger factors	More than 3 adjacent zinc fingers	0.5388781294284373	0.5526776524711069	0.058394160583941604	0.008799120087991202	0.2951295779512958	0.11364084830455007
NR1I3.H12CORE.2.M.C	NR1I3	Nuclear receptors with C4 zinc fingers	Thyroid hormone receptor-related	0.5388308927727928	0.5161568192032421	0.06429357064293571	0.21837816218378162	0.3123758331237584	0.5688081011393445
HNF1B.H12CORE.1.P.D	HNF1B	Homeo domain factors	POU	0.5386466698157776	0.5192802229086163	0.06189381061893811	0.17298270172982702	0.3048217362564085	0.5115041774511073
ZN736.H12CORE.0.P.C	ZNF736	C2H2 zinc finger factors	More than 3 adjacent zinc fingers	0.5385545583372707	0.5416279097637902	0.06159384061593841	0.027597240275972403	0.3048217362564085	0.20633584309962785
SIX2.H12CORE.0.P.B	SIX2	Homeo domain factors	HD-SINE	0.5385002361832786	0.5080661152849961	0.06129387061293871	0.34566543345665435	0.3048217362564085	0.6898965705089243
DMTA2.H12CORE.0.SM.B	DMRTA2	DM-type intertwined zinc finger factors	DMRT	0.5382711384034025	0.5350540743276695	0.0655934406559344	0.0537946205379462	0.31532608328571116	0.2974162353879554
GLIS3.H12CORE.0.P.C	GLIS3	C2H2 zinc finger factors	More than 3 adjacent zinc fingers	0.5381341521020315	0.5603377064157865	0.06179382061793821	0.0034996500349965005	0.3048217362564085	0.06510446516323977
ARI1A.H12CORE.0.P.C	ARID1A	ARID domain factors	ARID-related	0.5380751062824767	0.543334124023165	0.06469353064693531	0.024997500249975	0.31326431115277736	0.2003966270039663
HXA9.H12CORE.0.P.B	HOXA9	Homeo domain factors	HOX-related	0.5380066131317905	0.4997778208967335	0.065993400659934	0.48365163483651635	0.31532608328571116	0.8077654040151541
GLIS1.H12CORE.1.P.B	GLIS1	C2H2 zinc finger factors	More than 3 adjacent zinc fingers	0.537971185640059	0.5478339751463804	0.068993100689931	0.0160983901609839	0.32058305423476946	0.16359138734013923
RXRG.H12CORE.0.P.B	RXRG	Nuclear receptors with C4 zinc fingers	RXR-related receptors	0.5378672649976401	0.5346226448569164	0.0658934106589341	0.057394260573942604	0.31532608328571116	0.3125279924837705
ZN490.H12CORE.0.P.C	ZNF490	C2H2 zinc finger factors	More than 3 adjacent zinc fingers	0.537614548889938	0.5405815818497942	0.0674932506749325	0.030596940305969402	0.31932052696369706	0.21642835716428355
CEBPG.H12CORE.2.P.B	CEBPG	Basic leucine zipper factors (bZIP)	C/EBP-related	0.5375743977326418	0.5206609744905809	0.07069293070692931	0.1688831116888311	0.3257913062196965	0.5066493350664933
SMAD4.H12CORE.0.P.B	SMAD4	SMAD/NF-1 DNA-binding domain factors	SMAD	0.5375743977326407	0.5497095707710861	0.0678932106789321	0.029597040295970403	0.3201630817310426	0.2142640735926407
FOXD2.H12CORE.0.S.B	FOXD2	Fork head/winged helix factors	FOX	0.5375673122342937	0.5238943854446454	0.0674932506749325	0.13018698130186981	0.31932052696369706	0.4533696027987563
FOXR2.H12CORE.0.M.C	FOXR2	Fork head/winged helix factors	FOX	0.5374374114312723	0.5137569986372115	0.07269273072692731	0.24967503249675033	0.3288263650124016	0.6054193575617314
HAND2.H12CORE.2.S.C	HAND2	Basic helix-loop-helix factors (bHLH)	Tal-related	0.5374232404345772	0.5281419971375578	0.06379362063793621	0.08959104089591041	0.311968803119688	0.39901195065678613
FOXA2.H12CORE.0.PSM.A	FOXA2	Fork head/winged helix factors	FOX	0.5373854511100625	0.5256539585972541	0.0684931506849315	0.1126887311268873	0.32058305423476946	0.4272497620704251
FOXA3.H12CORE.0.PS.A	FOXA3	Fork head/winged helix factors	FOX	0.53726735947095	0.5222123773927304	0.0690930906909309	0.1454854514548545	0.32058305423476946	0.4707074135635763
PHX2B.H12CORE.0.PSM.A	PHOX2B	Homeo domain factors	Paired-related HD	0.5372602739726045	0.5281884201016218	0.07269273072692731	0.09659034096590341	0.3288263650124016	0.41115003543893397
ZNF3.H12CORE.0.P.B	ZNF3	C2H2 zinc finger factors	More than 3 adjacent zinc fingers	0.5371492678318378	0.5188884045858242	0.0720927907209279	0.1795820417958204	0.3288263650124016	0.521625592951727
FOXC1.H12CORE.0.S.B	FOXC1	Fork head/winged helix factors	FOX	0.5371398205007085	0.5238638041688949	0.0704929507049295	0.12408759124087591	0.3257913062196965	0.44321384693213844
CPEB1.H12CORE.1.S.B	CPEB1	Uncharacterized	Unannotated	0.5369579593764775	0.5498530931237933	0.0653934606539346	0.012198780121987801	0.31532608328571116	0.1419583848066806
RARB.H12CORE.1.P.B	RARB	Nuclear receptors with C4 zinc fingers	Thyroid hormone receptor-related	0.5369343410486539	0.5303539656221037	0.0663933606639336	0.07489251074892511	0.31619016316190157	0.3663386203752506
GATA2.H12CORE.0.PSM.A	GATA2	Other C4 zinc finger-type factors	C4-GATA-related	0.5369225318847449	0.5340628110005969	0.07089291070892911	0.0537946205379462	0.3257913062196965	0.2974162353879554
ZN410.H12CORE.0.SM.B	ZNF410	C2H2 zinc finger factors	More than 3 adjacent zinc fingers	0.5368918280585734	0.5334605083785384	0.07239276072392761	0.0644935506449355	0.3288263650124016	0.3335634178517632
FOXA2.H12CORE.1.SM.B	FOXA2	Fork head/winged helix factors	FOX	0.5368469532357107	0.5163841471723635	0.068993100689931	0.21257874212578742	0.32058305423476946	0.5652506177953633
HXA11.H12CORE.0.PS.A	HOXA11	Homeo domain factors	HOX-related	0.5367099669343423	0.5436190908171042	0.0688931106889311	0.022297770222977704	0.32058305423476946	0.1903886534423481
PAX7.H12CORE.0.P.B	PAX7	Paired box factors	PD+HD	0.5365470004723678	0.5271415425207788	0.07219278072192781	0.098990100989901	0.3288263650124016	0.4121854290215678
TEAD1.H12CORE.0.PSM.A	TEAD1	TEA domain factors	TEF1-related	0.5365399149740202	0.5207153614020125	0.07579242075792421	0.15598440155984403	0.33548608329351115	0.4885678460353531
PAX4.H12CORE.1.S.C	PAX4	Paired box factors	PD+HD	0.5364879546528118	0.5385464005495134	0.07429257074292571	0.037896210378962104	0.3329322347268379	0.2485646889856469
CUX1.H12CORE.2.P.C	CUX1	Homeo domain factors	HD-CUT	0.5364501653282951	0.5346322905254967	0.07789221077892211	0.058394160583941604	0.3392660733926607	0.31549009278176654
ZN101.H12CORE.0.P.C	ZNF101	C2H2 zinc finger factors	Multiple dispersed zinc fingers	0.5362635805384977	0.5291199979970131	0.07539246075392461	0.08609139086091391	0.33548608329351115	0.3931325221908189
NFAC4.H12CORE.0.P.C	NFATC4	Rel homology region (RHR) factors	NFAT-related	0.5362281530467657	0.508914958349008	0.0746925307469253	0.34496550344965504	0.33368830299632574	0.6894532153432856
HNF1A.H12CORE.0.PS.A	HNF1A	Homeo domain factors	POU	0.5360344827586208	0.5260557358405263	0.0734926507349265	0.10628937106289371	0.3314059219078092	0.41725827417258277
TF7L1.H12CORE.1.P.C	TCF7L1	High-mobility group (HMG) domain factors	TCF7-related	0.5360014170996721	0.5158221932017646	0.07829217078292171	0.2258774122587741	0.3392660733926607	0.5766342379846523
NKX61.H12CORE.1.P.B	NKX6-1	Homeo domain factors	NK-related	0.5359872461029771	0.5164600676817985	0.0761923807619238	0.23817618238176183	0.3362250930870216	0.5905296068331312
FOXA1.H12CORE.1.S.C	FOXA1	Fork head/winged helix factors	FOX	0.5359541804440251	0.529674462172776	0.07889211078892111	0.08259174082591741	0.34084226307908133	0.3856954110414202
MEIS2.H12CORE.2.SM.B	MEIS2	Homeo domain factors	TALE-type HD	0.5357841284837038	0.524876847378567	0.073992600739926	0.12008799120087991	0.3326209435131253	0.4375933618759336
MEF2C.H12CORE.1.SM.B	MEF2C	MADS box factors	Regulators of differentiation	0.5357628719886652	0.5185283436466287	0.0756924307569243	0.18818118188181182	0.33548608329351115	0.5310936991407241
ZN529.H12CORE.0.P.B	ZNF529	C2H2 zinc finger factors	More than 3 adjacent zinc fingers	0.5355975436939064	0.522483980463791	0.07729227077292271	0.14328567143285673	0.33900530919552424	0.4705529447055295
ZN248.H12CORE.0.P.B	ZNF248	C2H2 zinc finger factors	Multiple dispersed zinc fingers	0.5355880963627798	0.5099664508621039	0.0765923407659234	0.3057694230576942	0.3369595967232545	0.6556096247730353
IRX2.H12CORE.0.S.B	IRX2	Homeo domain factors	TALE-type HD	0.535529050543223	0.5205410808836372	0.08149185081491851	0.16368363163683633	0.34688124107943186	0.5036150969124836
CEBPG.H12CORE.0.P.B	CEBPG	Basic leucine zipper factors (bZIP)	C/EBP-related	0.5353849787435059	0.5258128460997658	0.0842915708429157	0.11788821117888211	0.34800696066756964	0.43396094064062984
TBX5.H12CORE.1.P.B	TBX5	T-Box factors	TBX2-related	0.5350212564950411	0.558886296943336	0.08399160083991601	0.0036996300369963003	0.34800696066756964	0.06510446516323977
MCR.H12CORE.0.S.B	NR3C2	Nuclear receptors with C4 zinc fingers	Steroid hormone receptors	0.5349976381672186	0.5537072181671431	0.0836916308369163	0.0066993300669933005	0.34800696066756964	0.09385566297739158
PAX3.H12CORE.3.S.B	PAX3	Paired box factors	PD+HD	0.534974019839396	0.5366125682336006	0.0780921907809219	0.0446955304469553	0.3392660733926607	0.26873187681231875
ZN626.H12CORE.0.P.C	ZNF626	C2H2 zinc finger factors	More than 3 adjacent zinc fingers	0.5349149740198397	0.5256270996740888	0.0806919308069193	0.10898910108989102	0.34654302426900163	0.42128300538930064
ZN652.H12CORE.0.PS.A	ZNF652	C2H2 zinc finger factors	More than 3 adjacent zinc fingers	0.5349078885214952	0.5051157553738583	0.0812918708129187	0.39066093390660933	0.34688124107943186	0.7383363226177382
ZN768.H12CORE.1.P.B	ZNF768	C2H2 zinc finger factors	More than 3 adjacent zinc fingers	0.5349031648559295	0.5272467142555877	0.0775922407759224	0.09809019098090191	0.3392660733926607	0.4121854290215678
Z354A.H12CORE.0.P.B	ZNF354A	C2H2 zinc finger factors	More than 3 adjacent zinc fingers	0.5348653755314148	0.5160069771264241	0.08489151084891511	0.2201779822017798	0.34800696066756964	0.5699021495699892
ZN787.H12CORE.1.S.C	ZNF787	C2H2 zinc finger factors	Multiple dispersed zinc fingers	0.5347992442135097	0.5308741886620884	0.08349165083491651	0.07429257074292571	0.34800696066756964	0.3658845719523611
ZNF41.H12CORE.1.P.C	ZNF41	C2H2 zinc finger factors	More than 3 adjacent zinc fingers	0.5347968823807282	0.5174668780699283	0.0800919908009199	0.20117988201179882	0.344993261867843	0.5446577293490164
PRD13.H12CORE.0.P.B	PRDM13	C2H2 zinc finger factors	Multiple dispersed zinc fingers	0.5347472838923018	0.5534765072710799	0.08449155084491551	0.009599040095990401	0.34800696066756964	0.1173848716823233
SOX21.H12CORE.0.S.B	SOX21	High-mobility group (HMG) domain factors	SOX-related	0.5346008502598039	0.5032622964920724	0.0832916708329167	0.43585641435856415	0.34800696066756964	0.7756237923005729
ZBT43.H12CORE.0.S.C	ZBTB43	C2H2 zinc finger factors	Other with up to three adjacent zinc fingers	0.5345394426074647	0.5140560560581156	0.08099190080991901	0.23817618238176183	0.34679914797837724	0.5905296068331312
RHXF2.H12CORE.0.SM.B	RHOXF2	Homeo domain factors	Paired-related HD	0.5344567784600843	0.5352734459053242	0.08439156084391561	0.04889511048895111	0.34800696066756964	0.27944636366402886
ZFP14.H12CORE.0.P.C	ZFP14	C2H2 zinc finger factors	More than 3 adjacent zinc fingers	0.5343788379782713	0.5323877096835019	0.08539146085391461	0.06629337066293371	0.3490648102328577	0.33922458817948
HSF2.H12CORE.0.PSM.A	HSF2	Heat shock factors	HSF	0.5343552196504503	0.5413113008450423	0.08969103089691031	0.029997000299970003	0.3587319839444627	0.21499978714999785
TBX6.H12CORE.0.PSM.A	TBX6	T-Box factors	TBX6-related	0.5342772791686368	0.5067987683167892	0.0857914208579142	0.35836416358364165	0.3497090968869215	0.7080059435916873
LMX1B.H12CORE.2.S.B	LMX1B	Homeo domain factors	HD-LIM	0.5342324043457739	0.5250236479193331	0.08459154084591541	0.11408859114088592	0.34800696066756964	0.4272497620704251
SKOR1.H12CORE.0.M.C	SKOR1	Uncharacterized	Unannotated	0.5341615493623074	0.5123606891097355	0.0847915208479152	0.2643735626437356	0.34800696066756964	0.6193036540501794
CEBPA.H12CORE.0.P.B	CEBPA	Basic leucine zipper factors (bZIP)	C/EBP-related	0.5341143127066627	0.5258071043055533	0.09019098090190981	0.11358864113588642	0.3587319839444627	0.4272497620704251
ZN664.H12CORE.1.P.C	ZNF664	C2H2 zinc finger factors	More than 3 adjacent zinc fingers	0.5340694378838009	0.5560776369566637	0.08639136086391361	0.0033996600339966003	0.3511626302158517	0.06510446516323977
CDX4.H12CORE.1.M.C	CDX4	Homeo domain factors	HOX-related	0.5339844119036373	0.5265840232284467	0.08339166083391661	0.10418958104189581	0.34800696066756964	0.4130915675555732
FOXP1.H12CORE.0.PS.A	FOXP1	Fork head/winged helix factors	FOX	0.5338993859234789	0.5173817594232116	0.08789121087891211	0.1947805219478052	0.3556619128003166	0.5392878963054265
HXA1.H12CORE.1.S.B	HOXA1	Homeo domain factors	HOX-related	0.5338875767595669	0.5203690296270905	0.08299170082991701	0.16418358164183583	0.34800696066756964	0.5039363432077845
ZN433.H12CORE.1.P.C	ZNF433	C2H2 zinc finger factors	More than 3 adjacent zinc fingers	0.5338072744449697	0.5292622212446458	0.0893910608939106	0.0832916708329167	0.3587319839444627	0.38614888511148887
ZN771.H12CORE.0.SM.B	ZNF771	C2H2 zinc finger factors	More than 3 adjacent zinc fingers	0.5337316957959406	0.5008879663765221	0.08449155084491551	0.45035496450354967	0.34800696066756964	0.7866957574447622
PO3F3.H12CORE.1.P.C	POU3F3	Homeo domain factors	POU	0.5336561171469079	0.5235836224005519	0.0908909109089091	0.13538646135386462	0.3593303683330297	0.45967685584382745
HIC2.H12CORE.0.P.B	HIC2	C2H2 zinc finger factors	Multiple dispersed zinc fingers	0.5335876239962217	0.5095847468474308	0.09199080091990801	0.31426857314268575	0.36169680034721324	0.6610634854881859
ZN613.H12CORE.0.P.C	ZNF613	C2H2 zinc finger factors	More than 3 adjacent zinc fingers	0.5334341048653777	0.518728677156338	0.09049095090490951	0.18708129187081293	0.3587319839444627	0.5304616597163814
BCL6.H12CORE.0.PSM.A	BCL6	C2H2 zinc finger factors	More than 3 adjacent zinc fingers	0.5334341048653767	0.5411491093332123	0.08799120087991201	0.028997100289971003	0.3556619128003166	0.2134837536654498
CREB5.H12CORE.0.P.B	CREB5	Basic leucine zipper factors (bZIP)	Jun-related	0.5334034010392061	0.5429959124779371	0.0917908209179082	0.024397560243975602	0.36169680034721324	0.1989021436839367
ZN570.H12CORE.0.P.C	ZNF570	C2H2 zinc finger factors	More than 3 adjacent zinc fingers	0.5334010392064247	0.5305312161138512	0.0897910208979102	0.0775922407759224	0.3587319839444627	0.37321867813218673
ZFP3.H12CORE.0.P.C	ZFP3	C2H2 zinc finger factors	More than 3 adjacent zinc fingers	0.5333089277279174	0.5237296323812796	0.0903909609039096	0.1307869213078692	0.3587319839444627	0.4536671332866713
ZN250.H12CORE.1.M.C	ZNF250	C2H2 zinc finger factors	More than 3 adjacent zinc fingers	0.5332050070854999	0.5268911670161901	0.09019098090190981	0.09829017098290171	0.3587319839444627	0.4121854290215678
ZN124.H12CORE.0.P.C	ZNF124	C2H2 zinc finger factors	More than 3 adjacent zinc fingers	0.5329759093056221	0.511289746613016	0.09469053094690531	0.2836716328367163	0.36670970972607836	0.6334865747728443
IRX1.H12CORE.0.S.C	IRX1	Homeo domain factors	TALE-type HD	0.5329333963155424	0.5448511086249174	0.0938906109389061	0.023997600239976002	0.36518639241197176	0.19787735512163068
HXD13.H12CORE.0.PS.A	HOXD13	Homeo domain factors	HOX-related	0.5328294756731218	0.5280152504847356	0.09919008099190081	0.09599040095990401	0.36984828648918056	0.41102121241881745
BARX2.H12CORE.0.SM.B	BARX2	Homeo domain factors	NK-related	0.5327231931979239	0.5253503481339514	0.0933906609339066	0.10948905109489052	0.36518639241197176	0.4213138686131387
EVX2.H12CORE.1.S.B	EVX2	Homeo domain factors	HOX-related	0.53272083136514	0.5195347334441465	0.0938906109389061	0.17588241175882413	0.36518639241197176	0.5169008557392734
PROP1.H12CORE.1.P.C	PROP1	Homeo domain factors	Paired-related HD	0.5326358053849799	0.536402217189724	0.09609039096090391	0.0456954304569543	0.3671015710928907	0.2700284188448625
GCR.H12CORE.1.S.B	NR3C1	Nuclear receptors with C4 zinc fingers	Steroid hormone receptors	0.5326192725555041	0.5270786683959118	0.09379062093790622	0.0963903609639036	0.36518639241197176	0.41115003543893397
NDF2.H12CORE.1.S.B	NEUROD2	Basic helix-loop-helix factors (bHLH)	Tal-related	0.5326003778932464	0.5289120930194419	0.096990300969903	0.09409059094090591	0.3671015710928907	0.40529170963500666
ZN154.H12CORE.0.P.C	ZNF154	C2H2 zinc finger factors	More than 3 adjacent zinc fingers	0.5325507794048188	0.5245237832387004	0.0973902609739026	0.1272872712728727	0.3671015710928907	0.4497899843267507
NFAC3.H12CORE.1.P.C	NFATC3	Rel homology region (RHR) factors	NFAT-related	0.5325342465753427	0.5149441417505329	0.10068993100689931	0.27207279272072793	0.3723379580200548	0.6301782341830022
ZFP69.H12CORE.0.P.C	ZFP69	C2H2 zinc finger factors	More than 3 adjacent zinc fingers	0.5325295229097786	0.5166132115403552	0.09769023097690231	0.20787921207879212	0.3671015710928907	0.5575645037726711
TBX20.H12CORE.0.P.C	TBX20	T-Box factors	TBX1-related	0.532491733585264	0.546531774135367	0.0973902609739026	0.0183981601839816	0.3671015710928907	0.17750922276193434
MIXL1.H12CORE.0.SM.B	MIXL1	Homeo domain factors	Paired-related HD	0.5324539442607465	0.525179284989183	0.09479052094790522	0.1161883811618838	0.36670970972607836	0.43100214400153813
TBX5.H12CORE.0.PS.A	TBX5	T-Box factors	TBX2-related	0.5324303259329254	0.5091371457401666	0.102989701029897	0.32056794320567944	0.3781530243922172	0.6665411268671404
ZFP37.H12CORE.0.P.C	ZFP37	C2H2 zinc finger factors	More than 3 adjacent zinc fingers	0.5323783656117171	0.5221369064189666	0.09759024097590241	0.14478552144785523	0.3671015710928907	0.4705529447055295
SCRT1.H12CORE.0.PSM.A	SCRT1	C2H2 zinc finger factors	More than 3 adjacent zinc fingers	0.5323571091166758	0.5218819101823657	0.0953904609539046	0.1498850114988501	0.3671015710928907	0.48170171846957843
NFAC2.H12CORE.1.PS.A	NFATC2	Rel homology region (RHR) factors	NFAT-related	0.5323476617855472	0.5232212390574194	0.0974902509749025	0.13288671132886712	0.3671015710928907	0.45656077249417915
SNAI2.H12CORE.0.PSM.A	SNAI2	C2H2 zinc finger factors	More than 3 adjacent zinc fingers	0.5323429381199811	0.5225913035870143	0.09759024097590241	0.1441855814418558	0.3671015710928907	0.4705529447055295
PBX2.H12CORE.0.P.B	PBX2	Homeo domain factors	TALE-type HD	0.5322602739726043	0.5119972324551558	0.0974902509749025	0.274972502749725	0.3671015710928907	0.630819271014075
DMBX1.H12CORE.0.SM.B	DMBX1	Homeo domain factors	Paired-related HD	0.5321823334907897	0.5274638831179277	0.09909009099090091	0.09359064093590641	0.36984828648918056	0.4043451942230927
TF7L2.H12CORE.0.P.B	TCF7L2	High-mobility group (HMG) domain factors	TCF7-related	0.5321280113367994	0.5161623795601022	0.10078992100789921	0.2166783321667833	0.3723379580200548	0.5688081011393445
ZN432.H12CORE.0.P.C	ZNF432	C2H2 zinc finger factors	More than 3 adjacent zinc fingers	0.5319697685403887	0.5193360224176303	0.10088991100889912	0.1713828617138286	0.3723379580200548	0.5115041774511073
TBX21.H12CORE.0.PSM.A	TBX21	T-Box factors	TBrain-related	0.5319650448748237	0.5013797762171492	0.09759024097590241	0.45285471452854714	0.3671015710928907	0.786712303498892
THB.H12CORE.1.PSM.A	THRB	Nuclear receptors with C4 zinc fingers	Thyroid hormone receptor-related	0.5319343410486548	0.5234464823038187	0.1024897510248975	0.18138186181381863	0.37727732328807934	0.5216699445593289
TWST2.H12CORE.0.P.B	TWIST2	Basic helix-loop-helix factors (bHLH)	Tal-related	0.5318941898913572	0.5372138136066608	0.10068993100689931	0.043195680431956804	0.3723379580200548	0.2665614794452758
ZNF90.H12CORE.0.P.C	ZNF90	C2H2 zinc finger factors	More than 3 adjacent zinc fingers	0.5318941898913551	0.5273788441802887	0.09859014098590141	0.09969003099690031	0.369520969980924	0.4121854290215678
ZN160.H12CORE.0.P.C	ZNF160	C2H2 zinc finger factors	More than 3 adjacent zinc fingers	0.5314643363249898	0.5296229159317059	0.10548945105489452	0.08499150084991501	0.3843971663439717	0.3918298266020043
NRL.H12CORE.1.SM.B	NRL	Basic leucine zipper factors (bZIP)	Maf-related	0.5313273500236184	0.5224199264176248	0.1060893910608939	0.1436856314368563	0.3856095498762466	0.4705529447055295
DMRT3.H12CORE.0.S.C	DMRT3	DM-type intertwined zinc finger factors	DMRT	0.5311667453944258	0.5205997389330718	0.1075892410758924	0.1630836916308369	0.38812818718128184	0.5028413825284138
ANDR.H12CORE.0.P.B	AR	Nuclear receptors with C4 zinc fingers	Steroid hormone receptors	0.5311313179026949	0.5482915963215822	0.1034896510348965	0.011998800119988001	0.37902428031308544	0.14076641116376168
TCF21.H12CORE.1.SM.B	TCF21	Basic helix-loop-helix factors (bHLH)	Tal-related	0.5310415682569672	0.5294103349976499	0.10868913108689131	0.0831916808319168	0.39111824478400037	0.38614888511148887
HXA13.H12CORE.0.P.B	HOXA13	Homeo domain factors	HOX-related	0.531039206424185	0.5198951367558805	0.10678932106789321	0.16478352164783522	0.38717836759037666	0.5039363432077845
ZBT22.H12CORE.0.SM.B	ZBTB22	C2H2 zinc finger factors	Other with up to three adjacent zinc fingers	0.5310226735947114	0.5291230373755121	0.10988901109889011	0.08349165083491651	0.39321389643213894	0.38614888511148887
SNAI1.H12CORE.0.PSM.A	SNAI1	C2H2 zinc finger factors	More than 3 adjacent zinc fingers	0.5310014170996695	0.5201441525057104	0.11298870112988701	0.1728827117288271	0.400596304005963	0.5115041774511073
NR1H3.H12CORE.1.P.B	NR1H3	Nuclear receptors with C4 zinc fingers	Thyroid hormone receptor-related	0.5308927727916865	0.5148004251348124	0.1075892410758924	0.23447655234476553	0.38812818718128184	0.5843690242374726
ZN135.H12CORE.0.P.C	ZNF135	C2H2 zinc finger factors	More than 3 adjacent zinc fingers	0.5307817666509231	0.5199985608596045	0.1040895910408959	0.16568343165683433	0.3802564047392729	0.5039363432077845
SMAD4.H12CORE.1.P.B	SMAD4	SMAD/NF-1 DNA-binding domain factors	SMAD	0.5306282475200761	0.5298200830800078	0.11458854114588542	0.0811918808119188	0.4032957679841772	0.38038923380389233
TF7L1.H12CORE.0.PM.A	TCF7L1	High-mobility group (HMG) domain factors	TCF7-related	0.5305432215399156	0.5219535301375947	0.11298870112988701	0.14238576142385762	0.400596304005963	0.4705529447055295
HNF6.H12CORE.1.S.B	ONECUT1	Homeo domain factors	HD-CUT	0.5305384978743504	0.5199870388062858	0.1100889911008899	0.16648335166483352	0.39321389643213894	0.5039408008884646
PBX1.H12CORE.2.P.B	PBX1	Homeo domain factors	TALE-type HD	0.5304038734057643	0.5176370198668244	0.1090890910908909	0.1934806519348065	0.39158099115461587	0.5379433154950402
SATB1.H12CORE.0.P.B	SATB1	Homeo domain factors	HD-CUT	0.5303164855928222	0.5142152665757193	0.11038896110388961	0.23347665233476653	0.3933117799331178	0.5843690242374726
TEAD4.H12CORE.0.PS.A	TEAD4	TEA domain factors	TEF1-related	0.5301487954652819	0.5152018770027567	0.11628837116288371	0.22667733226677333	0.40828252941129245	0.5766342379846523
ZN564.H12CORE.0.P.C	ZNF564	C2H2 zinc finger factors	More than 3 adjacent zinc fingers	0.5300188946622583	0.5157837461979157	0.11398860113988601	0.2221777822217778	0.4031508613844498	0.5725045352607596
NANOG.H12CORE.2.M.C	NANOG	Homeo domain factors	NK-related	0.5299574870099208	0.5167615638352364	0.12408759124087591	0.21477852214778523	0.4216533640753572	0.5665912384995504
ZN791.H12CORE.0.P.C	ZNF791	C2H2 zinc finger factors	More than 3 adjacent zinc fingers	0.529896079357583	0.5372493747047703	0.11428857114288571	0.04329567043295671	0.40322349183174594	0.2665614794452758
NKX63.H12CORE.0.SM.B	NKX6-3	Homeo domain factors	NK-related	0.5298700991969779	0.5175151328992728	0.11878812118788121	0.19638036196380362	0.4137345301614417	0.5392878963054265
ONEC3.H12CORE.0.S.B	ONECUT3	Homeo domain factors	HD-CUT	0.5298181388757686	0.5096291951098527	0.11898810118988101	0.3090690930906909	0.4137345301614417	0.6587691304724771
PITX1.H12CORE.0.PSM.A	PITX1	Homeo domain factors	Paired-related HD	0.5297236655644794	0.5262923799930488	0.11798820117988201	0.10428957104289571	0.41324508325866444	0.4130915675555732
PKNX2.H12CORE.0.SM.B	PKNOX2	Homeo domain factors	TALE-type HD	0.5296858762399629	0.5124783865843576	0.11958804119588042	0.2665733426657334	0.4148210178982102	0.6214302640818309
LMX1B.H12CORE.1.SM.B	LMX1B	Homeo domain factors	HD-LIM	0.5295488899385933	0.5295214127842598	0.12338766123387661	0.0908909109089091	0.4216003931521741	0.400744376781834
ZN75D.H12CORE.1.P.B	ZNF75D	C2H2 zinc finger factors	More than 3 adjacent zinc fingers	0.5294426074633938	0.5107476878472335	0.1207879212078792	0.29547045295470453	0.417978346050287	0.6430827505484745
ISX.H12CORE.1.S.B	ISX	Homeo domain factors	Paired-related HD	0.5294024563060941	0.526897876820879	0.12258774122587741	0.10238976102389762	0.42117645378319307	0.4130915675555732
BARX1.H12CORE.0.P.C	BARX1	Homeo domain factors	NK-related	0.5293764761454909	0.5048003305258909	0.1217878212178782	0.38866113388661133	0.4204302057832494	0.7383363226177382
ZN121.H12CORE.0.P.B	ZNF121	C2H2 zinc finger factors	More than 3 adjacent zinc fingers	0.5290812470477101	0.5255217770390144	0.12308769123087691	0.1136886311368863	0.4216003931521741	0.4272497620704251
MEIS1.H12CORE.0.P.B	MEIS1	Homeo domain factors	TALE-type HD	0.5290269248937196	0.4971271711746935	0.11868813118688132	0.534046595340466	0.4137345301614417	0.8546760623272485
FOXC1.H12CORE.1.S.C	FOXC1	Fork head/winged helix factors	FOX	0.5288592347661797	0.5142148723282921	0.12358764123587641	0.24097590240975902	0.4216003931521741	0.593119393341756
ZN224.H12CORE.0.P.B	ZNF224	C2H2 zinc finger factors	More than 3 adjacent zinc fingers	0.528646669815777	0.5056774677952758	0.12658734126587343	0.38276172382761725	0.42778813453549264	0.7383363226177382
NKX61.H12CORE.2.S.B	NKX6-1	Homeo domain factors	NK-related	0.528599433160132	0.5221381864342921	0.12248775122487751	0.1464853514648535	0.42117645378319307	0.4728822419771445
ZN214.H12CORE.0.P.B	ZNF214	C2H2 zinc finger factors	More than 3 adjacent zinc fingers	0.5285616438356169	0.505330833478712	0.12688731126887312	0.38966103389661033	0.4277999770116447	0.7383363226177382
SMAD2.H12CORE.0.P.B	SMAD2	SMAD/NF-1 DNA-binding domain factors	SMAD	0.5285545583372699	0.5197982256934057	0.12658734126587343	0.1670832916708329	0.42778813453549264	0.5043957947301504
FOXA1.H12CORE.0.P.B	FOXA1	Fork head/winged helix factors	FOX	0.5285521965044888	0.523250799943561	0.12418758124187582	0.12858714128587143	0.4216533640753572	0.45211813770079307
ZN140.H12CORE.0.P.B	ZNF140	C2H2 zinc finger factors	More than 3 adjacent zinc fingers	0.5285285781766655	0.5147450464950624	0.12758724127587243	0.23157684231576842	0.4281590445606603	0.5821696575987
ZEB1.H12CORE.0.P.B	ZEB1	Homeo domain factors	HD-ZF	0.5285191308455358	0.5350952556545492	0.1274872512748725	0.0547945205479452	0.4281590445606603	0.30178814179650737
LYL1.H12CORE.1.P.C	LYL1	Basic helix-loop-helix factors (bHLH)	Tal-related	0.5284671705243286	0.509037107317129	0.1294870512948705	0.32356764323567644	0.4325227199502272	0.6689227925345002
TEAD2.H12CORE.0.PSM.A	TEAD2	TEA domain factors	TEF1-related	0.5282215399149746	0.5068150770420035	0.1314868513148685	0.36336366363363665	0.4375003878922453	0.7153257389131483
GFI1B.H12CORE.1.S.C	GFI1B	C2H2 zinc finger factors	More than 3 adjacent zinc fingers	0.5280066131317918	0.5022996801665885	0.12888711128887112	0.44075592440755923	0.4315176370993991	0.7790008024901304
ESR1.H12CORE.1.P.B	ESR1	Nuclear receptors with C4 zinc fingers	Steroid hormone receptors	0.5278719886632041	0.5244576878517138	0.1327867213278672	0.12288771122887711	0.4394753185231935	0.44321384693213844
PRGR.H12CORE.1.P.B	PGR	Nuclear receptors with C4 zinc fingers	Steroid hormone receptors	0.5277019367028818	0.5285591433447543	0.13158684131586842	0.22397760223977603	0.4375003878922453	0.5756018704179404
MESP1.H12CORE.0.S.C	MESP1	Basic helix-loop-helix factors (bHLH)	Tal-related	0.5275318847425609	0.519993290685558	0.13188681131886812	0.1613838616138386	0.4375003878922453	0.49973586332353886
PRRX2.H12CORE.1.S.B	PRRX2	Homeo domain factors	Paired-related HD	0.5274208786017968	0.537252487238108	0.1451854814518548	0.046495350464953504	0.4602049598961672	0.2700284188448625
ZN184.H12CORE.0.P.B	ZNF184	C2H2 zinc finger factors	More than 3 adjacent zinc fingers	0.5273972602739739	0.5162430522712834	0.14028597140285973	0.21387861213878612	0.4537443805730786	0.5652506177953633
ZN350.H12CORE.0.P.B	ZNF350	C2H2 zinc finger factors	More than 3 adjacent zinc fingers	0.5273571091166757	0.5272772380076559	0.1377862213778622	0.09919008099190081	0.45187617601876173	0.4121854290215678
ZN667.H12CORE.0.P.C	ZNF667	C2H2 zinc finger factors	More than 3 adjacent zinc fingers	0.5273523854511106	0.5008959443490678	0.14108589141085892	0.47015298470152983	0.4537443805730786	0.7990939421958865
PKNX1.H12CORE.3.SM.B	PKNOX1	Homeo domain factors	TALE-type HD	0.5273382144544185	0.5123853612602656	0.133986601339866	0.26517348265173485	0.442431729367109	0.6201707219877689
NGN2.H12CORE.1.SM.B	NEUROG2	Basic helix-loop-helix factors (bHLH)	Tal-related	0.5272791686348604	0.5046080455033911	0.1356864313568643	0.4012598740125987	0.44600346343497765	0.7451969088805405
SALL4.H12CORE.0.P.B	SALL4	C2H2 zinc finger factors	Multiple dispersed zinc fingers	0.5272768068020787	0.5210936221418031	0.1346865313468653	0.1658834116588341	0.4437275450537138	0.5039363432077845
PAX7.H12CORE.2.PM.A	PAX7	Paired box factors	PD+HD	0.5272602739726042	0.5260887253959186	0.13888611138886112	0.11428857114288571	0.4537443805730786	0.4272497620704251
ZN766.H12CORE.0.P.B	ZNF766	C2H2 zinc finger factors	More than 3 adjacent zinc fingers	0.5272461029759116	0.5110698613943999	0.1396860313968603	0.28377162283771623	0.4537443805730786	0.6334865747728443
TBP.H12CORE.0.P.B	TBP	TATA-binding proteins	TBP-related	0.5271658006613132	0.5194529531251189	0.14078592140785923	0.1782821717828217	0.4537443805730786	0.5207716070498213
TRPS1.H12CORE.0.P.B	TRPS1	Other C4 zinc finger-type factors	C4-GATA-related	0.5270925838450649	0.520717352368698	0.13998600139986	0.20707929207079293	0.4537443805730786	0.5574914523473026
ONEC2.H12CORE.3.P.B	ONECUT2	Homeo domain factors	HD-CUT	0.5270311761927265	0.5358870717124107	0.1411858814118588	0.053594640535946404	0.4537443805730786	0.2974162353879554
NANOG.H12CORE.1.P.B	NANOG	Homeo domain factors	NK-related	0.5270217288615976	0.502728704796295	0.1411858814118588	0.43455654434556545	0.4537443805730786	0.7756237923005729
PO6F1.H12CORE.0.SM.B	POU6F1	Homeo domain factors	POU	0.5269721303731711	0.5198915920172478	0.14588541145885411	0.17588241175882413	0.4602049598961672	0.5169008557392734
ZIC4.H12CORE.0.SM.B	ZIC4	C2H2 zinc finger factors	More than 3 adjacent zinc fingers	0.5266698157770431	0.547897854689685	0.14628537146285372	0.015498450154984501	0.4602049598961672	0.1597447398117331
HXB4.H12CORE.0.P.B	HOXB4	Homeo domain factors	HOX-related	0.5266603684459141	0.5228325791703012	0.13978602139786023	0.1474852514748525	0.4537443805730786	0.475047361335295
FOXG1.H12CORE.0.PSM.A	FOXG1	Fork head/winged helix factors	FOX	0.5264737836561185	0.5154265086670328	0.1461853814618538	0.22907709229077092	0.4602049598961672	0.5809459475845034
SOX1.H12CORE.1.S.B	SOX1	High-mobility group (HMG) domain factors	SOX-related	0.5264241851676913	0.5077188825947783	0.1421857814218578	0.4106589341065893	0.4558912179735463	0.7529616796897184
ZN443.H12CORE.0.P.C	ZNF443	C2H2 zinc finger factors	More than 3 adjacent zinc fingers	0.5264241851676909	0.5270533789265717	0.15098490150984903	0.09919008099190081	0.46731297019551776	0.4121854290215678
FOXJ2.H12CORE.2.S.B	FOXJ2	Fork head/winged helix factors	FOX	0.5264123760037787	0.5369317917496946	0.15028497150284972	0.045495450454954504	0.46731297019551776	0.2700284188448625
ZNF35.H12CORE.1.P.C	ZNF35	C2H2 zinc finger factors	More than 3 adjacent zinc fingers	0.5263863958431765	0.5236733415083389	0.1463853614638536	0.12718728127187282	0.4602049598961672	0.4497899843267507
GATA6.H12CORE.0.PSM.A	GATA6	Other C4 zinc finger-type factors	C4-GATA-related	0.5263793103448307	0.5234682413639651	0.1424857514248575	0.12908709129087093	0.4558912179735463	0.45211813770079307
HXB7.H12CORE.0.P.C	HOXB7	Homeo domain factors	HOX-related	0.5263249881908378	0.5096509281603468	0.142985701429857	0.31196880311968805	0.45610803158094787	0.6591994309340996
NKX21.H12CORE.0.P.B	NKX2-1	Homeo domain factors	NK-related	0.5262777515351925	0.5269309172937913	0.1431856814318568	0.10688931106889311	0.45610803158094787	0.41725827417258277
ZN793.H12CORE.1.P.C	ZNF793	C2H2 zinc finger factors	More than 3 adjacent zinc fingers	0.5261809163911214	0.4931391571514375	0.1488851114888511	0.6176382361763824	0.46603300624384414	0.9321235059156624
ZBT26.H12CORE.1.SM.B	ZBTB26	C2H2 zinc finger factors	More than 3 adjacent zinc fingers	0.5261620217288624	0.5373918003949726	0.1493850614938506	0.0410958904109589	0.4665858089515724	0.2584593714541589
SRBP2.H12CORE.2.M.C	SREBF2	Basic helix-loop-helix factors (bHLH)	bHLH-ZIP	0.5261265942371286	0.5117131143676844	0.1518848115188481	0.2830716928307169	0.46731297019551776	0.6334865747728443
TEAD3.H12CORE.1.S.B	TEAD3	TEA domain factors	TEF1-related	0.5261029759093074	0.5335366801359201	0.15158484151584842	0.0598940105989401	0.46731297019551776	0.3199838687717944
HESX1.H12CORE.0.SM.B	HESX1	Homeo domain factors	Paired-related HD	0.5260982522437413	0.5114210802440832	0.15358464153584642	0.282971702829717	0.46982989201079894	0.6334865747728443
PO4F3.H12CORE.0.SM.B	POU4F3	Homeo domain factors	POU	0.5258762399622108	0.5275519688309707	0.1576842315768423	0.102989701029897	0.47237060526312513	0.4130915675555732
GCR.H12CORE.0.PS.A	NR3C1	Nuclear receptors with C4 zinc fingers	Steroid hormone receptors	0.5257723193197943	0.5523849809541107	0.1558844115588441	0.008599140085991401	0.46982989201079894	0.11364084830455007
PKNX1.H12CORE.1.P.B	PKNOX1	Homeo domain factors	TALE-type HD	0.5257557864903186	0.5135870832489926	0.15378462153784622	0.2521747825217478	0.46982989201079894	0.6054712332427322
ZBT49.H12CORE.0.P.C	ZBTB49	C2H2 zinc finger factors	More than 3 adjacent zinc fingers	0.5257227208313663	0.5288733621470472	0.1558844115588441	0.09069093090690931	0.46982989201079894	0.400744376781834
RORA.H12CORE.0.P.C	RORA	Nuclear receptors with C4 zinc fingers	Thyroid hormone receptor-related	0.5257132735002374	0.52060976594608	0.1451854814518548	0.16098390160983903	0.4602049598961672	0.4995693978989198
CDX4.H12CORE.0.S.C	CDX4	Homeo domain factors	HOX-related	0.5256495040151157	0.5363272000527297	0.15498450154984503	0.045995400459954004	0.46982989201079894	0.2700284188448625
ZN713.H12CORE.0.SM.B	ZNF713	C2H2 zinc finger factors	More than 3 adjacent zinc fingers	0.5256353330184236	0.5389581593812821	0.15628437156284372	0.0365963403659634	0.46982989201079894	0.24224091352332655
TBR1.H12CORE.0.PS.A	TBR1	T-Box factors	TBrain-related	0.5255573925366094	0.5035275920257015	0.15058494150584942	0.40835916408359163	0.46731297019551776	0.7522675213394691
PO3F1.H12CORE.2.S.C	POU3F1	Homeo domain factors	POU	0.5255125177137461	0.5210792822509507	0.1556844315568443	0.15548445155484453	0.46982989201079894	0.4885678460353531
ISX.H12CORE.2.SM.B	ISX	Homeo domain factors	Paired-related HD	0.5254818138875772	0.5405547819977481	0.1513848615138486	0.033896610338966106	0.46731297019551776	0.22606955894272324
SOX3.H12CORE.1.S.C	SOX3	High-mobility group (HMG) domain factors	SOX-related	0.5254440245630618	0.5226686116599921	0.15178482151784822	0.13488651134886512	0.46731297019551776	0.4590595185764442
HLF.H12CORE.0.P.B	HLF	Basic leucine zipper factors (bZIP)	C/EBP-related	0.525432215399151	0.5330132007139383	0.1615838416158384	0.06579342065793421	0.47711609207177436	0.338891377766138
ZN384.H12CORE.0.PSM.A	ZNF384	C2H2 zinc finger factors	More than 3 adjacent zinc fingers	0.5254156825696755	0.511611048983401	0.15848415158484153	0.2970702929707029	0.4734837075298682	0.643652301436523
NKX61.H12CORE.0.PS.A	NKX6-1	Homeo domain factors	NK-related	0.5254085970713291	0.5116188144911412	0.15558444155584442	0.27717228277172284	0.46982989201079894	0.6320756549937423
ZN560.H12CORE.0.P.C	ZNF560	C2H2 zinc finger factors	More than 3 adjacent zinc fingers	0.5253967879074185	0.518186240364925	0.15498450154984503	0.17268273172682733	0.46982989201079894	0.5115041774511073
LMX1A.H12CORE.0.SM.B	LMX1A	Homeo domain factors	HD-LIM	0.5252716107699592	0.5172489646080117	0.15628437156284372	0.20307969203079693	0.46982989201079894	0.5477457861690467
OTX1.H12CORE.0.SM.B	OTX1	Homeo domain factors	Paired-related HD	0.5252598016060462	0.5180518950007247	0.14728527147285272	0.18018198180181982	0.4620274929028837	0.521625592951727
ZN205.H12CORE.0.P.C	ZNF205	C2H2 zinc finger factors	More than 3 adjacent zinc fingers	0.5251299008030221	0.5176458789243863	0.1531846815318468	0.195980401959804	0.46982989201079894	0.5392878963054265
ARGFX.H12CORE.0.SM.B	ARGFX	Homeo domain factors	Paired-related HD	0.5251228153046769	0.5270241414022435	0.1615838416158384	0.10178982101789821	0.47711609207177436	0.4130915675555732
ZN266.H12CORE.0.P.B	ZNF266	C2H2 zinc finger factors	More than 3 adjacent zinc fingers	0.5250472366556473	0.5147616861818948	0.15778422157784222	0.2410758924107589	0.47237060526312513	0.593119393341756
FEZF1.H12CORE.0.P.B	FEZF1	C2H2 zinc finger factors	More than 3 adjacent zinc fingers	0.5250307038261706	0.5253932673565243	0.1616838316168383	0.11728827117288271	0.47711609207177436	0.43396094064062984
RXRA.H12CORE.2.SM.B	RXRA	Nuclear receptors with C4 zinc fingers	RXR-related receptors	0.5250165328294762	0.517813165633556	0.15948405159484053	0.1912808719128087	0.47450615763165954	0.5328538574713957
ZBT40.H12CORE.0.P.B	ZBTB40	C2H2 zinc finger factors	More than 3 adjacent zinc fingers	0.5248653755314134	0.514732685322301	0.16328367163283672	0.23987601239876014	0.4788990613133809	0.593119393341756
ZNF16.H12CORE.0.P.C	ZNF16	C2H2 zinc finger factors	More than 3 adjacent zinc fingers	0.5246717052432698	0.5264279588367993	0.16578342165783422	0.11018898110188981	0.4809519048095191	0.42175782421757824
RELB.H12CORE.0.P.B	RELB	Rel homology region (RHR) factors	NFkappaB-related	0.5246598960793587	0.5359089361547895	0.1593840615938406	0.048995100489951	0.47450615763165954	0.27944636366402886
HNF6.H12CORE.0.PM.A	ONECUT1	Homeo domain factors	HD-CUT	0.524622106754843	0.5179977283209015	0.16278372162783722	0.1902809719028097	0.4784051126455583	0.5310936991407241
HNF1B.H12CORE.0.PS.A	HNF1B	Homeo domain factors	POU	0.5245418044402463	0.5236673969577047	0.16548345165483452	0.1336866313368663	0.4809519048095191	0.45713224886042203
MEF2D.H12CORE.1.M.C	MEF2D	MADS box factors	Regulators of differentiation	0.5244685876239963	0.5052120362121385	0.16598340165983402	0.38246175382461756	0.4809519048095191	0.7383363226177382
DLX1.H12CORE.0.S.B	DLX1	Homeo domain factors	NK-related	0.5244615021256505	0.5082945038690919	0.1638836116388361	0.33866613338666135	0.47968367463456496	0.6853564643535648
ZSCA4.H12CORE.0.SM.B	ZSCAN4	C2H2 zinc finger factors	More than 3 adjacent zinc fingers	0.5243268776570637	0.5221361157641387	0.1620837916208379	0.1508849115088491	0.47732022716095734	0.48308472922109125
ZN211.H12CORE.1.P.C	ZNF211	C2H2 zinc finger factors	Multiple dispersed zinc fingers	0.5242796410014184	0.5011359708089963	0.16748325167483252	0.4497550244975502	0.4823918805724218	0.7866957574447622
ZIK1.H12CORE.0.P.C	ZIK1	C2H2 zinc finger factors	More than 3 adjacent zinc fingers	0.5242725555030724	0.5282448450045557	0.16078392160783922	0.09009099090090991	0.47711609207177436	0.40000399960004
SIX4.H12CORE.0.P.B	SIX4	Homeo domain factors	HD-SINE	0.5241568256967417	0.49607058955871575	0.1648835116488351	0.5620437956204379	0.4809519048095191	0.8796412115838307
ZN211.H12CORE.0.P.B	ZNF211	C2H2 zinc finger factors	Multiple dispersed zinc fingers	0.5241190363722268	0.5108825179682401	0.1670832916708329	0.292970702929707	0.4822023797620238	0.6430827505484745
ZF64B.H12CORE.0.P.B	ZFP64	C2H2 zinc finger factors	More than 3 adjacent zinc fingers	0.524109589041097	0.5220292900998966	0.1650834916508349	0.1454854514548545	0.4809519048095191	0.4707074135635763
ZSCA1.H12CORE.0.SM.B	ZSCAN1	C2H2 zinc finger factors	Other with up to three adjacent zinc fingers	0.5240906943788417	0.5231264760548303	0.16668333166683333	0.13878612138786123	0.4820121194293397	0.4657404027039157
IRX3.H12CORE.1.S.B	IRX3	Homeo domain factors	TALE-type HD	0.5239230042512997	0.5067777308004067	0.1705829417058294	0.37346265373462656	0.4883952080982378	0.7282521747825218
LEF1.H12CORE.1.P.B	LEF1	High-mobility group (HMG) domain factors	TCF7-related	0.5237836561171478	0.5052588333363698	0.17468253174682533	0.38836116388361164	0.4971733595871183	0.7383363226177382
OLIG2.H12CORE.0.P.B	OLIG2	Basic helix-loop-helix factors (bHLH)	Tal-related	0.5237411431270697	0.5179727162379125	0.1795820417958204	0.19658034196580343	0.5022354086430437	0.5392878963054265
RARA.H12CORE.1.P.B	RARA	Nuclear receptors with C4 zinc fingers	Thyroid hormone receptor-related	0.5236466698157772	0.5412539184455429	0.17618238176182383	0.029697030296970302	0.49849250369080744	0.2142640735926407
UNC4.H12CORE.0.S.B	UNCX	Homeo domain factors	Paired-related HD	0.523568729333963	0.5236787866292609	0.16828317168283172	0.12378762123787622	0.48276862174617524	0.44321384693213844
HXB13.H12CORE.0.PS.A	HOXB13	Homeo domain factors	HOX-related	0.5235569201700523	0.5141658709311138	0.1780821917808219	0.25177482251774824	0.5018996147260274	0.6054712332427322
PO3F2.H12CORE.1.S.B	POU3F2	Homeo domain factors	POU	0.5233679735474736	0.519330865906574	0.16818318168183183	0.1755824417558244	0.48276862174617524	0.5169008557392734
ZN540.H12CORE.0.P.C	ZNF540	C2H2 zinc finger factors	More than 3 adjacent zinc fingers	0.5232994803967891	0.5447319599694073	0.18148185181481852	0.0197980201979802	0.5022354086430437	0.18196524296614922
FOXC2.H12CORE.0.SM.B	FOXC2	Fork head/winged helix factors	FOX	0.5232357109116678	0.5283077619512915	0.1745825417458254	0.09109089091090891	0.4971733595871183	0.400744376781834
ZNF34.H12CORE.0.P.C	ZNF34	C2H2 zinc finger factors	More than 3 adjacent zinc fingers	0.5230798299480418	0.5180870172181188	0.17768223177682232	0.18948105189481051	0.5017523687944317	0.5310936991407241
MEIS2.H12CORE.0.P.C	MEIS2	Homeo domain factors	TALE-type HD	0.5230774681152592	0.5002542564633594	0.1760823917608239	0.4871512848715128	0.49849250369080744	0.8117312980018395
MYNN.H12CORE.0.P.B	MYNN	C2H2 zinc finger factors	More than 3 adjacent zinc fingers	0.5230680207841293	0.5293159306186067	0.18238176182381763	0.08609139086091391	0.5022459586102459	0.3931325221908189
ZN492.H12CORE.0.P.C	ZNF492	C2H2 zinc finger factors	More than 3 adjacent zinc fingers	0.5230302314596122	0.5172109974085226	0.1720827917208279	0.19858014198580143	0.49171379891713796	0.5416845839045585
ZNF12.H12CORE.1.M.C	ZNF12	C2H2 zinc finger factors	More than 3 adjacent zinc fingers	0.5230042512990105	0.5130191152005654	0.17568243175682433	0.25517448255174485	0.49849250369080744	0.6096304276857083
FOXE1.H12CORE.1.S.C	FOXE1	Fork head/winged helix factors	FOX	0.5229641001417089	0.5224499622156261	0.18048195180481952	0.1192880711928807	0.5022354086430437	0.4368849917038753
ZN578.H12CORE.0.P.C	ZNF578	C2H2 zinc finger factors	More than 3 adjacent zinc fingers	0.52288852149268	0.5225789204313901	0.18138186181381863	0.14278572142785723	0.5022354086430437	0.4705529447055295
ZN296.H12CORE.0.S.C	ZNF296	C2H2 zinc finger factors	Multiple dispersed zinc fingers	0.5227420878601796	0.5191245140989876	0.17898210178982102	0.17228277172282772	0.5022354086430437	0.5115041774511073
DLX3.H12CORE.1.S.B	DLX3	Homeo domain factors	NK-related	0.5226287198866334	0.5135526334201048	0.1810818918108189	0.25677432256774324	0.5022354086430437	0.6113714822916391
RXRA.H12CORE.3.P.B	RXRA	Nuclear receptors with C4 zinc fingers	RXR-related receptors	0.5225602267359486	0.5159422310866622	0.1850814918508149	0.21837816218378162	0.505819304433193	0.5688081011393445
ZN335.H12CORE.1.P.D	ZNF335	C2H2 zinc finger factors	Multiple dispersed zinc fingers	0.5225484175720362	0.5413504763388332	0.18018198180181982	0.07999200079992001	0.5022354086430437	0.3796988722180414
NKX62.H12CORE.0.SM.B	NKX6-2	Homeo domain factors	NK-related	0.5225153519130854	0.5131927544248459	0.18098190180981902	0.25807419258074193	0.5022354086430437	0.612501743246728
DLX2.H12CORE.0.PSM.A	DLX2	Homeo domain factors	NK-related	0.5224374114312714	0.5076538274533979	0.1787821217878212	0.33906609339066096	0.5022354086430437	0.6853564643535648
PO6F2.H12CORE.0.S.B	POU6F2	Homeo domain factors	POU	0.5224232404345792	0.5210100442956811	0.18168183181681832	0.15508449155084492	0.5022354086430437	0.4885678460353531
GSC2.H12CORE.0.SM.B	GSC2	Homeo domain factors	Paired-related HD	0.5223854511100623	0.5255192420722561	0.18948105189481051	0.1376862313768623	0.5122948379319372	0.46312641463126414
GFI1B.H12CORE.0.PSM.A	GFI1B	C2H2 zinc finger factors	More than 3 adjacent zinc fingers	0.5223429381199828	0.49721170190953845	0.18318168183181682	0.5297470252974702	0.5034879369205937	0.8523774571317924
ZN714.H12CORE.0.P.C	ZNF714	C2H2 zinc finger factors	More than 3 adjacent zinc fingers	0.5222862541332098	0.518200014099879	0.18688131186881313	0.18958104189581043	0.5078526045700515	0.5310936991407241
PBX1.H12CORE.0.P.B	PBX1	Homeo domain factors	TALE-type HD	0.5222768068020796	0.5130220521902554	0.18498150184981502	0.2595740425957404	0.505819304433193	0.6150498250667543
NOTO.H12CORE.0.SM.B	NOTO	Homeo domain factors	NK-related	0.5222697213037335	0.5159130060377748	0.18438156184381563	0.21687831216878312	0.505819304433193	0.5688081011393445
SKOR1.H12CORE.1.S.C	SKOR1	Uncharacterized	Unannotated	0.52220358998583	0.5016601484738971	0.18688131186881313	0.45735426457354267	0.5078526045700515	0.7919290705659973
RXRA.H12CORE.1.S.C	RXRA	Nuclear receptors with C4 zinc fingers	RXR-related receptors	0.5221988663202652	0.517695249611939	0.18958104189581043	0.20117988201179882	0.5122948379319372	0.5446577293490164
OSR2.H12CORE.1.M.C	OSR2	C2H2 zinc finger factors	More than 3 adjacent zinc fingers	0.5220973075106278	0.5291330251775318	0.18868113188681132	0.08819118088191182	0.5117798370538886	0.39768710628937115
IRX5.H12CORE.1.SM.B	IRX5	Homeo domain factors	TALE-type HD	0.522064241851678	0.5172815276500611	0.18648135186481352	0.22197780221977803	0.5078526045700515	0.5725045352607596
PPARG.H12CORE.1.P.B	PPARG	Nuclear receptors with C4 zinc fingers	Thyroid hormone receptor-related	0.5220358998582925	0.5008498177549789	0.18238176182381763	0.45965403459654036	0.5022459586102459	0.7921964946362506
LHX3.H12CORE.0.P.B	LHX3	Homeo domain factors	HD-LIM	0.5219957487009927	0.5276613456788802	0.19088091190880913	0.0923907609239076	0.5138827535156932	0.4027790574416878
TGIF2.H12CORE.0.S.B	TGIF2	Homeo domain factors	TALE-type HD	0.5219768540387348	0.5139755957406521	0.20137986201379862	0.25377462253774624	0.5312452301387778	0.6072915096550047
Z705G.H12CORE.0.P.C	ZNF705G	C2H2 zinc finger factors	More than 3 adjacent zinc fingers	0.5218776570618809	0.5101607596350164	0.19438056194380562	0.31016898310168983	0.5194812010511656	0.6591661894193497
CDX2.H12CORE.0.PS.A	CDX2	Homeo domain factors	HOX-related	0.5217312234293824	0.5263125514568135	0.19058094190580943	0.10698930106989302	0.5138827535156932	0.41725827417258277
PO3F1.H12CORE.0.P.B	POU3F1	Homeo domain factors	POU	0.5216650921114804	0.4952830292584449	0.1954804519548045	0.569043095690431	0.5194812010511656	0.8848169004412799
DLX4.H12CORE.1.S.C	DLX4	Homeo domain factors	NK-related	0.5216603684459146	0.5064217670044028	0.19208079192080793	0.3665633436656334	0.5151906742411261	0.7186832947140068
ZN75D.H12CORE.0.P.B	ZNF75D	C2H2 zinc finger factors	More than 3 adjacent zinc fingers	0.5216036844591404	0.5486496144901534	0.20267973202679732	0.014798520147985201	0.532726508769888	0.15578659525351815
NANOG.H12CORE.0.P.B	NANOG	Homeo domain factors	NK-related	0.5215611714690609	0.5144154003719932	0.20127987201279873	0.24437556244375563	0.5312452301387778	0.5976846383158294
HXC10.H12CORE.0.P.B	HOXC10	Homeo domain factors	HOX-related	0.5215470004723682	0.49310390237198076	0.1947805219478052	0.613038696130387	0.5194812010511656	0.9301943622672433
ZNF23.H12CORE.0.P.C	ZNF23	C2H2 zinc finger factors	More than 3 adjacent zinc fingers	0.5215399149740213	0.5200297103707154	0.19158084191580843	0.1688831116888311	0.5148066198966695	0.5066493350664933
RXRA.H12CORE.0.PS.A	RXRA	Nuclear receptors with C4 zinc fingers	RXR-related receptors	0.5214926783183762	0.5028883805584579	0.19588041195880412	0.44345565443455653	0.5195871956921955	0.7813266292418377
FOXF1.H12CORE.0.P.C	FOXF1	Fork head/winged helix factors	FOX	0.5214596126594251	0.5057747738360505	0.194980501949805	0.37446255374462556	0.5194812010511656	0.7292165520290077
NR5A2.H12CORE.0.PSM.A	NR5A2	Nuclear receptors with C4 zinc fingers	FTZF1-related (NR5A)	0.5212990080302334	0.5232784485899062	0.1954804519548045	0.13438656134386562	0.5194812010511656	0.45843926245673305
NFIB.H12CORE.1.PS.A	NFIB	SMAD/NF-1 DNA-binding domain factors	NF-1	0.5212990080302322	0.5197274801923233	0.20177982201779823	0.17968203179682032	0.5313289838899322	0.521625592951727
ZKSC8.H12CORE.1.P.B	ZKSCAN8	C2H2 zinc finger factors	More than 3 adjacent zinc fingers	0.521277751535192	0.5152402849611454	0.1994800519948005	0.22627737226277372	0.5281646147311874	0.5766342379846523
ZIC5.H12CORE.0.P.B	ZIC5	C2H2 zinc finger factors	More than 3 adjacent zinc fingers	0.5208526216343893	0.5456709216100253	0.20777922207779223	0.0184981501849815	0.5382862072859141	0.17750922276193434
MEIS3.H12CORE.0.SM.B	MEIS3	Homeo domain factors	TALE-type HD	0.5208455361360416	0.5048696633107767	0.20327967203279673	0.40915908409159085	0.5333319395333194	0.7522675213394691
ZSA5A.H12CORE.0.SM.B	ZSCAN5A	C2H2 zinc finger factors	More than 3 adjacent zinc fingers	0.5207841284837044	0.509751465023956	0.20737926207379262	0.31956804319568044	0.5382163222526668	0.6662537209482515
ONEC2.H12CORE.0.S.B	ONECUT2	Homeo domain factors	HD-CUT	0.520673122342939	0.521826825233046	0.20527947205279473	0.1528847115288471	0.5366273155293168	0.48664738789278966
ZN561.H12CORE.0.P.C	ZNF561	C2H2 zinc finger factors	More than 3 adjacent zinc fingers	0.5205904581955616	0.5384705062441635	0.21937806219378062	0.042195780421957804	0.5553728837642552	0.263586628350152
ESR2.H12CORE.0.P.B	ESR2	Nuclear receptors with C4 zinc fingers	Steroid hormone receptors	0.5205550307038277	0.5230212698860421	0.20657934206579343	0.13998600139986	0.5380757953085559	0.46759212967592123
LHX2.H12CORE.0.PS.A	LHX2	Homeo domain factors	HD-LIM	0.5204581955597551	0.5242980778098589	0.21357864213578642	0.1374862513748625	0.5464432280176238	0.46312641463126414
SATB1.H12CORE.1.P.B	SATB1	Homeo domain factors	HD-CUT	0.5203708077468119	0.5105965091609023	0.20607939206079393	0.2947705229477052	0.537744236426267	0.6430827505484745
GATA4.H12CORE.0.PSM.A	GATA4	Other C4 zinc finger-type factors	C4-GATA-related	0.5202739726027394	0.5223485368310294	0.204979502049795	0.15908409159084091	0.5366273155293168	0.4947378107016885
THA.H12CORE.1.PS.A	THRA	Nuclear receptors with C4 zinc fingers	Thyroid hormone receptor-related	0.5202503542749178	0.5155483994532446	0.20717928207179281	0.38876112388761125	0.5382163222526668	0.7383363226177382
PAX3.H12CORE.2.P.C	PAX3	Paired box factors	PD+HD	0.5202149267831845	0.5254088920005308	0.2101789821017898	0.11608839116088392	0.5415861985230048	0.43100214400153813
ALX3.H12CORE.1.S.B	ALX3	Homeo domain factors	Paired-related HD	0.5202149267831837	0.5312150936672964	0.2091790820917908	0.07119288071192881	0.5399739095857856	0.3554717192640598
PAX4.H12CORE.0.SM.B	PAX4	Paired box factors	PD+HD	0.5201393481341534	0.510447837812667	0.20907909209079092	0.2806719328067193	0.5399739095857856	0.6334865747728443
ZN257.H12CORE.0.P.B	ZNF257	C2H2 zinc finger factors	More than 3 adjacent zinc fingers	0.5200543221539928	0.5232782062090968	0.21497850214978503	0.1391860813918608	0.5490512895613093	0.465998875750476
ATF3.H12CORE.2.P.B	ATF3	Basic leucine zipper factors (bZIP)	Fos-related	0.5197992442135113	0.5087994549488145	0.2116788321167883	0.32116788321167883	0.544478707209493	0.6668277057186368
MEOX1.H12CORE.0.SM.B	MEOX1	Homeo domain factors	HOX-related	0.519648086915449	0.49721648187124784	0.2126787321267873	0.5398460153984601	0.5460772428095269	0.8598209715452295
NFIL3.H12CORE.0.P.B	NFIL3	Basic leucine zipper factors (bZIP)	C/EBP-related	0.5196410014171008	0.5311288565431591	0.21357864213578642	0.07589241075892411	0.5464432280176238	0.36872979368729797
TGIF1.H12CORE.0.PSM.A	TGIF1	Homeo domain factors	TALE-type HD	0.5195229097779884	0.520898639198747	0.21927807219278073	0.23377662233776622	0.5553728837642552	0.5843690242374726
ZN563.H12CORE.1.P.C	ZNF563	C2H2 zinc finger factors	More than 3 adjacent zinc fingers	0.5193930089749668	0.5105095871345519	0.21827817218278173	0.3017698230176982	0.5545341592601304	0.649931126290356
ZBT12.H12CORE.0.P.B	ZBTB12	C2H2 zinc finger factors	More than 3 adjacent zinc fingers	0.519362305148797	0.5287486522143077	0.21677832216778323	0.08959104089591041	0.5526698213570869	0.39901195065678613
PO3F3.H12CORE.2.S.B	POU3F3	Homeo domain factors	POU	0.5193316013226251	0.513405952137794	0.22767723227677233	0.26417358264173585	0.5684052701996237	0.6193036540501794
SHOX2.H12CORE.0.S.B	SHOX2	Homeo domain factors	Paired-related HD	0.5193056211620227	0.51002467741857	0.22647735226477353	0.3067693230676932	0.5663896348666694	0.6558046417580464
PO4F1.H12CORE.1.SM.B	POU4F1	Homeo domain factors	POU	0.5192843646669846	0.5240452583541705	0.2181781821817818	0.12158784121587841	0.5545341592601304	0.44194270749247494
SKOR2.H12CORE.0.SM.B	SKOR2	Uncharacterized	Unannotated	0.519267831837507	0.5005915767280621	0.22097790220977903	0.4781521847815218	0.5555245869141309	0.8069866697540772
TF65.H12CORE.0.P.B	RELA	Rel homology region (RHR) factors	NFkappaB-related	0.5192489371752493	0.5296848807711927	0.22007799220077992	0.0806919308069193	0.5554868596909943	0.38038923380389233
HESX1.H12CORE.1.S.B	HESX1	Homeo domain factors	Paired-related HD	0.5192276806802093	0.5242675347953741	0.22057794220577942	0.12388761123887611	0.5554868596909943	0.44321384693213844
PO4F2.H12CORE.0.S.B	POU4F2	Homeo domain factors	POU	0.5191591875295231	0.5165149312152916	0.22817718228177183	0.21357864213578642	0.5686695579146749	0.5652506177953633
LEF1.H12CORE.0.PSM.A	LEF1	High-mobility group (HMG) domain factors	TCF7-related	0.5190788852149281	0.516016251465863	0.22547745225477453	0.22477752224777522	0.56486799236743	0.5758631583650146
TBX19.H12CORE.1.SM.B	TBX19	T-Box factors	Brachyury-related	0.5190434577231938	0.4979381243258557	0.23197680231976803	0.5304469553044695	0.5688556144385561	0.8523774571317924
Z324A.H12CORE.0.P.B	ZNF324	C2H2 zinc finger factors	More than 3 adjacent zinc fingers	0.5189064714218242	0.5117494568545456	0.23317668233176683	0.28317168283171684	0.5688556144385561	0.6334865747728443
RFX3.H12CORE.2.S.B	RFX3	Fork head/winged helix factors	RFX	0.5188261691072288	0.5104113349693048	0.22057794220577942	0.29227077292270776	0.5554868596909943	0.6429065934869929
PRDM9.H12CORE.0.P.B	PRDM9	C2H2 zinc finger factors	Multiple dispersed zinc fingers	0.5188001889466224	0.5183208388204011	0.22547745225477453	0.18568143185681432	0.56486799236743	0.5295223442082669
TF2LX.H12CORE.0.SM.B	TGIF2LX	Homeo domain factors	TALE-type HD	0.5187529522909783	0.5327549707797229	0.2303769623037696	0.0877912208779122	0.5688556144385561	0.39712455086779724
OLIG1.H12CORE.0.S.B	OLIG1	Basic helix-loop-helix factors (bHLH)	Tal-related	0.5186868209730761	0.5096915476221948	0.2298770122987701	0.31016898310168983	0.5688556144385561	0.6591661894193497
MEF2B.H12CORE.1.SM.B	MEF2B	MADS box factors	Regulators of differentiation	0.5186395843174315	0.5252599197785608	0.23717628237176283	0.1274872512748725	0.5713612278171182	0.4497899843267507
SHOX.H12CORE.1.S.B	SHOX	Homeo domain factors	Paired-related HD	0.5185427491733593	0.5245399259380182	0.23327667233276672	0.12318768123187682	0.5688556144385561	0.44321384693213844
ATF4.H12CORE.0.P.B	ATF4	Basic leucine zipper factors (bZIP)	ATF4-related	0.5185049598488433	0.5076737650703346	0.23117688231176883	0.34426557344265574	0.5688556144385561	0.689008630343623
EMX1.H12CORE.0.SM.B	EMX1	Homeo domain factors	NK-related	0.5184718941898924	0.5074176169555503	0.23247675232476753	0.35256474352564743	0.5688556144385561	0.6988336880597654
FOXD2.H12CORE.1.SM.B	FOXD2	Fork head/winged helix factors	FOX	0.5184577231931996	0.5375693446095371	0.23267673232676733	0.040995900409959006	0.5688556144385561	0.2584593714541589
ZN563.H12CORE.0.P.C	ZNF563	C2H2 zinc finger factors	More than 3 adjacent zinc fingers	0.5184293811998126	0.5083831059420787	0.23067693230676933	0.33756624337566243	0.5688556144385561	0.6853564643535648
GATA1.H12CORE.1.PSM.A	GATA1	Other C4 zinc finger-type factors	C4-GATA-related	0.51839631554086	0.530945639860707	0.2333766623337666	0.0741925807419258	0.5688556144385561	0.3658845719523611
DLX5.H12CORE.0.PSM.A	DLX5	Homeo domain factors	NK-related	0.5183679735474738	0.5121964004277987	0.23527647235276472	0.2772722727727227	0.5705948732857806	0.6320756549937423
MSX1.H12CORE.1.S.C	MSX1	Homeo domain factors	NK-related	0.5183325460557401	0.5119479710396541	0.23297670232976703	0.2746725327467253	0.5688556144385561	0.630819271014075
RX.H12CORE.0.SM.B	RAX	Homeo domain factors	Paired-related HD	0.518221539914976	0.5238988155171903	0.23787621237876214	0.13288671132886712	0.5718693911339763	0.45656077249417915
FOXE1.H12CORE.0.SM.B	FOXE1	Fork head/winged helix factors	FOX	0.5181790269248943	0.5268740943361736	0.23007699230076992	0.10108989101089891	0.5688556144385561	0.4130915675555732
HXB2.H12CORE.0.SM.B	HOXB2	Homeo domain factors	HOX-related	0.5181672177609846	0.4990036526121141	0.23617638236176383	0.5063493650634937	0.5713612278171182	0.8302978793029789
GBX2.H12CORE.1.S.B	GBX2	Homeo domain factors	HOX-related	0.5181058101086451	0.5023586991207398	0.23467653234676533	0.43375662433756623	0.5700980407009805	0.7756019937039753
DRGX.H12CORE.0.S.B	DRGX	Homeo domain factors	Paired-related HD	0.5181010864430811	0.521135528496331	0.23377662233776622	0.15378462153784622	0.5688695885892018	0.48664738789278966
SOX7.H12CORE.1.SM.B	SOX7	High-mobility group (HMG) domain factors	SOX-related	0.5180892772791693	0.5003355768471204	0.23307669233076692	0.46885311468853114	0.5688556144385561	0.7990939421958865
LHX2.H12CORE.1.S.C	LHX2	Homeo domain factors	HD-LIM	0.5180113367973546	0.5102427366449612	0.23687631236876314	0.300969903009699	0.5713612278171182	0.6491772347428933
PRRX1.H12CORE.0.S.B	PRRX1	Homeo domain factors	Paired-related HD	0.5180066131317922	0.5231522610896603	0.23847615238476152	0.1326867313268673	0.5718693911339763	0.45656077249417915
PRRX1.H12CORE.1.S.B	PRRX1	Homeo domain factors	Paired-related HD	0.5180066131317909	0.5269912537984862	0.23697630236976303	0.10138986101389862	0.5713612278171182	0.4130915675555732
TF2LX.H12CORE.1.SM.B	TGIF2LX	Homeo domain factors	TALE-type HD	0.5179499291450183	0.5090652191987459	0.24137586241375864	0.3301669833016698	0.5752406637425219	0.679644731675192
VDR.H12CORE.1.PS.A	VDR	Nuclear receptors with C4 zinc fingers	Thyroid hormone receptor-related	0.5178885214926792	0.5254756216687224	0.2385761423857614	0.11338866113388661	0.5718693911339763	0.4272497620704251
TBX1.H12CORE.0.S.B	TBX1	T-Box factors	TBX1-related	0.517621634388287	0.496796152301005	0.23947605239476052	0.5491450854914508	0.5730745333426857	0.8674499070880658
ANDR.H12CORE.1.S.C	AR	Nuclear receptors with C4 zinc fingers	Steroid hormone receptors	0.5173925366084083	0.5074691639457725	0.24267573242675733	0.4066593340665933	0.5759557267957415	0.7522675213394691
NFIC.H12CORE.1.PSM.A	NFIC	SMAD/NF-1 DNA-binding domain factors	NF-1	0.5172697213037326	0.5151335270283988	0.24727527247275272	0.31086891310868914	0.583036304212716	0.6591994309340996
RORG.H12CORE.1.PS.A	RORC	Nuclear receptors with C4 zinc fingers	Thyroid hormone receptor-related	0.5172437411431287	0.5083799123533861	0.24867513248675133	0.33356664333566644	0.5844270621797755	0.6817799806421624
ZNF81.H12CORE.0.P.C	ZNF81	C2H2 zinc finger factors	More than 3 adjacent zinc fingers	0.5172130373169592	0.5126072079694545	0.24167583241675833	0.260973902609739	0.5752406637425219	0.6163426210570433
ZF69B.H12CORE.0.P.C	ZFP69B	C2H2 zinc finger factors	More than 3 adjacent zinc fingers	0.5171941426547023	0.5136283864758344	0.24017598240175983	0.24747525247475252	0.5737979182214229	0.6024470065640991
ZNF12.H12CORE.2.S.C	ZNF12	C2H2 zinc finger factors	More than 3 adjacent zinc fingers	0.51716107699575	0.5113481478475763	0.2460753924607539	0.2786721327867213	0.582337510929758	0.6321837204034699
LHX6.H12CORE.0.P.B	LHX6	Homeo domain factors	HD-LIM	0.5171114785073208	0.49901985151756734	0.24197580241975802	0.49075092490750927	0.5752406637425219	0.8147988649410921
ZN329.H12CORE.1.P.C	ZNF329	C2H2 zinc finger factors	More than 3 adjacent zinc fingers	0.5170713273500249	0.5002402510849235	0.24977502249775022	0.48225177482251774	0.5860574918117943	0.8077654040151541
IRX3.H12CORE.2.S.C	IRX3	Homeo domain factors	TALE-type HD	0.5170713273500244	0.530042055384598	0.24817518248175183	0.0780921907809219	0.5842035698550863	0.3743755192587053
FOXA3.H12CORE.1.M.C	FOXA3	Fork head/winged helix factors	FOX	0.5170335380255084	0.49674011413941277	0.25407459254074594	0.5494450554944506	0.5891853832273274	0.8674499070880658
ITF2.H12CORE.0.S.B	TCF4	Basic helix-loop-helix factors (bHLH)	E2A	0.5170335380255076	0.517282700094476	0.2465753424657534	0.19958004199580043	0.582337510929758	0.5433849067923396
SOX14.H12CORE.0.SM.B	SOX14	High-mobility group (HMG) domain factors	SOX-related	0.5170122815304697	0.5143151886796191	0.2525747425257474	0.24247575242475752	0.5887970169057408	0.5950552903893284
TF2L1.H12CORE.1.P.B	TFCP2L1	Grainyhead domain factors	CP2-related	0.5169863013698637	0.5166793929641119	0.2512748725127487	0.21987801219878012	0.5883489320970816	0.5699021495699892
ZNF41.H12CORE.0.P.C	ZNF41	C2H2 zinc finger factors	More than 3 adjacent zinc fingers	0.5169296173830915	0.500818505291145	0.256974302569743	0.47315268473152683	0.5923545025689124	0.8019436039983341
RAX2.H12CORE.0.S.B	RAX2	Homeo domain factors	Paired-related HD	0.5169012753897035	0.5268118322763148	0.251974802519748	0.102989701029897	0.5883489320970816	0.4130915675555732
PO3F1.H12CORE.1.PS.A	POU3F1	Homeo domain factors	POU	0.5168327822390191	0.5099674990300423	0.25437456254374563	0.30516948305169483	0.5891853832273274	0.6552969703029696
ZNF30.H12CORE.0.P.C	ZNF30	C2H2 zinc finger factors	More than 3 adjacent zinc fingers	0.5167524799244229	0.5226552047801775	0.25517448255174485	0.14108589141085892	0.5898394160583943	0.4701776935470426
TBX3.H12CORE.0.PSM.A	TBX3	T-Box factors	TBX2-related	0.5166957959376495	0.5052985465010245	0.24647535246475352	0.3842615738426157	0.582337510929758	0.7383363226177382
ZN701.H12CORE.0.P.B	ZNF701	C2H2 zinc finger factors	More than 3 adjacent zinc fingers	0.5166934341048663	0.5154353917190192	0.25547445255474455	0.23207679232076792	0.5898394160583943	0.5824118457719445
ESX1.H12CORE.0.SM.B	ESX1	Homeo domain factors	Paired-related HD	0.5166320264525283	0.5021079440101797	0.25347465253474655	0.43915608439156084	0.5891853832273274	0.7785039677850397
ZN675.H12CORE.0.P.C	ZNF675	C2H2 zinc finger factors	More than 3 adjacent zinc fingers	0.5165092111478511	0.5085943100327606	0.2516748325167483	0.3234676532346765	0.5883489320970816	0.6689227925345002
HXB1.H12CORE.0.SM.B	HOXB1	Homeo domain factors	HOX-related	0.5164194615021269	0.5022244943153945	0.26017398260173985	0.44185581441855815	0.5968697247922267	0.7794595846038869
SPIB.H12CORE.2.SM.B	SPIB	Tryptophan cluster factors	Ets-related	0.5162612187057162	0.5255978865995623	0.25417458254174585	0.10918908109189081	0.5891853832273274	0.42128300538930064
HMX1.H12CORE.0.SM.B	HMX1	Homeo domain factors	NK-related	0.5161242324043468	0.520644728659513	0.2636736326367363	0.1625837416258374	0.6010759113662094	0.5023733172721271
ZN684.H12CORE.1.M.C	ZNF684	C2H2 zinc finger factors	More than 3 adjacent zinc fingers	0.5160486537553144	0.4982068410418448	0.25937406259374063	0.5173482651734826	0.5959821215330696	0.8406909309069093
MSX1.H12CORE.0.SM.B	MSX1	Homeo domain factors	NK-related	0.515935285781767	0.5053649126292771	0.2672732726727327	0.38846115388461155	0.6070883477689967	0.7383363226177382
ZN789.H12CORE.0.P.C	ZNF789	C2H2 zinc finger factors	More than 3 adjacent zinc fingers	0.5158904109589041	0.5181496565746933	0.2626737326267373	0.1845815418458154	0.5997439812980727	0.5274280492742804
SRBP2.H12CORE.1.P.B	SREBF2	Basic helix-loop-helix factors (bHLH)	bHLH-ZIP	0.5157675956542288	0.5152420464051879	0.2675732426757324	0.22697730226977303	0.6070883477689967	0.5766342379846523
ZIC1.H12CORE.2.S.B	ZIC1	C2H2 zinc finger factors	More than 3 adjacent zinc fingers	0.5156896551724144	0.5365169414323262	0.27047295270472954	0.045995400459954004	0.610786339206455	0.2700284188448625
MEOX2.H12CORE.0.SM.B	MEOX2	Homeo domain factors	HOX-related	0.515642418516772	0.4925114425354962	0.26217378262173785	0.6192380761923808	0.5995511383885384	0.9321235059156624
ZN768.H12CORE.0.P.B	ZNF768	C2H2 zinc finger factors	More than 3 adjacent zinc fingers	0.5156211620217301	0.5214613111080033	0.264973502649735	0.15708429157084292	0.603086379059255	0.4906334041920484
ISL2.H12CORE.0.SM.B	ISL2	Homeo domain factors	HD-LIM	0.5155219650448766	0.52670986092373	0.26137386261373863	0.1050894910508949	0.5986706091295632	0.4143282393072168
EVX1.H12CORE.0.SM.B	EVX1	Homeo domain factors	HOX-related	0.5155101558809655	0.5087544184547041	0.268973102689731	0.32856714328567144	0.6093064162971458	0.6773176968017484
ALX1.H12CORE.0.SM.B	ALX1	Homeo domain factors	Paired-related HD	0.515467642890884	0.5224461982762117	0.25777422257774224	0.136986301369863	0.5932507227746125	0.46312641463126414
MSX2.H12CORE.0.SM.B	MSX2	Homeo domain factors	NK-related	0.5154416627302802	0.5171732458749068	0.27187281271872815	0.19488051194880512	0.6120319325321759	0.5392878963054265
PO2F3.H12CORE.0.PS.A	POU2F3	Homeo domain factors	POU	0.5152196504487515	0.4888241636930451	0.2786721327867213	0.6892310768923108	0.6152512992975511	0.9798625063602014
NFIA.H12CORE.0.P.B	NFIA	SMAD/NF-1 DNA-binding domain factors	NF-1	0.5151983939537086	0.5147555152832389	0.2743725627437256	0.2622737726227377	0.6138288496731722	0.6173916050483043
HXA6.H12CORE.0.SM.B	HOXA6	Homeo domain factors	HOX-related	0.515167690127539	0.4927678600356131	0.2725727427257274	0.6208379162083791	0.6121478054371857	0.9321235059156624
GBX2.H12CORE.0.SM.B	GBX2	Homeo domain factors	HOX-related	0.5151299008030242	0.5055375402990168	0.2780721927807219	0.38376162383761625	0.6152512992975511	0.7383363226177382
HXD8.H12CORE.0.SM.B	HOXD8	Homeo domain factors	HOX-related	0.5151228153046776	0.4902787575269715	0.2773722627737226	0.6666333366663334	0.6152512992975511	0.9676558977268102
MSX2.H12CORE.1.SM.B	MSX2	Homeo domain factors	NK-related	0.5150519603212106	0.5028873086763131	0.2736726327367263	0.43645635436456354	0.6132136786321368	0.7756237923005729
VSX1.H12CORE.1.SM.B	VSX1	Homeo domain factors	Paired-related HD	0.5150472366556451	0.5242639846545121	0.27047295270472954	0.12318768123187682	0.610786339206455	0.44321384693213844
SHOX.H12CORE.0.SM.B	SHOX	Homeo domain factors	Paired-related HD	0.5150047236655646	0.5218154069668826	0.2716728327167283	0.15098490150984903	0.6120319325321759	0.48308472922109125
MIXL1.H12CORE.1.S.B	MIXL1	Homeo domain factors	Paired-related HD	0.5149976381672197	0.5189839434242993	0.2782721727827217	0.1800819918008199	0.6152512992975511	0.521625592951727
ZN616.H12CORE.0.P.C	ZNF616	C2H2 zinc finger factors	More than 3 adjacent zinc fingers	0.5149291450165335	0.5179265638342286	0.2765723427657234	0.19018098190180982	0.6152512992975511	0.5310936991407241
ZSC31.H12CORE.1.SM.B	ZSCAN31	C2H2 zinc finger factors	More than 3 adjacent zinc fingers	0.5149031648559294	0.5255203614827264	0.27857214278572145	0.1151884811518848	0.6152512992975511	0.42950123592291933
RBAK.H12CORE.0.P.C	RBAK	C2H2 zinc finger factors	More than 3 adjacent zinc fingers	0.5148488427019371	0.5315881577938004	0.27277272272772723	0.06869313068693131	0.6121478054371857	0.3470925634709257
NR2E1.H12CORE.1.S.B	NR2E1	Nuclear receptors with C4 zinc fingers	RXR-related receptors	0.514820500708552	0.5014963334926312	0.27577242275772423	0.45145485451454853	0.6152512992975511	0.7866957574447622
ALX4.H12CORE.0.S.B	ALX4	Homeo domain factors	Paired-related HD	0.5146905999055273	0.5190188446554447	0.2792720727927207	0.1832816718328167	0.6152512992975511	0.525796128140665
TBX18.H12CORE.0.M.C	TBX18	T-Box factors	TBX1-related	0.5145748700991984	0.5050941785110914	0.2860713928607139	0.39586041395860416	0.6196299652545955	0.7408905023894499
EVX2.H12CORE.0.SM.B	EVX2	Homeo domain factors	HOX-related	0.5145063769485121	0.502743232949635	0.28287171282871715	0.43515648435156484	0.6196299652545955	0.7756237923005729
NFAT5.H12CORE.1.PS.A	NFAT5	Rel homology region (RHR) factors	NFAT-related	0.514480396787909	0.4884068400360918	0.28277172282771723	0.6952304769523048	0.6196299652545955	0.9842539275484217
NR1H4.H12CORE.1.P.B	NR1H4	Nuclear receptors with C4 zinc fingers	Thyroid hormone receptor-related	0.5144780349551275	0.5028212157728861	0.2763723627637236	0.42955704429557046	0.6152512992975511	0.7716141429335327
ZN793.H12CORE.0.P.B	ZNF793	C2H2 zinc finger factors	More than 3 adjacent zinc fingers	0.5144520547945226	0.49090703738279634	0.28487151284871515	0.6591340865913409	0.6196299652545955	0.9597684025744752
GATA3.H12CORE.1.SM.B	GATA3	Other C4 zinc finger-type factors	C4-GATA-related	0.5144260746339167	0.5114383197818303	0.2790720927907209	0.28217178282171784	0.6152512992975511	0.6334865747728443
HXD11.H12CORE.1.SM.B	HOXD11	Homeo domain factors	HOX-related	0.5144024563060952	0.5249727766253324	0.2872712728727127	0.11888811118888111	0.6196299652545955	0.4365281029148993
MYT1L.H12CORE.0.P.C	MYT1L	C2HC zinc finger factors	MYT	0.5143552196504494	0.5232065061965652	0.286971302869713	0.2131786821317868	0.6196299652545955	0.5652506177953633
ZN320.H12CORE.1.P.B	ZNF320	C2H2 zinc finger factors	More than 3 adjacent zinc fingers	0.5142512990080312	0.5156844022744878	0.288971102889711	0.22037796220377961	0.6218686626121293	0.5699021495699892
ZIC3.H12CORE.1.S.B	ZIC3	C2H2 zinc finger factors	More than 3 adjacent zinc fingers	0.5142394898441207	0.5426440174697246	0.2872712728727127	0.024697530246975304	0.6196299652545955	0.19909796729824228
NR2C2.H12CORE.1.PS.A	NR2C2	Nuclear receptors with C4 zinc fingers	RXR-related receptors	0.5142064241851689	0.5131373796351991	0.28377162283771623	0.25207479252074794	0.6196299652545955	0.6054712332427322
DLX6.H12CORE.0.SM.B	DLX6	Homeo domain factors	NK-related	0.5140222012281532	0.5036686815864214	0.282971702829717	0.40955904409559046	0.6196299652545955	0.7522675213394691
DPRX.H12CORE.0.SM.B	DPRX	Homeo domain factors	Paired-related HD	0.5139844119036381	0.5184047034165596	0.28717128287171284	0.1872812718728127	0.6196299652545955	0.5304616597163814
FER3L.H12CORE.0.SM.B	FERD3L	Basic helix-loop-helix factors (bHLH)	Tal-related	0.5139584317430336	0.5152951353110642	0.28577142285771423	0.23007699230076992	0.6196299652545955	0.581430493314305
PO2F1.H12CORE.0.PS.A	POU2F1	Homeo domain factors	POU	0.5139348134152117	0.4915468063190249	0.28557144285571445	0.6315368463153684	0.6196299652545955	0.9385248910742293
VAX1.H12CORE.0.SM.B	VAX1	Homeo domain factors	NK-related	0.5139300897496477	0.5025338390491452	0.29347065293470653	0.4410558944105589	0.6283058637756402	0.7790008024901304
LHX1.H12CORE.0.S.C	LHX1	Homeo domain factors	HD-LIM	0.5138190836088807	0.4980823900086379	0.28447155284471554	0.5185481451854814	0.6196299652545955	0.8416928835800334
VSX2.H12CORE.1.S.B	VSX2	Homeo domain factors	Paired-related HD	0.5137718469532342	0.5163994492558309	0.29687031296870314	0.21577842215778423	0.6346427579464277	0.5681902612658443
NR2F6.H12CORE.0.P.C	NR2F6	Nuclear receptors with C4 zinc fingers	RXR-related receptors	0.513762399622105	0.514073487878244	0.28917108289171084	0.24127587241275872	0.6218686626121293	0.593119393341756
LHX5.H12CORE.0.PSM.A	LHX5	Homeo domain factors	HD-LIM	0.5136632026452528	0.5128017806483594	0.29247075292470753	0.26417358264173585	0.6270955371030504	0.6193036540501794
ZN37A.H12CORE.0.P.B	ZNF37A	C2H2 zinc finger factors	Multiple dispersed zinc fingers	0.5136324988190843	0.5114722603782881	0.2852714728527147	0.27857214278572145	0.6196299652545955	0.6321837204034699
MESP2.H12CORE.0.S.C	MESP2	Basic helix-loop-helix factors (bHLH)	Tal-related	0.5136088804912624	0.4994674483497984	0.30016998300169984	0.5016498350164984	0.6369783609874307	0.8282388008338755
ZN682.H12CORE.1.P.B	ZNF682	C2H2 zinc finger factors	More than 3 adjacent zinc fingers	0.5135403873405782	0.503625590983342	0.29157084291570845	0.39976002399760024	0.6260963189395347	0.7433681889543005
VAX2.H12CORE.0.SM.B	VAX2	Homeo domain factors	NK-related	0.5133608880491282	0.5018256491667485	0.29957004299570045	0.4530546945305469	0.6366414904901263	0.786712303498892
ZN322.H12CORE.0.P.C	ZNF322	C2H2 zinc finger factors	More than 3 adjacent zinc fingers	0.5133443552196524	0.5007469255991782	0.30396960303969606	0.47875212478752127	0.6421129816842877	0.8070552757808332
GSX2.H12CORE.0.SM.B	GSX2	Homeo domain factors	HOX-related	0.5131624940954196	0.5035376388474012	0.2987701229877012	0.41785821417858215	0.6366414904901263	0.7613250038632501
HXC12.H12CORE.0.SM.B	HOXC12	Homeo domain factors	HOX-related	0.5130373169579598	0.5076771969268816	0.3043695630436956	0.3437656234376562	0.6421129816842877	0.689008630343623
TBX15.H12CORE.0.SM.B	TBX15	T-Box factors	TBX1-related	0.5129995276334445	0.5028470262768563	0.3023697630236976	0.42285771422857715	0.6403994497910912	0.7675266435620589
REST.H12CORE.0.P.B	REST	C2H2 zinc finger factors	Multiple dispersed zinc fingers	0.5128554558337285	0.5405527004096796	0.2986701329867013	0.03189681031896811	0.6366414904901263	0.21813790184962548
KLF17.H12CORE.1.P.C	KLF17	C2H2 zinc finger factors	Three-zinc finger Kruppel-related	0.5128271138403404	0.5065668367990792	0.30546945305469453	0.40735926407359263	0.6424593348525409	0.7522675213394691
HXB8.H12CORE.0.PSM.A	HOXB8	Homeo domain factors	HOX-related	0.5128223901747755	0.4892657820096199	0.3026697330266973	0.6796320367963203	0.6403994497910912	0.9746081995574027
ZF64B.H12CORE.1.P.B	ZFP64	C2H2 zinc finger factors	More than 3 adjacent zinc fingers	0.5127964100141711	0.49545038772740946	0.3117688231176882	0.5817418258174183	0.650119092137029	0.8949397171157085
ZN749.H12CORE.0.P.C	ZNF749	C2H2 zinc finger factors	More than 3 adjacent zinc fingers	0.5127113840340126	0.5082557896730663	0.30746925307469253	0.33526647335266474	0.644881006085438	0.6833185325535244
ZN274.H12CORE.1.P.B	ZNF274	C2H2 zinc finger factors	More than 3 adjacent zinc fingers	0.5125885687293339	0.49981683284480094	0.3053694630536946	0.48225177482251774	0.6424593348525409	0.8077654040151541
ZN708.H12CORE.0.P.B	ZNF708	C2H2 zinc finger factors	More than 3 adjacent zinc fingers	0.512517713745867	0.5210805551453531	0.29927007299270075	0.15348465153484653	0.6366414904901263	0.48664738789278966
BARX1.H12CORE.1.S.B	BARX1	Homeo domain factors	NK-related	0.5123712801133684	0.5072892590333464	0.30586941305869414	0.35066493350664935	0.6424593348525409	0.6978102739932334
ZN766.H12CORE.1.P.B	ZNF766	C2H2 zinc finger factors	More than 3 adjacent zinc fingers	0.5122720831365154	0.5063760773433242	0.31366863313668636	0.384961503849615	0.6531368508170828	0.7383363226177382
CDX1.H12CORE.0.M.B	CDX1	Homeo domain factors	HOX-related	0.5122272083136521	0.5164796492712218	0.3174682531746825	0.2126787321267873	0.6563133084972306	0.5652506177953633
GLIS1.H12CORE.2.SM.B	GLIS1	C2H2 zinc finger factors	More than 3 adjacent zinc fingers	0.5121256495040153	0.5152703631755284	0.32026797320267975	0.23047695230476953	0.6592677394172138	0.581430493314305
TF2LY.H12CORE.1.SM.B	TGIF2LY	Homeo domain factors	TALE-type HD	0.5120996693434116	0.5026384415656857	0.30896910308969106	0.43045695430456954	0.6470862347727493	0.7716141429335327
ZN716.H12CORE.1.P.C	ZNF716	C2H2 zinc finger factors	More than 3 adjacent zinc fingers	0.512083136513935	0.5046337483203187	0.3160683931606839	0.39916008399160086	0.6562398436415351	0.7433681889543005
HXB3.H12CORE.0.S.B	HOXB3	Homeo domain factors	HOX-related	0.5120618800188954	0.5078168355073059	0.31086891310868914	0.33966603339666035	0.6491806680402872	0.6853564643535648
TBX4.H12CORE.1.S.B	TBX4	T-Box factors	TBX2-related	0.5118375059045823	0.5137255030800942	0.31496850314968505	0.2515748425157484	0.6548984870965354	0.6054712332427322
HXB7.H12CORE.1.SM.B	HOXB7	Homeo domain factors	HOX-related	0.5118162494095431	0.49251625541299304	0.3190680931906809	0.6258374162583742	0.6586770507498606	0.9321235059156624
RORG.H12CORE.0.M.C	RORC	Nuclear receptors with C4 zinc fingers	Thyroid hormone receptor-related	0.511778460085026	0.520222321074143	0.3167683231676832	0.1655834416558344	0.6563133084972306	0.5039363432077845
TGIF2.H12CORE.1.PSM.A	TGIF2	Homeo domain factors	TALE-type HD	0.511712328767124	0.5135620827468204	0.32686731326867313	0.261973802619738	0.6674226645132098	0.6173916050483043
PHX2A.H12CORE.0.PS.A	PHOX2A	Homeo domain factors	Paired-related HD	0.5117076051015592	0.5093796770556311	0.3173682631736826	0.31316868313168683	0.6563133084972306	0.6597115470934659
TLX2.H12CORE.0.SM.B	TLX2	Homeo domain factors	NK-related	0.5116910722720841	0.5118034289795523	0.3270672932706729	0.2790720927907209	0.6674226645132098	0.6321837204034699
ZN506.H12CORE.0.P.C	ZNF506	C2H2 zinc finger factors	More than 3 adjacent zinc fingers	0.5116910722720835	0.5107186475171174	0.31016898310168983	0.2967703229677032	0.6486577429213601	0.643652301436523
EMX2.H12CORE.0.S.B	EMX2	Homeo domain factors	NK-related	0.5116273027869626	0.5088328620565262	0.3284671532846715	0.3314668533146685	0.6675747918165931	0.6798227847669779
ZN765.H12CORE.0.P.C	ZNF765	C2H2 zinc finger factors	More than 3 adjacent zinc fingers	0.5114501653282946	0.49849263380458936	0.3243675632436756	0.5128487151284872	0.6662175887674391	0.8380981833866444
MCR.H12CORE.1.SM.B	NR3C2	Nuclear receptors with C4 zinc fingers	Steroid hormone receptors	0.5113509683514418	0.5031544681614164	0.32456754324567544	0.408959104089591	0.6662175887674391	0.7522675213394691
COT2.H12CORE.1.P.B	NR2F2	Nuclear receptors with C4 zinc fingers	RXR-related receptors	0.5113084553613617	0.5077345378127046	0.3274672532746725	0.34126587341265874	0.6674226645132098	0.6868154188765223
PDX1.H12CORE.1.PSM.A	PDX1	Homeo domain factors	HOX-related	0.5112446858762408	0.49745368191405187	0.32986701329867013	0.5381461853814619	0.668536657570198	0.8590098954706299
OSR1.H12CORE.0.SM.B	OSR1	C2H2 zinc finger factors	Other with up to three adjacent zinc fingers	0.511159659896079	0.5109133668476106	0.31966803319668036	0.2856714328567143	0.6589728170040139	0.6334865747728443
LHX4.H12CORE.0.SM.B	LHX4	Homeo domain factors	HD-LIM	0.5111549362305166	0.509297055901747	0.32596740325967405	0.3150684931506849	0.6674226645132098	0.661781420111264
NR1D1.H12CORE.1.SM.B	NR1D1	Nuclear receptors with C4 zinc fingers	Thyroid hormone receptor-related	0.5111195087387803	0.5216484489427351	0.33086691330866913	0.1558844115588441	0.6696226590524678	0.4885678460353531
TF2LY.H12CORE.0.SM.B	TGIF2LY	Homeo domain factors	TALE-type HD	0.5110321209258399	0.5114722768020925	0.33556644335566443	0.2866713328667133	0.6734664502951653	0.6334865747728443
FOXP3.H12CORE.0.P.B	FOXP3	Fork head/winged helix factors	FOX	0.510977798771847	0.5231738631246821	0.32926707329267074	0.1222877712228777	0.6682593344041123	0.44321384693213844
HME2.H12CORE.0.SM.B	EN2	Homeo domain factors	NK-related	0.5109659896079376	0.5030316813056692	0.33226677332266774	0.42495750424957507	0.6696382037773877	0.7691614297216894
MNX1.H12CORE.0.SM.B	MNX1	Homeo domain factors	HOX-related	0.5109258384506402	0.5030360958875868	0.3360663933606639	0.42945705429457054	0.6735330633603307	0.7716141429335327
ARX.H12CORE.1.SM.B	ARX	Homeo domain factors	Paired-related HD	0.510909305621163	0.5127289104882917	0.33186681331866813	0.2682731726827317	0.6696382037773877	0.6243841744857772
ALX4.H12CORE.1.SM.B	ALX4	Homeo domain factors	Paired-related HD	0.5108998582900334	0.5067639411793774	0.3350664933506649	0.36036396360363965	0.6734664502951653	0.7103896167760273
HXA2.H12CORE.0.SM.B	HOXA2	Homeo domain factors	HOX-related	0.5107510628247536	0.500263051329335	0.3377662233776622	0.48355164483551644	0.6745948333343461	0.8077654040151541
PKNX1.H12CORE.2.SM.B	PKNOX1	Homeo domain factors	TALE-type HD	0.5106471421823341	0.5098340959150539	0.3398660133986601	0.33826617338266174	0.6764505618403677	0.6853564643535648
DLX4.H12CORE.0.SM.B	DLX4	Homeo domain factors	NK-related	0.5105999055266893	0.5089321136835196	0.32686731326867313	0.3123687631236876	0.6674226645132098	0.6591994309340996
ZN574.H12CORE.0.P.B	ZNF574	C2H2 zinc finger factors	Multiple dispersed zinc fingers	0.5105904581955598	0.5225286937730962	0.3367663233676632	0.14458554144585542	0.6739997290146158	0.4705529447055295
ZN674.H12CORE.0.P.C	ZNF674	C2H2 zinc finger factors	Multiple dispersed zinc fingers	0.5105573925366078	0.5300488488021596	0.3351664833516648	0.08099190080991901	0.6734664502951653	0.38038923380389233
ZN189.H12CORE.0.P.B	ZNF189	C2H2 zinc finger factors	More than 3 adjacent zinc fingers	0.5105148795465289	0.5007525253157399	0.3281671832816718	0.461053894610539	0.6675747918165931	0.7921964946362506
ZN417.H12CORE.0.P.C	ZNF417	C2H2 zinc finger factors	Multiple dispersed zinc fingers	0.5104015115729823	0.49591565602504034	0.34036596340365965	0.5646435356464353	0.6765125140378524	0.8808439156084391
PO5F1.H12CORE.1.P.B	POU5F1	Homeo domain factors	POU	0.5103684459140306	0.4862309937772096	0.3384661533846615	0.7293270672932707	0.6745948333343461	1.0
PRDM5.H12CORE.1.P.B	PRDM5	C2H2 zinc finger factors	More than 3 adjacent zinc fingers	0.5103424657534261	0.5267079442918654	0.34456554344565543	0.10258974102589741	0.6791067141580521	0.4130915675555732
HXB9.H12CORE.0.S.C	HOXB9	Homeo domain factors	HOX-related	0.5103141237600403	0.5205717882351136	0.34156584341565843	0.16568343165683433	0.677032296770323	0.5039363432077845
NR2E1.H12CORE.0.SM.B	NR2E1	Nuclear receptors with C4 zinc fingers	RXR-related receptors	0.5102692489371762	0.5087354893525275	0.3320667933206679	0.3124687531246875	0.6696382037773877	0.6591994309340996
PO3F3.H12CORE.0.P.C	POU3F3	Homeo domain factors	POU	0.5102338214454419	0.4966598328372843	0.35036496350364965	0.555044495550445	0.6834579699924744	0.873423344688432
UNC4.H12CORE.1.S.B	UNCX	Homeo domain factors	Paired-related HD	0.5101487954652814	0.520727094910403	0.3531646835316468	0.1665833416658334	0.6839058721473698	0.5039408008884646
ZBT45.H12CORE.0.SM.B	ZBTB45	C2H2 zinc finger factors	More than 3 adjacent zinc fingers	0.510101558809639	0.5043683755339043	0.3437656234376562	0.39976002399760024	0.6791067141580521	0.7433681889543005
ESX1.H12CORE.1.S.B	ESX1	Homeo domain factors	Paired-related HD	0.5100850259801614	0.5150404639427628	0.33826617338266174	0.2313768623137686	0.6745948333343461	0.5821696575987
PHX2A.H12CORE.1.SM.B	PHOX2A	Homeo domain factors	Paired-related HD	0.5100732168162507	0.5049999096379381	0.34256574342565743	0.39406059394060594	0.6780828090030503	0.7394401002032437
ZNF12.H12CORE.0.P.C	ZNF12	C2H2 zinc finger factors	More than 3 adjacent zinc fingers	0.5100732168162504	0.5033769148400138	0.3414658534146585	0.4186581341865813	0.677032296770323	0.7618205392575497
ZN341.H12CORE.0.P.B	ZNF341	C2H2 zinc finger factors	Multiple dispersed zinc fingers	0.5099433160132271	0.5041595738764432	0.35256474352564743	0.41245875412458755	0.6839058721473698	0.7533898508883289
ZN557.H12CORE.0.P.C	ZNF557	C2H2 zinc finger factors	More than 3 adjacent zinc fingers	0.5099409541804446	0.5098040293783159	0.35026497350264973	0.31696830316968305	0.6834579699924744	0.661917889253043
SOX30.H12CORE.0.P.C	SOX30	High-mobility group (HMG) domain factors	SOX-related	0.5099196976854053	0.506456426070059	0.3477652234776522	0.3708629137086291	0.6833443186293616	0.7251425263977667
HXC11.H12CORE.1.S.B	HOXC11	Homeo domain factors	HOX-related	0.5099173358526216	0.517369735361017	0.3441655834416558	0.1974802519748025	0.6791067141580521	0.5407286595818597
SOX2.H12CORE.1.P.B	SOX2	High-mobility group (HMG) domain factors	SOX-related	0.509877184695325	0.5111307040851358	0.3504649535046495	0.2940705929407059	0.6834579699924744	0.6430827505484745
ZNF8.H12CORE.1.P.B	ZNF8	C2H2 zinc finger factors	Multiple dispersed zinc fingers	0.5098488427019373	0.5050756082983524	0.34496550344965504	0.39136086391360864	0.6791067141580521	0.7383363226177382
PHX2B.H12CORE.1.SM.B	PHOX2B	Homeo domain factors	Paired-related HD	0.5098346717052451	0.5003124156469511	0.34806519348065196	0.48165183481651835	0.6833443186293616	0.8077654040151541
CDX1.H12CORE.1.S.B	CDX1	Homeo domain factors	HOX-related	0.5097992442135094	0.5172060658815475	0.35096490350964904	0.20777922207779223	0.6834579699924744	0.5575645037726711
HXB4.H12CORE.1.PSM.A	HOXB4	Homeo domain factors	HOX-related	0.5097142182333516	0.4906266226798272	0.35226477352264773	0.6584341565843416	0.6839058721473698	0.9597176645971767
E2F8.H12CORE.1.SM.B	E2F8	Fork head/winged helix factors	E2F	0.509567784600851	0.5118825201945846	0.35356464353564643	0.28457154284571545	0.6839058721473698	0.6334865747728443
HXA7.H12CORE.0.SM.B	HOXA7	Homeo domain factors	HOX-related	0.5095040151157302	0.48917907931986926	0.35566443355664434	0.6935306469353064	0.6859759202415293	0.9830694730134057
SPI1.H12CORE.0.P.B	SPI1	Tryptophan cluster factors	Ets-related	0.5094473311289576	0.5250999666046574	0.35936406359364065	0.11968803119688032	0.6859759202415293	0.43724007346100835
PDX1.H12CORE.0.P.B	PDX1	Homeo domain factors	HOX-related	0.5094426074633941	0.5090597020564337	0.3498650134986501	0.31196880311968805	0.6834579699924744	0.6591994309340996
TBX20.H12CORE.1.M.C	TBX20	T-Box factors	TBX1-related	0.5091828058573459	0.4996159651287977	0.35826417358264173	0.49125087491250874	0.6859759202415293	0.8147988649410921
LHX6.H12CORE.1.S.B	LHX6	Homeo domain factors	HD-LIM	0.5091804440245637	0.5009597046699764	0.3594640535946405	0.46515348465153483	0.6859759202415293	0.7952801876210482
Z780A.H12CORE.0.P.C	ZNF780A	C2H2 zinc finger factors	More than 3 adjacent zinc fingers	0.5091662730278709	0.4890436378343936	0.35076492350764926	0.688931106889311	0.6834579699924744	0.9798625063602014
ZN331.H12CORE.0.P.B	ZNF331	C2H2 zinc finger factors	More than 3 adjacent zinc fingers	0.5091379310344825	0.5184618316124842	0.3581641835816418	0.18898110188981102	0.6859759202415293	0.5310936991407241
HMX3.H12CORE.0.S.B	HMX3	Homeo domain factors	NK-related	0.5089749645725103	0.5236433777715601	0.3575642435756424	0.13038696130386962	0.6859759202415293	0.4533696027987563
SOX17.H12CORE.1.P.B	SOX17	High-mobility group (HMG) domain factors	SOX-related	0.5089631554085982	0.5286593935075199	0.36646335366463356	0.09209079092090791	0.6948838624678926	0.4026879130268792
PO3F2.H12CORE.2.SM.B	POU3F2	Homeo domain factors	POU	0.508941898913559	0.4972655851899632	0.3534646535346465	0.5304469553044695	0.6839058721473698	0.8523774571317924
NFIL3.H12CORE.1.S.B	NFIL3	Basic leucine zipper factors (bZIP)	C/EBP-related	0.508918280585735	0.5033227953392351	0.36766323367663234	0.42645735426457354	0.6961212255737776	0.7701851842350182
ZN805.H12CORE.0.P.C	ZNF805	C2H2 zinc finger factors	More than 3 adjacent zinc fingers	0.508875767595655	0.4983952988268067	0.3594640535946405	0.5121487851214879	0.6859759202415293	0.8379032845014818
ZN320.H12CORE.0.P.B	ZNF320	C2H2 zinc finger factors	More than 3 adjacent zinc fingers	0.5088710439300904	0.5192867950615973	0.35976402359764026	0.1770822917708229	0.6859759202415293	0.5183159168870132
VENTX.H12CORE.0.SM.B	VENTX	Homeo domain factors	NK-related	0.5087836561171478	0.4925147339799355	0.3598640135986401	0.6212378762123788	0.6859759202415293	0.9321235059156624
DLX2.H12CORE.1.S.B	DLX2	Homeo domain factors	NK-related	0.5087647614548894	0.4997911231507815	0.3702629737026297	0.49035096490350966	0.6965964420507103	0.8147988649410921
ZNF32.H12CORE.0.SM.B	ZNF32	C2H2 zinc finger factors	More than 3 adjacent zinc fingers	0.5087482286254147	0.49908389711928347	0.36496350364963503	0.505949405059494	0.6929504417979254	0.8302978793029789
ZN708.H12CORE.1.P.B	ZNF708	C2H2 zinc finger factors	More than 3 adjacent zinc fingers	0.5087316957959395	0.5271538117837059	0.35726427357264273	0.10648935106489352	0.6859759202415293	0.41725827417258277
BSH.H12CORE.0.SM.B	BSX	Homeo domain factors	NK-related	0.5086986301369872	0.49861801924139165	0.37416258374162586	0.5191480851914808	0.7021022215073681	0.8417198729565245
ZN778.H12CORE.1.P.B	ZNF778	C2H2 zinc finger factors	Multiple dispersed zinc fingers	0.508677373641949	0.49675332707988923	0.3571642835716428	0.5448455154484552	0.6859759202415293	0.8639693173539789
NKX32.H12CORE.1.S.B	NKX3-2	Homeo domain factors	NK-related	0.5086773736419473	0.5160851707725888	0.36466353364663534	0.21737826217378262	0.6929504417979254	0.5688081011393445
PO2F2.H12CORE.0.PSM.A	POU2F2	Homeo domain factors	POU	0.5084577231932005	0.48996823569429543	0.36926307369263073	0.6688331166883311	0.6965315233182564	0.9680302782159096
ZN260.H12CORE.0.P.C	ZNF260	C2H2 zinc finger factors	More than 3 adjacent zinc fingers	0.5083797827113843	0.5191469558328936	0.36826317368263173	0.18148185181481852	0.6961212255737776	0.5216699445593289
COT2.H12CORE.0.P.B	NR2F2	Nuclear receptors with C4 zinc fingers	RXR-related receptors	0.5083585262163449	0.5183631212093379	0.3701629837016298	0.1860813918608139	0.6965964420507103	0.5296162691423165
PO4F1.H12CORE.0.S.B	POU4F1	Homeo domain factors	POU	0.5082522437411428	0.5120554365412674	0.37966203379662034	0.2765723427657234	0.704180353172909	0.6320756549937423
MYBA.H12CORE.1.PS.A	MYBL1	Tryptophan cluster factors	Myb/SANT domain	0.5082191780821932	0.5030895928456093	0.3775622437756224	0.41245875412458755	0.7039048033181178	0.7533898508883289
ZN749.H12CORE.1.P.C	ZNF749	C2H2 zinc finger factors	More than 3 adjacent zinc fingers	0.5082144544166282	0.5251424485096327	0.36396360363963604	0.1336866313368663	0.6928753034986739	0.45713224886042203
ZN615.H12CORE.0.P.C	ZNF615	C2H2 zinc finger factors	More than 3 adjacent zinc fingers	0.5080467642890901	0.5025670251659903	0.3792620737926207	0.4373562643735626	0.704180353172909	0.77626702274422
PO5F1.H12CORE.0.P.B	POU5F1	Homeo domain factors	POU	0.5080160604629189	0.5006152907616676	0.37596240375962403	0.47395260473952605	0.7039048033181178	0.8019436039983341
ISL1.H12CORE.0.PSM.A	ISL1	Homeo domain factors	HD-LIM	0.5079499291450184	0.5045643749539171	0.37636236376362364	0.39686031396860316	0.7039048033181178	0.7417997837521948
ZN860.H12CORE.0.P.C	ZNF860	C2H2 zinc finger factors	More than 3 adjacent zinc fingers	0.5079333963155417	0.5114734827815314	0.3685631436856314	0.278972102789721	0.6961212255737776	0.6321837204034699
GATA3.H12CORE.0.PS.A	GATA3	Other C4 zinc finger-type factors	C4-GATA-related	0.5079310344827602	0.5122430922307504	0.3732626737326267	0.2936706329367063	0.7013255705679432	0.6430827505484745
ONEC3.H12CORE.1.S.C	ONECUT3	Homeo domain factors	HD-CUT	0.5078743504959856	0.5086391615223822	0.386961303869613	0.33626637336266374	0.7113186770494925	0.6843898120766203
TFCP2.H12CORE.1.SM.B	TFCP2	Grainyhead domain factors	CP2-related	0.5078696268304216	0.4901058418531331	0.37666233376662334	0.6741325867413258	0.7039048033181178	0.9727733226677332
MLX.H12CORE.0.PM.A	MLX	Basic helix-loop-helix factors (bHLH)	bHLH-ZIP	0.5078223901747765	0.48834695689735813	0.38516148385161486	0.7270272972702729	0.7098186733050833	1.0
DRGX.H12CORE.1.SM.B	DRGX	Homeo domain factors	Paired-related HD	0.5077964100141716	0.5111093238488772	0.3808619138086191	0.28987101289871015	0.7054990264773265	0.6395777853407321
ZN441.H12CORE.1.P.C	ZNF441	C2H2 zinc finger factors	More than 3 adjacent zinc fingers	0.5076759565422785	0.5311330748879496	0.37946205379462056	0.07239276072392761	0.704180353172909	0.35897853513617717
GLI3.H12CORE.1.M.C	GLI3	C2H2 zinc finger factors	More than 3 adjacent zinc fingers	0.5075909305621162	0.5103093124041999	0.3782621737826217	0.2953704629537046	0.704180353172909	0.6430827505484745
HXC9.H12CORE.1.S.C	HOXC9	Homeo domain factors	HOX-related	0.507527161076996	0.5169292978439998	0.384961503849615	0.2096790320967903	0.7098186733050833	0.561348503368587
ZSC31.H12CORE.0.P.C	ZSCAN31	C2H2 zinc finger factors	More than 3 adjacent zinc fingers	0.5075106282475202	0.516815120567979	0.37716228377162286	0.20267973202679732	0.7039048033181178	0.5476907365443231
HNF4A.H12CORE.0.PSM.A	HNF4A	Nuclear receptors with C4 zinc fingers	RXR-related receptors	0.5074019839395384	0.5185797690641094	0.38616138386161386	0.1887811218878112	0.7107536695310062	0.5310936991407241
OLIG3.H12CORE.0.SM.B	OLIG3	Basic helix-loop-helix factors (bHLH)	Tal-related	0.5073169579593778	0.5071196630257663	0.3902609739026097	0.35866413358664134	0.7128437789132479	0.7080059435916873
ZNF28.H12CORE.0.P.C	ZNF28	C2H2 zinc finger factors	More than 3 adjacent zinc fingers	0.5072957014643366	0.5063514570100057	0.38266173382661733	0.3661633836616338	0.7070177745349665	0.7186832947140068
FOSB.H12CORE.1.M.C	FOSB	Basic leucine zipper factors (bZIP)	Fos-related	0.5072673594709516	0.5176720734843565	0.38146185381461856	0.197980201979802	0.7057044295570444	0.5410708929107089
NR1H2.H12CORE.1.P.C	NR1H2	Nuclear receptors with C4 zinc fingers	Thyroid hormone receptor-related	0.5071469059990561	0.5168186428710323	0.3965603439656034	0.21277872212778723	0.7178207179282071	0.5652506177953633
GLIS1.H12CORE.0.P.B	GLIS1	C2H2 zinc finger factors	More than 3 adjacent zinc fingers	0.5071374586679268	0.5189839254956292	0.39386061393860616	0.18038196180381963	0.7178207179282071	0.521625592951727
VSX1.H12CORE.0.SM.B	VSX1	Homeo domain factors	Paired-related HD	0.5070642418516771	0.5017568605781897	0.3885611438856114	0.45185481451854814	0.7113699276460186	0.7866957574447622
HXD3.H12CORE.0.SM.B	HOXD3	Homeo domain factors	HOX-related	0.5069319792158721	0.5004399457197721	0.38876112388761125	0.47405259474052597	0.7113699276460186	0.8019436039983341
GRHL1.H12CORE.1.PS.A	GRHL1	Grainyhead domain factors	Grainyhead-related	0.5068894662257919	0.5201468918804213	0.39666033396660333	0.1675832416758324	0.7178207179282071	0.5048488888063176
GATA5.H12CORE.0.SM.B	GATA5	Other C4 zinc finger-type factors	C4-GATA-related	0.5068280585734539	0.5110363388957654	0.39676032396760325	0.29617038296170384	0.7178207179282071	0.6436353352616546
ALX3.H12CORE.0.SM.B	ALX3	Homeo domain factors	Paired-related HD	0.5068209730751074	0.5011008087621653	0.38866113388661133	0.46295370462953706	0.7113699276460186	0.794342682259717
NKX22.H12CORE.0.P.B	NKX2-2	Homeo domain factors	NK-related	0.5067760982522442	0.49972804706822826	0.397960203979602	0.49325067493250674	0.7178207179282071	0.8171764913060932
ZN510.H12CORE.0.P.C	ZNF510	C2H2 zinc finger factors	Multiple dispersed zinc fingers	0.5067123287671248	0.49348834300768096	0.39506049395060494	0.624937506249375	0.7178207179282071	0.9321235059156624
HXA5.H12CORE.0.SM.B	HOXA5	Homeo domain factors	HOX-related	0.5066273027869623	0.4886307412042562	0.39706029397060294	0.7019298070192981	0.7178207179282071	0.9901121324817665
BARH2.H12CORE.2.S.C	BARHL2	Homeo domain factors	NK-related	0.5066131317902706	0.5105893134883077	0.396960303969603	0.2986701329867013	0.7178207179282071	0.6461484286353973
DLX3.H12CORE.0.SM.B	DLX3	Homeo domain factors	NK-related	0.5064785073216821	0.5144340427762952	0.40305969403059694	0.24757524247575244	0.7230409878266831	0.6024470065640991
ZN264.H12CORE.0.P.B	ZNF264	C2H2 zinc finger factors	More than 3 adjacent zinc fingers	0.5064454416627308	0.5102098386534082	0.40335966403359663	0.3066693330666933	0.7230409878266831	0.6558046417580464
PIT1.H12CORE.1.S.B	POU1F1	Homeo domain factors	POU	0.506419461502128	0.5092505143188245	0.40135986401359863	0.31666833316668336	0.7212481740617969	0.661917889253043
ZN394.H12CORE.0.P.C	ZNF394	C2H2 zinc finger factors	More than 3 adjacent zinc fingers	0.5063840340103903	0.5133207790496933	0.388961103889611	0.25037496250374963	0.7113699276460186	0.6054193575617314
GRHL1.H12CORE.0.PSM.A	GRHL1	Grainyhead domain factors	Grainyhead-related	0.506303731695797	0.5148478496558826	0.39986001399860016	0.23617638236176383	0.720168506840089	0.5875905512896986
JUND.H12CORE.1.SM.B	JUND	Basic leucine zipper factors (bZIP)	Jun-related	0.5062257912139834	0.5164726749284683	0.40475952404759524	0.21937806219378062	0.7246501156335979	0.5699021495699892
CUX1.H12CORE.0.PM.A	CUX1	Homeo domain factors	HD-CUT	0.5061502125649515	0.5112154631938858	0.41105889411058893	0.2852714728527147	0.729591616484108	0.6334865747728443
SMAD3.H12CORE.0.S.B	SMAD3	SMAD/NF-1 DNA-binding domain factors	SMAD	0.5061384034010384	0.5084905974702914	0.3975602439756024	0.3224677532246775	0.7178207179282071	0.6685646090563356
PPARA.H12CORE.1.P.B	PPARA	Nuclear receptors with C4 zinc fingers	Thyroid hormone receptor-related	0.5061360415682579	0.5022827503572463	0.4002599740025997	0.44985501449855014	0.720168506840089	0.7866957574447622
GLI1.H12CORE.0.P.C	GLI1	C2H2 zinc finger factors	More than 3 adjacent zinc fingers	0.5061147850732178	0.49442647242251153	0.39536046395360464	0.5804419558044196	0.7178207179282071	0.8948480151984802
Z585B.H12CORE.0.P.C	ZNF585B	C2H2 zinc finger factors	More than 3 adjacent zinc fingers	0.506088804912613	0.5040189918892041	0.40645935406459355	0.40455954404559547	0.7258921385089213	0.7493959204849733
ZN140.H12CORE.1.SM.B	ZNF140	C2H2 zinc finger factors	More than 3 adjacent zinc fingers	0.506036844591404	0.5057387554081543	0.41325867413258677	0.38786121387861217	0.7316960328507027	0.7383363226177382
PAX3.H12CORE.0.PS.A	PAX3	Paired box factors	PD+HD	0.5059801606046322	0.49255682419212676	0.4062593740625937	0.6208379162083791	0.7258921385089213	0.9321235059156624
NR1H3.H12CORE.0.P.B	NR1H3	Nuclear receptors with C4 zinc fingers	Thyroid hormone receptor-related	0.5059234766178564	0.5378360079140704	0.4086591340865913	0.039396060393960604	0.7272989100596722	0.2567243275672433
GSX1.H12CORE.0.SM.B	GSX1	Homeo domain factors	HOX-related	0.5059140292867275	0.5015698755856093	0.40875912408759124	0.45165483451654836	0.7272989100596722	0.7866957574447622
ZNF26.H12CORE.1.P.B	ZNF26	C2H2 zinc finger factors	More than 3 adjacent zinc fingers	0.5057557864903183	0.4878731371778713	0.41175882411758824	0.7075292470752925	0.7299360972993609	0.9944043570326511
TBXT.H12CORE.1.PSM.A	TBXT	T-Box factors	Brachyury-related	0.5056707605101579	0.4838753306399065	0.41075892410758924	0.7734226577342266	0.729591616484108	1.0
HXB5.H12CORE.0.SM.B	HOXB5	Homeo domain factors	HOX-related	0.5056565895134635	0.4912631477344205	0.40735926407359263	0.6386361363863614	0.7266000223216245	0.9422821521528829
NGN1.H12CORE.0.SM.B	NEUROG1	Basic helix-loop-helix factors (bHLH)	Tal-related	0.5056093528578182	0.4902798187477246	0.41555844415558446	0.6672332766723328	0.734866219260427	0.9676558977268102
ZNF18.H12CORE.0.P.B	ZNF18	C2H2 zinc finger factors	More than 3 adjacent zinc fingers	0.505564478034956	0.49988710469733805	0.42315768423157685	0.4851514848515148	0.7433690937475596	0.8093336331106773
TBX19.H12CORE.0.PS.A	TBX19	T-Box factors	Brachyury-related	0.5054676428908854	0.49008402137881835	0.41875812418758124	0.6655334466553344	0.7396180822554219	0.9671347064689301
ARX.H12CORE.0.S.B	ARX	Homeo domain factors	Paired-related HD	0.5051771374586685	0.5177917150688668	0.4193580641935806	0.19658034196580343	0.7397722330456441	0.5392878963054265
DMRTD.H12CORE.0.SM.B	DMRTC2	DM-type intertwined zinc finger factors	DMRT	0.505165328294758	0.4989872527365726	0.42085791420857915	0.5031496850314968	0.7407832387492957	0.8285315140093745
ZN669.H12CORE.0.P.B	ZNF669	C2H2 zinc finger factors	More than 3 adjacent zinc fingers	0.5050897496457266	0.5252063589166381	0.420957904209579	0.11778822117788221	0.7407832387492957	0.43396094064062984
ZKSC8.H12CORE.0.P.B	ZKSCAN8	C2H2 zinc finger factors	More than 3 adjacent zinc fingers	0.5050684931506854	0.5177711111748133	0.42345765423457654	0.195980401959804	0.7433690937475596	0.5392878963054265
ZN524.H12CORE.0.S.B	ZNF524	C2H2 zinc finger factors	More than 3 adjacent zinc fingers	0.5047165800661316	0.5155765540801953	0.42875712428757123	0.22417758224177584	0.7508453038191326	0.5756018704179404
LBX2.H12CORE.1.S.B	LBX2	Homeo domain factors	NK-related	0.5045843174303261	0.5213238993733438	0.42975702429757023	0.15278472152784722	0.751684104316841	0.48664738789278966
PRRX2.H12CORE.0.SM.B	PRRX2	Homeo domain factors	Paired-related HD	0.5042229570146456	0.49499958259921756	0.43585641435856415	0.5785421457854215	0.7605088342435407	0.892873065634613
FOXL2.H12CORE.0.PSM.A	FOXL2	Fork head/winged helix factors	FOX	0.5041521020311779	0.5109504319656095	0.4373562643735626	0.2862713728627137	0.7612847882883605	0.6334865747728443
CUX2.H12CORE.0.P.C	CUX2	Homeo domain factors	HD-CUT	0.5040788852149276	0.5094595360027185	0.42495750424957507	0.30826917308269175	0.745095599796035	0.6580361194649766
ZN701.H12CORE.1.P.B	ZNF701	C2H2 zinc finger factors	More than 3 adjacent zinc fingers	0.5040269248937189	0.48939564407814296	0.4310568943105689	0.6739326067393261	0.7530449134263328	0.9727733226677332
MGAP.H12CORE.1.S.B	MGA	Basic helix-loop-helix factors (bHLH)	bHLH-ZIP	0.5038663202645264	0.4992871160775937	0.43675632436756323	0.5010498950104989	0.7611586667420214	0.8281958745706184
FOXK1.H12CORE.0.PS.A	FOXK1	Fork head/winged helix factors	FOX	0.5037364194615033	0.5019381899099227	0.44115588441155884	0.44015598440155984	0.764384425903148	0.7790008024901304
ZKSC5.H12CORE.0.P.C	ZKSCAN5	C2H2 zinc finger factors	Multiple dispersed zinc fingers	0.5037033538025518	0.5053494351579992	0.43985601439856015	0.38906109389061094	0.7643141823001816	0.7383363226177382
ZSC29.H12CORE.1.M.C	ZSCAN29	C2H2 zinc finger factors	More than 3 adjacent zinc fingers	0.5035710911667468	0.5037286767801638	0.44915508449155084	0.4176582341765823	0.7725039176654445	0.7613250038632501
HNF6.H12CORE.2.S.B	ONECUT1	Homeo domain factors	HD-CUT	0.5034648086915448	0.5087385297983802	0.44015598440155984	0.32536746325367466	0.7643141823001816	0.6716813297211053
MYBA.H12CORE.0.P.B	MYBL1	Tryptophan cluster factors	Myb/SANT domain	0.5033986773736426	0.509886123825378	0.44395560443955606	0.30446955304469553	0.7681390134367858	0.6547683532689951
HXA1.H12CORE.0.SM.B	HOXA1	Homeo domain factors	HOX-related	0.5033821445441687	0.4924202163308421	0.4460553944605539	0.6224377562243776	0.7690058951094138	0.9321235059156624
DLX1.H12CORE.1.PSM.A	DLX1	Homeo domain factors	NK-related	0.5033774208786026	0.5084216564239974	0.45465453454654536	0.33166683331666835	0.778252068031631	0.6798227847669779
RFX6.H12CORE.0.P.C	RFX6	Fork head/winged helix factors	RFX	0.5033608880491297	0.4845985149183328	0.44125587441255876	0.7557244275572442	0.764384425903148	1.0
NR1H2.H12CORE.0.P.C	NR1H2	Nuclear receptors with C4 zinc fingers	Thyroid hormone receptor-related	0.5032782239017485	0.49166678897347393	0.44585541445855414	0.6362363763623637	0.7690058951094138	0.9422821521528829
ZNF74.H12CORE.0.P.C	ZNF74	C2H2 zinc finger factors	More than 3 adjacent zinc fingers	0.5032475200755795	0.4915685741912881	0.45665433456654336	0.6507349265073493	0.7789033153422247	0.9552497446084487
HXC13.H12CORE.0.SM.B	HOXC13	Homeo domain factors	HOX-related	0.5031010864430788	0.4930574119201773	0.44765523447655237	0.6145385461453855	0.7708430827561635	0.9305132445832018
ERF.H12CORE.0.PS.A	ERF	Tryptophan cluster factors	Ets-related	0.5030420406235236	0.5120412096578513	0.45225477452254775	0.2856714328567143	0.775985302777689	0.6334865747728443
E2F8.H12CORE.0.P.C	E2F8	Fork head/winged helix factors	E2F	0.5030231459612674	0.5005246630853839	0.45215478452154784	0.47225277472252775	0.775985302777689	0.8017185340289501
GATA2.H12CORE.1.P.B	GATA2	Other C4 zinc finger-type factors	C4-GATA-related	0.502952290977799	0.5116419080896891	0.45625437456254375	0.2826717328267173	0.7789033153422247	0.6334865747728443
GBX1.H12CORE.1.S.B	GBX1	Homeo domain factors	HOX-related	0.5028743504959857	0.4953354680637583	0.459054094590541	0.5715428457154285	0.7811498331298946	0.8858607157544182
ZN100.H12CORE.0.P.B	ZNF100	C2H2 zinc finger factors	More than 3 adjacent zinc fingers	0.5028318375059053	0.4915260680367206	0.46635336466353366	0.656034396560344	0.7843215678432157	0.9585936143227782
TFEB.H12CORE.0.SM.B	TFEB	Basic helix-loop-helix factors (bHLH)	bHLH-ZIP	0.5027751535191308	0.48571021782912527	0.45325467453254675	0.7392260773922608	0.7767773103924762	1.0
OTX1.H12CORE.1.S.B	OTX1	Homeo domain factors	Paired-related HD	0.5027090222012285	0.5051696814857565	0.46235376462353767	0.39136086391360864	0.7839177349870647	0.7383363226177382
MEIS3.H12CORE.1.S.B	MEIS3	Homeo domain factors	TALE-type HD	0.5026948512045357	0.5115884592550746	0.45635436456354367	0.276972302769723	0.7789033153422247	0.6320756549937423
ZIC5.H12CORE.2.S.C	ZIC5	C2H2 zinc finger factors	More than 3 adjacent zinc fingers	0.5026523382144558	0.5181240013837999	0.44515548445155484	0.18748125187481252	0.7690058951094138	0.5304616597163814
ZN627.H12CORE.0.P.C	ZNF627	C2H2 zinc finger factors	More than 3 adjacent zinc fingers	0.5026121870571575	0.5042714423673575	0.46065393460653936	0.40975902409759024	0.7829489135892065	0.7522675213394691
ZN263.H12CORE.0.PM.A	ZNF263	C2H2 zinc finger factors	More than 3 adjacent zinc fingers	0.5025885687293342	0.5029981034602002	0.4644535546445355	0.5158484151584841	0.7843215678432157	0.8401458951170345
LHX9.H12CORE.0.PS.A	LHX9	Homeo domain factors	HD-LIM	0.5025791213982069	0.5123219643592749	0.46405359464053597	0.27477252274772523	0.7843215678432157	0.630819271014075
FOXJ2.H12CORE.0.PSM.A	FOXJ2	Fork head/winged helix factors	FOX	0.5025318847425619	0.4911621575436445	0.46485351464853514	0.6518348165183482	0.7843215678432157	0.9558003590503893
SHOX2.H12CORE.1.S.C	SHOX2	Homeo domain factors	Paired-related HD	0.5024822862541345	0.5171734406489507	0.46285371462853714	0.20027997200279973	0.7839177349870647	0.5442636527307722
ZN484.H12CORE.0.P.C	ZNF484	C2H2 zinc finger factors	More than 3 adjacent zinc fingers	0.5024185167690131	0.48634297376942137	0.4677532246775322	0.7358264173582642	0.7848463990810222	1.0
ZFP91.H12CORE.0.P.C	ZFP91	C2H2 zinc finger factors	More than 3 adjacent zinc fingers	0.5024137931034491	0.4791225708115298	0.4654534546545345	0.8375162483751625	0.7843215678432157	1.0
HXC4.H12CORE.0.SM.B	HOXC4	Homeo domain factors	HOX-related	0.5022390174775632	0.489372664553116	0.46995300469953005	0.686031396860314	0.7876215862734284	0.9791724091685788
SOX15.H12CORE.0.P.B	SOX15	High-mobility group (HMG) domain factors	SOX-related	0.5022295701464345	0.49866451306590476	0.47185281471852814	0.6052394760523948	0.7898881805554943	0.9212664176620313
VSX2.H12CORE.0.PSM.A	VSX2	Homeo domain factors	Paired-related HD	0.5021303731695788	0.5004822653802559	0.4577542245775422	0.4644535546445355	0.7798575514349391	0.7950254796584398
ZN623.H12CORE.0.P.C	ZNF623	C2H2 zinc finger factors	More than 3 adjacent zinc fingers	0.5021209258384511	0.5034130438938891	0.4677532246775322	0.42795720427957207	0.7848463990810222	0.7709641020916636
ZN875.H12CORE.0.P.C	ZNF875	C2H2 zinc finger factors	More than 3 adjacent zinc fingers	0.5020311761927263	0.48823103288591796	0.46635336466353366	0.6976302369763023	0.7843215678432157	0.9855749258733618
SALL1.H12CORE.0.P.C	SALL1	C2H2 zinc finger factors	Multiple dispersed zinc fingers	0.5019933868682089	0.49688160804284415	0.46165383461653836	0.5393460653934606	0.7837252745313704	0.8598209715452295
THB.H12CORE.2.SM.B	THRB	Nuclear receptors with C4 zinc fingers	Thyroid hormone receptor-related	0.5017973547472852	0.5033685631982605	0.47875212478752127	0.4193580641935806	0.7951479880780622	0.7621331065885855
ZN133.H12CORE.0.P.B	ZNF133	C2H2 zinc finger factors	More than 3 adjacent zinc fingers	0.5017548417572046	0.5047972601941217	0.47595240475952405	0.39286071392860716	0.7949066204490662	0.7383363226177382
LBX2.H12CORE.0.S.B	LBX2	Homeo domain factors	NK-related	0.5015989607935771	0.524581306257123	0.47855214478552144	0.12478752124787522	0.7951479880780622	0.44461331644613317
RXRG.H12CORE.1.SM.B	RXRG	Nuclear receptors with C4 zinc fingers	RXR-related receptors	0.5014666981577701	0.5031712863087469	0.48665133486651335	0.43045695430456954	0.8034758309066118	0.7716141429335327
HXD10.H12CORE.0.SM.B	HOXD10	Homeo domain factors	HOX-related	0.5012990080302304	0.5051732219650161	0.47885211478852113	0.392960703929607	0.7951479880780622	0.7383363226177382
USF1.H12CORE.0.PSM.A	USF1	Basic helix-loop-helix factors (bHLH)	bHLH-ZIP	0.5011974492205971	0.4838574351746463	0.48095190480951905	0.7704229577042295	0.7977167800461333	1.0
ZN436.H12CORE.0.P.C	ZNF436	C2H2 zinc finger factors	More than 3 adjacent zinc fingers	0.5011620217288613	0.49319466446959237	0.4864513548645136	0.6125387461253875	0.8034758309066118	0.9301943622672433
PO3F4.H12CORE.0.SM.B	POU3F4	Homeo domain factors	POU	0.5011053377420902	0.48626807770304886	0.47795220477952205	0.7325267473252675	0.7951479880780622	1.0
ZN684.H12CORE.0.P.C	ZNF684	C2H2 zinc finger factors	More than 3 adjacent zinc fingers	0.5008856872933405	0.5048214895388888	0.47565243475652436	0.3845615438456154	0.7949066204490662	0.7383363226177382
WT1.H12CORE.0.P.B	WT1	C2H2 zinc finger factors	More than 3 adjacent zinc fingers	0.5008478979688246	0.5024599829331219	0.47885211478852113	0.46695330466953305	0.7951479880780622	0.797412566435664
PRDM5.H12CORE.0.P.B	PRDM5	C2H2 zinc finger factors	More than 3 adjacent zinc fingers	0.5008242796410021	0.5081179302583081	0.48495150484951505	0.3344665533446655	0.8034271199745696	0.6826523853979524
BARH2.H12CORE.0.SM.B	BARHL2	Homeo domain factors	NK-related	0.5007959376476158	0.5082875492126148	0.49075092490750927	0.3331666833316668	0.8065530576782869	0.6817799806421624
E2F6.H12CORE.0.P.B	E2F6	Fork head/winged helix factors	E2F	0.5007841284837018	0.48715585981641013	0.4881511848815118	0.72002799720028	0.8050310397531676	1.0
SRY.H12CORE.1.S.B	SRY	High-mobility group (HMG) domain factors	SOX-related	0.5007794048181384	0.49114129201391316	0.48995100489951005	0.6487351264873512	0.8065530576782869	0.95343082799663
HSFY1.H12CORE.0.S.B	HSFY1	Heat shock factors	HSF	0.5006471421823331	0.5028432303308047	0.4861513848615138	0.4253574642535746	0.8034758309066118	0.7691614297216894
GLIS2.H12CORE.0.SM.B	GLIS2	C2H2 zinc finger factors	More than 3 adjacent zinc fingers	0.500517241379311	0.4934748525685033	0.4914508549145086	0.605039496050395	0.8067845092623844	0.9212664176620313
ZIC1.H12CORE.0.P.B	ZIC1	C2H2 zinc finger factors	More than 3 adjacent zinc fingers	0.5005148795465283	0.5291549616911394	0.4904509549045096	0.1044895510448955	0.8065530576782869	0.4130915675555732
ZN468.H12CORE.0.P.C	ZNF468	C2H2 zinc finger factors	More than 3 adjacent zinc fingers	0.5005007085498339	0.5066220780703462	0.49995000499950004	0.37296270372962703	0.81231640615466	0.7282521747825218
ZN189.H12CORE.1.P.B	ZNF189	C2H2 zinc finger factors	More than 3 adjacent zinc fingers	0.5003826169107225	0.49730267869129635	0.49745025497450257	0.5378462153784621	0.81231640615466	0.8590098954706299
MZF1.H12CORE.0.P.B	MZF1	C2H2 zinc finger factors	More than 3 adjacent zinc fingers	0.5003117619272557	0.5093416171045264	0.49565043495650435	0.31586841315868414	0.8109110857621721	0.661917889253043
GBX1.H12CORE.0.S.B	GBX1	Homeo domain factors	HOX-related	0.5002456306093535	0.5020340294508904	0.5058494150584941	0.45195480451954806	0.8155762077423542	0.7866957574447622
ZN586.H12CORE.0.P.C	ZNF586	C2H2 zinc finger factors	More than 3 adjacent zinc fingers	0.5002054794520556	0.5056044434189105	0.49965003499650035	0.38946105389461055	0.81231640615466	0.7383363226177382
ZSC23.H12CORE.0.M.C	ZSCAN23	C2H2 zinc finger factors	More than 3 adjacent zinc fingers	0.500174775625887	0.4898930938797772	0.503949605039496	0.6757324267573243	0.814817622381099	0.9731356205696795
ZN304.H12CORE.0.P.C	ZNF304	C2H2 zinc finger factors	Multiple dispersed zinc fingers	0.5001747756258855	0.5017147613931199	0.49875012498750126	0.4577542245775422	0.81231640615466	0.7919290705659973
SRY.H12CORE.0.S.B	SRY	High-mobility group (HMG) domain factors	SOX-related	0.5000448748228629	0.48048259844957886	0.49835016498350165	0.8149185081491851	0.81231640615466	1.0
RXRB.H12CORE.1.SM.B	RXRB	Nuclear receptors with C4 zinc fingers	RXR-related receptors	0.5000141709966927	0.49709249815009937	0.5004499550044995	0.5404459554044595	0.81231640615466	0.8598274681903363
ISX.H12CORE.0.SM.B	ISX	Homeo domain factors	Paired-related HD	0.4999858290033073	0.5130558632161294	0.49445055494450557	0.25617438256174385	0.8105213315217854	0.6110076595646221
ZN343.H12CORE.0.PSM.A	ZNF343	C2H2 zinc finger factors	More than 3 adjacent zinc fingers	0.4999645725082674	0.5083738883205949	0.4948505149485051	0.3311668833116688	0.8105213315217854	0.6798227847669779
DBP.H12CORE.0.SM.B	DBP	Basic leucine zipper factors (bZIP)	C/EBP-related	0.4999456778460092	0.5263598686269403	0.5042495750424958	0.10888911108889111	0.814817622381099	0.42128300538930064
ZBT7A.H12CORE.0.P.B	ZBTB7A	C2H2 zinc finger factors	More than 3 adjacent zinc fingers	0.4999126121870581	0.48918625015685596	0.5041495850414959	0.7107289271072893	0.814817622381099	0.9966781747481229
ZN584.H12CORE.1.P.C	ZNF584	C2H2 zinc finger factors	More than 3 adjacent zinc fingers	0.49987009919697806	0.5012891564430713	0.49945005499450057	0.46115388461153883	0.81231640615466	0.7921964946362506
E2F7.H12CORE.1.P.B	E2F7	Fork head/winged helix factors	E2F	0.49969296173831157	0.4954874998019871	0.5011498850114988	0.563043695630437	0.8125385214287559	0.8802514114785704
HNF4G.H12CORE.0.P.B	HNF4G	Nuclear receptors with C4 zinc fingers	RXR-related receptors	0.4995725082664157	0.5125573976624	0.5053494650534947	0.27007299270072993	0.8155762077423542	0.6267839453996723
MEIS2.H12CORE.1.PSM.A	MEIS2	Homeo domain factors	TALE-type HD	0.49953708077468123	0.5000855967993028	0.508049195080492	0.48285171482851713	0.8182086925236047	0.8077654040151541
HXC10.H12CORE.2.SM.B	HOXC10	Homeo domain factors	HOX-related	0.4994922059518197	0.5029293818490314	0.5090490950904909	0.42705729427057293	0.8189050660151376	0.7703045945405459
HME1.H12CORE.0.PSM.A	EN1	Homeo domain factors	NK-related	0.4993434104865396	0.5014521316761017	0.5156484351564844	0.46405359464053597	0.8267563243675633	0.7950254796584398
ZN565.H12CORE.0.P.C	ZNF565	C2H2 zinc finger factors	More than 3 adjacent zinc fingers	0.4992583845063769	0.5054009881102771	0.5174482551744826	0.385961403859614	0.8287212344248372	0.7383363226177382
HXD1.H12CORE.0.SM.B	HOXD1	Homeo domain factors	HOX-related	0.49908124704771073	0.5012742113622156	0.5142485751424858	0.46005399460054	0.8263482115040167	0.7921964946362506
TLX3.H12CORE.0.SM.B	TLX3	Homeo domain factors	NK-related	0.4990056683986788	0.48731076132917955	0.5227477252274773	0.7183281671832816	0.8343054092380817	1.0
HXA10.H12CORE.0.S.B	HOXA10	Homeo domain factors	HOX-related	0.4989111950873888	0.5151249230794369	0.5232476752324767	0.24037596240375964	0.8343054092380817	0.593119393341756
GRHL2.H12CORE.1.P.B	GRHL2	Grainyhead domain factors	Grainyhead-related	0.4988615965989618	0.5013352101326275	0.5151484851514848	0.46085391460853914	0.8267563243675633	0.7921964946362506
PO2F3.H12CORE.1.S.C	POU2F3	Homeo domain factors	POU	0.49868445914029363	0.4868901811498029	0.5275472452754725	0.7208279172082792	0.835620938455002	1.0
PKNX2.H12CORE.1.SM.B	PKNOX2	Homeo domain factors	TALE-type HD	0.4986183278223912	0.5028676206374648	0.523047695230477	0.42405759424057593	0.8343054092380817	0.768737573478833
ZN880.H12CORE.0.P.C	ZNF880	C2H2 zinc finger factors	More than 3 adjacent zinc fingers	0.49861360415682704	0.49622124181286215	0.5185481451854814	0.5593440655934406	0.8295620548809864	0.876366435017736
TFEC.H12CORE.0.M.B	TFEC	Basic helix-loop-helix factors (bHLH)	bHLH-ZIP	0.49851440717997303	0.4782275024797496	0.5246475352464753	0.8449155084491551	0.8344436183444363	1.0
ZN316.H12CORE.0.P.C	ZNF316	C2H2 zinc finger factors	Multiple dispersed zinc fingers	0.4984648086915448	0.5161321809015683	0.5288471152884712	0.22507749225077492	0.8358448930572441	0.5758631583650146
ZN449.H12CORE.0.P.B	ZNF449	C2H2 zinc finger factors	More than 3 adjacent zinc fingers	0.49843646669815894	0.4918803020622218	0.5273472652734726	0.6344365563443656	0.835620938455002	0.9418641469186414
ZN891.H12CORE.0.P.C	ZNF891	C2H2 zinc finger factors	More than 3 adjacent zinc fingers	0.498393953708077	0.5113141150488514	0.524047595240476	0.29077092290770923	0.8344436183444363	0.6405838805432433
ZN707.H12CORE.0.P.B	ZNF707	C2H2 zinc finger factors	More than 3 adjacent zinc fingers	0.4983349078885217	0.4980676232765713	0.5256474352564744	0.5202479752024798	0.8344436183444363	0.8419354252915514
ZN416.H12CORE.0.P.C	ZNF416	C2H2 zinc finger factors	More than 3 adjacent zinc fingers	0.498252243741144	0.5163266163702632	0.5252474752524747	0.21807819218078192	0.8344436183444363	0.5688081011393445
ZN449.H12CORE.1.S.C	ZNF449	C2H2 zinc finger factors	More than 3 adjacent zinc fingers	0.49817194142654847	0.5011490201893573	0.5287471252874713	0.45825417458254175	0.8358448930572441	0.7919290705659973
THA.H12CORE.2.S.B	THRA	Nuclear receptors with C4 zinc fingers	Thyroid hormone receptor-related	0.49803259329239624	0.4913157462362487	0.5301469853014699	0.6488351164883511	0.8369826037089945	0.95343082799663
NR4A1.H12CORE.0.PSM.A	NR4A1	Nuclear receptors with C4 zinc fingers	NGFI (NR4A)	0.4980255077940489	0.48938782382568646	0.531946805319468	0.6816318368163183	0.8379904367641838	0.9757884330614557
SOX11.H12CORE.1.S.B	SOX11	High-mobility group (HMG) domain factors	SOX-related	0.49798063297118667	0.48452893042384854	0.5307469253074693	0.7569243075692431	0.837014003517681	1.0
NR1D2.H12CORE.1.SM.B	NR1D2	Nuclear receptors with C4 zinc fingers	Thyroid hormone receptor-related	0.4977042985356649	0.5080107907918723	0.5427457254274572	0.34726527347265274	0.8500642343574752	0.692132306106406
ZN429.H12CORE.0.P.C	ZNF429	C2H2 zinc finger factors	More than 3 adjacent zinc fingers	0.49766650921114763	0.505569590356738	0.5411458854114588	0.391960803919608	0.8500642343574752	0.7383363226177382
GATA1.H12CORE.0.P.B	GATA1	Other C4 zinc finger-type factors	C4-GATA-related	0.4975153519130851	0.5122366449891927	0.5420457954204579	0.2735726427357264	0.8500642343574752	0.630819271014075
OZF.H12CORE.0.P.B	ZNF146	C2H2 zinc finger factors	More than 3 adjacent zinc fingers	0.49725082664147674	0.5269762334143583	0.5448455154484552	0.0993900609939006	0.8508788731516459	0.4121854290215678
NR2F6.H12CORE.2.SM.B	NR2F6	Nuclear receptors with C4 zinc fingers	RXR-related receptors	0.49722720831365214	0.49572190612089606	0.5401459854014599	0.5638436156384361	0.849978906144282	0.8805479841626227
FOXI1.H12CORE.0.SM.B	FOXI1	Fork head/winged helix factors	FOX	0.4971776098252246	0.47928553365428817	0.5441455854414559	0.8314168583141686	0.8507064786479098	1.0
FOXO1.H12CORE.0.PS.A	FOXO1	Fork head/winged helix factors	FOX	0.49717524799244334	0.4895377754867011	0.5463453654634537	0.679032096790321	0.8522987701229878	0.9746081995574027
ZN662.H12CORE.0.P.C	ZNF662	C2H2 zinc finger factors	More than 3 adjacent zinc fingers	0.4971091166745401	0.4951450027972463	0.5431456854314568	0.5696430356964304	0.8500642343574752	0.8848169004412799
ZN483.H12CORE.0.P.C	ZNF483	C2H2 zinc finger factors	More than 3 adjacent zinc fingers	0.49697449220595236	0.4865142672794773	0.5506449355064493	0.7261273872612739	0.8580784470149097	1.0
ZBT7C.H12CORE.0.S.B	ZBTB7C	C2H2 zinc finger factors	More than 3 adjacent zinc fingers	0.496691072272083	0.502300965842514	0.5429457054294571	0.44965503449655037	0.8500642343574752	0.7866957574447622
GFI1.H12CORE.0.PSM.A	GFI1	C2H2 zinc finger factors	More than 3 adjacent zinc fingers	0.4966178554558346	0.4825094465180217	0.55994400559944	0.797920207979202	0.8677195382066071	1.0
FOXP2.H12CORE.0.P.B	FOXP2	Fork head/winged helix factors	FOX	0.49659423712801193	0.4896239524865904	0.5620437956204379	0.7246275372462754	0.8677195382066071	1.0
HMX2.H12CORE.0.SM.B	HMX2	Homeo domain factors	NK-related	0.4964241851676915	0.5045294155689006	0.5582441755824418	0.40345965403459655	0.8661788659843693	0.748319126956199
HXD13.H12CORE.1.SM.B	HOXD13	Homeo domain factors	HOX-related	0.4963982050070861	0.49119053729628875	0.5622437756224378	0.6524347565243476	0.8677195382066071	0.9558003590503893
ZN502.H12CORE.0.P.C	ZNF502	C2H2 zinc finger factors	More than 3 adjacent zinc fingers	0.4963722248464817	0.4967290363737713	0.5638436156384361	0.5483451654834517	0.868479286256678	0.8674499070880658
ZN281.H12CORE.1.SM.B	ZNF281	C2H2 zinc finger factors	More than 3 adjacent zinc fingers	0.4963108171941445	0.4866940296931241	0.5618438156184381	0.7258274172582742	0.8677195382066071	1.0
COT1.H12CORE.1.PSM.A	NR2F1	Nuclear receptors with C4 zinc fingers	RXR-related receptors	0.49625177137458865	0.4978870208435424	0.5528447155284472	0.5172482751724827	0.8605770490912075	0.8406909309069093
GCM1.H12CORE.0.S.B	GCM1	GCM domain factors	GCM	0.49619981105338007	0.47955480630527575	0.5607439256074392	0.8293170682931706	0.8677195382066071	1.0
HXD11.H12CORE.0.PS.A	HOXD11	Homeo domain factors	HOX-related	0.4961714690599911	0.5010008918912355	0.5573442655734426	0.45565443455654436	0.8657134286571342	0.7902756599340066
RFX5.H12CORE.1.PSM.A	RFX5	Fork head/winged helix factors	RFX	0.4960722720831375	0.4960306361352906	0.557044295570443	0.555944405559444	0.8657134286571342	0.873886467562394
DUX4.H12CORE.0.P.B	DUX4	Homeo domain factors	Paired-related HD	0.49587151629664716	0.48943131859175226	0.5651434856514349	0.678032196780322	0.868479286256678	0.9745024501533911
BARH1.H12CORE.1.S.B	BARHL1	Homeo domain factors	NK-related	0.4957935758148328	0.4949084803010078	0.5711428857114289	0.5857414258574143	0.8749035924433035	0.8991754016087754
ZN251.H12CORE.0.P.C	ZNF251	C2H2 zinc finger factors	Multiple dispersed zinc fingers	0.4957557864903179	0.5005877877995017	0.5641435856414359	0.46965303469653036	0.868479286256678	0.7990939421958865
LHX8.H12CORE.0.S.B	LHX8	Homeo domain factors	HD-LIM	0.49572508266414833	0.5001388617338556	0.5648435156484352	0.4767523247675233	0.868479286256678	0.8055662817793162
ZN681.H12CORE.0.P.C	ZNF681	C2H2 zinc finger factors	More than 3 adjacent zinc fingers	0.49564241851677043	0.4991852584834144	0.5675432456754325	0.5003499650034996	0.8712392590528182	0.8279873847477637
VENTX.H12CORE.1.S.C	VENTX	Homeo domain factors	NK-related	0.49548417572036146	0.4830321136820543	0.5735426457354265	0.7837216278372163	0.8768711052623552	1.0
HXA4.H12CORE.0.SM.B	HOXA4	Homeo domain factors	HOX-related	0.49521965044874927	0.4886457171305618	0.5736426357364264	0.6918308169183082	0.8768711052623552	0.9816242564534107
HMBX1.H12CORE.0.PSM.A	HMBOX1	Homeo domain factors	POU	0.49516296646197483	0.4844985132557041	0.5767423257674232	0.76002399760024	0.8797454292625706	1.0
BARH2.H12CORE.1.S.B	BARHL2	Homeo domain factors	NK-related	0.495139348134153	0.49453754180987525	0.5786421357864213	0.5883411658834117	0.8817113008868067	0.9022064849838077
HNF6.H12CORE.3.M.B	ONECUT1	Homeo domain factors	HD-CUT	0.4950023618327842	0.5076393474863423	0.571042895710429	0.34006599340065996	0.8749035924433035	0.6853564643535648
HXA13.H12CORE.1.SM.B	HOXA13	Homeo domain factors	HOX-related	0.4949338686820976	0.48714422392122153	0.5802419758024198	0.7128287171282872	0.8832164251929236	0.9976836457964292
ESR2.H12CORE.1.P.B	ESR2	Nuclear receptors with C4 zinc fingers	Steroid hormone receptors	0.49487009919697716	0.5048966396862353	0.575042495750425	0.7228277172282772	0.8780807633522362	1.0
ZFP41.H12CORE.0.SM.B	ZFP41	C2H2 zinc finger factors	More than 3 adjacent zinc fingers	0.4945441662730297	0.4828835982215098	0.5922407759224078	0.7852214778522147	0.8976926887143218	1.0
BARH1.H12CORE.0.SM.B	BARHL1	Homeo domain factors	NK-related	0.49451346244686034	0.5048154400113875	0.5862413758624138	0.3975602439756024	0.8914081194620265	0.7421467426349214
HXD4.H12CORE.0.SM.B	HOXD4	Homeo domain factors	HOX-related	0.494355219650449	0.4873814211017464	0.5940405959404059	0.7201279872012799	0.8983476521457803	1.0
ZN692.H12CORE.0.P.C	ZNF692	C2H2 zinc finger factors	More than 3 adjacent zinc fingers	0.4941922531884755	0.47792766180017565	0.5938406159384062	0.8444155584441556	0.8983476521457803	1.0
HXC10.H12CORE.1.S.B	HOXC10	Homeo domain factors	HOX-related	0.49410486537553244	0.5133832814196246	0.5875412458754125	0.2535746425357464	0.8924442292612844	0.6072915096550047
ONEC2.H12CORE.2.S.B	ONECUT2	Homeo domain factors	HD-CUT	0.49405526688710427	0.5053321806753828	0.601039896010399	0.39476052394760525	0.9062701880282191	0.7397914753979147
ZN770.H12CORE.0.P.B	ZNF770	C2H2 zinc finger factors	Multiple dispersed zinc fingers	0.4938072744449704	0.49741661221155115	0.5972402759724028	0.5028497150284972	0.9014829688579259	0.8285315140093745
NFAC1.H12CORE.1.PS.A	NFATC1	Rel homology region (RHR) factors	NFAT-related	0.4937931034482774	0.48886647519892623	0.5945405459454055	0.6853314668533147	0.8983476521457803	0.9791418877914189
GRHL2.H12CORE.0.P.B	GRHL2	Grainyhead domain factors	Grainyhead-related	0.49372224846481066	0.5110180825710677	0.6056394360563944	0.30016998300169984	0.9094044809879054	0.6484210860351091
NFAT5.H12CORE.0.SM.B	NFAT5	Rel homology region (RHR) factors	NFAT-related	0.4935947094945681	0.47918447484613713	0.591040895910409	0.8363163683631637	0.8968159966337751	1.0
ZN383.H12CORE.0.P.C	ZNF383	C2H2 zinc finger factors	More than 3 adjacent zinc fingers	0.4934860651865862	0.4953710995870568	0.6041395860413958	0.5749425057494251	0.9090442363480024	0.8892197596960562
MBNL2.H12CORE.0.S.C	MBNL2	Uncharacterized	Unannotated	0.493481341521022	0.5064918662719151	0.601939806019398	0.36436356364363565	0.9066796869373605	0.7163169241658941
ZN799.H12CORE.0.P.C	ZNF799	C2H2 zinc finger factors	More than 3 adjacent zinc fingers	0.493471894189892	0.48213442743547014	0.6105389461053895	0.8011198880111989	0.9129639721978217	1.0
HLF.H12CORE.1.SM.B	HLF	Basic leucine zipper factors (bZIP)	C/EBP-related	0.4933939537080784	0.5123725241381788	0.6151384861513849	0.27487251274872515	0.9150977685736582	0.630819271014075
TEF.H12CORE.0.SM.B	TEF	Basic leucine zipper factors (bZIP)	C/EBP-related	0.49332782239017614	0.5081677324597568	0.6080391960803919	0.3428657134286571	0.9120106680920692	0.689008630343623
NR2C1.H12CORE.1.PM.A	NR2C1	Nuclear receptors with C4 zinc fingers	RXR-related receptors	0.49327350023618466	0.5055793677194954	0.6086391360863913	0.39276072392760725	0.9120106680920692	0.7383363226177382
JDP2.H12CORE.0.SM.B	JDP2	Basic leucine zipper factors (bZIP)	Fos-related	0.49301133679735565	0.49796312657955116	0.6107389261073892	0.5204479552044795	0.9129639721978217	0.8419354252915514
ZN239.H12CORE.0.P.C	ZNF239	C2H2 zinc finger factors	More than 3 adjacent zinc fingers	0.49297354747283934	0.49615089797913703	0.6121387861213878	0.5574442555744425	0.9129639721978217	0.8743391965151311
MTF1.H12CORE.0.SM.B	MTF1	C2H2 zinc finger factors	More than 3 adjacent zinc fingers	0.49296882380727686	0.47966965533993794	0.6124387561243876	0.82991700829917	0.9129639721978217	1.0
ZN143.H12CORE.0.P.B	ZNF143	C2H2 zinc finger factors	More than 3 adjacent zinc fingers	0.49296882380727547	0.4723550398908203	0.6048395160483951	0.9051094890510949	0.9091493975602439	1.0
PRD14.H12CORE.0.P.B	PRDM14	C2H2 zinc finger factors	More than 3 adjacent zinc fingers	0.49270666036844624	0.5094198965013994	0.6176382361763824	0.31626837316268375	0.9178702109191759	0.661917889253043
RUNX3.H12CORE.0.P.B	RUNX3	Runt domain factors	Runt-related	0.4926428908833264	0.4941834082738117	0.6145385461453855	0.5941405859414058	0.9150977685736582	0.9080066596514951
HXA11.H12CORE.1.SM.B	HOXA11	Homeo domain factors	HOX-related	0.49252952290977886	0.49140892594930596	0.6117388261173883	0.6457354264573543	0.9129639721978217	0.9517836776077245
SRBP1.H12CORE.0.P.B	SREBF1	Basic helix-loop-helix factors (bHLH)	bHLH-ZIP	0.4922933396315537	0.48902423724266836	0.6280371962803719	0.6848315168483151	0.9283307083825907	0.9791418877914189
HXB13.H12CORE.1.SM.B	HOXB13	Homeo domain factors	HOX-related	0.4922413793103453	0.48746697946167866	0.6334366563343665	0.7229277072292771	0.9327031582556029	1.0
HXC8.H12CORE.0.SM.B	HOXC8	Homeo domain factors	HOX-related	0.49220358998582997	0.4745538548137904	0.6231376862313769	0.8861113888611138	0.9231906378150686	1.0
HXD9.H12CORE.0.SM.B	HOXD9	Homeo domain factors	HOX-related	0.49211620217288604	0.5001990381885673	0.6195380461953804	0.48935106489351066	0.9197462969752407	0.8144562706359122
PRD15.H12CORE.0.P.B	PRDM15	C2H2 zinc finger factors	Multiple dispersed zinc fingers	0.4920973075106288	0.4921683336872779	0.6213378662133786	0.6237376262373763	0.9214702373544762	0.9321235059156624
ZN548.H12CORE.0.P.B	ZNF548	C2H2 zinc finger factors	More than 3 adjacent zinc fingers	0.49169579593764795	0.5027259090018972	0.6304369563043696	0.4320567943205679	0.9301845889030729	0.7735210349932748
ARNT2.H12CORE.2.S.C	ARNT2	Basic helix-loop-helix factors (bHLH)	PAS	0.49158951346244767	0.47778516070860305	0.6273372662733727	0.8525147485251475	0.9283307083825907	1.0
TZAP.H12CORE.0.P.B	ZBTB48	C2H2 zinc finger factors	More than 3 adjacent zinc fingers	0.4915824279641013	0.47961262368841295	0.632936706329367	0.8311168883111689	0.9327031582556029	1.0
GLI2.H12CORE.0.PSM.A	GLI2	C2H2 zinc finger factors	More than 3 adjacent zinc fingers	0.4915351913084574	0.4735301569816859	0.6285371462853715	0.8987101289871013	0.9283307083825907	1.0
ATF2.H12CORE.1.P.B	ATF2	Basic leucine zipper factors (bZIP)	Jun-related	0.49123051487954544	0.5139257135069332	0.643035696430357	0.26017398260173985	0.9429883231189077	0.6154607490070665
EHF.H12CORE.0.P.B	EHF	Tryptophan cluster factors	Ets-related	0.49122342938120106	0.49106648365235545	0.6411358864113589	0.6563343665633437	0.9421171935759581	0.9585936143227782
ZBT24.H12CORE.0.P.B	ZBTB24	C2H2 zinc finger factors	More than 3 adjacent zinc fingers	0.49118091639111994	0.5138231660421122	0.6456354364563544	0.24957504249575044	0.9439229329346701	0.6054193575617314
PRDM6.H12CORE.0.P.B	PRDM6	C2H2 zinc finger factors	More than 3 adjacent zinc fingers	0.4911147850732189	0.47769602214224893	0.6403359664033597	0.857014298570143	0.9419009169419449	1.0
PO2F2.H12CORE.2.S.B	POU2F2	Homeo domain factors	POU	0.4910486537553166	0.48324560820147383	0.6523347665233477	0.7854214578542146	0.9489103509003938	1.0
KLF3.H12CORE.1.M.C	KLF3	C2H2 zinc finger factors	Three-zinc finger Kruppel-related	0.49072035899858285	0.5018267303715617	0.6463353664633537	0.44615538446155384	0.9439898115451613	0.7843440990858284
ZN263.H12CORE.1.P.B	ZNF263	C2H2 zinc finger factors	More than 3 adjacent zinc fingers	0.49064478034955245	0.495737104719413	0.6516348365163483	0.5707429257074292	0.9488487074602328	0.885572087952495
RARG.H12CORE.2.SM.B	RARG	Nuclear receptors with C4 zinc fingers	Thyroid hormone receptor-related	0.4906046291922544	0.4889388203912964	0.6447355264473552	0.688931106889311	0.9439229329346701	0.9798625063602014
NR1I2.H12CORE.1.S.C	NR1I2	Nuclear receptors with C4 zinc fingers	Thyroid hormone receptor-related	0.4904393008974958	0.4900132091809601	0.6428357164283571	0.6687331266873313	0.9429883231189077	0.9680302782159096
FOSB.H12CORE.2.M.C	FOSB	Basic leucine zipper factors (bZIP)	Fos-related	0.490396787907417	0.49722840916926403	0.6451354864513549	0.5342465753424658	0.9439229329346701	0.8546760623272485
ERR3.H12CORE.0.PSM.A	ESRRG	Nuclear receptors with C4 zinc fingers	Steroid hormone receptors	0.4901983939537094	0.5012825627239806	0.6571342865713429	0.46925307469253075	0.9520529874723371	0.7990939421958865
LHX9.H12CORE.1.M.B	LHX9	Homeo domain factors	HD-LIM	0.4900897496457272	0.49729987302872924	0.6485351464853515	0.5341465853414659	0.9462449103926817	0.8546760623272485
ZN75A.H12CORE.0.SM.B	ZNF75A	C2H2 zinc finger factors	More than 3 adjacent zinc fingers	0.48998110533774536	0.4836547901454807	0.6591340865913409	0.7792220777922207	0.9536148589549862	1.0
ZN577.H12CORE.0.P.B	ZNF577	C2H2 zinc finger factors	More than 3 adjacent zinc fingers	0.48984411903637337	0.5059562048428947	0.6595340465953404	0.37666233376662334	0.9536148589549862	0.7324819937361102
SOX9.H12CORE.0.PS.A	SOX9	High-mobility group (HMG) domain factors	SOX-related	0.4897921587151628	0.4941439986846895	0.6557344265573443	0.5946405359464053	0.9511246865263222	0.9080066596514951
HSF1.H12CORE.2.P.B	HSF1	Heat shock factors	HSF	0.48974492205952064	0.48774516295121667	0.6557344265573443	0.7055294470552945	0.9511246865263222	0.9932477971715024
ONEC2.H12CORE.1.PM.A	ONECUT2	Homeo domain factors	HD-CUT	0.4897189418989159	0.5117912342324963	0.6558344165583442	0.27407259274072593	0.9511246865263222	0.630819271014075
HSF5.H12CORE.0.M.C	HSF5	Heat shock factors	HSF	0.4896693434104873	0.4821492834466792	0.65003499650035	0.7889211078892111	0.9474752524747526	1.0
HXB6.H12CORE.0.SM.B	HOXB6	Homeo domain factors	HOX-related	0.48961265942371357	0.4713252655333397	0.661033896610339	0.916008399160084	0.9548267395482674	1.0
RUNX2.H12CORE.0.P.B	RUNX2	Runt domain factors	Runt-related	0.48953471894189915	0.48185097449250597	0.6635336466353364	0.7998200179982001	0.9568108124252509	1.0
OVOL1.H12CORE.0.SM.B	OVOL1	C2H2 zinc finger factors	More than 3 adjacent zinc fingers	0.48947094945677977	0.47855698000650804	0.67003299670033	0.8433156684331566	0.963436724056678	1.0
TAL1.H12CORE.0.P.B	TAL1	Basic helix-loop-helix factors (bHLH)	Tal-related	0.48918516769012627	0.5051024839108139	0.6637336266373363	0.38116188381161886	0.9568108124252509	0.7372876653353432
NFKB1.H12CORE.0.PS.A	NFKB1	Rel homology region (RHR) factors	NFkappaB-related	0.48915446386396016	0.5063670896295295	0.6736326367363263	0.37006299370062995	0.9662543685989253	0.7245602441112742
ZNF2.H12CORE.0.P.B	ZNF2	C2H2 zinc finger factors	More than 3 adjacent zinc fingers	0.4889111950873883	0.4944355128535778	0.6803319668033196	0.5817418258174183	0.9694053299507167	0.8949397171157085
ERR1.H12CORE.0.PSM.A	ESRRA	Nuclear receptors with C4 zinc fingers	Steroid hormone receptors	0.4888781294284379	0.49241453677597824	0.6771322867713229	0.6243375662433757	0.9688154078546556	0.9321235059156624
CDX2.H12CORE.1.M.C	CDX2	Homeo domain factors	HOX-related	0.488729333963155	0.4762519828311932	0.677032296770323	0.8706129387061294	0.9688154078546556	1.0
FOXO6.H12CORE.0.S.B	FOXO6	Fork head/winged helix factors	FOX	0.48870571563533344	0.4861118781355501	0.6786321367863214	0.7350264973502649	0.9694053299507167	1.0
ATF7.H12CORE.0.PSM.A	ATF7	Basic leucine zipper factors (bZIP)	Jun-related	0.4886584789796874	0.4996276594201385	0.6805319468053195	0.48335166483351666	0.9694053299507167	0.8077654040151541
SPI1.H12CORE.1.S.B	SPI1	Tryptophan cluster factors	Ets-related	0.48862068965517486	0.4991655540926403	0.6815318468153184	0.5035496450354965	0.9698722435448762	0.8285315140093745
ZBT20.H12CORE.0.SM.B	ZBTB20	C2H2 zinc finger factors	More than 3 adjacent zinc fingers	0.4885970713273501	0.49522831586495275	0.6733326667333267	0.5784421557844216	0.9662543685989253	0.892873065634613
ZN611.H12CORE.1.P.C	ZNF611	C2H2 zinc finger factors	More than 3 adjacent zinc fingers	0.48856872933396217	0.4923479842868414	0.6833316668333167	0.6363363663633637	0.9705192866540118	0.9422821521528829
USF2.H12CORE.0.PSM.A	USF2	Basic helix-loop-helix factors (bHLH)	bHLH-ZIP	0.48850259801606233	0.479185766259694	0.6703329667033296	0.8354164583541646	0.963436724056678	1.0
NR4A2.H12CORE.0.SM.B	NR4A2	Nuclear receptors with C4 zinc fingers	NGFI (NR4A)	0.4882687765706196	0.48564851637853856	0.6774322567743226	0.7438256174382561	0.9688154078546556	1.0
RUNX1.H12CORE.0.P.B	RUNX1	Runt domain factors	Runt-related	0.4881884742560237	0.48304583022953973	0.692030796920308	0.7896210378962104	0.9726280536503311	1.0
SIX2.H12CORE.2.SM.B	SIX2	Homeo domain factors	HD-SINE	0.4881554085970719	0.4746368318519705	0.6701329867013298	0.8812118788121188	0.963436724056678	1.0
P53.H12CORE.1.S.C	TP53	p53 domain factors	p53-related	0.488096362777515	0.49829112151632865	0.6853314668533147	0.5148485151484852	0.9716356810066795	0.8394648670726148
ELF3.H12CORE.1.PM.A	ELF3	Tryptophan cluster factors	Ets-related	0.48790741615493644	0.4977624150975744	0.6902309769023097	0.5252474752524747	0.9717105362634467	0.8477987771692629
TFE3.H12CORE.0.PSM.A	TFE3	Basic helix-loop-helix factors (bHLH)	bHLH-ZIP	0.4878743504959853	0.4735013704773527	0.6824317568243176	0.9003099690030997	0.9701960838398919	1.0
RFX5.H12CORE.0.P.B	RFX5	Fork head/winged helix factors	RFX	0.487798771846953	0.49476999127733584	0.6898310168983102	0.5893410658934106	0.9717105362634467	0.9027804225946832
FOXO4.H12CORE.0.SM.B	FOXO4	Fork head/winged helix factors	FOX	0.48778460085026026	0.4827124548789954	0.6855314468553144	0.7896210378962104	0.9716356810066795	1.0
VEZF1.H12CORE.1.P.B	VEZF1	C2H2 zinc finger factors	Multiple dispersed zinc fingers	0.4876098252243741	0.4917598182252365	0.6883311668833116	0.6375362463753624	0.9716356810066795	0.9422821521528829
SPIB.H12CORE.1.S.C	SPIB	Tryptophan cluster factors	Ets-related	0.48742087860179695	0.5049924654620442	0.686931306869313	0.37746225377462256	0.9716356810066795	0.7324819937361102
ZN284.H12CORE.0.P.C	ZNF284	C2H2 zinc finger factors	More than 3 adjacent zinc fingers	0.48741379310344973	0.49032581538726316	0.6802319768023197	0.6477352264773523	0.9694053299507167	0.95343082799663
CEBPB.H12CORE.1.SM.B	CEBPB	Basic leucine zipper factors (bZIP)	C/EBP-related	0.4874114312706663	0.5004597040870793	0.6959304069593041	0.47955204479552044	0.9759257310420562	0.807460444153951
ZN485.H12CORE.0.P.C	ZNF485	C2H2 zinc finger factors	More than 3 adjacent zinc fingers	0.48741143127066605	0.4923423765242278	0.6922307769223077	0.6293370662933707	0.9726280536503311	0.9362199862487979
SIX6.H12CORE.0.SM.B	SIX6	Homeo domain factors	HD-SINE	0.48729097779877223	0.47218845684461563	0.6888311168883112	0.9082091790820918	0.9716356810066795	1.0
LBX2.H12CORE.2.M.C	LBX2	Homeo domain factors	NK-related	0.48717760982522507	0.5103822098376715	0.6877312268773123	0.29517048295170484	0.9716356810066795	0.6430827505484745
SOX9.H12CORE.1.PS.A	SOX9	High-mobility group (HMG) domain factors	SOX-related	0.4871162021728875	0.4851081384856584	0.6868313168683132	0.7461253874612539	0.9716356810066795	1.0
PBX3.H12CORE.1.P.B	PBX3	Homeo domain factors	TALE-type HD	0.48694378837978286	0.4837140150284425	0.6977302269773022	0.771922807719228	0.9761645928430414	1.0
ZN467.H12CORE.0.P.C	ZNF467	C2H2 zinc finger factors	Multiple dispersed zinc fingers	0.4868729333963173	0.4839714326926877	0.6952304769523048	0.7629237076292371	0.9758925858386923	1.0
CEBPD.H12CORE.1.SM.B	CEBPD	Basic leucine zipper factors (bZIP)	C/EBP-related	0.48666981577704194	0.4955077434604859	0.6967303269673033	0.5568443155684432	0.9760988949648725	0.8743391965151311
MITF.H12CORE.0.P.B	MITF	Basic helix-loop-helix factors (bHLH)	bHLH-ZIP	0.4865092111478525	0.47134920789398066	0.7082291770822917	0.9196080391960804	0.9890678243587633	1.0
FOXK2.H12CORE.0.P.B	FOXK2	Fork head/winged helix factors	FOX	0.48640292867264967	0.476482385713271	0.7087291270872913	0.8634136586341365	0.9890678243587633	1.0
SMAD5.H12CORE.0.M.C	SMAD5	SMAD/NF-1 DNA-binding domain factors	SMAD	0.48639111950873876	0.4885867274000968	0.6981301869813019	0.686931306869313	0.9761645928430414	0.9794880195774889
ZN770.H12CORE.1.P.B	ZNF770	C2H2 zinc finger factors	Multiple dispersed zinc fingers	0.48608644307983084	0.4983268510612135	0.7139286071392861	0.5258474152584741	0.9945398317311126	0.8478187935396404
ZN223.H12CORE.0.P.C	ZNF223	C2H2 zinc finger factors	More than 3 adjacent zinc fingers	0.48600614076523574	0.5128036913195152	0.7165283471652835	0.26607339266073393	0.9955565559902142	0.621268455678704
CLOCK.H12CORE.1.PS.A	CLOCK	Basic helix-loop-helix factors (bHLH)	PAS	0.48598016060463034	0.4917376952220417	0.7183281671832816	0.6380361963803619	0.9966803319668033	0.9422821521528829
ZN527.H12CORE.0.P.C	ZNF527	C2H2 zinc finger factors	More than 3 adjacent zinc fingers	0.48575106282475217	0.48935602334741873	0.7147285271472853	0.6801319868013199	0.9945547393187393	0.9746081995574027
ZN430.H12CORE.0.P.C	ZNF430	C2H2 zinc finger factors	More than 3 adjacent zinc fingers	0.4856613131790285	0.48269350999730326	0.7231276872312768	0.7971202879712029	1.0	1.0
ZNF10.H12CORE.0.P.C	ZNF10	C2H2 zinc finger factors	More than 3 adjacent zinc fingers	0.4856542276806809	0.49376335378334457	0.7168283171682832	0.595940405959404	0.9955565559902142	0.9090296044391332
CEBPE.H12CORE.1.SM.B	CEBPE	Basic leucine zipper factors (bZIP)	C/EBP-related	0.48554322153991514	0.5133929679607615	0.714028597140286	0.25047495250474955	0.9945398317311126	0.6054193575617314
KLF17.H12CORE.0.M.C	KLF17	C2H2 zinc finger factors	Three-zinc finger Kruppel-related	0.4855219650448757	0.5203896586006364	0.7231276872312768	0.17168283171682833	1.0	0.5115041774511073
SOX18.H12CORE.0.SM.B	SOX18	High-mobility group (HMG) domain factors	SOX-related	0.48537553141237716	0.48605533894930336	0.7246275372462754	0.7426257374262574	1.0	1.0
PO3F1.H12CORE.3.M.C	POU3F1	Homeo domain factors	POU	0.48521492678318606	0.4809728619313185	0.7270272972702729	0.8169183081691831	1.0	1.0
ZN274.H12CORE.0.SM.B	ZNF274	C2H2 zinc finger factors	More than 3 adjacent zinc fingers	0.48512753897024197	0.4910854951300754	0.7223277672232776	0.6563343665633437	1.0	0.9585936143227782
ZKSC1.H12CORE.0.P.B	ZKSCAN1	C2H2 zinc finger factors	More than 3 adjacent zinc fingers	0.4850732168162493	0.49290660164202865	0.7247275272472753	0.6143385661433857	1.0	0.9305132445832018
MYBB.H12CORE.1.S.B	MYBL2	Tryptophan cluster factors	Myb/SANT domain	0.48505904581955656	0.47454665097738064	0.7263273672632736	0.8894110588941105	1.0	1.0
NKX31.H12CORE.0.PSM.A	NKX3-1	Homeo domain factors	NK-related	0.4850141709966935	0.494505831963383	0.7275272472752725	0.5847415258474152	1.0	0.8985964023405967
P5F1B.H12CORE.0.S.B	POU5F1B	Homeo domain factors	POU	0.4848630136986309	0.4787050598429327	0.7331266873312668	0.8384161583841616	1.0	1.0
ZN480.H12CORE.1.P.C	ZNF480	C2H2 zinc finger factors	More than 3 adjacent zinc fingers	0.48479452054794564	0.49855506275037437	0.7294270572942706	0.5047495250474953	1.0	0.8295598686145053
RXRB.H12CORE.2.PS.A	RXRB	Nuclear receptors with C4 zinc fingers	RXR-related receptors	0.4847472838923002	0.48466383010456593	0.7322267773222678	0.7602239776022398	1.0	1.0
SOX12.H12CORE.0.SM.B	SOX12	High-mobility group (HMG) domain factors	SOX-related	0.4846433632498822	0.4797108776317541	0.7322267773222678	0.8309169083091691	1.0	1.0
ONEC3.H12CORE.2.M.C	ONECUT3	Homeo domain factors	HD-CUT	0.4843127066603695	0.5044024758530418	0.7406259374062594	0.41185881411858816	1.0	0.7533898508883289
SOX10.H12CORE.1.PSM.A	SOX10	High-mobility group (HMG) domain factors	SOX-related	0.4842583845063772	0.48435752990263026	0.7365263473652635	0.7591240875912408	1.0	1.0
PO5F1.H12CORE.2.SM.B	POU5F1	Homeo domain factors	POU	0.4842560226735958	0.4774542645576707	0.7363263673632636	0.8597140285971403	1.0	1.0
ZNF76.H12CORE.1.SM.B	ZNF76	C2H2 zinc finger factors	More than 3 adjacent zinc fingers	0.48422768068020816	0.4730987443766884	0.7436256374362564	0.9046095390460954	1.0	1.0
VDR.H12CORE.0.PS.A	VDR	Nuclear receptors with C4 zinc fingers	Thyroid hormone receptor-related	0.484107227208315	0.4798560327633937	0.7389261073892611	0.8271172882711729	1.0	1.0
CTCF.H12CORE.0.P.B	CTCF	C2H2 zinc finger factors	More than 3 adjacent zinc fingers	0.48388993859234886	0.5075262754972899	0.7355264473552645	0.35136486351364865	1.0	0.6978102739932334
PROX1.H12CORE.0.SM.B	PROX1	Homeo domain factors	HD-PROS	0.48388049126122057	0.4810541683105401	0.7424257574242575	0.8131186881311869	1.0	1.0
SOX4.H12CORE.0.PSM.A	SOX4	High-mobility group (HMG) domain factors	SOX-related	0.4838497874350506	0.4867758193083405	0.7356264373562644	0.7205279472052795	1.0	1.0
MSGN1.H12CORE.0.PSM.A	MSGN1	Basic helix-loop-helix factors (bHLH)	Tal-related	0.4838474256022686	0.47305364220459517	0.7494250574942506	0.9041095890410958	1.0	1.0
ZN174.H12CORE.0.M.C	ZNF174	C2H2 zinc finger factors	Other with up to three adjacent zinc fingers	0.48381435994331734	0.4939273228739164	0.7395260473952605	0.5934406559344065	1.0	0.9080066596514951
NKX25.H12CORE.0.PSM.A	NKX2-5	Homeo domain factors	NK-related	0.48373405762872107	0.49054892878219414	0.7422257774222578	0.6578342165783422	1.0	0.9597176645971767
CTCFL.H12CORE.0.P.B	CTCFL	C2H2 zinc finger factors	More than 3 adjacent zinc fingers	0.48342465753424635	0.5021375453343987	0.7466253374662534	0.44625537446255376	1.0	0.7843440990858284
ZN711.H12CORE.0.P.C	ZNF711	C2H2 zinc finger factors	Multiple dispersed zinc fingers	0.48324988190836093	0.49013368595246476	0.7532246775322468	0.6713328667133287	1.0	0.9706746760193721
P73.H12CORE.0.PS.A	TP73	p53 domain factors	p53-related	0.4829026924893732	0.48005303104246755	0.7482251774822518	0.8247175282471753	1.0	1.0
LHX1.H12CORE.1.M.C	LHX1	Homeo domain factors	HD-LIM	0.48286017949929083	0.4888655077017341	0.7534246575342466	0.6907309269073093	1.0	0.9810282751252434
THB.H12CORE.3.S.C	THRB	Nuclear receptors with C4 zinc fingers	Thyroid hormone receptor-related	0.4827727916863486	0.4756236352619484	0.7508249175082492	0.8712128787121288	1.0	1.0
SOX10.H12CORE.0.PSM.A	SOX10	High-mobility group (HMG) domain factors	SOX-related	0.48273972602739806	0.47893178042779583	0.7475252474752525	0.8336166383361664	1.0	1.0
ZN282.H12CORE.0.P.B	ZNF282	C2H2 zinc finger factors	More than 3 adjacent zinc fingers	0.482642890883327	0.48415294001497594	0.7657234276572342	0.7844215578442156	1.0	1.0
NKX28.H12CORE.0.SM.B	NKX2-8	Homeo domain factors	NK-related	0.4824940954180442	0.48850301072289637	0.7563243675632437	0.698030196980302	1.0	0.9855749258733618
ZN165.H12CORE.0.P.C	ZNF165	C2H2 zinc finger factors	More than 3 adjacent zinc fingers	0.4824563060935298	0.5073601057446352	0.7692230776922308	0.35666433356664334	1.0	0.7059898948376767
ZN671.H12CORE.0.P.C	ZNF671	C2H2 zinc finger factors	Multiple dispersed zinc fingers	0.4823665564478043	0.4863877029765422	0.7656234376562344	0.7355264473552645	1.0	1.0
NKX23.H12CORE.0.SM.B	NKX2-3	Homeo domain factors	NK-related	0.48216580066131515	0.4980794661933396	0.7576242375762424	0.5143485651434857	1.0	0.8394648670726148
THB.H12CORE.0.P.B	THRB	Nuclear receptors with C4 zinc fingers	Thyroid hormone receptor-related	0.48211147850732294	0.5113764690000817	0.7632236776322368	0.2862713728627137	1.0	0.6334865747728443
ZN587.H12CORE.0.P.C	ZNF587	C2H2 zinc finger factors	Multiple dispersed zinc fingers	0.48207605101558826	0.48499782898715865	0.7616238376162384	0.7592240775922408	1.0	1.0
THA.H12CORE.0.P.B	THRA	Nuclear receptors with C4 zinc fingers	Thyroid hormone receptor-related	0.48205715635333085	0.5093432372011824	0.7621237876212379	0.31996800319968005	1.0	0.6662537209482515
GLI3.H12CORE.0.PS.A	GLI3	C2H2 zinc finger factors	More than 3 adjacent zinc fingers	0.48191544638639655	0.46789833538188597	0.7602239776022398	0.9388061193880612	1.0	1.0
NR1I2.H12CORE.0.M.C	NR1I2	Nuclear receptors with C4 zinc fingers	Thyroid hormone receptor-related	0.48190599905526893	0.47142561114778075	0.7674232576742326	0.9143085691430857	1.0	1.0
ZN431.H12CORE.0.P.C	ZNF431	C2H2 zinc finger factors	More than 3 adjacent zinc fingers	0.4818280585734533	0.49289429510315586	0.76992300769923	0.6152384761523848	1.0	0.930596562985211
CREM.H12CORE.1.P.C	CREM	Basic leucine zipper factors (bZIP)	CREB-related	0.48144780349551347	0.4660150006499128	0.7671232876712328	0.9502049795020497	1.0	1.0
ZN425.H12CORE.0.P.C	ZNF425	C2H2 zinc finger factors	More than 3 adjacent zinc fingers	0.48143363249881993	0.5045709526255947	0.774022597740226	0.43615638436156384	1.0	0.7756237923005729
ZN816.H12CORE.1.P.C	ZNF816	C2H2 zinc finger factors	More than 3 adjacent zinc fingers	0.4814289088332537	0.4955763722772936	0.766023397660234	0.5686431356864313	1.0	0.8848169004412799
NKX32.H12CORE.0.PSM.A	NKX3-2	Homeo domain factors	NK-related	0.4814170996693439	0.4925860255849393	0.772022797720228	0.6203379662033797	1.0	0.9321235059156624
SOX10.H12CORE.2.S.C	SOX10	High-mobility group (HMG) domain factors	SOX-related	0.48136277751535256	0.4758763332134535	0.7703229677032297	0.8719128087191281	1.0	1.0
NFAC1.H12CORE.2.SM.B	NFATC1	Rel homology region (RHR) factors	NFAT-related	0.4811006140765243	0.4752152420784336	0.7707229277072293	0.8765123487651235	1.0	1.0
SOX2.H12CORE.0.P.B	SOX2	High-mobility group (HMG) domain factors	SOX-related	0.4810108644307983	0.4986571366397509	0.7728227177282272	0.5105489451054894	1.0	0.8362339702465622
ZN816.H12CORE.0.P.B	ZNF816	C2H2 zinc finger factors	More than 3 adjacent zinc fingers	0.48100614076523335	0.4970796240354202	0.783921607839216	0.5424457554244576	1.0	0.8620586179267536
FOS.H12CORE.1.S.C	FOS	Basic leucine zipper factors (bZIP)	Fos-related	0.48087623996221185	0.49230994903452474	0.7837216278372163	0.6368363163683631	1.0	0.9422821521528829
ERR2.H12CORE.0.PSM.A	ESRRB	Nuclear receptors with C4 zinc fingers	Steroid hormone receptors	0.4807864903164873	0.4872155094134281	0.7778222177782221	0.7175282471752825	1.0	1.0
NDF1.H12CORE.1.S.C	NEUROD1	Basic helix-loop-helix factors (bHLH)	Tal-related	0.4805384978743528	0.4922162905483769	0.7805219478052194	0.6259374062593741	1.0	0.9321235059156624
E2F3.H12CORE.0.P.B	E2F3	Fork head/winged helix factors	E2F	0.4804062352385452	0.47666979427171163	0.7827217278272173	0.8692130786921308	1.0	1.0
UBIP1.H12CORE.0.SM.B	UBP1	Grainyhead domain factors	CP2-related	0.4803259329239496	0.4705409762474844	0.783021697830217	0.9202079792020798	1.0	1.0
FOXJ3.H12CORE.0.SM.B	FOXJ3	Fork head/winged helix factors	FOX	0.48029050543221624	0.4781305683529558	0.791020897910209	0.8509149085091491	1.0	1.0
ZN132.H12CORE.0.P.C	ZNF132	C2H2 zinc finger factors	Multiple dispersed zinc fingers	0.4802456306093544	0.4849324385015026	0.7911208879112088	0.7617238276172382	1.0	1.0
CEBPG.H12CORE.1.SM.B	CEBPG	Basic leucine zipper factors (bZIP)	C/EBP-related	0.4800944733112908	0.49736390297626015	0.7915208479152085	0.5324467553244675	1.0	0.8546392301815423
MYBA.H12CORE.2.S.B	MYBL1	Tryptophan cluster factors	Myb/SANT domain	0.4798630136986319	0.4792397680100205	0.789021097890211	0.8334166583341666	1.0	1.0
FOXO3.H12CORE.0.PS.A	FOXO3	Fork head/winged helix factors	FOX	0.4798559282002846	0.47766269001412076	0.785921407859214	0.8606139386061394	1.0	1.0
SOX7.H12CORE.0.PS.A	SOX7	High-mobility group (HMG) domain factors	SOX-related	0.4797189418989148	0.4763766536982453	0.7907209279072093	0.8754124587541245	1.0	1.0
CUX2.H12CORE.2.S.C	CUX2	Homeo domain factors	HD-CUT	0.479426074633917	0.5075991786861527	0.7994200579942006	0.35156484351564843	1.0	0.6978102739932334
RARG.H12CORE.3.S.B	RARG	Nuclear receptors with C4 zinc fingers	Thyroid hormone receptor-related	0.478993859234767	0.48730423102697124	0.8028197180281972	0.7127287271272873	1.0	0.9976836457964292
P63.H12CORE.1.PS.A	TP63	p53 domain factors	p53-related	0.47880491261218827	0.4797798070124532	0.8017198280171983	0.8229177082291771	1.0	1.0
SIX1.H12CORE.1.SM.B	SIX1	Homeo domain factors	HD-SINE	0.4786773736419464	0.4698181659838521	0.802019798020198	0.9278072192780722	1.0	1.0
SIX3.H12CORE.0.SM.B	SIX3	Homeo domain factors	HD-SINE	0.47855455833727045	0.46588042809533947	0.8058194180581941	0.9539046095390461	1.0	1.0
DPF1.H12CORE.0.SM.B	DPF1	Uncharacterized	Unannotated	0.4781105337742099	0.49650248620210546	0.8078192180781922	0.5516448355164484	1.0	0.8690212856443614
SOX8.H12CORE.1.PS.A	SOX8	High-mobility group (HMG) domain factors	SOX-related	0.4780066131317907	0.47771378806041803	0.8113188681131887	0.8536146385361464	1.0	1.0
TFCP2.H12CORE.2.S.C	TFCP2	Grainyhead domain factors	CP2-related	0.4777208313651389	0.4930057959932137	0.815918408159184	0.6194380561943805	1.0	0.9321235059156624
ATF4.H12CORE.2.SM.B	ATF4	Basic leucine zipper factors (bZIP)	ATF4-related	0.4776287198866338	0.4966662578426249	0.8191180881911809	0.5446455354464553	1.0	0.8639693173539789
MAX.H12CORE.1.M.C	MAX	Basic helix-loop-helix factors (bHLH)	bHLH-ZIP	0.47759565422768074	0.5086411359175717	0.8146185381461853	0.3397660233976602	1.0	0.6853564643535648
P73.H12CORE.1.P.B	TP73	p53 domain factors	p53-related	0.47737600377893213	0.4825426759592923	0.8183181681831817	0.7855214478552145	1.0	1.0
SOX17.H12CORE.0.PS.A	SOX17	High-mobility group (HMG) domain factors	SOX-related	0.4773240434577237	0.49326095318218016	0.8152184781521847	0.6060393960603939	1.0	0.9215119583932018
HXD12.H12CORE.0.SM.B	HOXD12	Homeo domain factors	HOX-related	0.4771917808219186	0.4834084838141817	0.8187181281871813	0.7764223577642235	1.0	1.0
ZN444.H12CORE.0.S.C	ZNF444	C2H2 zinc finger factors	More than 3 adjacent zinc fingers	0.477175247992442	0.47572272735412224	0.8216178382161784	0.8728127187281272	1.0	1.0
RFX2.H12CORE.1.PSM.A	RFX2	Fork head/winged helix factors	RFX	0.4768233349078897	0.4748940698482144	0.8202179782021798	0.8826117388261174	1.0	1.0
ZN580.H12CORE.0.SM.B	ZNF580	C2H2 zinc finger factors	Other with up to three adjacent zinc fingers	0.4768162494095419	0.4660947860977357	0.81991800819918	0.9493050694930507	1.0	1.0
AP2E.H12CORE.0.SM.B	TFAP2E	Basic helix-span-helix factors (bHSH)	AP-2	0.47653282947567405	0.511812434936716	0.8302169783021698	0.285971402859714	1.0	0.6334865747728443
ZBTB6.H12CORE.0.P.B	ZBTB6	C2H2 zinc finger factors	More than 3 adjacent zinc fingers	0.4763982050070866	0.47056113112244646	0.8332166783321668	0.9282071792820717	1.0	1.0
SOX3.H12CORE.0.PM.A	SOX3	High-mobility group (HMG) domain factors	SOX-related	0.4761761927255554	0.4767247995356796	0.8328167183281672	0.8685131486851315	1.0	1.0
PO2F2.H12CORE.1.M.C	POU2F2	Homeo domain factors	POU	0.4760911667453945	0.4810238265868049	0.8287171282871713	0.8129187081291871	1.0	1.0
RUNX3.H12CORE.1.S.B	RUNX3	Runt domain factors	Runt-related	0.476076995748701	0.4886518795824652	0.8323167683231677	0.6957304269573042	1.0	0.9842539275484217
SUH.H12CORE.0.P.B	RBPJ	Rel homology region (RHR) factors	CSL-related	0.47597543693906574	0.4723715033227252	0.8397160283971603	0.9085091490850915	1.0	1.0
IRX3.H12CORE.0.M.C	IRX3	Homeo domain factors	TALE-type HD	0.47581719414265505	0.4775896190819153	0.8356164383561644	0.8601139886011399	1.0	1.0
SIX2.H12CORE.1.M.C	SIX2	Homeo domain factors	HD-SINE	0.47575814832309843	0.47145286899060246	0.8327167283271673	0.9148085191480851	1.0	1.0
TF2L1.H12CORE.0.PSM.A	TFCP2L1	Grainyhead domain factors	CP2-related	0.4753282947567322	0.4680553240818733	0.8423157684231577	0.9399060093990601	1.0	1.0
FLI1.H12CORE.1.P.B	FLI1	Tryptophan cluster factors	Ets-related	0.4753094000944733	0.4968998003720518	0.8361163883611639	0.5506449355064493	1.0	0.8683941441921381
HINFP.H12CORE.0.P.B	HINFP	C2H2 zinc finger factors	Multiple dispersed zinc fingers	0.4752668871043938	0.48945662597533346	0.8374162583741626	0.6754324567543246	1.0	0.9731356205696795
HSFY1.H12CORE.2.M.B	HSFY1	Heat shock factors	HSF	0.4751913084553614	0.49234724890409837	0.841015898410159	0.6258374162583742	1.0	0.9321235059156624
ZN177.H12CORE.0.SM.B	ZNF177	C2H2 zinc finger factors	More than 3 adjacent zinc fingers	0.47512281530467754	0.4951452525550361	0.8325167483251675	0.5738426157384262	1.0	0.8884709168568122
ZBT7B.H12CORE.0.SM.B	ZBTB7B	C2H2 zinc finger factors	More than 3 adjacent zinc fingers	0.4750684931506852	0.4902751268827417	0.84001599840016	0.6628337166283371	1.0	0.9641825132002928
E2F4.H12CORE.0.P.B	E2F4	Fork head/winged helix factors	E2F	0.4748771846953234	0.48806756579652394	0.8455154484551545	0.7102289771022897	1.0	0.9966781747481229
TFEC.H12CORE.1.SM.B	TFEC	Basic helix-loop-helix factors (bHLH)	bHLH-ZIP	0.47458195559754407	0.47012294136773786	0.836016398360164	0.9209079092090791	1.0	1.0
BMAL1.H12CORE.0.PSM.A	ARNTL	Basic helix-loop-helix factors (bHLH)	PAS	0.47445677846008566	0.4755441912372634	0.8455154484551545	0.937006299370063	1.0	1.0
SIX4.H12CORE.1.M.C	SIX4	Homeo domain factors	HD-SINE	0.47427019367028905	0.4718308690014995	0.8454154584541546	0.9094090590940906	1.0	1.0
BHE23.H12CORE.0.SM.B	BHLHE23	Basic helix-loop-helix factors (bHLH)	Tal-related	0.47411667453944273	0.4878708514890232	0.8454154584541546	0.7036296370362963	1.0	0.9915405920345465
NR2F6.H12CORE.1.PSM.A	NR2F6	Nuclear receptors with C4 zinc fingers	RXR-related receptors	0.47409541804440347	0.48624370371098447	0.851014898510149	0.7375262473752625	1.0	1.0
NFKB2.H12CORE.0.PSM.A	NFKB2	Rel homology region (RHR) factors	NFkappaB-related	0.47396315540859735	0.48410492465256855	0.8507149285071492	0.7654234576542346	1.0	1.0
ZN611.H12CORE.0.P.C	ZNF611	C2H2 zinc finger factors	More than 3 adjacent zinc fingers	0.4738734057628716	0.4965938018249801	0.8451154884511549	0.5458454154584541	1.0	0.8646047579654766
NFAC3.H12CORE.0.SM.B	NFATC3	Rel homology region (RHR) factors	NFAT-related	0.47334671705243414	0.46826837708184277	0.8560143985601439	0.9367063293670633	1.0	1.0
ZN784.H12CORE.0.SM.B	ZNF784	C2H2 zinc finger factors	Multiple dispersed zinc fingers	0.47332073689182935	0.47905955310624687	0.8599140085991401	0.8432156784321568	1.0	1.0
NFAC4.H12CORE.1.SM.B	NFATC4	Rel homology region (RHR) factors	NFAT-related	0.47327350023618414	0.47014088008781474	0.8594140585941406	0.9256074392560744	1.0	1.0
P53.H12CORE.0.P.B	TP53	p53 domain factors	p53-related	0.47327350023618364	0.47212425766311233	0.8569143085691431	0.9106089391060894	1.0	1.0
KLF4.H12CORE.0.PSM.A	KLF4	C2H2 zinc finger factors	Three-zinc finger Kruppel-related	0.47320264525271655	0.4792394094730388	0.8547145285471452	0.8225177482251775	1.0	1.0
KLF5.H12CORE.0.PM.A	KLF5	C2H2 zinc finger factors	Three-zinc finger Kruppel-related	0.4730585734530005	0.48124974557196637	0.8672132786721328	0.8141185881411859	1.0	1.0
ZN141.H12CORE.0.P.C	ZNF141	C2H2 zinc finger factors	More than 3 adjacent zinc fingers	0.47243741143127255	0.47864276452858656	0.861013898610139	0.8367163283671633	1.0	1.0
ZN573.H12CORE.0.P.C	ZNF573	C2H2 zinc finger factors	More than 3 adjacent zinc fingers	0.4724043457723202	0.4868108617736992	0.8629137086291371	0.7255274472552745	1.0	1.0
ATF4.H12CORE.1.S.B	ATF4	Basic leucine zipper factors (bZIP)	ATF4-related	0.4723760037789359	0.4576904679825106	0.8569143085691431	0.981001899810019	1.0	1.0
ZN148.H12CORE.0.P.B	ZNF148	C2H2 zinc finger factors	More than 3 adjacent zinc fingers	0.4723027869626828	0.4554363249233682	0.8625137486251375	0.9877012298770123	1.0	1.0
CREB5.H12CORE.1.SM.B	CREB5	Basic leucine zipper factors (bZIP)	Jun-related	0.4722531884742565	0.49582272347443784	0.8706129387061294	0.5654434556544345	1.0	0.8811392078934654
ZN580.H12CORE.1.SM.B	ZNF580	C2H2 zinc finger factors	Other with up to three adjacent zinc fingers	0.47212564950401487	0.46799845302780707	0.8677132286771323	0.9387061293870613	1.0	1.0
ZN682.H12CORE.0.P.B	ZNF682	C2H2 zinc finger factors	More than 3 adjacent zinc fingers	0.4720736891828064	0.48710888447394934	0.8692130786921308	0.7208279172082792	1.0	1.0
ZN479.H12CORE.0.P.C	ZNF479	C2H2 zinc finger factors	More than 3 adjacent zinc fingers	0.472047709022201	0.47482737831934035	0.8699130086991301	0.8855114488551145	1.0	1.0
LHX6.H12CORE.2.M.C	LHX6	Homeo domain factors	HD-LIM	0.47188946622579053	0.4758384516328245	0.8664133586641336	0.8745125487451255	1.0	1.0
HXC9.H12CORE.2.M.C	HOXC9	Homeo domain factors	HOX-related	0.4715847897968835	0.48608566337169445	0.8719128087191281	0.7371262873712628	1.0	1.0
NPAS2.H12CORE.1.M.C	NPAS2	Basic helix-loop-helix factors (bHLH)	PAS	0.4715162966461983	0.4738943896651395	0.8729127087291271	0.8954104589541045	1.0	1.0
LHX8.H12CORE.1.M.C	LHX8	Homeo domain factors	HD-LIM	0.4712942843646671	0.48133912471837065	0.8743125687431257	0.8117188281171883	1.0	1.0
FOS.H12CORE.2.S.C	FOS	Basic leucine zipper factors (bZIP)	Fos-related	0.47095418044402604	0.4771364749299548	0.8762123787621238	0.8620137986201379	1.0	1.0
AHRR.H12CORE.0.P.C	AHRR	Basic helix-loop-helix factors (bHLH)	PAS	0.470743977326407	0.46656321635869386	0.8816118388161184	0.949005099490051	1.0	1.0
SRBP1.H12CORE.1.S.C	SREBF1	Basic helix-loop-helix factors (bHLH)	bHLH-ZIP	0.47073216816249525	0.46766117815347946	0.8743125687431257	0.9366063393660634	1.0	1.0
ATF3.H12CORE.3.SM.B	ATF3	Basic leucine zipper factors (bZIP)	Fos-related	0.4707109116674529	0.48963823649952815	0.8818118188181182	0.6777322267773223	1.0	0.9745024501533911
BHE41.H12CORE.0.PSM.A	BHLHE41	Basic helix-loop-helix factors (bHLH)	Hairy-related	0.47025035427491774	0.47117057131017376	0.886011398860114	0.9191080891910809	1.0	1.0
ZN669.H12CORE.1.P.C	ZNF669	C2H2 zinc finger factors	More than 3 adjacent zinc fingers	0.4701346244685871	0.4812611081234948	0.885011498850115	0.816018398160184	1.0	1.0
ZN283.H12CORE.0.P.C	ZNF283	C2H2 zinc finger factors	More than 3 adjacent zinc fingers	0.46985829003306584	0.4721105356512074	0.8847115288471152	0.9108089191080891	1.0	1.0
SOX6.H12CORE.0.P.B	SOX6	High-mobility group (HMG) domain factors	SOX-related	0.4697590930562121	0.4868385400870196	0.8904109589041096	0.72002799720028	1.0	1.0
ZN534.H12CORE.1.P.C	ZNF534	C2H2 zinc finger factors	More than 3 adjacent zinc fingers	0.4696646197449222	0.4741300243200531	0.8874112588741125	0.89001099890011	1.0	1.0
NFAC2.H12CORE.2.S.C	NFATC2	Rel homology region (RHR) factors	NFAT-related	0.4691119508738802	0.46817236417791647	0.8888111188881112	0.9368063193680632	1.0	1.0
P63.H12CORE.0.PS.A	TP63	p53 domain factors	p53-related	0.46911195087387925	0.4715395839494281	0.8902109789021098	0.9155084491550844	1.0	1.0
SOX13.H12CORE.0.P.B	SOX13	High-mobility group (HMG) domain factors	SOX-related	0.4690765233821445	0.4830131153640945	0.887011298870113	0.7798220177982201	1.0	1.0
YBOX1.H12CORE.0.SM.B	YBX1	Cold-shock domain factors	Dbp	0.46903873405763	0.48458421563017867	0.8871112888711129	0.7576242375762424	1.0	1.0
ZBT17.H12CORE.0.P.B	ZBTB17	C2H2 zinc finger factors	Multiple dispersed zinc fingers	0.46875295229097863	0.4626825016345356	0.8931106889311069	0.9655034496550345	1.0	1.0
HXB9.H12CORE.1.M.C	HOXB9	Homeo domain factors	HOX-related	0.46839159187529533	0.48104210739815334	0.8935106489351065	0.8088191180881912	1.0	1.0
OSR2.H12CORE.0.PSM.A	OSR2	C2H2 zinc finger factors	More than 3 adjacent zinc fingers	0.46834199338686855	0.4760838185024512	0.9000099990001	0.8729127087291271	1.0	1.0
MAZ.H12CORE.0.P.B	MAZ	C2H2 zinc finger factors	Multiple dispersed zinc fingers	0.46832073689182896	0.47604185809680877	0.8933106689331067	0.8688131186881312	1.0	1.0
HXA10.H12CORE.1.M.B	HOXA10	Homeo domain factors	HOX-related	0.4682640529050559	0.4787214369836527	0.8998100189981002	0.8468153184681532	1.0	1.0
NFAC2.H12CORE.4.M.B	NFATC2	Rel homology region (RHR) factors	NFAT-related	0.46820028341993475	0.4608780314512598	0.9002099790020998	0.9753024697530247	1.0	1.0
PKNX1.H12CORE.0.P.B	PKNOX1	Homeo domain factors	TALE-type HD	0.46809636277751837	0.47695678537619673	0.897010298970103	0.8637136286371363	1.0	1.0
ZN337.H12CORE.0.P.C	ZNF337	C2H2 zinc finger factors	More than 3 adjacent zinc fingers	0.4679782711384033	0.47186922434116174	0.9019098090190981	0.9128087191280871	1.0	1.0
HEY2.H12CORE.0.S.B	HEY2	Basic helix-loop-helix factors (bHLH)	Hairy-related	0.4678034955125188	0.47700876827497307	0.8998100189981002	0.8628137186281372	1.0	1.0
ETV2.H12CORE.1.PM.A	ETV2	Tryptophan cluster factors	Ets-related	0.4676098252243749	0.48623694339631307	0.8992100789921008	0.7296270372962703	1.0	1.0
NFYB.H12CORE.0.P.B	NFYB	Heteromeric CCAAT-binding factors	Heteromeric CCAAT-binding	0.4675932923948985	0.4665537986744324	0.9023097690230977	0.9495050494950505	1.0	1.0
RORB.H12CORE.0.SM.B	RORB	Nuclear receptors with C4 zinc fingers	Thyroid hormone receptor-related	0.46734057628719994	0.48299508254930357	0.9018098190180982	0.7836216378362164	1.0	1.0
ZN740.H12CORE.0.P.C	ZNF740	C2H2 zinc finger factors	Other with up to three adjacent zinc fingers	0.46727444496929627	0.48069665026614083	0.9038096190380962	0.8117188281171883	1.0	1.0
ETV6.H12CORE.1.P.B	ETV6	Tryptophan cluster factors	Ets-related	0.46722957014643396	0.4823118964004955	0.9009099090090991	0.796020397960204	1.0	1.0
ZBED5.H12CORE.0.P.C	ZBED5	C2H2 zinc finger factors	BED zinc finger	0.4667194142654715	0.4598925343780745	0.9055094490550945	0.9771022897710229	1.0	1.0
ZN778.H12CORE.0.P.C	ZNF778	C2H2 zinc finger factors	Multiple dispersed zinc fingers	0.4662564950401499	0.4819446772462692	0.9094090590940906	0.8011198880111989	1.0	1.0
WT1.H12CORE.1.P.B	WT1	C2H2 zinc finger factors	More than 3 adjacent zinc fingers	0.4660628247520084	0.4718273617783869	0.9143085691430857	0.9153084691530847	1.0	1.0
ATF2.H12CORE.0.PSM.A	ATF2	Basic leucine zipper factors (bZIP)	Jun-related	0.46598724610297576	0.48748982599327906	0.9129087091290871	0.7077292270772922	1.0	0.9944043570326511
HXC11.H12CORE.0.SM.B	HOXC11	Homeo domain factors	HOX-related	0.46596362777515465	0.47180451727225703	0.9144085591440856	0.9144085591440856	1.0	1.0
SOX30.H12CORE.1.SM.B	SOX30	High-mobility group (HMG) domain factors	SOX-related	0.4659352857817668	0.47438199367404205	0.9137086291370863	0.8886111388861114	1.0	1.0
NR1H4.H12CORE.2.P.B	NR1H4	Nuclear receptors with C4 zinc fingers	Thyroid hormone receptor-related	0.4658762399622112	0.47114717277950985	0.9098090190980902	0.925007499250075	1.0	1.0
RUNX3.H12CORE.2.S.B	RUNX3	Runt domain factors	Runt-related	0.46579357581483305	0.4707527879435753	0.9165083491650835	0.9215078492150784	1.0	1.0
MLXPL.H12CORE.0.S.B	MLXIPL	Basic helix-loop-helix factors (bHLH)	bHLH-ZIP	0.4655550307038264	0.4671145398197843	0.9123087691230877	0.9445055494450555	1.0	1.0
ZN276.H12CORE.0.SM.B	ZNF276	C2H2 zinc finger factors	More than 3 adjacent zinc fingers	0.46516060462919256	0.4667072360019705	0.9176082391760824	0.9468053194680532	1.0	1.0
XBP1.H12CORE.1.M.B	XBP1	Basic leucine zipper factors (bZIP)	XBP1-related	0.46505432215399223	0.4696862813302918	0.92010798920108	0.9292070792920708	1.0	1.0
RUNX2.H12CORE.1.S.B	RUNX2	Runt domain factors	Runt-related	0.4649645725082673	0.4699231191372174	0.9169083091690831	0.9276072392760724	1.0	1.0
ETV7.H12CORE.0.SM.B	ETV7	Tryptophan cluster factors	Ets-related	0.464931506849317	0.46085391163540357	0.9232076792320768	0.9748025197480252	1.0	1.0
ARNT2.H12CORE.0.P.B	ARNT2	Basic helix-loop-helix factors (bHLH)	PAS	0.46492678318375125	0.47359461444875584	0.9187081291870813	0.8993100689931007	1.0	1.0
ELF5.H12CORE.0.PSM.A	ELF5	Tryptophan cluster factors	Ets-related	0.4645630609352868	0.47147091423837395	0.9229077092290771	0.9123087691230877	1.0	1.0
ATF3.H12CORE.1.P.B	ATF3	Basic leucine zipper factors (bZIP)	Fos-related	0.4644567784600859	0.45971072895877846	0.9214078592140786	0.9752024797520248	1.0	1.0
SOX11.H12CORE.0.P.B	SOX11	High-mobility group (HMG) domain factors	SOX-related	0.4642607463391601	0.4845787658549122	0.9209079092090791	0.7565243475652434	1.0	1.0
ZN333.H12CORE.0.P.C	ZNF333	C2H2 zinc finger factors	More than 3 adjacent zinc fingers	0.4640340103920644	0.47366695993606306	0.9185081491850815	0.8939106089391061	1.0	1.0
GLIS3.H12CORE.1.S.C	GLIS3	C2H2 zinc finger factors	More than 3 adjacent zinc fingers	0.46392536608408136	0.4706736104531758	0.9268073192680731	0.9257074292570743	1.0	1.0
BHE40.H12CORE.1.S.C	BHLHE40	Basic helix-loop-helix factors (bHLH)	Hairy-related	0.4633230987246115	0.46947076268140053	0.927007299270073	0.9272072792720728	1.0	1.0
SRBP2.H12CORE.0.S.B	SREBF2	Basic helix-loop-helix factors (bHLH)	bHLH-ZIP	0.4632427964100155	0.4685007747571941	0.9279072092790721	0.934006599340066	1.0	1.0
PBX3.H12CORE.0.P.B	PBX3	Homeo domain factors	TALE-type HD	0.46322390174775807	0.4814274681564194	0.9232076792320768	0.8008199180081992	1.0	1.0
IRX5.H12CORE.0.M.C	IRX5	Homeo domain factors	TALE-type HD	0.46320736891828096	0.4737440494081732	0.931006899310069	0.8992100789921008	1.0	1.0
ZN341.H12CORE.1.P.B	ZNF341	C2H2 zinc finger factors	Multiple dispersed zinc fingers	0.4631837505904594	0.4780046457507905	0.9312068793120688	0.8483151684831517	1.0	1.0
KLF8.H12CORE.1.P.C	KLF8	C2H2 zinc finger factors	Three-zinc finger Kruppel-related	0.4628932451582432	0.46539543495392965	0.9265073492650735	0.9538046195380462	1.0	1.0
ELF4.H12CORE.1.M.B	ELF4	Tryptophan cluster factors	Ets-related	0.46276570618800406	0.47601761100497486	0.9332066793320668	0.8743125687431257	1.0	1.0
JUN.H12CORE.1.S.C	JUN	Basic leucine zipper factors (bZIP)	Jun-related	0.4627350023618328	0.4734354513555987	0.9314068593140686	0.9007099290070993	1.0	1.0
MLX.H12CORE.1.SM.B	MLX	Basic helix-loop-helix factors (bHLH)	bHLH-ZIP	0.46250118091639236	0.4701519857079427	0.9292070792920708	0.924907509249075	1.0	1.0
MXI1.H12CORE.0.P.B	MXI1	Basic helix-loop-helix factors (bHLH)	bHLH-ZIP	0.46248464808691564	0.48375051641161276	0.9336066393360664	0.7684231576842315	1.0	1.0
AP2C.H12CORE.0.PSM.A	TFAP2C	Basic helix-span-helix factors (bHSH)	AP-2	0.46232404345772476	0.48264433587868005	0.9328067193280672	0.7848215178482152	1.0	1.0
RFX2.H12CORE.0.PS.A	RFX2	Fork head/winged helix factors	RFX	0.4621469059990561	0.4613861308099652	0.9357064293570643	0.9727027297270273	1.0	1.0
COT1.H12CORE.0.PSM.A	NR2F1	Nuclear receptors with C4 zinc fingers	RXR-related receptors	0.46207368918280584	0.4750559997802424	0.9322067793220677	0.8755124487551245	1.0	1.0
ZN740.H12CORE.1.S.C	ZNF740	C2H2 zinc finger factors	Other with up to three adjacent zinc fingers	0.4618989135569198	0.46604587849311785	0.936006399360064	0.9505049495050495	1.0	1.0
RARG.H12CORE.1.PSM.A	RARG	Nuclear receptors with C4 zinc fingers	Thyroid hormone receptor-related	0.4618516769012766	0.48132577948866656	0.9405059494050595	0.8104189581041896	1.0	1.0
ZN222.H12CORE.0.P.C	ZNF222	C2H2 zinc finger factors	More than 3 adjacent zinc fingers	0.4617973547472839	0.46700164755823975	0.9321067893210679	0.943005699430057	1.0	1.0
KLF3.H12CORE.0.PS.A	KLF3	C2H2 zinc finger factors	Three-zinc finger Kruppel-related	0.4617170524326883	0.47128179147181704	0.9397060293970603	0.916108389161084	1.0	1.0
NR2F6.H12CORE.3.SM.B	NR2F6	Nuclear receptors with C4 zinc fingers	RXR-related receptors	0.46167926310817176	0.46943358998806656	0.9344065593440656	0.9301069893010699	1.0	1.0
KLF6.H12CORE.1.SM.B	KLF6	C2H2 zinc finger factors	Three-zinc finger Kruppel-related	0.4614336324988199	0.4835332821270245	0.9359064093590641	0.7724227577242275	1.0	1.0
ZN610.H12CORE.1.P.C	ZNF610	C2H2 zinc finger factors	More than 3 adjacent zinc fingers	0.4612753897024092	0.47582560081624964	0.9413058694130587	0.8708129187081292	1.0	1.0
TFCP2.H12CORE.0.SM.B	TFCP2	Grainyhead domain factors	CP2-related	0.46126594237128105	0.4709048655832308	0.9388061193880612	0.9179082091790821	1.0	1.0
CLOCK.H12CORE.0.M.C	CLOCK	Basic helix-loop-helix factors (bHLH)	PAS	0.46086443079829975	0.47171097870924594	0.9386061393860614	0.9109089091090891	1.0	1.0
HSF5.H12CORE.1.S.C	HSF5	Heat shock factors	HSF	0.46075578649031784	0.4650534550191032	0.9414058594140586	0.9563043695630437	1.0	1.0
ZN267.H12CORE.0.P.C	ZNF267	C2H2 zinc finger factors	More than 3 adjacent zinc fingers	0.4607510628247537	0.4842730600729195	0.9396060393960604	0.7614238576142386	1.0	1.0
NFYA.H12CORE.0.P.B	NFYA	Heteromeric CCAAT-binding factors	Heteromeric CCAAT-binding	0.46069201700519574	0.4646396239022206	0.940905909409059	0.9574042595740426	1.0	1.0
MYBB.H12CORE.0.S.B	MYBL2	Tryptophan cluster factors	Myb/SANT domain	0.46051960321209234	0.4625468749607581	0.9415058494150585	0.967003299670033	1.0	1.0
RUNX2.H12CORE.2.M.C	RUNX2	Runt domain factors	Runt-related	0.46026688710439406	0.47127991796314916	0.9407059294070593	0.9164083591640836	1.0	1.0
RFX1.H12CORE.0.PM.A	RFX1	Fork head/winged helix factors	RFX	0.46016769012753916	0.4658086030877753	0.9443055694430557	0.9519048095190481	1.0	1.0
MAX.H12CORE.2.S.C	MAX	Basic helix-loop-helix factors (bHLH)	bHLH-ZIP	0.4601275389702411	0.4631010446011621	0.9464053594640536	0.9632036796320368	1.0	1.0
PATZ1.H12CORE.0.P.B	PATZ1	C2H2 zinc finger factors	Multiple dispersed zinc fingers	0.4600566839867753	0.4563554224815452	0.944905509449055	0.9864013598640136	1.0	1.0
AP2A.H12CORE.0.PSM.A	TFAP2A	Basic helix-span-helix factors (bHSH)	AP-2	0.45997874350496043	0.4979400675479434	0.9431056894310569	0.5238476152384761	1.0	0.8464861240639653
HSFY1.H12CORE.1.S.B	HSFY1	Heat shock factors	HSF	0.4597850732168169	0.4755485439555595	0.9443055694430557	0.8743125687431257	1.0	1.0
PATZ1.H12CORE.1.P.C	PATZ1	C2H2 zinc finger factors	Multiple dispersed zinc fingers	0.4594119036372232	0.4580127224841707	0.9443055694430557	0.9863013698630136	1.0	1.0
NFAC2.H12CORE.3.M.C	NFATC2	Rel homology region (RHR) factors	NFAT-related	0.4590481813887581	0.4618685529728034	0.9492050794920508	0.9721027897210279	1.0	1.0
ZNF8.H12CORE.0.P.C	ZNF8	C2H2 zinc finger factors	Multiple dispersed zinc fingers	0.45901747756258926	0.4547418044376333	0.9483051694830517	0.9896010398960104	1.0	1.0
ZN254.H12CORE.0.P.C	ZNF254	C2H2 zinc finger factors	More than 3 adjacent zinc fingers	0.4590080302314593	0.46623534521842835	0.9499050094990501	0.9515048495150485	1.0	1.0
RARB.H12CORE.0.SM.B	RARB	Nuclear receptors with C4 zinc fingers	Thyroid hormone receptor-related	0.4586726499763819	0.4680891654083504	0.9532046795320468	0.9406059394060594	1.0	1.0
ZSC22.H12CORE.0.P.C	ZSCAN22	C2H2 zinc finger factors	More than 3 adjacent zinc fingers	0.4584057628719894	0.45393066684383726	0.9513048695130487	0.9895010498950105	1.0	1.0
ZN566.H12CORE.0.P.C	ZNF566	C2H2 zinc finger factors	More than 3 adjacent zinc fingers	0.4579050543221556	0.4550998655279859	0.9538046195380462	0.9898010198980102	1.0	1.0
ZN281.H12CORE.0.P.B	ZNF281	C2H2 zinc finger factors	More than 3 adjacent zinc fingers	0.45747756258856864	0.45526715795883616	0.9574042595740426	0.9871012898710129	1.0	1.0
ZNF76.H12CORE.0.P.B	ZNF76	C2H2 zinc finger factors	More than 3 adjacent zinc fingers	0.4574468587623998	0.450305737933302	0.9543045695430457	0.9938006199380062	1.0	1.0
NR1H4.H12CORE.0.P.B	NR1H4	Nuclear receptors with C4 zinc fingers	Thyroid hormone receptor-related	0.45738308927728044	0.45882077716265784	0.9535046495350465	0.9811018898110189	1.0	1.0
NFYC.H12CORE.0.P.B	NFYC	Heteromeric CCAAT-binding factors	Heteromeric CCAAT-binding	0.45735238545111095	0.4626718011595905	0.9543045695430457	0.9652034796520348	1.0	1.0
NR2C2.H12CORE.0.SM.B	NR2C2	Nuclear receptors with C4 zinc fingers	RXR-related receptors	0.4566627302786957	0.4799720825830776	0.9566043395660434	0.8223177682231777	1.0	1.0
ZN610.H12CORE.0.P.B	ZNF610	C2H2 zinc finger factors	More than 3 adjacent zinc fingers	0.45620217288615966	0.4648838063793134	0.9617038296170383	0.9582041795820418	1.0	1.0
SP5.H12CORE.1.P.B	SP5	C2H2 zinc finger factors	Three-zinc finger Kruppel-related	0.4561313179026926	0.46608887911661445	0.956904309569043	0.9486051394860514	1.0	1.0
E2F1.H12CORE.0.P.B	E2F1	Fork head/winged helix factors	E2F	0.4561289560699112	0.46370263843087	0.9594040595940406	0.9608039196080392	1.0	1.0
ZN460.H12CORE.0.S.C	ZNF460	C2H2 zinc finger factors	More than 3 adjacent zinc fingers	0.45606282475200866	0.4779166215188732	0.9572042795720428	0.8537146285371463	1.0	1.0
BATF3.H12CORE.2.SM.B	BATF3	Basic leucine zipper factors (bZIP)	B-ATF-related	0.4557982994803984	0.4731950202628243	0.9642035796420358	0.8998100189981002	1.0	1.0
PAX3.H12CORE.1.SM.B	PAX3	Paired box factors	PD+HD	0.45570146433632586	0.4591448706797181	0.9604039596040396	0.9795020497950205	1.0	1.0
NPAS2.H12CORE.2.S.B	NPAS2	Basic helix-loop-helix factors (bHLH)	PAS	0.4554888993859235	0.463066745521735	0.9583041695830417	0.960903909609039	1.0	1.0
ZN776.H12CORE.0.P.C	ZNF776	C2H2 zinc finger factors	More than 3 adjacent zinc fingers	0.4554487482286256	0.4619791398117546	0.9618038196180382	0.9686031396860314	1.0	1.0
KLF15.H12CORE.1.P.C	KLF15	C2H2 zinc finger factors	Three-zinc finger Kruppel-related	0.4553094000944729	0.457545928562221	0.965003499650035	0.9849015098490151	1.0	1.0
RFX3.H12CORE.0.PSM.A	RFX3	Fork head/winged helix factors	RFX	0.45526688710439284	0.45929082005469074	0.9612038796120388	0.9766023397660234	1.0	1.0
ZFP42.H12CORE.0.PM.A	ZFP42	C2H2 zinc finger factors	More than 3 adjacent zinc fingers	0.45506849315068704	0.456031275187134	0.9611038896110389	0.9847015298470153	1.0	1.0
RFX4.H12CORE.0.SM.B	RFX4	Fork head/winged helix factors	RFX	0.45463391591875335	0.4586981231166209	0.9655034496550345	0.9801019898010199	1.0	1.0
KLF7.H12CORE.0.P.B	KLF7	C2H2 zinc finger factors	Three-zinc finger Kruppel-related	0.45421114785073197	0.47273582433196565	0.9644035596440356	0.9911008899110089	1.0	1.0
DMRT1.H12CORE.1.M.C	DMRT1	DM-type intertwined zinc finger factors	DMRT	0.45356164383561637	0.4605560534467394	0.9664033596640336	0.9725027497250275	1.0	1.0
E2F4.H12CORE.1.P.B	E2F4	Fork head/winged helix factors	E2F	0.4533868682097314	0.46306273866659914	0.9696030396960303	0.9664033596640336	1.0	1.0
HXA9.H12CORE.1.SM.B	HOXA9	Homeo domain factors	HOX-related	0.45304676428908963	0.4654549263924585	0.9697030296970303	0.956004399560044	1.0	1.0
VEZF1.H12CORE.0.P.C	VEZF1	C2H2 zinc finger factors	Multiple dispersed zinc fingers	0.4528932451582429	0.4628723929759504	0.9695030496950305	0.9817018298170183	1.0	1.0
LRRF1.H12CORE.0.P.B	LRRFIP1	Leucine-rich repeat flightless-interacting proteins	LRRFIP	0.4525460557392546	0.4790625818196444	0.9715028497150285	0.8397160283971603	1.0	1.0
KLF9.H12CORE.0.P.B	KLF9	C2H2 zinc finger factors	Three-zinc finger Kruppel-related	0.4523996221067573	0.447344527535271	0.9698030196980302	0.9965003499650035	1.0	1.0
ZN335.H12CORE.0.P.B	ZNF335	C2H2 zinc finger factors	Multiple dispersed zinc fingers	0.45223901747756257	0.4637741899024385	0.9702029797020298	0.9597040295970403	1.0	1.0
TYY2.H12CORE.1.SM.B	YY2	C2H2 zinc finger factors	More than 3 adjacent zinc fingers	0.4522177609825227	0.45157758037505336	0.9706029397060294	0.992000799920008	1.0	1.0
ZFX.H12CORE.0.P.B	ZFX	C2H2 zinc finger factors	More than 3 adjacent zinc fingers	0.4519107227208326	0.45506162209062	0.974002599740026	0.9878012198780122	1.0	1.0
MGAP.H12CORE.0.P.C	MGA	Basic helix-loop-helix factors (bHLH)	bHLH-ZIP	0.4516367501180927	0.4921740929043993	0.9737026297370263	0.623037696230377	1.0	0.9321235059156624
RFX5.H12CORE.2.S.B	RFX5	Fork head/winged helix factors	RFX	0.45155172413793127	0.4686982121178652	0.9742025797420258	0.938906109389061	1.0	1.0
KLF10.H12CORE.1.PSM.A	KLF10	C2H2 zinc finger factors	Three-zinc finger Kruppel-related	0.45145488899386116	0.45446162558923925	0.9783021697830216	0.9901009899010099	1.0	1.0
ZN454.H12CORE.0.P.B	ZNF454	C2H2 zinc finger factors	More than 3 adjacent zinc fingers	0.45134388285309446	0.4664202765034881	0.9755024497550245	0.9508049195080492	1.0	1.0
NFIX.H12CORE.1.S.B	NFIX	SMAD/NF-1 DNA-binding domain factors	NF-1	0.45122106754841745	0.46950494215064836	0.9743025697430256	0.9434056594340566	1.0	1.0
ELF2.H12CORE.1.M.B	ELF2	Tryptophan cluster factors	Ets-related	0.45080774681152785	0.459471774426717	0.9738026197380262	0.9777022297770223	1.0	1.0
RARA.H12CORE.0.PSM.A	RARA	Nuclear receptors with C4 zinc fingers	Thyroid hormone receptor-related	0.45065658951346343	0.47761320002986873	0.9723027697230276	0.8514148585141486	1.0	1.0
ETS2.H12CORE.1.P.B	ETS2	Tryptophan cluster factors	Ets-related	0.45059282002834306	0.4455921351319814	0.9751024897510249	0.9978002199780022	1.0	1.0
SOX5.H12CORE.0.P.B	SOX5	High-mobility group (HMG) domain factors	SOX-related	0.4505880963627781	0.46001081505212427	0.9745025497450255	0.978002199780022	1.0	1.0
PAX8.H12CORE.0.PSM.A	PAX8	Paired box factors	PD	0.45045347189419044	0.4586567244118939	0.9737026297370263	0.9785021497850215	1.0	1.0
TF7L1.H12CORE.2.S.C	TCF7L1	High-mobility group (HMG) domain factors	TCF7-related	0.45008974964572573	0.46536598444574573	0.9768023197680232	0.9551044895510449	1.0	1.0
ZN543.H12CORE.0.P.C	ZNF543	C2H2 zinc finger factors	More than 3 adjacent zinc fingers	0.4498559282002844	0.4550753881694093	0.977002299770023	0.9869013098690131	1.0	1.0
KLF2.H12CORE.0.S.C	KLF2	C2H2 zinc finger factors	Three-zinc finger Kruppel-related	0.44982522437411604	0.47595540979352313	0.9783021697830216	0.8667133286671332	1.0	1.0
MNT.H12CORE.0.PS.A	MNT	Basic helix-loop-helix factors (bHLH)	bHLH-ZIP	0.44949456778460184	0.48720652198451564	0.9805019498050195	0.7177282271772822	1.0	1.0
CREB3.H12CORE.0.SM.B	CREB3	Basic leucine zipper factors (bZIP)	CREB-related	0.4494119036372232	0.46381898697332175	0.9797020297970203	0.9633036696330367	1.0	1.0
KLF12.H12CORE.1.PSM.A	KLF12	C2H2 zinc finger factors	Three-zinc finger Kruppel-related	0.44927255550307005	0.4665226376020979	0.9785021497850215	0.9465053494650535	1.0	1.0
ZFP57.H12CORE.0.P.B	ZFP57	C2H2 zinc finger factors	Multiple dispersed zinc fingers	0.4488592347661793	0.4596841940358504	0.9792020797920208	0.9763023697630236	1.0	1.0
HEY1.H12CORE.0.S.B	HEY1	Basic helix-loop-helix factors (bHLH)	Hairy-related	0.44867737364194793	0.46240033795563973	0.9816018398160185	0.9684031596840316	1.0	1.0
JUNB.H12CORE.1.S.C	JUNB	Basic leucine zipper factors (bZIP)	Jun-related	0.4484104865375536	0.4663011922978729	0.9806019398060194	0.9493050694930507	1.0	1.0
HIF1A.H12CORE.1.P.B	HIF1A	Basic helix-loop-helix factors (bHLH)	PAS	0.4483278223901756	0.45851775155334173	0.9815018498150185	0.9822017798220178	1.0	1.0
KLF10.H12CORE.0.P.C	KLF10	C2H2 zinc finger factors	Three-zinc finger Kruppel-related	0.4482380727444505	0.44959411620284134	0.9791020897910209	0.993000699930007	1.0	1.0
KLF1.H12CORE.0.P.B	KLF1	C2H2 zinc finger factors	Three-zinc finger Kruppel-related	0.44770666036844703	0.46360638054739794	0.9823017698230176	0.9643035696430357	1.0	1.0
ZN180.H12CORE.0.P.C	ZNF180	C2H2 zinc finger factors	More than 3 adjacent zinc fingers	0.447635805384979	0.4666366021203044	0.9792020797920208	0.947005299470053	1.0	1.0
HOMEZ.H12CORE.0.S.B	HOMEZ	Homeo domain factors	HD-ZF	0.4476334435521981	0.4582777008825871	0.982001799820018	0.9792020797920208	1.0	1.0
PBX1.H12CORE.1.P.B	PBX1	Homeo domain factors	TALE-type HD	0.4475200755786496	0.4808526518371866	0.9808019198080192	0.8311168883111689	1.0	1.0
RFX1.H12CORE.1.PSM.A	RFX1	Fork head/winged helix factors	RFX	0.4466887104393003	0.451266797925689	0.9832016798320168	0.9937006299370063	1.0	1.0
ZN441.H12CORE.0.P.C	ZNF441	C2H2 zinc finger factors	More than 3 adjacent zinc fingers	0.44650212564950426	0.46317774489629987	0.9834016598340166	0.9617038296170383	1.0	1.0
ATF1.H12CORE.0.P.B	ATF1	Basic leucine zipper factors (bZIP)	CREB-related	0.4464950401511581	0.45635267349416225	0.9844015598440156	0.9883011698830118	1.0	1.0
NR2C1.H12CORE.0.S.C	NR2C1	Nuclear receptors with C4 zinc fingers	RXR-related receptors	0.4463745866792639	0.47469952947248684	0.9827017298270173	0.8848115188481152	1.0	1.0
ZBED1.H12CORE.0.S.B	ZBED1	C2H2 zinc finger factors	BED zinc finger	0.4463580538497882	0.46291147519275316	0.9833016698330167	0.9679032096790321	1.0	1.0
NFAC1.H12CORE.3.SM.B	NFATC1	Rel homology region (RHR) factors	NFAT-related	0.44622579121398354	0.46075694534389494	0.9827017298270173	0.974002599740026	1.0	1.0
KLF13.H12CORE.0.PSM.A	KLF13	C2H2 zinc finger factors	Three-zinc finger Kruppel-related	0.44616438356164373	0.4549893426091707	0.9847015298470153	0.9891010898910109	1.0	1.0
ELF3.H12CORE.0.S.B	ELF3	Tryptophan cluster factors	Ets-related	0.44602031176192797	0.4423597777426836	0.9839016098390161	0.9988001199880012	1.0	1.0
CR3L4.H12CORE.0.M.C	CREB3L4	Basic leucine zipper factors (bZIP)	CREB-related	0.4458219178082189	0.4614732748709779	0.9846015398460154	0.9745025497450255	1.0	1.0
ZBT7A.H12CORE.1.SM.B	ZBTB7A	C2H2 zinc finger factors	More than 3 adjacent zinc fingers	0.44579121398205046	0.4597111181631202	0.988001199880012	0.9807019298070193	1.0	1.0
SP4.H12CORE.2.P.B	SP4	C2H2 zinc finger factors	Three-zinc finger Kruppel-related	0.4457581483230992	0.4504957882044781	0.9838016198380162	0.9946005399460054	1.0	1.0
KLF6.H12CORE.0.P.B	KLF6	C2H2 zinc finger factors	Three-zinc finger Kruppel-related	0.4454085970713261	0.45587999586006367	0.985001499850015	0.987001299870013	1.0	1.0
NPAS2.H12CORE.0.M.B	NPAS2	Basic helix-loop-helix factors (bHLH)	PAS	0.44495512517713787	0.46059976133375513	0.9861013898610139	0.9741025897410259	1.0	1.0
HES5.H12CORE.0.SM.B	HES5	Basic helix-loop-helix factors (bHLH)	Hairy-related	0.4444591402928678	0.4661184698852088	0.9856014398560144	0.9528047195280472	1.0	1.0
KLF14.H12CORE.1.P.C	KLF14	C2H2 zinc finger factors	Three-zinc finger Kruppel-related	0.44435994331601386	0.45172742743370126	0.9864013598640136	0.9927007299270073	1.0	1.0
ZN213.H12CORE.0.P.C	ZNF213	C2H2 zinc finger factors	More than 3 adjacent zinc fingers	0.4441828058573465	0.45772427393080606	0.9873012698730127	0.9838016198380162	1.0	1.0
KLF13.H12CORE.1.P.C	KLF13	C2H2 zinc finger factors	Three-zinc finger Kruppel-related	0.4436183278223899	0.4516089216834329	0.9882011798820118	0.9921007899210079	1.0	1.0
RFX3.H12CORE.1.PS.A	RFX3	Fork head/winged helix factors	RFX	0.44332782239017626	0.45486715524699967	0.9873012698730127	0.9873012698730127	1.0	1.0
MAZ.H12CORE.1.P.B	MAZ	C2H2 zinc finger factors	Multiple dispersed zinc fingers	0.44329948039678896	0.45060033695830193	0.9894010598940106	0.9947005299470053	1.0	1.0
ETV4.H12CORE.0.P.B	ETV4	Tryptophan cluster factors	Ets-related	0.4432900330656604	0.4508586061341549	0.9896010398960104	0.9951004899510049	1.0	1.0
KLF15.H12CORE.0.S.B	KLF15	C2H2 zinc finger factors	Three-zinc finger Kruppel-related	0.44320500708549937	0.45473143837830654	0.9894010598940106	0.989001099890011	1.0	1.0
PAX2.H12CORE.0.SM.B	PAX2	Paired box factors	PD	0.44257912139820443	0.4499228538057767	0.9892010798920108	0.9941005899410059	1.0	1.0
PBX2.H12CORE.1.P.C	PBX2	Homeo domain factors	TALE-type HD	0.4421303731695801	0.4816645941145384	0.989001099890011	0.8318168183181682	1.0	1.0
OVOL2.H12CORE.0.PSM.A	OVOL2	C2H2 zinc finger factors	More than 3 adjacent zinc fingers	0.4413131790269257	0.4536672059279439	0.9901009899010099	0.9889011098890111	1.0	1.0
SP4.H12CORE.1.S.B	SP4	C2H2 zinc finger factors	Three-zinc finger Kruppel-related	0.4412352385451112	0.4556966917544288	0.9902009799020098	0.9867013298670133	1.0	1.0
KLF11.H12CORE.1.SM.B	KLF11	C2H2 zinc finger factors	Three-zinc finger Kruppel-related	0.44086443079829973	0.448406488841699	0.9914008599140086	0.9961003899610039	1.0	1.0
TYY1.H12CORE.1.S.B	YY1	C2H2 zinc finger factors	More than 3 adjacent zinc fingers	0.44057392536608525	0.44060267017476307	0.991000899910009	0.9986001399860014	1.0	1.0
SP9.H12CORE.1.S.C	SP9	C2H2 zinc finger factors	Three-zinc finger Kruppel-related	0.4405668398677382	0.4561450262246959	0.9912008799120088	0.987001299870013	1.0	1.0
ETV1.H12CORE.1.PM.A	ETV1	Tryptophan cluster factors	Ets-related	0.4401676901275389	0.4577072903982022	0.9922007799220078	0.9813018698130187	1.0	1.0
KLF9.H12CORE.1.P.B	KLF9	C2H2 zinc finger factors	Three-zinc finger Kruppel-related	0.43992914501653346	0.44630996515471427	0.9907009299070093	0.9966003399660034	1.0	1.0
ARNT.H12CORE.1.P.B	ARNT	Basic helix-loop-helix factors (bHLH)	PAS	0.43987482286254165	0.45082962229103696	0.9928007199280072	0.9933006699330067	1.0	1.0
E2F2.H12CORE.0.S.B	E2F2	Fork head/winged helix factors	E2F	0.4398535663675028	0.45069583213664727	0.992000799920008	0.9935006499350065	1.0	1.0
THAP1.H12CORE.0.P.B	THAP1	C2CH THAP-type zinc finger factors	THAP	0.43983939537080774	0.452737181665919	0.9918008199180082	0.9915008499150085	1.0	1.0
CENPB.H12CORE.0.S.B	CENPB	Uncharacterized	Unannotated	0.43944024563061157	0.4595224645055801	0.9915008499150085	0.977002299770023	1.0	1.0
E2F7.H12CORE.0.S.C	E2F7	Fork head/winged helix factors	E2F	0.43893245158242994	0.45494195024930173	0.9932006799320068	0.9881011898810119	1.0	1.0
ERG.H12CORE.0.P.B	ERG	Tryptophan cluster factors	Ets-related	0.4387623996221078	0.433243382221296	0.9933006699330067	0.9998000199980002	1.0	1.0
ZNF44.H12CORE.0.P.C	ZNF44	C2H2 zinc finger factors	More than 3 adjacent zinc fingers	0.43874822862541407	0.45374744878802176	0.9927007299270073	0.9902009799020098	1.0	1.0
XBP1.H12CORE.0.PS.A	XBP1	Basic leucine zipper factors (bZIP)	XBP1-related	0.43871516296646323	0.46149210278187913	0.9926007399260074	0.9726027397260274	1.0	1.0
GCM2.H12CORE.0.SM.B	GCM2	GCM domain factors	GCM	0.43833963155408684	0.45530741333611807	0.9928007199280072	0.9876012398760124	1.0	1.0
MAD4.H12CORE.0.P.C	MXD4	Basic helix-loop-helix factors (bHLH)	bHLH-ZIP	0.4373854511100621	0.4758844255527331	0.993000699930007	0.9025097490250975	1.0	1.0
TFDP1.H12CORE.0.P.B	TFDP1	Fork head/winged helix factors	E2F	0.4372815304676433	0.4554878710646231	0.9944005599440056	0.9878012198780122	1.0	1.0
TYY1.H12CORE.0.PSM.A	YY1	C2H2 zinc finger factors	More than 3 adjacent zinc fingers	0.4370760510155881	0.4420856714052053	0.995000499950005	0.999000099990001	1.0	1.0
AP2B.H12CORE.0.SM.B	TFAP2B	Basic helix-span-helix factors (bHSH)	AP-2	0.43697213037316984	0.47354481566492046	0.9942005799420058	0.8937106289371063	1.0	1.0
TYY2.H12CORE.0.PS.A	YY2	C2H2 zinc finger factors	More than 3 adjacent zinc fingers	0.43696268304204144	0.4405428985406493	0.9928007199280072	0.9986001399860014	1.0	1.0
SP1.H12CORE.1.SM.B	SP1	C2H2 zinc finger factors	Three-zinc finger Kruppel-related	0.4367808219178101	0.4438750077305374	0.9949005099490051	0.9987001299870013	1.0	1.0
KLF16.H12CORE.1.P.B	KLF16	C2H2 zinc finger factors	Three-zinc finger Kruppel-related	0.4367383089277282	0.4459029611697408	0.9944005599440056	0.9981001899810019	1.0	1.0
KLF16.H12CORE.0.SM.B	KLF16	C2H2 zinc finger factors	Three-zinc finger Kruppel-related	0.4366367501180918	0.46097223467080206	0.9951004899510049	0.9741025897410259	1.0	1.0
HINFP.H12CORE.1.P.B	HINFP	C2H2 zinc finger factors	Multiple dispersed zinc fingers	0.43646669815777095	0.4696682892069987	0.9947005299470053	0.9525047495250475	1.0	1.0
EGR2.H12CORE.0.PSM.A	EGR2	C2H2 zinc finger factors	Three-zinc finger Kruppel-related	0.4362163438828531	0.44497544266527733	0.9947005299470053	0.9977002299770023	1.0	1.0
CR3L2.H12CORE.0.PS.A	CREB3L2	Basic leucine zipper factors (bZIP)	CREB-related	0.4361171469059999	0.4738585706777606	0.9943005699430058	0.8922107789221078	1.0	1.0
ZN273.H12CORE.0.P.C	ZNF273	C2H2 zinc finger factors	More than 3 adjacent zinc fingers	0.4357298063297124	0.4568894365084128	0.9943005699430058	0.9831016898310169	1.0	1.0
HIF3A.H12CORE.0.P.C	HIF3A	Basic helix-loop-helix factors (bHLH)	PAS	0.4353967879074157	0.45114330769189015	0.995000499950005	0.993000699930007	1.0	1.0
KLF8.H12CORE.0.P.C	KLF8	C2H2 zinc finger factors	Three-zinc finger Kruppel-related	0.4347685403873417	0.4442399914260319	0.9957004299570043	0.9983001699830018	1.0	1.0
E2F4.H12CORE.2.S.B	E2F4	Fork head/winged helix factors	E2F	0.4345677846008517	0.4459628292802929	0.9951004899510049	0.9977002299770023	1.0	1.0
CREB1.H12CORE.0.PSM.A	CREB1	Basic leucine zipper factors (bZIP)	CREB-related	0.4344071799716591	0.4457225960182782	0.9952004799520048	0.9966003399660034	1.0	1.0
ATF6B.H12CORE.0.SM.B	ATF6B	Basic leucine zipper factors (bZIP)	CREB-related	0.43421587151629815	0.45441991873279386	0.9962003799620038	0.9872012798720128	1.0	1.0
ETV3.H12CORE.0.SM.B	ETV3	Tryptophan cluster factors	Ets-related	0.4338190836088824	0.44112699379333026	0.996000399960004	0.9993000699930007	1.0	1.0
FLI1.H12CORE.0.PSM.A	FLI1	Tryptophan cluster factors	Ets-related	0.43327822390174936	0.43163253341646757	0.9964003599640036	0.9999000099990001	1.0	1.0
ETS1.H12CORE.1.P.B	ETS1	Tryptophan cluster factors	Ets-related	0.43268540387340754	0.4367078458417931	0.9961003899610039	0.9998000199980002	1.0	1.0
SP3.H12CORE.1.S.B	SP3	C2H2 zinc finger factors	Three-zinc finger Kruppel-related	0.4326806802078417	0.4536316373233224	0.9965003499650035	0.989001099890011	1.0	1.0
SP1.H12CORE.2.P.B	SP1	C2H2 zinc finger factors	Three-zinc finger Kruppel-related	0.43100614076523364	0.4389519069116318	0.9971002899710029	0.9997000299970003	1.0	1.0
ELF4.H12CORE.0.PS.A	ELF4	Tryptophan cluster factors	Ets-related	0.43082191780821916	0.4333059230270722	0.9974002599740026	0.9999000099990001	1.0	1.0
ATF1.H12CORE.1.P.B	ATF1	Basic leucine zipper factors (bZIP)	CREB-related	0.4304865375531423	0.4373980382954999	0.9971002899710029	0.9997000299970003	1.0	1.0
SP8.H12CORE.0.SM.B	SP8	C2H2 zinc finger factors	Three-zinc finger Kruppel-related	0.4299055266887115	0.45283557937602137	0.9969003099690031	0.9905009499050095	1.0	1.0
ETV5.H12CORE.1.PM.A	ETV5	Tryptophan cluster factors	Ets-related	0.4298913556920185	0.4297069944887233	0.9962003799620038	1.0	1.0	1.0
SP4.H12CORE.0.P.C	SP4	C2H2 zinc finger factors	Three-zinc finger Kruppel-related	0.4296551724137925	0.4415118521754491	0.9973002699730027	0.9986001399860014	1.0	1.0
ZN534.H12CORE.0.P.C	ZNF534	C2H2 zinc finger factors	More than 3 adjacent zinc fingers	0.42934813415210316	0.4377659089715066	0.9974002599740026	0.9995000499950005	1.0	1.0
ZN480.H12CORE.0.P.C	ZNF480	C2H2 zinc finger factors	More than 3 adjacent zinc fingers	0.429121398205007	0.45434877213175323	0.998000199980002	0.9882011798820118	1.0	1.0
E4F1.H12CORE.0.P.B	E4F1	C2H2 zinc finger factors	Multiple dispersed zinc fingers	0.4288686820973083	0.43796095834632603	0.998000199980002	0.9995000499950005	1.0	1.0
CR3L1.H12CORE.0.PSM.A	CREB3L1	Basic leucine zipper factors (bZIP)	CREB-related	0.42843882853093973	0.45064629269621653	0.9983001699830018	0.9954004599540046	1.0	1.0
BHE40.H12CORE.0.PSM.A	BHLHE40	Basic helix-loop-helix factors (bHLH)	Hairy-related	0.428247520075579	0.4515389397656864	0.9983001699830018	0.992000799920008	1.0	1.0
MYCN.H12CORE.0.PS.A	MYCN	Basic helix-loop-helix factors (bHLH)	bHLH-ZIP	0.4281601322626365	0.4579651098222293	0.9981001899810019	0.982001799820018	1.0	1.0
KLF12.H12CORE.0.P.C	KLF12	C2H2 zinc finger factors	Three-zinc finger Kruppel-related	0.42721776098252345	0.43830241534564657	0.9975002499750025	0.9995000499950005	1.0	1.0
ZBT14.H12CORE.0.P.C	ZBTB14	C2H2 zinc finger factors	More than 3 adjacent zinc fingers	0.42716816249409617	0.45815745265533386	0.9982001799820018	0.9815018498150185	1.0	1.0
ZBT37.H12CORE.0.M.C	ZBTB37	C2H2 zinc finger factors	Other with up to three adjacent zinc fingers	0.4268044402456314	0.43875385705603803	0.9984001599840016	0.9992000799920008	1.0	1.0
SP3.H12CORE.0.P.B	SP3	C2H2 zinc finger factors	Three-zinc finger Kruppel-related	0.4266863486065196	0.43678078283928684	0.9986001399860014	0.9997000299970003	1.0	1.0
KAISO.H12CORE.0.P.B	ZBTB33	C2H2 zinc finger factors	Other with up to three adjacent zinc fingers	0.4266816249409558	0.4454862122972607	0.9985001499850015	0.997000299970003	1.0	1.0
CREM.H12CORE.0.PSM.A	CREM	Basic leucine zipper factors (bZIP)	CREB-related	0.42665328294756727	0.43913519021769976	0.9982001799820018	0.9997000299970003	1.0	1.0
ETV6.H12CORE.0.PS.A	ETV6	Tryptophan cluster factors	Ets-related	0.4255762871988674	0.4280410790332298	0.9987001299870013	0.9998000199980002	1.0	1.0
ATF6A.H12CORE.0.SM.B	ATF6	Basic leucine zipper factors (bZIP)	CREB-related	0.4254416627302792	0.4524223010322078	0.9987001299870013	0.9919008099190081	1.0	1.0
KLF11.H12CORE.0.P.B	KLF11	C2H2 zinc finger factors	Three-zinc finger Kruppel-related	0.42539206424185155	0.4379171267255337	0.999000099990001	0.9998000199980002	1.0	1.0
ELF5.H12CORE.1.S.B	ELF5	Tryptophan cluster factors	Ets-related	0.4250023618327825	0.43735297357701103	0.9993000699930007	0.9999000099990001	1.0	1.0
ELF1.H12CORE.0.PSM.A	ELF1	Tryptophan cluster factors	Ets-related	0.42456306093528656	0.4278749821342399	0.999000099990001	0.9999000099990001	1.0	1.0
RFX7.H12CORE.0.SM.B	RFX7	Fork head/winged helix factors	RFX	0.4244591402928675	0.44468916607553366	0.9984001599840016	0.9979002099790021	1.0	1.0
MYC.H12CORE.0.P.B	MYC	Basic helix-loop-helix factors (bHLH)	bHLH-ZIP	0.4235167690127541	0.4599162358319745	0.9997000299970003	0.9769023097690231	1.0	1.0
KLF14.H12CORE.0.PSM.A	KLF14	C2H2 zinc finger factors	Three-zinc finger Kruppel-related	0.4232475200755782	0.44048551777011796	0.9984001599840016	0.9985001499850015	1.0	1.0
AHR.H12CORE.0.P.B	AHR	Basic helix-loop-helix factors (bHLH)	PAS	0.42312942843646717	0.4432389316954959	0.9997000299970003	0.9989001099890011	1.0	1.0
EGR3.H12CORE.0.PSM.A	EGR3	C2H2 zinc finger factors	Three-zinc finger Kruppel-related	0.4228483703353797	0.43942354715571463	0.9989001099890011	0.9995000499950005	1.0	1.0
ZSC29.H12CORE.0.P.B	ZSCAN29	C2H2 zinc finger factors	More than 3 adjacent zinc fingers	0.42276570618800263	0.4595501215421695	0.9994000599940006	0.979002099790021	1.0	1.0
SP1.H12CORE.0.P.B	SP1	C2H2 zinc finger factors	Three-zinc finger Kruppel-related	0.4222649976381678	0.4402561605694916	0.9989001099890011	0.9989001099890011	1.0	1.0
ELF2.H12CORE.0.PS.A	ELF2	Tryptophan cluster factors	Ets-related	0.4221705243268783	0.4257420825313073	0.9989001099890011	1.0	1.0	1.0
ZN704.H12CORE.0.SM.B	ZN704	Uncharacterized	Unannotated	0.4214974019839394	0.4466281103129391	0.9993000699930007	0.9971002899710029	1.0	1.0
PAX5.H12CORE.0.PS.A	PAX5	Paired box factors	PD	0.42132026452527166	0.44205537426607966	0.9988001199880012	0.9987001299870013	1.0	1.0
EGR4.H12CORE.0.S.B	EGR4	C2H2 zinc finger factors	Three-zinc finger Kruppel-related	0.4207298063297123	0.4497283805682417	0.9995000499950005	0.9954004599540046	1.0	1.0
SP5.H12CORE.0.P.B	SP5	C2H2 zinc finger factors	Three-zinc finger Kruppel-related	0.4205597543693907	0.4450289022915397	0.9994000599940006	0.9981001899810019	1.0	1.0
NPAS4.H12CORE.0.P.B	NPAS4	Basic helix-loop-helix factors (bHLH)	PAS	0.4205030703826178	0.45527463910553506	0.9993000699930007	0.9859014098590141	1.0	1.0
TAF1.H12CORE.0.P.B	TAF1	High-mobility group (HMG) domain factors	TCF7-related	0.4201487954652817	0.431502394483935	0.9993000699930007	0.9999000099990001	1.0	1.0
ZN454.H12CORE.1.SM.B	ZNF454	C2H2 zinc finger factors	More than 3 adjacent zinc fingers	0.4201228153046773	0.4411748359214568	0.9997000299970003	0.9993000699930007	1.0	1.0
KAISO.H12CORE.1.P.B	ZBTB33	C2H2 zinc finger factors	Other with up to three adjacent zinc fingers	0.41999527633443545	0.4431119151457506	0.9991000899910009	0.9985001499850015	1.0	1.0
SP2.H12CORE.0.P.D	SP2	C2H2 zinc finger factors	Three-zinc finger Kruppel-related	0.4199291450165334	0.43626730975292066	0.9992000799920008	0.9992000799920008	1.0	1.0
KMT2A.H12CORE.0.P.B	KMT2A	CXXC zinc finger factors	CpG-binding	0.41975200755786546	0.4351089984274287	0.9991000899910009	0.9997000299970003	1.0	1.0
GMEB1.H12CORE.1.P.C	GMEB1	SAND domain factors	GMEB	0.4197378365611712	0.4456838969998686	0.9989001099890011	0.9966003399660034	1.0	1.0
CR3L4.H12CORE.1.S.C	CREB3L4	Basic leucine zipper factors (bZIP)	CREB-related	0.41921114785073316	0.4516975170258689	0.9987001299870013	0.9923007699230078	1.0	1.0
HIF3A.H12CORE.1.P.C	HIF3A	Basic helix-loop-helix factors (bHLH)	PAS	0.41841284837033543	0.45421140565647294	0.9995000499950005	0.988001199880012	1.0	1.0
PAX9.H12CORE.0.SM.B	PAX9	Paired box factors	PD	0.4180632971185649	0.44138458164985517	0.9997000299970003	0.9991000899910009	1.0	1.0
GABPA.H12CORE.0.PSM.A	GABPA	Tryptophan cluster factors	Ets-related	0.417593292394899	0.4237762139541057	0.9993000699930007	1.0	1.0	1.0
GMEB2.H12CORE.0.P.C	GMEB2	SAND domain factors	GMEB	0.4174492205951825	0.4449209809859876	0.9995000499950005	0.997000299970003	1.0	1.0
ETV2.H12CORE.0.S.B	ETV2	Tryptophan cluster factors	Ets-related	0.4172744449692977	0.42049130474736257	0.9997000299970003	1.0	1.0	1.0
ZN519.H12CORE.0.P.C	ZNF519	C2H2 zinc finger factors	Multiple dispersed zinc fingers	0.417205951818611	0.43318381698742436	0.9994000599940006	0.9999000099990001	1.0	1.0
EGR1.H12CORE.0.PS.A	EGR1	C2H2 zinc finger factors	Three-zinc finger Kruppel-related	0.4171280113367972	0.43539814973814017	0.9994000599940006	0.9999000099990001	1.0	1.0
SP2.H12CORE.1.P.B	SP2	C2H2 zinc finger factors	Three-zinc finger Kruppel-related	0.4165753424657552	0.4299282920766067	0.9996000399960004	0.9999000099990001	1.0	1.0
ERG.H12CORE.1.SM.B	ERG	Tryptophan cluster factors	Ets-related	0.4164359943316032	0.42261356480325607	0.9994000599940006	1.0	1.0	1.0
PAX1.H12CORE.0.SM.B	PAX1	Paired box factors	PD	0.4156991025035435	0.4340287323029504	0.9998000199980002	0.9996000399960004	1.0	1.0
KMT2B.H12CORE.0.P.B	KMT2B	CXXC zinc finger factors	CpG-binding	0.4155101558809643	0.44805975334785525	0.9996000399960004	0.9998000199980002	1.0	1.0
ARNT.H12CORE.0.P.B	ARNT	Basic helix-loop-helix factors (bHLH)	PAS	0.41523618327822465	0.44636232662641034	0.9995000499950005	0.9972002799720028	1.0	1.0
MAX.H12CORE.0.PS.A	MAX	Basic helix-loop-helix factors (bHLH)	bHLH-ZIP	0.41503778932451735	0.4619556804815593	0.9997000299970003	0.9704029597040296	1.0	1.0
RFX1.H12CORE.2.S.C	RFX1	Fork head/winged helix factors	RFX	0.4145914029286729	0.4452339734552016	0.9999000099990001	0.9978002199780022	1.0	1.0
PAX6.H12CORE.0.PSM.A	PAX6	Paired box factors	PD+HD	0.4145748700991982	0.4401182906809684	0.9998000199980002	0.999000099990001	1.0	1.0
NPAS3.H12CORE.0.P.C	NPAS3	Basic helix-loop-helix factors (bHLH)	PAS	0.4142489371752482	0.441092666961519	0.9997000299970003	0.9986001399860014	1.0	1.0
EPAS1.H12CORE.0.P.B	EPAS1	Basic helix-loop-helix factors (bHLH)	PAS	0.4141332073689186	0.43664249937989835	0.9996000399960004	0.9995000499950005	1.0	1.0
HES7.H12CORE.0.S.B	HES7	Basic helix-loop-helix factors (bHLH)	Hairy-related	0.41405999055266934	0.4492273633286186	0.9997000299970003	0.995000499950005	1.0	1.0
HIF1A.H12CORE.0.P.B	HIF1A	Basic helix-loop-helix factors (bHLH)	PAS	0.4134175720359011	0.440975693435581	0.9998000199980002	0.9991000899910009	1.0	1.0
HES1.H12CORE.0.S.C	HES1	Basic helix-loop-helix factors (bHLH)	Hairy-related	0.41226263580538514	0.43085732429944934	0.9999000099990001	1.0	1.0	1.0
HES1.H12CORE.1.S.C	HES1	Basic helix-loop-helix factors (bHLH)	Hairy-related	0.4120595181861121	0.4427133047431948	0.9997000299970003	0.998000199980002	1.0	1.0
GMEB2.H12CORE.2.SM.B	GMEB2	SAND domain factors	GMEB	0.4118823807274449	0.4421513305116991	0.9998000199980002	0.9984001599840016	1.0	1.0
E2F3.H12CORE.1.SM.B	E2F3	Fork head/winged helix factors	E2F	0.4116556447803503	0.4357699742409374	0.9999000099990001	0.9998000199980002	1.0	1.0
GMEB1.H12CORE.2.SM.B	GMEB1	SAND domain factors	GMEB	0.4111809163911214	0.44206266562665514	0.9998000199980002	0.9985001499850015	1.0	1.0
ETV4.H12CORE.1.SM.B	ETV4	Tryptophan cluster factors	Ets-related	0.4100472366556456	0.419377645106341	0.9998000199980002	1.0	1.0	1.0
HES2.H12CORE.0.S.C	HES2	Basic helix-loop-helix factors (bHLH)	Hairy-related	0.4091544638639588	0.44548036147871956	0.9999000099990001	0.9974002599740026	1.0	1.0
NRF1.H12CORE.0.PS.A	NRF1	Uncharacterized	NRF	0.40762163438828547	0.4246447370928062	0.9999000099990001	0.9999000099990001	1.0	1.0
ZN100.H12CORE.1.P.B	ZNF100	C2H2 zinc finger factors	More than 3 adjacent zinc fingers	0.4075885687293354	0.4308200185107936	1.0	1.0	1.0	1.0
GMEB1.H12CORE.0.P.C	GMEB1	SAND domain factors	GMEB	0.4047590930562122	0.4445170134965758	1.0	0.9983001699830018	1.0	1.0
SOLH2.H12CORE.0.S.C	SOHLH2	Basic helix-loop-helix factors (bHLH)	PAS	0.4043032593292401	0.4474917094972056	0.9999000099990001	0.996000399960004	1.0	1.0
ZBTB2.H12CORE.0.SM.B	ZBTB2	C2H2 zinc finger factors	Multiple dispersed zinc fingers	0.4033585262163442	0.43661451325793177	1.0	0.9996000399960004	1.0	1.0
SPDEF.H12CORE.1.SM.B	SPDEF	Tryptophan cluster factors	Ets-related	0.40106991025035577	0.4237574143949854	0.9998000199980002	0.9999000099990001	1.0	1.0
GMEB2.H12CORE.1.P.C	GMEB2	SAND domain factors	GMEB	0.40106282475200883	0.434245851893852	1.0	0.9998000199980002	1.0	1.0
ZN407.H12CORE.0.P.B	ZNF407	C2H2 zinc finger factors	Multiple dispersed zinc fingers	0.39955125177137524	0.42656328422960726	1.0	1.0	1.0	1.0
ETV1.H12CORE.0.PSM.A	ETV1	Tryptophan cluster factors	Ets-related	0.3990836088804926	0.41464954402336157	1.0	1.0	1.0	1.0
ELK3.H12CORE.0.PSM.A	ELK3	Tryptophan cluster factors	Ets-related	0.39753188474256146	0.412045997355395	1.0	1.0	1.0	1.0
FEV.H12CORE.0.S.B	FEV	Tryptophan cluster factors	Ets-related	0.395798299480397	0.41128886160713646	1.0	1.0	1.0	1.0
ETS2.H12CORE.0.S.C	ETS2	Tryptophan cluster factors	Ets-related	0.39557156353330253	0.4134067945711084	1.0	1.0	1.0	1.0
ETS1.H12CORE.0.S.B	ETS1	Tryptophan cluster factors	Ets-related	0.39484175720359005	0.41222875764652406	1.0	1.0	1.0	1.0
E2F1.H12CORE.1.S.B	E2F1	Fork head/winged helix factors	E2F	0.39413556920170195	0.43133715588604843	1.0	0.9999000099990001	1.0	1.0
MYCN.H12CORE.1.M.C	MYCN	Basic helix-loop-helix factors (bHLH)	bHLH-ZIP	0.3931695795937654	0.4342601242680954	1.0	0.9999000099990001	1.0	1.0
ARNT2.H12CORE.1.P.B	ARNT2	Basic helix-loop-helix factors (bHLH)	PAS	0.3910817194142662	0.4229405019602108	0.9999000099990001	0.9999000099990001	1.0	1.0
HINFP.H12CORE.2.S.B	HINFP	C2H2 zinc finger factors	Multiple dispersed zinc fingers	0.3899574870099206	0.4602067705334678	1.0	0.9781021897810219	1.0	1.0
SPDEF.H12CORE.0.PSM.A	SPDEF	Tryptophan cluster factors	Ets-related	0.38724374114312715	0.4147689895626506	1.0	1.0	1.0	1.0
ELK1.H12CORE.0.PSM.A	ELK1	Tryptophan cluster factors	Ets-related	0.38340340103920734	0.4071057689600163	1.0	1.0	1.0	1.0
ZBT14.H12CORE.1.S.B	ZBTB14	C2H2 zinc finger factors	More than 3 adjacent zinc fingers	0.3826121870571576	0.4223086888764087	1.0	1.0	1.0	1.0
ELK4.H12CORE.0.PSM.A	ELK4	Tryptophan cluster factors	Ets-related	0.381171469059991	0.40512794633499	1.0	1.0	1.0	1.0
ETV5.H12CORE.0.PS.A	ETV5	Tryptophan cluster factors	Ets-related	0.3781979215871524	0.4037995465250282	1.0	1.0	1.0	1.0
