motif_id	tf_name	tf_class	tf_family	auc_roc	auc_prc	p_value_roc	p_value_prc	p_value_roc_adj	p_value_prc_adj
IRF4.H12CORE.0.P.B	IRF4	Tryptophan cluster factors	IRF	0.7096976854038742	0.7535454102187268	9.999000099990002e-05	9.999000099990002e-05	0.006273285714906771	0.006273285714906771
IRF8.H12CORE.0.P.B	IRF8	Tryptophan cluster factors	IRF	0.6916367501180926	0.742439423643163	9.999000099990002e-05	9.999000099990002e-05	0.006273285714906771	0.006273285714906771
IRF1.H12CORE.0.P.B	IRF1	Tryptophan cluster factors	IRF	0.6822224846480892	0.7405850915674359	9.999000099990002e-05	9.999000099990002e-05	0.006273285714906771	0.006273285714906771
IRF2.H12CORE.0.PSM.A	IRF2	Tryptophan cluster factors	IRF	0.6804227680680236	0.7442735436615048	9.999000099990002e-05	9.999000099990002e-05	0.006273285714906771	0.006273285714906771
STAT1.H12CORE.1.P.B	STAT1	STAT domain factors	STAT	0.6775153519130878	0.7423351000162979	9.999000099990002e-05	9.999000099990002e-05	0.006273285714906771	0.006273285714906771
STAT2.H12CORE.0.P.B	STAT2	STAT domain factors	STAT	0.677387812942847	0.7402378439890935	9.999000099990002e-05	9.999000099990002e-05	0.006273285714906771	0.006273285714906771
IRF9.H12CORE.0.PSM.A	IRF9	Tryptophan cluster factors	IRF	0.6770760510155903	0.7395971532429045	9.999000099990002e-05	9.999000099990002e-05	0.006273285714906771	0.006273285714906771
IRF8.H12CORE.1.SM.B	IRF8	Tryptophan cluster factors	IRF	0.6711053377420894	0.7366027687565876	9.999000099990002e-05	9.999000099990002e-05	0.006273285714906771	0.006273285714906771
IRF4.H12CORE.1.S.B	IRF4	Tryptophan cluster factors	IRF	0.6683230987246117	0.7126820724267697	9.999000099990002e-05	9.999000099990002e-05	0.006273285714906771	0.006273285714906771
IRF7.H12CORE.1.SM.B	IRF7	Tryptophan cluster factors	IRF	0.6678696268304234	0.7181654437020539	9.999000099990002e-05	9.999000099990002e-05	0.006273285714906771	0.006273285714906771
IRF5.H12CORE.0.SM.B	IRF5	Tryptophan cluster factors	IRF	0.6670642418516775	0.7231469309864903	9.999000099990002e-05	9.999000099990002e-05	0.006273285714906771	0.006273285714906771
IRF8.H12CORE.2.SM.B	IRF8	Tryptophan cluster factors	IRF	0.6634553613604174	0.7268822053608688	9.999000099990002e-05	9.999000099990002e-05	0.006273285714906771	0.006273285714906771
IRF3.H12CORE.0.PS.A	IRF3	Tryptophan cluster factors	IRF	0.6521445441662745	0.7127705483388804	9.999000099990002e-05	9.999000099990002e-05	0.006273285714906771	0.006273285714906771
PRDM1.H12CORE.1.PS.A	PRDM1	C2H2 zinc finger factors	More than 3 adjacent zinc fingers	0.6495819555975455	0.6542020359469818	9.999000099990002e-05	9.999000099990002e-05	0.006273285714906771	0.006273285714906771
IRF4.H12CORE.2.SM.B	IRF4	Tryptophan cluster factors	IRF	0.6448913556920197	0.6913660510521155	9.999000099990002e-05	9.999000099990002e-05	0.006273285714906771	0.006273285714906771
IRF6.H12CORE.1.S.C	IRF6	Tryptophan cluster factors	IRF	0.6399031648559301	0.6981375740434116	9.999000099990002e-05	9.999000099990002e-05	0.006273285714906771	0.006273285714906771
PRDM1.H12CORE.0.S.B	PRDM1	C2H2 zinc finger factors	More than 3 adjacent zinc fingers	0.635762871988667	0.6407062020029707	9.999000099990002e-05	9.999000099990002e-05	0.006273285714906771	0.006273285714906771
IRF7.H12CORE.0.S.B	IRF7	Tryptophan cluster factors	IRF	0.6258573452999545	0.6412992631868233	9.999000099990002e-05	9.999000099990002e-05	0.006273285714906771	0.006273285714906771
IRF6.H12CORE.0.SM.B	IRF6	Tryptophan cluster factors	IRF	0.6156967406707624	0.635839033901246	9.999000099990002e-05	9.999000099990002e-05	0.006273285714906771	0.006273285714906771
IRF3.H12CORE.1.SM.B	IRF3	Tryptophan cluster factors	IRF	0.6074633915918775	0.6113771255083309	9.999000099990002e-05	9.999000099990002e-05	0.006273285714906771	0.006273285714906771
ZN418.H12CORE.0.P.B	ZNF418	C2H2 zinc finger factors	Multiple dispersed zinc fingers	0.6014974019839431	0.5766971566915496	9.999000099990002e-05	0.0004999500049995	0.006273285714906771	0.02327186636175092
FOSB.H12CORE.0.P.B	FOSB	Basic leucine zipper factors (bZIP)	Fos-related	0.5947047709022221	0.5721914585041452	9.999000099990002e-05	0.0010998900109989002	0.006273285714906771	0.040695930406959305
FOSL1.H12CORE.0.P.B	FOSL1	Basic leucine zipper factors (bZIP)	Fos-related	0.591835144071801	0.5769829812232804	0.00019998000199980003	0.00019998000199980003	0.012023797620237977	0.011542845715428457
IRF5.H12CORE.1.S.B	IRF5	Tryptophan cluster factors	IRF	0.5898134152102037	0.60887055633121	9.999000099990002e-05	9.999000099990002e-05	0.006273285714906771	0.006273285714906771
HAND1.H12CORE.1.P.B	HAND1	Basic helix-loop-helix factors (bHLH)	Tal-related	0.5894378837978294	0.543917863725953	0.0004999500049995	0.023797620237976203	0.02327186636175092	0.2008185146397641
ZN112.H12CORE.0.P.C	ZNF112	C2H2 zinc finger factors	Multiple dispersed zinc fingers	0.586091166745396	0.5693353684118894	0.0005999400059994001	0.000999900009999	0.025462159666386302	0.040695930406959305
MAFB.H12CORE.1.P.B	MAFB	Basic leucine zipper factors (bZIP)	Maf-related	0.5853282947567344	0.5596627018486089	0.0005999400059994001	0.0028997100289971	0.025462159666386302	0.06537939956004399
STAT1.H12CORE.0.P.B	STAT1	STAT domain factors	STAT	0.5844260746339165	0.6051597422308841	0.00039996000399960006	9.999000099990002e-05	0.021375640213756403	0.006273285714906771
NFE2.H12CORE.1.SM.B	NFE2	Basic leucine zipper factors (bZIP)	Jun-related	0.5835309400094489	0.5840425222699237	0.00039996000399960006	0.00029997000299970003	0.021375640213756403	0.015459168368877398
ZN649.H12CORE.0.P.C	ZNF649	C2H2 zinc finger factors	More than 3 adjacent zinc fingers	0.5834482758620715	0.5596921196585379	0.0004999500049995	0.0026997300269973002	0.02327186636175092	0.06386410539273941
STA5A.H12CORE.0.P.B	STAT5A	STAT domain factors	STAT	0.5829452054794544	0.5761118977035398	0.00029997000299970003	0.00019998000199980003	0.017314268573142687	0.011542845715428457
TCF21.H12CORE.0.PS.A	TCF21	Basic helix-loop-helix factors (bHLH)	Tal-related	0.5815658951346275	0.5684159286606479	0.0006999300069993001	0.0014998500149985001	0.02805552778055528	0.046048586630698635
ZFP1.H12CORE.0.PSM.A	ZFP1	C2H2 zinc finger factors	More than 3 adjacent zinc fingers	0.5811242324043485	0.5633569462938535	0.0004999500049995	0.001999800019998	0.02327186636175092	0.05315784211052579
BCL6B.H12CORE.0.PSM.A	BCL6B	C2H2 zinc finger factors	More than 3 adjacent zinc fingers	0.5809022201228174	0.569746622274451	0.0005999400059994001	0.0008999100089991	0.025462159666386302	0.03819323949957945
PTF1A.H12CORE.1.PS.A	PTF1A	Basic helix-loop-helix factors (bHLH)	Tal-related	0.5805290505432227	0.5542304854431065	0.0008999100089991	0.006999300069993001	0.0332966703329667	0.1052082291770823
NR6A1.H12CORE.0.P.C	NR6A1	Nuclear receptors with C4 zinc fingers	GCNF (NR6)	0.580082664147381	0.5601718474843552	0.0008999100089991	0.0032996700329967	0.0332966703329667	0.06802034082306055
COE1.H12CORE.0.P.B	EBF1	Rel homology region (RHR) factors	EBF-related	0.5800212564950402	0.5701615402553323	0.0006999300069993001	0.0010998900109989002	0.02805552778055528	0.040695930406959305
ZIM3.H12CORE.0.P.B	ZIM3	C2H2 zinc finger factors	More than 3 adjacent zinc fingers	0.5796835144071837	0.5679784080638431	0.0004999500049995	0.0013998600139986002	0.02327186636175092	0.045909045459090456
ATOH8.H12CORE.0.P.C	ATOH8	Basic helix-loop-helix factors (bHLH)	Tal-related	0.5787789324515836	0.5654375299617991	0.000999900009999	0.0016998300169983002	0.034353707486394214	0.050058259480174436
STA5B.H12CORE.0.P.B	STAT5B	STAT domain factors	STAT	0.5787293339631566	0.5778717658800436	0.0011998800119988001	0.0006999300069993001	0.03847615238476153	0.030606030306060305
COE3.H12CORE.0.P.B	EBF3	Rel homology region (RHR) factors	EBF-related	0.5779050543221554	0.5723967855204488	0.000999900009999	0.00039996000399960006	0.034353707486394214	0.019901458130049066
ZNF85.H12CORE.0.P.B	ZNF85	C2H2 zinc finger factors	More than 3 adjacent zinc fingers	0.5775342465753455	0.5648096283134114	0.0011998800119988001	0.0022997700229977	0.03847615238476153	0.05624691768111324
JUND.H12CORE.0.PM.A	JUND	Basic leucine zipper factors (bZIP)	Jun-related	0.5770170051960348	0.5741158512907704	0.0013998600139986002	0.00029997000299970003	0.04208329167083292	0.015459168368877398
BATF3.H12CORE.0.P.B	BATF3	Basic leucine zipper factors (bZIP)	B-ATF-related	0.5763840340103927	0.5771774704143301	0.0011998800119988001	0.0004999500049995	0.03847615238476153	0.02327186636175092
ZBT16.H12CORE.0.P.B	ZBTB16	C2H2 zinc finger factors	More than 3 adjacent zinc fingers	0.5763816721776103	0.5494301937057634	0.0014998500149985001	0.0136986301369863	0.044169052482506854	0.15199548747415337
FOSL2.H12CORE.0.P.B	FOSL2	Basic leucine zipper factors (bZIP)	Fos-related	0.57571563533302	0.5669942410464229	0.0007999200079992001	0.0011998800119988001	0.031196880311968805	0.04122444898367306
ZSC21.H12CORE.0.P.C	ZSCAN21	C2H2 zinc finger factors	More than 3 adjacent zinc fingers	0.5756235238545145	0.5435103279723401	0.0015998400159984002	0.022897710228977103	0.04617138286171383	0.19667497535960687
ZNF7.H12CORE.0.P.B	ZNF7	C2H2 zinc finger factors	More than 3 adjacent zinc fingers	0.5755880963627777	0.5609162028019506	0.0013998600139986002	0.0029997000299970002	0.04208329167083292	0.0655843506558435
TAL1.H12CORE.1.P.B	TAL1	Basic helix-loop-helix factors (bHLH)	Tal-related	0.5755503070382645	0.559123002203151	0.0018998100189981002	0.004299570042995701	0.04984410649844107	0.07954204579542046
JUNB.H12CORE.0.PM.A	JUNB	Basic leucine zipper factors (bZIP)	Jun-related	0.575033065658953	0.5633278739495859	0.000999900009999	0.0017998200179982	0.034353707486394214	0.050924319332772604
ZBT44.H12CORE.0.P.C	ZBTB44	C2H2 zinc finger factors	More than 3 adjacent zinc fingers	0.5737647614548892	0.5497879007368577	0.0018998100189981002	0.013098690130986902	0.04984410649844107	0.14879449555044494
OLIG2.H12CORE.1.P.B	OLIG2	Basic helix-loop-helix factors (bHLH)	Tal-related	0.5732168162494107	0.5655106975069504	0.0012998700129987	0.0034996500349965005	0.040776357146894	0.06917801370547877
ZN33B.H12CORE.0.P.C	ZNF33B	C2H2 zinc finger factors	More than 3 adjacent zinc fingers	0.5727680680207854	0.5614215137239515	0.001999800019998	0.0030996900309969004	0.05062651629573884	0.06577724580483128
ZN317.H12CORE.0.P.B	ZNF317	C2H2 zinc finger factors	More than 3 adjacent zinc fingers	0.5724610297590946	0.5436666491699853	0.001999800019998	0.025197480251974803	0.05062651629573884	0.20777122287771224
ZN605.H12CORE.0.P.C	ZNF605	C2H2 zinc finger factors	More than 3 adjacent zinc fingers	0.5719981105337762	0.5448497282128237	0.0016998300169983002	0.0168983101689831	0.04717028297170283	0.16256174382561742
ZN440.H12CORE.0.P.C	ZNF440	C2H2 zinc finger factors	More than 3 adjacent zinc fingers	0.5719508738781324	0.5447220806854839	0.0023997600239976003	0.0197980201979802	0.05496593197823075	0.1763490317634903
PRDM4.H12CORE.0.PSM.A	PRDM4	C2H2 zinc finger factors	Multiple dispersed zinc fingers	0.5718894662257908	0.5562573730763718	0.0021997800219978004	0.0047995200479952005	0.05472900985763493	0.08147891093243617
FOS.H12CORE.0.P.B	FOS	Basic leucine zipper factors (bZIP)	Fos-related	0.5718800188946639	0.5601748985112798	0.0026997300269973002	0.004399560043995601	0.0569013521183093	0.08036158409475509
FIGLA.H12CORE.0.SM.B	FIGLA	Basic helix-loop-helix factors (bHLH)	Tal-related	0.5715729806329718	0.5527557682788493	0.0016998300169983002	0.007999200079992	0.04717028297170283	0.113165154072828
ZN136.H12CORE.0.P.B	ZNF136	C2H2 zinc finger factors	More than 3 adjacent zinc fingers	0.5714359943316035	0.5571417263397351	0.0029997000299970002	0.0045995400459954	0.05849415058494151	0.08147891093243617
MYOD1.H12CORE.1.PSM.A	MYOD1	Basic helix-loop-helix factors (bHLH)	MyoD-ASC-related	0.5709872461029776	0.547081555274688	0.0027997200279972004	0.0164983501649835	0.0569013521183093	0.16074768362089964
MEF2B.H12CORE.0.PS.A	MEF2B	MADS box factors	Regulators of differentiation	0.5705621162021731	0.5559109804356438	0.0025997400259974	0.006199380061993801	0.0569013521183093	0.09619038096190381
ASCL1.H12CORE.0.PSM.A	ASCL1	Basic helix-loop-helix factors (bHLH)	MyoD-ASC-related	0.5703920642418524	0.5599989310925306	0.0018998100189981002	0.0034996500349965005	0.04984410649844107	0.06917801370547877
TWST1.H12CORE.1.P.B	TWIST1	Basic helix-loop-helix factors (bHLH)	Tal-related	0.5702220122815335	0.556872484997983	0.0024997500249975004	0.006099390060993901	0.056361551344865514	0.09566760715232825
DDIT3.H12CORE.0.P.B	DDIT3	Basic leucine zipper factors (bZIP)	C/EBP-related	0.5700188946622593	0.5409796527751868	0.0032996700329967	0.028997100289971003	0.06183667347550959	0.22163453757717014
ZN790.H12CORE.0.P.C	ZNF790	C2H2 zinc finger factors	More than 3 adjacent zinc fingers	0.5699291450165339	0.5638183922666986	0.0030996900309969004	0.0028997100289971	0.059638036196380355	0.06537939956004399
ZN329.H12CORE.0.P.C	ZNF329	C2H2 zinc finger factors	More than 3 adjacent zinc fingers	0.5698488427019397	0.5539024996788499	0.0027997200279972004	0.007599240075992401	0.0569013521183093	0.10857132108571321
ZN134.H12CORE.0.P.C	ZNF134	C2H2 zinc finger factors	Multiple dispersed zinc fingers	0.5697425602267353	0.5606405148417569	0.0034996500349965005	0.0035996400359964	0.06334488502369275	0.06925707429257073
ZN554.H12CORE.1.P.C	ZNF554	C2H2 zinc finger factors	More than 3 adjacent zinc fingers	0.5696717052432706	0.5667535817454494	0.0022997700229977	0.0017998200179982	0.05496593197823075	0.050924319332772604
ZN285.H12CORE.0.P.C	ZNF285	C2H2 zinc finger factors	More than 3 adjacent zinc fingers	0.5695016532829491	0.5332582321760612	0.0027997200279972004	0.055094490550944904	0.0569013521183093	0.29664682785452795
ZN660.H12CORE.0.SM.B	ZNF660	C2H2 zinc finger factors	More than 3 adjacent zinc fingers	0.5694733112895622	0.547695046377711	0.0023997600239976003	0.015298470152984701	0.05496593197823075	0.15768351736254946
BATF3.H12CORE.1.P.B	BATF3	Basic leucine zipper factors (bZIP)	B-ATF-related	0.5694662257912161	0.55589597294108	0.0026997300269973002	0.0059994000599940004	0.0569013521183093	0.09566760715232825
ZN197.H12CORE.0.P.C	ZNF197	C2H2 zinc finger factors	More than 3 adjacent zinc fingers	0.5694520547945222	0.5494699882339256	0.0023997600239976003	0.012198780121987801	0.05496593197823075	0.14547801418205286
BATF.H12CORE.1.P.B	BATF	Basic leucine zipper factors (bZIP)	B-ATF-related	0.5693103448275882	0.5516813907972744	0.0026997300269973002	0.0072992700729927005	0.0569013521183093	0.10639239106392391
NR6A1.H12CORE.1.P.C	NR6A1	Nuclear receptors with C4 zinc fingers	GCNF (NR6)	0.568521492678321	0.5556217661648744	0.0035996400359964	0.0065993400659934	0.06334488502369275	0.10024050226556291
NDF2.H12CORE.0.P.B	NEUROD2	Basic helix-loop-helix factors (bHLH)	Tal-related	0.5684813415210208	0.5622356601413889	0.0022997700229977	0.0020997900209979003	0.05496593197823075	0.05315784211052579
ATOH1.H12CORE.0.P.B	ATOH1	Basic helix-loop-helix factors (bHLH)	Tal-related	0.5678979688238092	0.574873891426479	0.0035996400359964	0.0010998900109989002	0.06334488502369275	0.040695930406959305
ZN562.H12CORE.0.P.C	ZNF562	C2H2 zinc finger factors	More than 3 adjacent zinc fingers	0.5677751535191331	0.5345118025842152	0.0028997100289971	0.051794820517948204	0.05811502183115022	0.2885711428857114
NGN2.H12CORE.0.P.B	NEUROG2	Basic helix-loop-helix factors (bHLH)	Tal-related	0.5669083608880505	0.5578519138644722	0.0038996100389961006	0.0035996400359964	0.06698972959846872	0.06925707429257073
CEBPE.H12CORE.0.P.B	CEBPE	Basic leucine zipper factors (bZIP)	C/EBP-related	0.5665021256495073	0.5452970632382635	0.0034996500349965005	0.0187981201879812	0.06334488502369275	0.17060180774375394
ZFP90.H12CORE.1.P.C	ZFP90	C2H2 zinc finger factors	More than 3 adjacent zinc fingers	0.5663297118564001	0.5488658692252538	0.0035996400359964	0.013798620137986202	0.06334488502369275	0.15199548747415337
PTF1A.H12CORE.0.P.B	PTF1A	Basic helix-loop-helix factors (bHLH)	Tal-related	0.5662281530467653	0.5644201438393728	0.0029997000299970002	0.0020997900209979003	0.05849415058494151	0.05315784211052579
NF2L2.H12CORE.1.P.B	NFE2L2	Basic leucine zipper factors (bZIP)	Jun-related	0.5661761927255569	0.5564492971602261	0.0038996100389961006	0.0046995300469953	0.06698972959846872	0.08147891093243617
ZN787.H12CORE.0.M.C	ZNF787	C2H2 zinc finger factors	Multiple dispersed zinc fingers	0.5660179499291447	0.5500387434600374	0.0040995900409959	0.0115988401159884	0.06959656975478923	0.1418400532828073
ZNF79.H12CORE.0.P.C	ZNF79	C2H2 zinc finger factors	More than 3 adjacent zinc fingers	0.5655172413793133	0.5303901557047811	0.0032996700329967	0.0776922307769223	0.06183667347550959	0.3495807826624745
ZN716.H12CORE.0.P.C	ZNF716	C2H2 zinc finger factors	More than 3 adjacent zinc fingers	0.5649409541804468	0.5411337814376577	0.0058994100589941	0.030896910308969103	0.09153600768955361	0.22364263573642634
ZIC3.H12CORE.0.P.B	ZIC3	C2H2 zinc finger factors	More than 3 adjacent zinc fingers	0.5646858762399631	0.5670821590627464	0.0046995300469953	0.0012998700129987	0.07885374253272347	0.043621219273421497
NR1D1.H12CORE.0.P.B	NR1D1	Nuclear receptors with C4 zinc fingers	Thyroid hormone receptor-related	0.5638167217760983	0.5416498454437192	0.006199380061993801	0.025897410258974102	0.09318443155684432	0.2111297344841787
ZNF85.H12CORE.1.P.B	ZNF85	C2H2 zinc finger factors	More than 3 adjacent zinc fingers	0.5637080774681176	0.5453453508450373	0.006099390060993901	0.018098190180981903	0.09318443155684432	0.17051931170519313
CPEB1.H12CORE.0.S.B	CPEB1	Uncharacterized	Unannotated	0.563514407179973	0.5913319808776677	0.0051994800519948	0.00029997000299970003	0.08525965585259655	0.015459168368877398
ZN595.H12CORE.0.P.C	ZNF595	C2H2 zinc finger factors	More than 3 adjacent zinc fingers	0.563434104865377	0.5469675837168554	0.0053994600539946005	0.0164983501649835	0.08657134286571344	0.16074768362089964
TWST2.H12CORE.1.P.B	TWIST2	Basic helix-loop-helix factors (bHLH)	Tal-related	0.5633656117146929	0.5626758127041129	0.005499450054994501	0.0031996800319968005	0.08720556515776993	0.06691504762567223
PITX2.H12CORE.0.SM.B	PITX2	Homeo domain factors	Paired-related HD	0.5633112895607005	0.5393952660306206	0.006199380061993801	0.0336966303369663	0.09318443155684432	0.22896020257129218
BATF.H12CORE.0.P.B	BATF	Basic leucine zipper factors (bZIP)	B-ATF-related	0.5631790269248942	0.5662685215350748	0.0058994100589941	0.0014998500149985001	0.09153600768955361	0.046048586630698635
STAT4.H12CORE.0.P.B	STAT4	STAT domain factors	STAT	0.5631341521020329	0.5829348302991767	0.004999500049995001	9.999000099990002e-05	0.08292274220853776	0.006273285714906771
ZN547.H12CORE.0.P.B	ZNF547	C2H2 zinc finger factors	More than 3 adjacent zinc fingers	0.5631317902692496	0.5427761852678805	0.0053994600539946005	0.024997500249975	0.08657134286571344	0.2073068555213444
BACH1.H12CORE.0.P.B	BACH1	Basic leucine zipper factors (bZIP)	Jun-related	0.5625129900803036	0.5719161380362727	0.006399360063993601	0.0006999300069993001	0.09519872754992542	0.030606030306060305
ZIC2.H12CORE.0.P.B	ZIC2	C2H2 zinc finger factors	More than 3 adjacent zinc fingers	0.5623972602739734	0.5682114408765311	0.006799320067993201	0.0010998900109989002	0.09811418858114189	0.040695930406959305
BACH2.H12CORE.1.SM.B	BACH2	Basic leucine zipper factors (bZIP)	Jun-related	0.5622059518186118	0.5702759646626927	0.0072992700729927005	0.0014998500149985001	0.10326320309145555	0.046048586630698635
SOX1.H12CORE.0.S.B	SOX1	High-mobility group (HMG) domain factors	SOX-related	0.5620642418516779	0.5277162514997562	0.006799320067993201	0.09309069093090691	0.09811418858114189	0.38823660986502506
Z280A.H12CORE.0.P.B	ZNF280A	C2H2 zinc finger factors	More than 3 adjacent zinc fingers	0.5620382616910756	0.5405784657914761	0.006999300069993001	0.0332966703329667	0.099999900999999	0.22879569185938547
LYL1.H12CORE.0.P.C	LYL1	Basic helix-loop-helix factors (bHLH)	Tal-related	0.5616792631081746	0.545444676384042	0.008099190080991902	0.0202979702029797	0.1065893410658934	0.17859738416402263
HEN1.H12CORE.0.S.B	NHLH1	Basic helix-loop-helix factors (bHLH)	Tal-related	0.561216343882854	0.5556008767687269	0.006799320067993201	0.0071992800719928	0.09811418858114189	0.10639239106392391
SRF.H12CORE.0.PSM.A	SRF	MADS box factors	Responders to external signals	0.5610344827586221	0.560357654196767	0.0081991800819918	0.0029997000299970002	0.1065893410658934	0.0655843506558435
MYOD1.H12CORE.0.P.B	MYOD1	Basic helix-loop-helix factors (bHLH)	MyoD-ASC-related	0.5605266887104405	0.546294558287236	0.007599240075992401	0.019198080191980802	0.10646314009375761	0.17314268573142688
DMRTB.H12CORE.0.P.C	DMRTB1	DM-type intertwined zinc finger factors	DMRT	0.5605007085498361	0.5462841347203845	0.0084991500849915	0.018198180181981802	0.10853339444816579	0.17051931170519313
CUX1.H12CORE.2.P.C	CUX1	Homeo domain factors	HD-CUT	0.5604440245630607	0.5522223991587872	0.0081991800819918	0.0091990800919908	0.1065893410658934	0.12178231718112592
ZSC16.H12CORE.0.PSM.A	ZSCAN16	C2H2 zinc finger factors	More than 3 adjacent zinc fingers	0.5603755314123778	0.5365077831005116	0.008099190080991902	0.0466953304669533	0.1065893410658934	0.27615312239267875
NFE2.H12CORE.0.P.B	NFE2	Basic leucine zipper factors (bZIP)	Jun-related	0.5601275389702409	0.547282600674284	0.0093990600939906	0.015898410158984102	0.11447450296292686	0.15821659213389005
ZN582.H12CORE.0.P.C	ZNF582	C2H2 zinc finger factors	More than 3 adjacent zinc fingers	0.5600023618327844	0.5490020230898192	0.007999200079992	0.012398760123987601	0.1065893410658934	0.14665090867962383
ZBT26.H12CORE.0.PSM.A	ZBTB26	C2H2 zinc finger factors	More than 3 adjacent zinc fingers	0.5599716580066137	0.5300836780431396	0.007799220077992201	0.13588641135886412	0.1065893410658934	0.45285009605275045
ZN554.H12CORE.0.P.C	ZNF554	C2H2 zinc finger factors	More than 3 adjacent zinc fingers	0.5598937175248011	0.5505673765052898	0.0098990100989901	0.012898710128987101	0.11613228921010338	0.14772094219149515
FOXD3.H12CORE.0.P.C	FOXD3	Fork head/winged helix factors	FOX	0.5596905999055299	0.538249648915706	0.007899210078992101	0.0397960203979602	0.1065893410658934	0.2563645421172168
PITX1.H12CORE.1.S.B	PITX1	Homeo domain factors	Paired-related HD	0.5596457250826663	0.5505840843903469	0.009099090090990901	0.010498950104989501	0.11318954311465405	0.13184716011157505
ZN614.H12CORE.0.P.C	ZNF614	C2H2 zinc finger factors	More than 3 adjacent zinc fingers	0.5594095418044417	0.5226996932868142	0.007899210078992101	0.1394860513948605	0.1065893410658934	0.4546295370462954
BACH2.H12CORE.0.P.B	BACH2	Basic leucine zipper factors (bZIP)	Jun-related	0.5593599433160147	0.5482739544461399	0.009299070092990702	0.015198480151984802	0.11447450296292686	0.15768351736254946
ANDR.H12CORE.2.P.B	AR	Nuclear receptors with C4 zinc fingers	Steroid hormone receptors	0.5592111478507346	0.5646677494458513	0.0084991500849915	0.0020997900209979003	0.10853339444816579	0.05315784211052579
GSC.H12CORE.0.SM.B	GSC	Homeo domain factors	Paired-related HD	0.5591521020311786	0.5382773675313812	0.008599140085991401	0.034996500349965	0.10884701003583852	0.2348834883953465
ZFP3.H12CORE.0.P.C	ZFP3	C2H2 zinc finger factors	More than 3 adjacent zinc fingers	0.5590576287198877	0.5408082022559992	0.009599040095990401	0.025897410258974102	0.11447450296292686	0.2111297344841787
ZNF77.H12CORE.0.P.C	ZNF77	C2H2 zinc finger factors	More than 3 adjacent zinc fingers	0.55897496457251	0.569287918044935	0.009799020097990201	0.0011998800119988001	0.11590152460163819	0.04122444898367306
ZN134.H12CORE.1.P.C	ZNF134	C2H2 zinc finger factors	Multiple dispersed zinc fingers	0.5587742087860195	0.5423439801214387	0.0103989601039896	0.027697230276972302	0.11785157362126385	0.21565262828555853
TCF7.H12CORE.0.PSM.A	TCF7	High-mobility group (HMG) domain factors	TCF7-related	0.5587529522909802	0.5291033010416244	0.009599040095990401	0.0791920807919208	0.11447450296292686	0.3505342717262016
SOX8.H12CORE.0.PSM.A	SOX8	High-mobility group (HMG) domain factors	SOX-related	0.5586797354747313	0.535791179413288	0.010698930106989302	0.050094990500949906	0.11785157362126385	0.2857196493789356
ZFP82.H12CORE.0.P.C	ZFP82	C2H2 zinc finger factors	More than 3 adjacent zinc fingers	0.5585852621634428	0.5394529936818753	0.010498950104989501	0.034896510348965105	0.11785157362126385	0.2348834883953465
ZFP28.H12CORE.0.P.B	ZFP28	C2H2 zinc finger factors	More than 3 adjacent zinc fingers	0.5584034010392087	0.5471418397467845	0.008899110088991101	0.0165983401659834	0.11166448572534052	0.16074768362089964
MYF5.H12CORE.0.P.B	MYF5	Basic helix-loop-helix factors (bHLH)	MyoD-ASC-related	0.5582309872461053	0.5449158913011017	0.011998800119988001	0.0201979802019798	0.12279623101519635	0.17859738416402263
ZFP90.H12CORE.0.P.C	ZFP90	C2H2 zinc finger factors	More than 3 adjacent zinc fingers	0.5581790269248962	0.5395031414830278	0.012198780121987801	0.035996400359964	0.12309678123096782	0.2393677682922952
NF2L2.H12CORE.0.P.B	NFE2L2	Basic leucine zipper factors (bZIP)	Jun-related	0.5580774681152575	0.5495877491769311	0.010698930106989302	0.011498850114988501	0.11785157362126385	0.1418191514181915
NDF1.H12CORE.0.P.B	NEUROD1	Basic helix-loop-helix factors (bHLH)	Tal-related	0.5580703826169126	0.5485006632790962	0.010998900109989001	0.014498550144985502	0.12023797620237976	0.15383388131775058
BHA15.H12CORE.0.P.B	BHLHA15	Basic helix-loop-helix factors (bHLH)	Tal-related	0.5580349551251779	0.5564621978231542	0.0103989601039896	0.006099390060993901	0.11785157362126385	0.09566760715232825
ZN667.H12CORE.1.P.C	ZNF667	C2H2 zinc finger factors	More than 3 adjacent zinc fingers	0.5575247992442149	0.5456912123279786	0.0117988201179882	0.018698130186981302	0.12248703187235233	0.17060180774375394
PROP1.H12CORE.0.PSM.A	PROP1	Homeo domain factors	Paired-related HD	0.5575082664147395	0.537606864230866	0.009599040095990401	0.041995800419958006	0.11447450296292686	0.263586628350152
PITX3.H12CORE.0.SM.B	PITX3	Homeo domain factors	Paired-related HD	0.5574586679263127	0.5417654979572711	0.011998800119988001	0.0337966203379662	0.12279623101519635	0.22896020257129218
NFAC2.H12CORE.0.P.B	NFATC2	Rel homology region (RHR) factors	NFAT-related	0.5570571563533332	0.5500855199700617	0.009999000099990002	0.011898810118988102	0.11635933180875462	0.14308319168083192
ZN423.H12CORE.0.P.C	ZNF423	C2H2 zinc finger factors	Multiple dispersed zinc fingers	0.5569792158715154	0.566667347219073	0.0117988201179882	0.0018998100189981002	0.12248703187235233	0.05172501617762752
DMRT1.H12CORE.0.PS.A	DMRT1	DM-type intertwined zinc finger factors	DMRT	0.5567430325932946	0.5384653999919121	0.010498950104989501	0.0337966203379662	0.11785157362126385	0.22896020257129218
CEBPD.H12CORE.0.P.B	CEBPD	Basic leucine zipper factors (bZIP)	C/EBP-related	0.5567335852621663	0.5398932364761241	0.0105989401059894	0.0316968303169683	0.11785157362126385	0.22642834726428346
OTX2.H12CORE.0.PSM.A	OTX2	Homeo domain factors	Paired-related HD	0.5565588096362797	0.5566014593385404	0.012698730126987301	0.004199580041995801	0.12637425912581154	0.07870122078701222
ZN558.H12CORE.0.P.B	ZNF558	C2H2 zinc finger factors	More than 3 adjacent zinc fingers	0.5565304676428909	0.5617287644497894	0.011198880111988802	0.0030996900309969004	0.12059689553432716	0.06577724580483128
ZBT18.H12CORE.0.PSM.A	ZBTB18	C2H2 zinc finger factors	More than 3 adjacent zinc fingers	0.5564974019839414	0.55911714972757	0.0115988401159884	0.0034996500349965005	0.12248703187235233	0.06917801370547877
DMRTA.H12CORE.0.SM.B	DMRTA1	DM-type intertwined zinc finger factors	DMRT	0.5561785545583376	0.5466533478214983	0.012198780121987801	0.015798420157984203	0.12309678123096782	0.15821659213389005
DUXA.H12CORE.0.SM.B	DUXA	Homeo domain factors	Paired-related HD	0.55613840340104	0.5496428888798756	0.011198880111988802	0.011698830116988301	0.12059689553432716	0.14186060385558083
ZN157.H12CORE.0.P.B	ZNF157	C2H2 zinc finger factors	More than 3 adjacent zinc fingers	0.5560840812470483	0.5607947383346278	0.011398860113988602	0.0022997700229977	0.12184114921841149	0.05624691768111324
SOX17.H12CORE.2.S.C	SOX17	High-mobility group (HMG) domain factors	SOX-related	0.5558101086443095	0.5240644467207825	0.014498550144985502	0.1302869713028697	0.13674122783800052	0.4482062432054667
SOX9.H12CORE.2.S.B	SOX9	High-mobility group (HMG) domain factors	SOX-related	0.5555833726972155	0.5513535808800862	0.012698730126987301	0.009799020097990201	0.12637425912581154	0.12624987501249876
MAF.H12CORE.0.PM.A	MAF	Basic leucine zipper factors (bZIP)	Maf-related	0.5554440245630607	0.54032892274519	0.0117988201179882	0.031996800319968	0.12248703187235233	0.2273377540294751
PITX3.H12CORE.1.S.B	PITX3	Homeo domain factors	Paired-related HD	0.5551440717997173	0.5345977059306548	0.014198580141985802	0.05169483051694831	0.13568576917142725	0.2885711428857114
RARA.H12CORE.2.P.B	RARA	Nuclear receptors with C4 zinc fingers	Thyroid hormone receptor-related	0.5548464808691551	0.5366264183516142	0.014498550144985502	0.0486951304869513	0.13674122783800052	0.28106829317068294
TBX4.H12CORE.0.PS.A	TBX4	T-Box factors	TBX2-related	0.55480869154464	0.5342233429164146	0.014698530146985302	0.058994100589941006	0.13683857420709544	0.30403031125458885
MAFF.H12CORE.0.PSM.A	MAFF	Basic leucine zipper factors (bZIP)	Maf-related	0.5547543693906498	0.5312097682052397	0.015898410158984102	0.0746925307469253	0.14428557144285573	0.3430790254307903
MYOG.H12CORE.0.PSM.A	MYOG	Basic helix-loop-helix factors (bHLH)	MyoD-ASC-related	0.5544851204534749	0.5226485688037525	0.013898610138986101	0.14178582141785823	0.13551144885511449	0.45483398679999554
CUX1.H12CORE.1.S.B	CUX1	Homeo domain factors	HD-CUT	0.5544803967879076	0.5535508804502488	0.014098590140985901	0.007399260073992601	0.13562843715628436	0.10677132286771322
ZN621.H12CORE.0.P.C	ZNF621	C2H2 zinc finger factors	More than 3 adjacent zinc fingers	0.5544237128011346	0.5390462999376006	0.016798320167983202	0.0382961703829617	0.14601354235833902	0.2478088514018553
NKX25.H12CORE.1.P.B	NKX2-5	Homeo domain factors	NK-related	0.5543292394898445	0.5627806518329626	0.013498650134986502	0.0018998100189981002	0.13250715744752056	0.05172501617762752
ASCL2.H12CORE.0.PSM.A	ASCL2	Basic helix-loop-helix factors (bHLH)	MyoD-ASC-related	0.5542205951818621	0.564419082716741	0.016798320167983202	0.0058994100589941	0.14601354235833902	0.09564998556324142
MEF2D.H12CORE.0.PS.A	MEF2D	MADS box factors	Regulators of differentiation	0.5541757203590014	0.5414935318812306	0.014898510148985102	0.029797020297970205	0.1378112188781122	0.22163453757717014
NFIB.H12CORE.0.PSM.A	NFIB	SMAD/NF-1 DNA-binding domain factors	NF-1	0.5541544638639603	0.5632176362702039	0.015998400159984	0.0027997200279972004	0.14428557144285573	0.06516122581290258
MEF2C.H12CORE.0.P.B	MEF2C	MADS box factors	Regulators of differentiation	0.5541355692017038	0.5413397877177074	0.0168983101689831	0.0313968603139686	0.14601354235833902	0.22540134046296859
ITF2.H12CORE.1.PSM.A	TCF4	Basic helix-loop-helix factors (bHLH)	E2A	0.5539560699102513	0.5325464713414657	0.0160983901609839	0.059694030596940305	0.14428557144285573	0.3054556246503009
ZN528.H12CORE.0.P.B	ZNF528	C2H2 zinc finger factors	More than 3 adjacent zinc fingers	0.5538781294284386	0.5512983636112738	0.013398660133986601	0.0093990600939906	0.13242648337905935	0.1232985792329858
ZN567.H12CORE.0.P.C	ZNF567	C2H2 zinc finger factors	More than 3 adjacent zinc fingers	0.5536159659896086	0.5511487294094323	0.0173982601739826	0.0105989401059894	0.1485543753316976	0.13184716011157505
ZN433.H12CORE.0.P.C	ZNF433	C2H2 zinc finger factors	More than 3 adjacent zinc fingers	0.5535521965044882	0.5403174816317161	0.0163983601639836	0.0332966703329667	0.14601354235833902	0.22879569185938547
ZN382.H12CORE.0.P.B	ZNF382	C2H2 zinc finger factors	Multiple dispersed zinc fingers	0.5535309400094488	0.5344845215337418	0.014598540145985401	0.0575942405759424	0.1367902170821879	0.30107241983382893
CEBPB.H12CORE.0.P.B	CEBPB	Basic leucine zipper factors (bZIP)	C/EBP-related	0.5535238545111024	0.5348699941729379	0.0164983501649835	0.051994800519948	0.14601354235833902	0.2885711428857114
MAFK.H12CORE.0.PS.A	MAFK	Basic leucine zipper factors (bZIP)	Maf-related	0.5533750590458218	0.5356481688897328	0.0156984301569843	0.048595140485951406	0.1442855714428557	0.28106829317068294
Z585A.H12CORE.0.P.C	ZNF585A	C2H2 zinc finger factors	More than 3 adjacent zinc fingers	0.5533726972130386	0.5403060063883883	0.017298270172982702	0.030796920307969204	0.1485543753316976	0.22364263573642634
FOXM1.H12CORE.0.P.B	FOXM1	Fork head/winged helix factors	FOX	0.5533561643835635	0.5531243126600982	0.014098590140985901	0.009599040095990401	0.13562843715628436	0.12478752124787522
FOXB1.H12CORE.0.SM.B	FOXB1	Fork head/winged helix factors	FOX	0.5531270666036873	0.5292600907749884	0.017598240175982403	0.08489151084891511	0.149378003376133	0.3645787206993586
NFIC.H12CORE.0.PSM.A	NFIC	SMAD/NF-1 DNA-binding domain factors	NF-1	0.5529806329711855	0.5574408673505117	0.016698330166983303	0.005499450054994501	0.14601354235833902	0.09017848215178483
ZBT42.H12CORE.0.P.C	ZBTB42	C2H2 zinc finger factors	More than 3 adjacent zinc fingers	0.5528979688238096	0.5509028216459501	0.020997900209979003	0.012698730126987301	0.17022455057865	0.14772094219149515
ZSA5C.H12CORE.0.P.C	ZSCAN5C	C2H2 zinc finger factors	More than 3 adjacent zinc fingers	0.5524940954180458	0.5346538216998824	0.0182981701829817	0.052894710528947106	0.1544108747020035	0.2913246843254606
MUSC.H12CORE.0.SM.B	MSC	Basic helix-loop-helix factors (bHLH)	Tal-related	0.5523783656117163	0.5346752481839845	0.0192980701929807	0.05679432056794321	0.16096598432642284	0.30107241983382893
TWST1.H12CORE.0.P.B	TWIST1	Basic helix-loop-helix factors (bHLH)	Tal-related	0.5523547472838957	0.5367780233457006	0.020997900209979003	0.044795520447955206	0.17022455057865	0.27159636977478724
DMTA2.H12CORE.0.SM.B	DMRTA2	DM-type intertwined zinc finger factors	DMRT	0.5519839395370817	0.5479827988729967	0.0187981201879812	0.014498550144985502	0.15770748506544693	0.15383388131775058
PRD16.H12CORE.0.P.B	PRDM16	C2H2 zinc finger factors	Multiple dispersed zinc fingers	0.5519650448748245	0.5473752436264153	0.015998400159984	0.015298470152984701	0.14428557144285573	0.15768351736254946
ZN549.H12CORE.0.P.B	ZNF549	C2H2 zinc finger factors	More than 3 adjacent zinc fingers	0.5519579593764773	0.5380215527986308	0.021497850214978503	0.042195780421957804	0.1733038986604133	0.263586628350152
MYB.H12CORE.0.P.B	MYB	Tryptophan cluster factors	Myb/SANT domain	0.5516863486065199	0.5258347254137155	0.019998000199980003	0.11078892110788921	0.16584548441707553	0.42784144045488504
NFAC1.H12CORE.0.P.B	NFATC1	Rel homology region (RHR) factors	NFAT-related	0.5512564950401533	0.5245627453098888	0.020497950204979503	0.11988801119888011	0.16902024083305955	0.43503187369705243
FOXA2.H12CORE.0.PSM.A	FOXA2	Fork head/winged helix factors	FOX	0.5510533774208797	0.5386726211039995	0.022297770222977704	0.0402959704029597	0.17875379128753793	0.2584314901843149
ZN664.H12CORE.0.P.C	ZNF664	C2H2 zinc finger factors	More than 3 adjacent zinc fingers	0.5510392064241859	0.5664578228083218	0.0207979202079792	0.0011998800119988001	0.17022455057865	0.04122444898367306
SMAD2.H12CORE.1.P.B	SMAD2	SMAD/NF-1 DNA-binding domain factors	SMAD	0.5508053849787446	0.5378638749990188	0.022497750224977502	0.044295570442955706	0.17897718424878822	0.2714525157653726
HEN2.H12CORE.0.SM.B	NHLH2	Basic helix-loop-helix factors (bHLH)	Tal-related	0.5507368918280582	0.5546960120853163	0.0226977302269773	0.0064993500649935	0.17897718424878822	0.09977193769984703
SP9.H12CORE.0.P.B	SP9	C2H2 zinc finger factors	Three-zinc finger Kruppel-related	0.5500047236655673	0.5239036433387091	0.0226977302269773	0.12708729127087293	0.17897718424878822	0.44728527147285274
PRGR.H12CORE.0.P.B	PGR	Nuclear receptors with C4 zinc fingers	Steroid hormone receptors	0.549943316013228	0.556995967609285	0.023697630236976304	0.005499450054994501	0.18484151584841516	0.09017848215178483
GLIS3.H12CORE.0.P.C	GLIS3	C2H2 zinc finger factors	More than 3 adjacent zinc fingers	0.5497472838923013	0.5659734912810914	0.023697630236976304	0.0015998400159984002	0.18484151584841516	0.048095190480951906
SIX1.H12CORE.0.P.B	SIX1	Homeo domain factors	HD-SINE	0.5494567784600871	0.5172152190820548	0.023897610238976102	0.2054794520547945	0.1849618229666395	0.5524229699935035
ZN529.H12CORE.0.P.B	ZNF529	C2H2 zinc finger factors	More than 3 adjacent zinc fingers	0.5491544638639586	0.5332145192311846	0.0263973602639736	0.06629337066293371	0.19534046595340465	0.32101118747185686
ZNF26.H12CORE.0.P.B	ZNF26	C2H2 zinc finger factors	More than 3 adjacent zinc fingers	0.5490623523854525	0.5420688108616255	0.026797320267973202	0.029697030296970302	0.1962869702877428	0.22163453757717014
CRX.H12CORE.0.PSM.A	CRX	Homeo domain factors	Paired-related HD	0.5490623523854522	0.5516992391448767	0.023997600239976002	0.0086991300869913	0.1849618229666395	0.11842306335404194
PPARD.H12CORE.0.PSM.A	PPARD	Nuclear receptors with C4 zinc fingers	Thyroid hormone receptor-related	0.5489159187529514	0.5359764412852794	0.024697530246975304	0.047495250474952504	0.18757124287571245	0.27973733238921006
JUN.H12CORE.0.P.B	JUN	Basic leucine zipper factors (bZIP)	Jun-related	0.5488049126121892	0.5518915322170832	0.024397560243975602	0.0105989401059894	0.18627343614844866	0.13184716011157505
RHXF1.H12CORE.0.SM.B	RHOXF1	Homeo domain factors	Paired-related HD	0.5486702881436013	0.5437747505487518	0.0287971202879712	0.023497650234976502	0.20673753520170368	0.19945358405335936
FOXJ2.H12CORE.1.SM.B	FOXJ2	Fork head/winged helix factors	FOX	0.5483656117146908	0.535128093724779	0.025897410258974102	0.051794820517948204	0.19534046595340465	0.2885711428857114
HAND2.H12CORE.1.P.B	HAND2	Basic helix-loop-helix factors (bHLH)	Tal-related	0.5483207368918295	0.5133936853756391	0.026797320267973202	0.25547445255474455	0.1962869702877428	0.6059521707403728
NF2L1.H12CORE.0.P.B	NFE2L1	Basic leucine zipper factors (bZIP)	Jun-related	0.5483065658951378	0.5409120073045245	0.0263973602639736	0.027497250274972504	0.19534046595340465	0.21565262828555853
SOX2.H12CORE.3.S.B	SOX2	High-mobility group (HMG) domain factors	SOX-related	0.5482971185640073	0.5494689156364067	0.0240975902409759	0.012798720127987202	0.1849618229666395	0.14772094219149515
ZN274.H12CORE.2.P.B	ZNF274	C2H2 zinc finger factors	More than 3 adjacent zinc fingers	0.548235710911671	0.5287304351470079	0.026297370262973702	0.09269073092690731	0.19534046595340465	0.3876890571812384
PPARG.H12CORE.0.P.B	PPARG	Nuclear receptors with C4 zinc fingers	Thyroid hormone receptor-related	0.5480325932923946	0.5411651168124956	0.027597240275972403	0.029497050294970503	0.20112534201125343	0.22163453757717014
FOXA3.H12CORE.0.PS.A	FOXA3	Fork head/winged helix factors	FOX	0.5477775153519133	0.533986564000813	0.0263973602639736	0.058394160583941604	0.19534046595340465	0.30310350259938035
GLIS1.H12CORE.1.P.B	GLIS1	C2H2 zinc finger factors	More than 3 adjacent zinc fingers	0.5476783183750611	0.5544378366953143	0.028697130286971302	0.008599140085991401	0.20673753520170368	0.11817675375319611
ZN248.H12CORE.0.P.B	ZNF248	C2H2 zinc finger factors	Multiple dispersed zinc fingers	0.547567312234296	0.5214028611812545	0.0306969303069693	0.15798420157984203	0.21502752637357622	0.4819687164475942
ZIC1.H12CORE.1.M.B	ZIC1	C2H2 zinc finger factors	More than 3 adjacent zinc fingers	0.5475295229097777	0.5595812057940246	0.028997100289971003	0.0044995500449955	0.20714265207142651	0.08116063393660634
HMGA1.H12CORE.0.P.B	HMGA1	A.T hook factors	HMGA	0.5472295701464353	0.5327767465550953	0.028597140285971403	0.0690930906909309	0.20673753520170368	0.32999967329999674
MAFK.H12CORE.1.P.B	MAFK	Basic leucine zipper factors (bZIP)	Maf-related	0.5467808219178101	0.5394364599919207	0.032096790320967905	0.0380961903809619	0.22055080206265087	0.24762523747625237
ZNF35.H12CORE.0.P.C	ZNF35	C2H2 zinc finger factors	More than 3 adjacent zinc fingers	0.5466013226263602	0.5311308448870892	0.0344965503449655	0.0741925807419258	0.2262660097626601	0.3430790254307903
SP7.H12CORE.0.P.B	SP7	C2H2 zinc finger factors	Three-zinc finger Kruppel-related	0.5464407179971651	0.5245988069815954	0.033096690330966905	0.1260873912608739	0.22384490522910325	0.44629507637471544
TBX5.H12CORE.2.S.B	TBX5	T-Box factors	TBX2-related	0.5464383561643829	0.5398276310155966	0.0337966203379662	0.0362963703629637	0.22503254261729788	0.24025533226493864
RARA.H12CORE.3.P.B	RARA	Nuclear receptors with C4 zinc fingers	Thyroid hormone receptor-related	0.5463108171941431	0.542769961287314	0.0313968603139686	0.0230976902309769	0.21781571842815717	0.19721873966449507
ZN510.H12CORE.1.P.C	ZNF510	C2H2 zinc finger factors	Multiple dispersed zinc fingers	0.546251771374589	0.5293533537708197	0.030296970302969704	0.07839216078392161	0.21396494496891774	0.3495807826624745
CEBPG.H12CORE.2.P.B	CEBPG	Basic leucine zipper factors (bZIP)	C/EBP-related	0.5462399622106772	0.5216188787820356	0.033096690330966905	0.15628437156284372	0.22384490522910325	0.47880753325941294
TEAD4.H12CORE.1.P.B	TEAD4	TEA domain factors	TEF1-related	0.5461218705715644	0.5295502277846678	0.033996600339966	0.0862913708629137	0.22503254261729788	0.3673110565049689
ZN782.H12CORE.0.P.C	ZNF782	C2H2 zinc finger factors	More than 3 adjacent zinc fingers	0.5460037789324522	0.5379463810678198	0.035396460353964605	0.0410958904109589	0.2293109974716814	0.2612395148150383
SMAD3.H12CORE.1.P.B	SMAD3	SMAD/NF-1 DNA-binding domain factors	SMAD	0.5459896079357599	0.5513508376640396	0.030396960303969604	0.009999000099990002	0.21396494496891774	0.12768634640960683
HSF1.H12CORE.0.PSM.A	HSF1	Heat shock factors	HSF	0.5459825224374112	0.5453221977535041	0.0331966803319668	0.0197980201979802	0.22384490522910325	0.1763490317634903
MEF2A.H12CORE.0.P.B	MEF2A	MADS box factors	Regulators of differentiation	0.5459707132735023	0.5344900950410111	0.031096890310968902	0.05399460053994601	0.21677687303733392	0.2951295779512958
LMX1B.H12CORE.2.S.B	LMX1B	Homeo domain factors	HD-LIM	0.5459589041095905	0.5365793635496632	0.030296970302969704	0.045495450454954504	0.21396494496891774	0.27187694453695127
PHX2B.H12CORE.0.PSM.A	PHOX2B	Homeo domain factors	Paired-related HD	0.5458880491261235	0.5378906304387758	0.032096790320967905	0.03799620037996201	0.22055080206265087	0.24762523747625237
PPARA.H12CORE.0.P.B	PPARA	Nuclear receptors with C4 zinc fingers	Thyroid hormone receptor-related	0.5456943788379784	0.5388848992154449	0.033996600339966	0.0377962203779622	0.22503254261729788	0.24762523747625237
TFAP4.H12CORE.0.PSM.A	TFAP4	Basic helix-loop-helix factors (bHLH)	bHLH-ZIP	0.5456825696740688	0.5381336051486837	0.035596440355964404	0.0420957904209579	0.2293109974716814	0.263586628350152
LMX1B.H12CORE.0.P.C	LMX1B	Homeo domain factors	HD-LIM	0.5456495040151162	0.5318673874377766	0.032596740325967405	0.1095890410958904	0.22292462696858276	0.4254872899806793
ZN766.H12CORE.0.P.B	ZNF766	C2H2 zinc finger factors	More than 3 adjacent zinc fingers	0.5454298535663697	0.5246188960558005	0.033396660333966606	0.11918808119188082	0.22414595749727356	0.43503187369705243
MAFB.H12CORE.0.PS.A	MAFB	Basic leucine zipper factors (bZIP)	Maf-related	0.5452290977798783	0.5276217549971687	0.034896510348965105	0.098990100989901	0.22785368521971333	0.4012435835068178
SOX2.H12CORE.2.S.B	SOX2	High-mobility group (HMG) domain factors	SOX-related	0.5452290977798773	0.5446719994403152	0.0342965703429657	0.0170982901709829	0.2259815114378973	0.1633962431571412
NR1D2.H12CORE.0.P.B	NR1D2	Nuclear receptors with C4 zinc fingers	Thyroid hormone receptor-related	0.5448937175248012	0.5394985171745019	0.036196380361963806	0.0352964703529647	0.23111228700138836	0.2358000311080003
ZN652.H12CORE.0.PS.A	ZNF652	C2H2 zinc finger factors	More than 3 adjacent zinc fingers	0.5448889938592365	0.5142574322889737	0.0354964503549645	0.24967503249675033	0.2293109974716814	0.5972084910714227
TEAD1.H12CORE.1.P.C	TEAD1	TEA domain factors	TEF1-related	0.5447638167217779	0.5246406901969916	0.0357964203579642	0.12238776122387761	0.22957437589574375	0.43967618163556776
TAL1.H12CORE.2.P.B	TAL1	Basic helix-loop-helix factors (bHLH)	Tal-related	0.544596126594239	0.5335063965696721	0.037896210378962104	0.058894110588941104	0.23879577107791405	0.30403031125458885
STAT6.H12CORE.0.P.B	STAT6	STAT domain factors	STAT	0.5445323571091186	0.5507908298877918	0.0380961903809619	0.008599140085991401	0.23901218573794794	0.11817675375319611
NFIX.H12CORE.0.SM.B	NFIX	SMAD/NF-1 DNA-binding domain factors	NF-1	0.5443008974964582	0.5592290799978556	0.0377962203779622	0.0036996300369963003	0.23879577107791405	0.07024429136033765
ZN664.H12CORE.1.P.C	ZNF664	C2H2 zinc finger factors	More than 3 adjacent zinc fingers	0.5442985356636783	0.5570938396273234	0.036896310368963105	0.0046995300469953	0.23454350600182272	0.08147891093243617
ZN680.H12CORE.0.P.B	ZNF680	C2H2 zinc finger factors	More than 3 adjacent zinc fingers	0.5442701936702895	0.5416471781328088	0.0390960903909609	0.027497250274972504	0.23966077968474342	0.21565262828555853
CEBPA.H12CORE.0.P.B	CEBPA	Basic leucine zipper factors (bZIP)	C/EBP-related	0.5442300425129925	0.5318292991947927	0.0413958604139586	0.0633936606339366	0.24700739802562952	0.31516302294685206
HXC9.H12CORE.0.P.B	HOXC9	Homeo domain factors	HOX-related	0.544211147850734	0.5250533587614229	0.03899610038996101	0.11968803119688032	0.23966077968474342	0.43503187369705243
GFI1B.H12CORE.1.S.C	GFI1B	C2H2 zinc finger factors	More than 3 adjacent zinc fingers	0.5440434577231945	0.5155104147261448	0.0395960403959604	0.23597640235976403	0.2410847522842652	0.5800919056305612
ZN550.H12CORE.0.P.C	ZNF550	C2H2 zinc finger factors	More than 3 adjacent zinc fingers	0.5440198393953726	0.5220234736527805	0.039196080391960805	0.14978502149785022	0.23966077968474342	0.46986910004651716
SIX2.H12CORE.0.P.B	SIX2	Homeo domain factors	HD-SINE	0.5438001889466229	0.5173609512519854	0.04229577042295771	0.19968003199680032	0.24810079967612997	0.5457164510821645
CUX2.H12CORE.1.SM.B	CUX2	Homeo domain factors	HD-CUT	0.5437529522909789	0.5330732702138158	0.03849615038496151	0.06379362063793621	0.23966077968474342	0.31516302294685206
ZNF90.H12CORE.0.P.C	ZNF90	C2H2 zinc finger factors	More than 3 adjacent zinc fingers	0.5436844591402925	0.5412198104226272	0.0402959704029597	0.030396960303969604	0.24431548441794473	0.22364263573642634
FOXD3.H12CORE.1.S.B	FOXD3	Fork head/winged helix factors	FOX	0.5436206896551732	0.5220538774320076	0.043795620437956206	0.1476852314768523	0.2517811963823538	0.4653052162032705
SPIB.H12CORE.0.P.B	SPIB	Tryptophan cluster factors	Ets-related	0.5434482758620706	0.5640872166039966	0.0430956904309569	0.0026997300269973002	0.25176955988611666	0.06386410539273941
LMX1B.H12CORE.1.SM.B	LMX1B	Homeo domain factors	HD-LIM	0.5434270193670296	0.5421663841492627	0.0413958604139586	0.026197380261973803	0.24700739802562952	0.21118893697222457
SKOR1.H12CORE.0.M.C	SKOR1	Uncharacterized	Unannotated	0.5433089277279194	0.5257162073232222	0.0433956604339566	0.11838816118388161	0.2517811963823538	0.43503187369705243
ZNF24.H12CORE.0.P.B	ZNF24	C2H2 zinc finger factors	More than 3 adjacent zinc fingers	0.5432994803967871	0.521233280258187	0.0448955104489551	0.15758424157584242	0.2550559904639457	0.4817670775295352
FOXP1.H12CORE.0.PS.A	FOXP1	Fork head/winged helix factors	FOX	0.543275862068968	0.524593309883242	0.039196080391960805	0.13358664133586642	0.23966077968474342	0.44862746283511185
TF7L2.H12CORE.0.P.B	TCF7L2	High-mobility group (HMG) domain factors	TCF7-related	0.5432593292394914	0.5232893646235525	0.0415958404159584	0.13508649135086492	0.24700739802562952	0.45227333415150367
HXA9.H12CORE.0.P.B	HOXA9	Homeo domain factors	HOX-related	0.5432168162494093	0.513178287587844	0.0405959404059594	0.2623737626237376	0.24510435985690132	0.6146190575747621
CEBPG.H12CORE.0.P.B	CEBPG	Basic leucine zipper factors (bZIP)	C/EBP-related	0.5430184222957031	0.5270207901531765	0.039196080391960805	0.0958904109589041	0.23966077968474342	0.393096201743462
ETV7.H12CORE.1.P.C	ETV7	Tryptophan cluster factors	Ets-related	0.5427822390174777	0.5763513398227658	0.0418958104189581	0.07329267073292671	0.24734669390203837	0.3430790254307903
CREB5.H12CORE.0.P.B	CREB5	Basic leucine zipper factors (bZIP)	Jun-related	0.5427633443552203	0.5466964996312655	0.041995800419958006	0.0164983501649835	0.24734669390203837	0.16074768362089964
ZN821.H12CORE.0.SM.B	ZN821	Uncharacterized	Unannotated	0.5426995748701001	0.5465146266869254	0.04459554044595541	0.017698230176982303	0.2549235195057569	0.1680167509564833
NR1I3.H12CORE.0.P.B	NR1I3	Nuclear receptors with C4 zinc fingers	Thyroid hormone receptor-related	0.5426901275389717	0.5484211586436035	0.0456954304569543	0.014498550144985502	0.25657006283807415	0.15383388131775058
TBX20.H12CORE.2.SM.B	TBX20	T-Box factors	TBX1-related	0.5426806802078442	0.5268878675245571	0.043495650434956505	0.10118988101189881	0.2517811963823538	0.4060035663100357
HAND2.H12CORE.0.P.B	HAND2	Basic helix-loop-helix factors (bHLH)	Tal-related	0.5425862068965529	0.5360877174223652	0.043695630436956304	0.04559544045595441	0.2517811963823538	0.27187694453695127
ZN790.H12CORE.1.P.C	ZNF790	C2H2 zinc finger factors	More than 3 adjacent zinc fingers	0.5425862068965525	0.524520086497107	0.045295470452954706	0.13888611138886112	0.2553178275922408	0.4546295370462954
HNF1A.H12CORE.0.PS.A	HNF1A	Homeo domain factors	POU	0.5423004251299011	0.5305696578447425	0.04739526047395261	0.08089191080891911	0.26304369563043695	0.355875083223385
HSF4.H12CORE.0.SM.B	HSF4	Heat shock factors	HSF	0.5422909777987737	0.5405363841015275	0.04609539046095391	0.0332966703329667	0.25781259083393987	0.22879569185938547
HNF1B.H12CORE.1.P.D	HNF1B	Homeo domain factors	POU	0.5421941426547007	0.5282266047285724	0.047795220477952205	0.09219078092190781	0.26424713850454035	0.38671888625090983
MAFA.H12CORE.1.M.C	MAFA	Basic leucine zipper factors (bZIP)	Maf-related	0.5421539914974033	0.5329635632650678	0.049295070492950704	0.06569343065693431	0.2704668696628436	0.32025547445255476
NKX63.H12CORE.0.SM.B	NKX6-3	Homeo domain factors	NK-related	0.5421091166745403	0.5274093764157108	0.0446955304469553	0.10008999100089991	0.2549235195057569	0.4045654258103601
RARG.H12CORE.0.P.B	RARG	Nuclear receptors with C4 zinc fingers	Thyroid hormone receptor-related	0.5419697685403878	0.5394175920086048	0.0415958404159584	0.030896910308969103	0.24700739802562952	0.22364263573642634
HXA9.H12CORE.2.P.B	HOXA9	Homeo domain factors	HOX-related	0.5418186112423248	0.5337874263182175	0.05039496050394961	0.05779422057794221	0.2713430149522361	0.30107241983382893
MAFF.H12CORE.1.PSM.A	MAFF	Basic leucine zipper factors (bZIP)	Maf-related	0.5417335852621672	0.520627580166384	0.04889511048895111	0.1618838116188381	0.2692963528074674	0.4897239835764851
MAFK.H12CORE.2.S.B	MAFK	Basic leucine zipper factors (bZIP)	Maf-related	0.5416107699574887	0.5276097375477411	0.049795020497950204	0.09769023097690231	0.2713430149522361	0.39749658836933216
FOXH1.H12CORE.0.P.B	FOXH1	Fork head/winged helix factors	FOX	0.541584789796883	0.5554105414274609	0.04689531046895311	0.0053994600539946005	0.2612738726127387	0.09017848215178483
NFAC3.H12CORE.1.P.C	NFATC3	Rel homology region (RHR) factors	NFAT-related	0.5415446386395844	0.5198899607821906	0.050594940505949405	0.22857714228577142	0.27140706003749066	0.5716409294945722
PO3F2.H12CORE.0.P.B	POU3F2	Homeo domain factors	POU	0.5412683042040651	0.5410060248042865	0.0451954804519548	0.029197080291970802	0.2553178275922408	0.22163453757717014
ZN250.H12CORE.0.P.C	ZNF250	C2H2 zinc finger factors	More than 3 adjacent zinc fingers	0.5412234293812025	0.5091388669999133	0.04999500049995	0.32696730326967305	0.2713430149522361	0.6859856165546235
SCRT2.H12CORE.0.PSM.A	SCRT2	C2H2 zinc finger factors	More than 3 adjacent zinc fingers	0.5411856400566853	0.5442740229395902	0.051594840515948405	0.0216978302169783	0.2722468629049504	0.18861427110301018
MIXL1.H12CORE.0.SM.B	MIXL1	Homeo domain factors	Paired-related HD	0.5411006140765241	0.5313713580246895	0.051594840515948405	0.07489251074892511	0.2722468629049504	0.3430790254307903
MYF6.H12CORE.0.SM.B	MYF6	Basic helix-loop-helix factors (bHLH)	MyoD-ASC-related	0.5410250354274924	0.5205916337637573	0.05169483051694831	0.16398360163983602	0.2722468629049504	0.49195080491950804
NKX61.H12CORE.2.S.B	NKX6-1	Homeo domain factors	NK-related	0.5409352857817664	0.5321729974782385	0.050794920507949204	0.063993600639936	0.2714706307147063	0.31516302294685206
RHXF2.H12CORE.0.SM.B	RHOXF2	Homeo domain factors	Paired-related HD	0.5408101086443076	0.5340394096747016	0.050294970502949704	0.051794820517948204	0.2713430149522361	0.2885711428857114
BARX2.H12CORE.0.SM.B	BARX2	Homeo domain factors	NK-related	0.5405715635333039	0.5308225686915378	0.05039496050394961	0.0724927507249275	0.2713430149522361	0.340739541681011
PRRX2.H12CORE.1.S.B	PRRX2	Homeo domain factors	Paired-related HD	0.540410958904112	0.5464734256376234	0.05699430056994301	0.0184981501849815	0.28656019415480055	0.17060180774375394
PAX4.H12CORE.1.S.C	PAX4	Paired box factors	PD+HD	0.5403802550779416	0.5373217985402992	0.05269473052694731	0.04559544045595441	0.27650362236503623	0.27187694453695127
SATB1.H12CORE.0.P.B	SATB1	Homeo domain factors	HD-CUT	0.5403755314123782	0.5197481418976206	0.051294870512948704	0.17128287171282872	0.2722468629049504	0.5044105793502283
HTF4.H12CORE.0.PSM.A	TCF12	Basic helix-loop-helix factors (bHLH)	E2A	0.5403259329239496	0.5435807089254646	0.054094590540945904	0.026697330266973303	0.2808690661182992	0.214023597640236
PO3F3.H12CORE.1.P.C	POU3F3	Homeo domain factors	POU	0.5403070382616934	0.524386337779609	0.05469453054694531	0.125987401259874	0.2808690661182992	0.44629507637471544
REL.H12CORE.0.P.B	REL	Rel homology region (RHR) factors	NFkappaB-related	0.5403070382616915	0.5298990869847553	0.058694130586941305	0.08149185081491851	0.2866213378662134	0.35634163856341644
FOXA1.H12CORE.1.S.C	FOXA1	Fork head/winged helix factors	FOX	0.5402881435994339	0.5361212807787091	0.05579442055794421	0.050994900509949	0.2834906650180053	0.2885711428857114
HXA1.H12CORE.1.S.B	HOXA1	Homeo domain factors	HOX-related	0.5402716107699581	0.5290226988141434	0.05419458054194581	0.0897910208979102	0.2808690661182992	0.3799661089609514
ZN362.H12CORE.0.P.C	ZNF362	C2H2 zinc finger factors	More than 3 adjacent zinc fingers	0.5402527161077018	0.5259134468610931	0.0560943905609439	0.12618738126187382	0.2840147564190949	0.44629507637471544
COE2.H12CORE.0.P.B	EBF2	Rel homology region (RHR) factors	EBF-related	0.5402220122815323	0.5285809395795084	0.05549445055494451	0.09069093090690931	0.2834727127993914	0.38265208566862613
ZN317.H12CORE.1.P.B	ZNF317	C2H2 zinc finger factors	More than 3 adjacent zinc fingers	0.54018894662258	0.5121188120575886	0.058694130586941305	0.27507249275072493	0.2866213378662134	0.6295478942671772
FOXA2.H12CORE.1.SM.B	FOXA2	Fork head/winged helix factors	FOX	0.5399433160132262	0.518441907983088	0.057694230576942306	0.19408059194080593	0.2866213378662134	0.5382431164149359
ZN124.H12CORE.0.P.C	ZNF124	C2H2 zinc finger factors	More than 3 adjacent zinc fingers	0.539910250354276	0.518819274343932	0.05419458054194581	0.1765823417658234	0.2808690661182992	0.5106379141644953
ONEC2.H12CORE.3.P.B	ONECUT2	Homeo domain factors	HD-CUT	0.5398653755314128	0.5484186648961491	0.054594540545945404	0.015498450154984501	0.2808690661182992	0.15821659213389005
HNF6.H12CORE.1.S.B	ONECUT1	Homeo domain factors	HD-CUT	0.53977798771847	0.527446228050716	0.055594440555944404	0.0973902609739026	0.2834727127993914	0.39749658836933216
FOXA1.H12CORE.0.P.B	FOXA1	Fork head/winged helix factors	FOX	0.5395299952763363	0.5349877185475975	0.05849415058494151	0.055694430556944306	0.2866213378662134	0.29876231707684253
DMBX1.H12CORE.0.SM.B	DMBX1	Homeo domain factors	Paired-related HD	0.5394898441190373	0.5324881019036738	0.05909409059094091	0.063993600639936	0.2871137128711372	0.31516302294685206
ESR1.H12CORE.0.P.B	ESR1	Nuclear receptors with C4 zinc fingers	Steroid hormone receptors	0.5394803967879066	0.53275593505136	0.05629437056294371	0.062493750624937505	0.28403068784030694	0.31311972969369734
FOXR2.H12CORE.0.M.C	FOXR2	Fork head/winged helix factors	FOX	0.5393316013226278	0.5214779451817222	0.058694130586941305	0.15528447155284472	0.2866213378662134	0.47706335749403783
HAND1.H12CORE.0.P.B	HAND1	Basic helix-loop-helix factors (bHLH)	Tal-related	0.5392064241851694	0.5275860194589774	0.05879412058794121	0.09779022097790221	0.2866213378662134	0.39749658836933216
ZN879.H12CORE.0.P.C	ZNF879	C2H2 zinc finger factors	More than 3 adjacent zinc fingers	0.5391969768540402	0.5352056411364843	0.05449455054494551	0.047995200479952004	0.2808690661182992	0.2803930133302459
PAX3.H12CORE.3.S.B	PAX3	Paired box factors	PD+HD	0.5391969768540396	0.536797202715565	0.05829417058294171	0.04509549045095491	0.2866213378662134	0.27187694453695127
PAX7.H12CORE.1.S.B	PAX7	Paired box factors	PD+HD	0.5390694378838001	0.5294937929148117	0.06079392060793921	0.0862913708629137	0.2914472672334095	0.3673110565049689
ZEB2.H12CORE.0.P.B	ZEB2	Homeo domain factors	HD-ZF	0.5390434577231937	0.5438079405254276	0.0603939606039396	0.0433956604339566	0.2914472672334095	0.2687550987390531
ZN584.H12CORE.0.P.B	ZNF584	C2H2 zinc finger factors	More than 3 adjacent zinc fingers	0.5390174775625894	0.5313748359507672	0.064993500649935	0.07549245075492451	0.30156148372301034	0.34473293177011416
TBX2.H12CORE.0.SM.B	TBX2	T-Box factors	TBX2-related	0.5390080302314607	0.5123380861453418	0.0585941405859414	0.27547245275472454	0.2866213378662134	0.6295478942671772
GLI4.H12CORE.0.P.C	GLI4	C2H2 zinc finger factors	More than 3 adjacent zinc fingers	0.5390009447331146	0.5254402333127974	0.0644935506449355	0.1161883811618838	0.30156148372301034	0.43503187369705243
ZBT49.H12CORE.0.P.C	ZBTB49	C2H2 zinc finger factors	More than 3 adjacent zinc fingers	0.5389655172413805	0.531703976629209	0.057694230576942306	0.06509349065093491	0.2866213378662134	0.31840646443830195
Z354A.H12CORE.0.P.B	ZNF354A	C2H2 zinc finger factors	More than 3 adjacent zinc fingers	0.5388710439300922	0.5210802907333546	0.060693930606939304	0.15228477152284772	0.2914472672334095	0.47350490757375874
BCL6.H12CORE.0.PSM.A	BCL6	C2H2 zinc finger factors	More than 3 adjacent zinc fingers	0.5384459140292877	0.5390597519664964	0.060693930606939304	0.032296770322967704	0.2914472672334095	0.2273377540294751
ZN490.H12CORE.0.P.C	ZNF490	C2H2 zinc finger factors	More than 3 adjacent zinc fingers	0.5384081247047706	0.5431676822784053	0.061493850614938506	0.024797520247975203	0.2928568529285685	0.20683711975623248
FOXD2.H12CORE.0.S.B	FOXD2	Fork head/winged helix factors	FOX	0.5383467170524331	0.5182902032922542	0.06409359064093591	0.1872812718728127	0.30156148372301034	0.5257721309581104
ZIC3.H12CORE.2.M.B	ZIC3	C2H2 zinc finger factors	More than 3 adjacent zinc fingers	0.5380632971185638	0.5531623266918746	0.06459354064593541	0.009099090090990901	0.30156148372301034	0.12157395371573954
SMAD3.H12CORE.2.P.C	SMAD3	SMAD/NF-1 DNA-binding domain factors	SMAD	0.5380538497874359	0.5435045371635051	0.061493850614938506	0.020897910208979104	0.2928568529285685	0.18276172382761727
PO3F1.H12CORE.0.P.B	POU3F1	Homeo domain factors	POU	0.5377751535191321	0.5063386743879553	0.0658934106589341	0.37296270372962703	0.30378335968320097	0.7233671794110911
TF7L1.H12CORE.0.PM.A	TCF7L1	High-mobility group (HMG) domain factors	TCF7-related	0.5376547000472374	0.5260593430619108	0.06969303069693031	0.11238876112388761	0.3132161939085595	0.4320892378847222
SALL4.H12CORE.0.P.B	SALL4	C2H2 zinc finger factors	Multiple dispersed zinc fingers	0.5376145488899391	0.5331756038251958	0.0688931106889311	0.06619338066193381	0.31254335381508874	0.32101118747185686
NKX61.H12CORE.1.P.B	NKX6-1	Homeo domain factors	NK-related	0.5375814832309884	0.5139731013575682	0.0668933106689331	0.277972202779722	0.30735116964494025	0.6296921328275336
HSF1.H12CORE.1.P.B	HSF1	Heat shock factors	HSF	0.5375578649031652	0.5107312148541419	0.06459354064593541	0.30696930306969306	0.30156148372301034	0.6601441197161954
RXRG.H12CORE.0.P.B	RXRG	Nuclear receptors with C4 zinc fingers	RXR-related receptors	0.5375460557392553	0.5285066980262138	0.07039296070392961	0.09499050094990501	0.3135093898017606	0.3916322653448941
HNF6.H12CORE.0.PM.A	ONECUT1	Homeo domain factors	HD-CUT	0.5375153519130865	0.5246299720162788	0.06309369063093691	0.11898810118988101	0.2994874854619801	0.43503187369705243
SNAI3.H12CORE.0.S.C	SNAI3	C2H2 zinc finger factors	More than 3 adjacent zinc fingers	0.5374917335852625	0.524452837172	0.064993500649935	0.11778822117788221	0.30156148372301034	0.43503187369705243
EVX2.H12CORE.1.S.B	EVX2	Homeo domain factors	HOX-related	0.5373878129428448	0.5242600373746378	0.06529347065293471	0.12248775122487751	0.30198230176982305	0.43967618163556776
TF2L1.H12CORE.1.P.B	TFCP2L1	Grainyhead domain factors	CP2-related	0.5373571091166752	0.533873333246025	0.06869313068693131	0.05929407059294071	0.31254335381508874	0.30448876820503007
NKX61.H12CORE.0.PS.A	NKX6-1	Homeo domain factors	NK-related	0.5372697213037334	0.520719392787451	0.07029297070292971	0.1616838316168383	0.3135093898017606	0.4897239835764851
MAFG.H12CORE.0.PSM.A	MAFG	Basic leucine zipper factors (bZIP)	Maf-related	0.5371634388285321	0.5374619104232835	0.06469353064693531	0.036696330366963306	0.30156148372301034	0.24179362885629246
ZN329.H12CORE.1.P.C	ZNF329	C2H2 zinc finger factors	More than 3 adjacent zinc fingers	0.5370854983467188	0.5230949247564014	0.07219278072192781	0.13708629137086292	0.31955270730595653	0.4546295370462954
PAX7.H12CORE.0.P.B	PAX7	Paired box factors	PD+HD	0.5370831365139362	0.5296443922579442	0.0750924907509249	0.0836916308369163	0.3254007932540079	0.36049857700797083
HIC1.H12CORE.0.PSM.A	HIC1	C2H2 zinc finger factors	Multiple dispersed zinc fingers	0.5369981105337749	0.5432944386223291	0.06979302069793021	0.022497750224977502	0.3132161939085595	0.19439672799187147
SOX3.H12CORE.1.S.C	SOX3	High-mobility group (HMG) domain factors	SOX-related	0.536983939537082	0.5294044251151299	0.06989301069893011	0.08339166083391661	0.3132161939085595	0.36028193587826846
EOMES.H12CORE.0.PSM.A	EOMES	T-Box factors	TBrain-related	0.5369343410486551	0.506097286385385	0.0720927907209279	0.37746225377462256	0.31955270730595653	0.7279775360247687
ZNF23.H12CORE.0.P.C	ZNF23	C2H2 zinc finger factors	More than 3 adjacent zinc fingers	0.5368186112423254	0.5312804345676558	0.06879312068793121	0.07229277072292771	0.31254335381508874	0.340739541681011
TBXT.H12CORE.0.PS.A	TBXT	T-Box factors	Brachyury-related	0.5367808219178104	0.5137112180949217	0.0690930906909309	0.24617538246175383	0.31254335381508874	0.5940037048048117
NR6A1.H12CORE.2.SM.B	NR6A1	Nuclear receptors with C4 zinc fingers	GCNF (NR6)	0.5367312234293832	0.5372501971832866	0.0724927507249275	0.0433956604339566	0.31980369036267103	0.2687550987390531
FOXC1.H12CORE.0.S.B	FOXC1	Fork head/winged helix factors	FOX	0.5366131317902694	0.5227860340308706	0.0736926307369263	0.1406859314068593	0.32223777622237776	0.45483398679999554
PIT1.H12CORE.0.SM.B	POU1F1	Homeo domain factors	POU	0.536322626358055	0.5224093663996987	0.07589241075892411	0.1424857514248575	0.326903727537694	0.45483398679999554
MESP1.H12CORE.0.S.C	MESP1	Basic helix-loop-helix factors (bHLH)	Tal-related	0.5362423240434591	0.516313729385471	0.0744925507449255	0.21607839216078392	0.3247515127641314	0.5679437520728802
NKX62.H12CORE.0.SM.B	NKX6-2	Homeo domain factors	NK-related	0.5361478507321689	0.5224225268565703	0.0670932906709329	0.1326867313268673	0.30735116964494025	0.44862746283511185
ATOH1.H12CORE.1.SM.B	ATOH1	Basic helix-loop-helix factors (bHLH)	Tal-related	0.5360675484175725	0.5172548602329017	0.07269273072692731	0.20217978202179782	0.31980369036267103	0.548393656874914
ATF3.H12CORE.0.P.B	ATF3	Basic leucine zipper factors (bZIP)	Fos-related	0.5360155880963646	0.5400866639380649	0.07589241075892411	0.0321967803219678	0.326903727537694	0.2273377540294751
ZN101.H12CORE.0.P.C	ZNF101	C2H2 zinc finger factors	Multiple dispersed zinc fingers	0.535824279641001	0.532073743166818	0.07949205079492051	0.06929307069293071	0.33248414289005884	0.32999967329999674
NFAC4.H12CORE.0.P.C	NFATC4	Rel homology region (RHR) factors	NFAT-related	0.5358219178082205	0.5121134289874381	0.07489251074892511	0.27117288271172885	0.3254007932540079	0.6280938519310189
LEF1.H12CORE.0.PSM.A	LEF1	High-mobility group (HMG) domain factors	TCF7-related	0.5358195559754383	0.5218275101023181	0.0736926307369263	0.1474852514748525	0.32223777622237776	0.4653052162032705
NFIA.H12CORE.1.PS.A	NFIA	SMAD/NF-1 DNA-binding domain factors	NF-1	0.5357935758148327	0.5489573072501539	0.0781921807819218	0.012598740125987402	0.3313067520227449	0.14772094219149515
GATA2.H12CORE.0.PSM.A	GATA2	Other C4 zinc finger-type factors	C4-GATA-related	0.5357250826641493	0.5298120058742609	0.07689231076892311	0.08199180081991801	0.32815391027268953	0.35744461807595673
TBX1.H12CORE.0.S.B	TBX1	T-Box factors	TBX1-related	0.5356683986773751	0.5085952388449182	0.07939206079392061	0.3350664933506649	0.33248414289005884	0.690976653042911
PO6F1.H12CORE.0.SM.B	POU6F1	Homeo domain factors	POU	0.5353802550779425	0.5257194530181187	0.07689231076892311	0.10718928107189281	0.32815391027268953	0.42070222325593526
PROP1.H12CORE.1.P.C	PROP1	Homeo domain factors	Paired-related HD	0.5353306565895142	0.5392316282892065	0.0766923307669233	0.030996900309969003	0.32815391027268953	0.22364263573642634
PRD13.H12CORE.0.P.B	PRDM13	C2H2 zinc finger factors	Multiple dispersed zinc fingers	0.5351653282947579	0.5485011478308528	0.08299170082991701	0.015798420157984203	0.3382966788066956	0.15821659213389005
ISX.H12CORE.2.SM.B	ISX	Homeo domain factors	Paired-related HD	0.5351653282947578	0.5482028590556639	0.08139186081391861	0.014098590140985901	0.33694195050409004	0.15383388131775058
ZN433.H12CORE.1.P.C	ZNF433	C2H2 zinc finger factors	More than 3 adjacent zinc fingers	0.5351582427964101	0.5325282939711905	0.0786921307869213	0.0644935506449355	0.33202556937288724	0.3165448761246324
TEAD3.H12CORE.0.PS.A	TEAD3	TEA domain factors	TEF1-related	0.5350708549834691	0.5166883013439659	0.08039196080391961	0.2146785321467853	0.33431008484165997	0.5663274623177535
STF1.H12CORE.0.PSM.A	NR5A1	Nuclear receptors with C4 zinc fingers	FTZF1-related (NR5A)	0.5350377893245157	0.527692821225352	0.0770922907709229	0.09469053094690531	0.32815391027268953	0.3916322653448941
NANOG.H12CORE.2.M.C	NANOG	Homeo domain factors	NK-related	0.5349858290033075	0.5190428335974747	0.07829217078292171	0.1802819718028197	0.3313067520227449	0.5144094286223552
MEF2C.H12CORE.1.SM.B	MEF2C	MADS box factors	Regulators of differentiation	0.5348086915446404	0.5188557750829449	0.0836916308369163	0.1810818918108189	0.3401887980216063	0.515224461805788
OSR2.H12CORE.1.M.C	OSR2	C2H2 zinc finger factors	More than 3 adjacent zinc fingers	0.534763816721776	0.5409832165068276	0.08199180081991801	0.027697230276972302	0.3380404816661191	0.21565262828555853
HLF.H12CORE.0.P.B	HLF	Basic leucine zipper factors (bZIP)	C/EBP-related	0.5347307510628256	0.540395468536169	0.0790920907909209	0.0332966703329667	0.33248414289005884	0.22879569185938547
HXB7.H12CORE.0.P.C	HOXB7	Homeo domain factors	HOX-related	0.5346386395843188	0.5196181081690816	0.0846915308469153	0.1700829917008299	0.3423245910703047	0.5033766561994106
MEF2B.H12CORE.1.SM.B	MEF2B	MADS box factors	Regulators of differentiation	0.534615021256496	0.5374900178037945	0.08819118088191182	0.0443955604439556	0.35097564623702915	0.2714525157653726
FOXF1.H12CORE.0.P.C	FOXF1	Fork head/winged helix factors	FOX	0.5345890410958914	0.5182617316199285	0.08759124087591241	0.1932806719328067	0.3509216945341477	0.5373873017322546
CPEB1.H12CORE.1.S.B	CPEB1	Uncharacterized	Unannotated	0.534548889938594	0.5481837413484125	0.08399160083991601	0.013798620137986202	0.3404491011573	0.15199548747415337
TBX20.H12CORE.0.P.C	TBX20	T-Box factors	TBX1-related	0.5345323571091183	0.5471935494997369	0.08039196080391961	0.015798420157984203	0.33431008484165997	0.15821659213389005
ONEC3.H12CORE.0.S.B	ONECUT3	Homeo domain factors	HD-CUT	0.5344803967879082	0.5155940817611461	0.09309069093090691	0.2303769623037696	0.3553700185537002	0.5751452536407259
ZSCA1.H12CORE.0.SM.B	ZSCAN1	C2H2 zinc finger factors	Other with up to three adjacent zinc fingers	0.5344567784600892	0.5345158888901026	0.08609139086091391	0.0570942905709429	0.3470108296432927	0.30107241983382893
ZFP69.H12CORE.0.P.C	ZFP69	C2H2 zinc finger factors	More than 3 adjacent zinc fingers	0.5344142654700051	0.5186024840188194	0.08299170082991701	0.1847815218478152	0.3382966788066956	0.5216261576967303
PO4F3.H12CORE.0.SM.B	POU4F3	Homeo domain factors	POU	0.5343859234766186	0.5364992578595519	0.08259174082591741	0.0446955304469553	0.3382966788066956	0.27159636977478724
ZN626.H12CORE.0.P.C	ZNF626	C2H2 zinc finger factors	More than 3 adjacent zinc fingers	0.5343221539914979	0.5303747752957225	0.08149185081491851	0.073992600739926	0.33694195050409004	0.3430790254307903
PAX7.H12CORE.2.PM.A	PAX7	Paired box factors	PD+HD	0.5343008974964585	0.5284328135537952	0.0877912208779122	0.09499050094990501	0.3509216945341477	0.3916322653448941
SKOR1.H12CORE.1.S.C	SKOR1	Uncharacterized	Unannotated	0.5342064241851687	0.5172377677450346	0.08259174082591741	0.19638036196380362	0.3382966788066956	0.5400402816861171
SIX4.H12CORE.0.P.B	SIX4	Homeo domain factors	HD-SINE	0.534170996693435	0.5069850945904376	0.0877912208779122	0.35826417358264173	0.3509216945341477	0.7126832771268328
HSF2.H12CORE.0.PSM.A	HSF2	Heat shock factors	HSF	0.5338663202645271	0.5388144985891087	0.09019098090190981	0.040695930406959305	0.3553700185537002	0.2598417149435499
TF65.H12CORE.0.P.B	RELA	Rel homology region (RHR) factors	NFkappaB-related	0.5337954652810595	0.5421396857513429	0.0923907609239076	0.026197380261973803	0.3553700185537002	0.21118893697222457
PO3F2.H12CORE.1.S.B	POU3F2	Homeo domain factors	POU	0.5337789324515836	0.5324755370907324	0.09099090090990901	0.06679332066793321	0.3553700185537002	0.3223503736582864
HXA11.H12CORE.0.PS.A	HOXA11	Homeo domain factors	HOX-related	0.5336750118091651	0.5458231945001736	0.0928907109289071	0.018698130186981302	0.3553700185537002	0.17060180774375394
ZN570.H12CORE.0.P.C	ZNF570	C2H2 zinc finger factors	More than 3 adjacent zinc fingers	0.5336513934813418	0.5329341436615566	0.0882911708829117	0.06079392060793921	0.35097564623702915	0.30998454924825536
ISX.H12CORE.1.S.B	ISX	Homeo domain factors	Paired-related HD	0.5336466698157775	0.5314232316821966	0.09199080091990801	0.07429257074292571	0.3553700185537002	0.3430790254307903
TFE2.H12CORE.0.PS.A	TCF3	Basic helix-loop-helix factors (bHLH)	E2A	0.5335852621634398	0.5168229058188414	0.0917908209179082	0.20877912208779123	0.3553700185537002	0.5579042095790421
ZN613.H12CORE.0.P.C	ZNF613	C2H2 zinc finger factors	More than 3 adjacent zinc fingers	0.5335333018422308	0.5220322312377254	0.0927907209279072	0.14588541145885411	0.3553700185537002	0.46368424831525656
HESX1.H12CORE.0.SM.B	HESX1	Homeo domain factors	Paired-related HD	0.5334104865375533	0.5213643617718596	0.09299070092990701	0.1548845115488451	0.3553700185537002	0.47706335749403783
ZN823.H12CORE.0.P.C	ZNF823	C2H2 zinc finger factors	More than 3 adjacent zinc fingers	0.5333254605573932	0.5194263544184514	0.0908909109089091	0.17588241175882413	0.3553700185537002	0.5096351810602073
ZN771.H12CORE.0.SM.B	ZNF771	C2H2 zinc finger factors	More than 3 adjacent zinc fingers	0.5332380727444527	0.49857534451040847	0.09119088091190881	0.5145485451454854	0.3553700185537002	0.8573828529387246
NFAC2.H12CORE.1.PS.A	NFATC2	Rel homology region (RHR) factors	NFAT-related	0.5331624940954194	0.5263542379454782	0.09399060093990601	0.10638936106389361	0.3559801500164944	0.4194531366535478
RXRG.H12CORE.2.P.B	RXRG	Nuclear receptors with C4 zinc fingers	RXR-related receptors	0.5331435994331595	0.5370623443192898	0.09369063093690631	0.048995100489951	0.35577784326830475	0.28167302791633186
TEAD1.H12CORE.2.S.C	TEAD1	TEA domain factors	TEF1-related	0.5331341521020307	0.5231422252189175	0.09429057094290572	0.136986301369863	0.35600486948694166	0.4546295370462954
MAFG.H12CORE.1.PSM.A	MAFG	Basic leucine zipper factors (bZIP)	Maf-related	0.5330585734530005	0.5198914126573446	0.0898910108989101	0.1653834616538346	0.3553700185537002	0.4939694047124214
DMRT3.H12CORE.0.S.C	DMRT3	DM-type intertwined zinc finger factors	DMRT	0.5329782711384029	0.5238985056443223	0.0927907209279072	0.12938706129387062	0.3553700185537002	0.4482062432054667
ZN302.H12CORE.0.P.B	ZNF302	C2H2 zinc finger factors	More than 3 adjacent zinc fingers	0.5329759093056221	0.5240993638166387	0.09359064093590641	0.130986901309869	0.35577784326830475	0.4482062432054667
ZBT22.H12CORE.0.SM.B	ZBTB22	C2H2 zinc finger factors	Other with up to three adjacent zinc fingers	0.5328814359943335	0.5229949349705738	0.10228977102289771	0.14278572142785723	0.3755830523817847	0.45483398679999554
ZIC5.H12CORE.1.M.C	ZIC5	C2H2 zinc finger factors	More than 3 adjacent zinc fingers	0.532810581010865	0.5400774138361997	0.0893910608939106	0.029997000299970003	0.3543717056865742	0.22197780221977803
PO4F2.H12CORE.0.S.B	POU4F2	Homeo domain factors	POU	0.532706660368446	0.5325627253624509	0.0953904609539046	0.06229377062293771	0.3575284030038554	0.31311972969369734
ARGFX.H12CORE.0.SM.B	ARGFX	Homeo domain factors	Paired-related HD	0.5324515824279645	0.5362862537884124	0.10288971102889712	0.046495350464953504	0.3768270381083719	0.27610201942768686
LMX1A.H12CORE.0.SM.B	LMX1A	Homeo domain factors	HD-LIM	0.5324208786017965	0.5298480733425106	0.09869013098690131	0.07789221077892211	0.36609218255552334	0.3495807826624745
ZN677.H12CORE.0.P.C	ZNF677	C2H2 zinc finger factors	More than 3 adjacent zinc fingers	0.5323807274444987	0.5268985425386935	0.09519048095190481	0.10538946105389461	0.3575284030038554	0.4177939348922251
OLIG2.H12CORE.2.SM.B	OLIG2	Basic helix-loop-helix factors (bHLH)	Tal-related	0.5323736419461513	0.5307155699257737	0.10138986101389862	0.0791920807919208	0.37322849347718295	0.3505342717262016
HNF1B.H12CORE.0.PS.A	HNF1B	Homeo domain factors	POU	0.5323523854511106	0.5251204251644279	0.0984901509849015	0.11818818118188182	0.36609218255552334	0.43503187369705243
ZN75D.H12CORE.1.P.B	ZNF75D	C2H2 zinc finger factors	More than 3 adjacent zinc fingers	0.5323240434577253	0.5157275489125224	0.09449055094490551	0.22317768223177684	0.35600486948694166	0.5687447128303044
FOXL1.H12CORE.0.S.B	FOXL1	Fork head/winged helix factors	FOX	0.5321823334907876	0.540165467705589	0.09869013098690131	0.032996700329967	0.36609218255552334	0.22879569185938547
ZN410.H12CORE.0.SM.B	ZNF410	C2H2 zinc finger factors	More than 3 adjacent zinc fingers	0.5321752479924424	0.5244397417624205	0.0928907109289071	0.11908809119088092	0.3553700185537002	0.43503187369705243
KLF17.H12CORE.1.P.C	KLF17	C2H2 zinc finger factors	Three-zinc finger Kruppel-related	0.5319933868682102	0.5197318434917368	0.09659034096590341	0.19958004199580043	0.36108772542434875	0.5457164510821645
SCRT1.H12CORE.0.PSM.A	SCRT1	C2H2 zinc finger factors	More than 3 adjacent zinc fingers	0.5319650448748233	0.5303083642403281	0.1126887311268873	0.0856914308569143	0.3956443771681226	0.36692206150304846
ZKSC8.H12CORE.1.P.B	ZKSCAN8	C2H2 zinc finger factors	More than 3 adjacent zinc fingers	0.5319107227208322	0.5224571493805832	0.0999900009999	0.14238576142385762	0.36901680675922177	0.45483398679999554
DLX4.H12CORE.1.S.C	DLX4	Homeo domain factors	NK-related	0.5318044402456318	0.5189965237245714	0.1060893910608939	0.1850814918508149	0.38176307057573544	0.5216261576967303
ZN667.H12CORE.0.P.C	ZNF667	C2H2 zinc finger factors	More than 3 adjacent zinc fingers	0.5316910722720838	0.5036440049358165	0.10818918108189181	0.42645735426457354	0.38618656652853234	0.7719910111617123
ZN791.H12CORE.0.P.C	ZNF791	C2H2 zinc finger factors	More than 3 adjacent zinc fingers	0.5315682569674087	0.5426050393518899	0.10548945105489452	0.024797520247975203	0.38176307057573544	0.20683711975623248
ZN787.H12CORE.1.S.C	ZNF787	C2H2 zinc finger factors	Multiple dispersed zinc fingers	0.5315682569674074	0.5226511436203798	0.09969003099690031	0.1377862213778622	0.36885311468853116	0.4546295370462954
SRBP2.H12CORE.2.M.C	SREBF2	Basic helix-loop-helix factors (bHLH)	bHLH-ZIP	0.5313982050070867	0.5195887171513316	0.10828917108289171	0.17768223177682232	0.38618656652853234	0.5127909209079092
NR1I3.H12CORE.2.M.C	NR1I3	Nuclear receptors with C4 zinc fingers	Thyroid hormone receptor-related	0.5313627775153532	0.512394944543503	0.10588941105889411	0.2672732726727327	0.38176307057573544	0.6200568046089281
ZNF34.H12CORE.0.P.C	ZNF34	C2H2 zinc finger factors	More than 3 adjacent zinc fingers	0.5313509683514426	0.5311982401421101	0.10838916108389161	0.0735926407359264	0.38618656652853234	0.3430790254307903
TBX21.H12CORE.0.PSM.A	TBX21	T-Box factors	TBrain-related	0.5312777515351925	0.5033925673000235	0.10338966103389662	0.42515748425157485	0.3776994452453489	0.7712752594087325
TWST2.H12CORE.0.P.B	TWIST2	Basic helix-loop-helix factors (bHLH)	Tal-related	0.5312305148795484	0.5321934732917222	0.1100889911008899	0.0683931606839316	0.3903155139031551	0.328971102889711
ONEC2.H12CORE.0.S.B	ONECUT2	Homeo domain factors	HD-CUT	0.5312163438828534	0.5274697209772967	0.1050894910508949	0.100989901009899	0.38176307057573544	0.4060035663100357
ZNF3.H12CORE.0.P.B	ZNF3	C2H2 zinc finger factors	More than 3 adjacent zinc fingers	0.531152574397733	0.513919395242904	0.10478952104789521	0.2465753424657534	0.38176307057573544	0.5940037048048117
TEAD3.H12CORE.1.S.B	TEAD3	TEA domain factors	TEF1-related	0.5308573452999552	0.5337919521812676	0.10748925107489252	0.057394260573942604	0.3858382818434574	0.30107241983382893
PO3F1.H12CORE.2.S.C	POU3F1	Homeo domain factors	POU	0.5308101086443087	0.5259083216374155	0.10948905109489052	0.11258874112588742	0.389144583078638	0.4320892378847222
HAND2.H12CORE.2.S.C	HAND2	Basic helix-loop-helix factors (bHLH)	Tal-related	0.5307179971658006	0.5165488124844022	0.11338866113388661	0.20957904209579042	0.3961739419278411	0.5579751987900841
ZNF41.H12CORE.1.P.C	ZNF41	C2H2 zinc finger factors	More than 3 adjacent zinc fingers	0.5305999055266898	0.5174885448565156	0.1055894410558944	0.19508049195080493	0.38176307057573544	0.5382431164149359
SHOX2.H12CORE.0.S.B	SHOX2	Homeo domain factors	Paired-related HD	0.5304983467170539	0.5212212527862509	0.11778822117788221	0.16298370162983702	0.4027687278665498	0.49147272772722733
STAT3.H12CORE.0.P.B	STAT3	STAT domain factors	STAT	0.5303542749173374	0.5573152060157014	0.1110888911108889	0.0047995200479952005	0.39289526929659974	0.08147891093243617
IRX2.H12CORE.0.S.B	IRX2	Homeo domain factors	TALE-type HD	0.5302432687765716	0.5241669222626343	0.11758824117588242	0.1312868713128687	0.4027687278665498	0.4482062432054667
DLX2.H12CORE.0.PSM.A	DLX2	Homeo domain factors	NK-related	0.530212564950402	0.5136748821748888	0.11628837116288371	0.2508749125087491	0.4027687278665498	0.5973803609738035
ZN184.H12CORE.0.P.B	ZNF184	C2H2 zinc finger factors	More than 3 adjacent zinc fingers	0.5301889466225801	0.5170923634851083	0.11248875112488751	0.20337966203379662	0.3956443771681226	0.5506132313597909
DPRX.H12CORE.0.SM.B	DPRX	Homeo domain factors	Paired-related HD	0.5301747756258863	0.5255943788715346	0.11658834116588342	0.1146885311468853	0.4027687278665498	0.43503187369705243
ZN564.H12CORE.0.P.C	ZNF564	C2H2 zinc finger factors	More than 3 adjacent zinc fingers	0.5299999999999999	0.5188114426138369	0.11488851114888511	0.18138186181381863	0.4004447381348822	0.515224461805788
MYNN.H12CORE.0.P.B	MYNN	C2H2 zinc finger factors	More than 3 adjacent zinc fingers	0.5299645725082678	0.5331867299879509	0.11858814118588142	0.061493850614938506	0.4045453610667302	0.3113530752187939
SKOR2.H12CORE.0.SM.B	SKOR2	Uncharacterized	Unannotated	0.5299244213509697	0.5154946275810596	0.1126887311268873	0.22097790220977903	0.3956443771681226	0.5687447128303044
ZN578.H12CORE.0.P.C	ZNF578	C2H2 zinc finger factors	More than 3 adjacent zinc fingers	0.5297992442135108	0.5335013572267716	0.11728827117288271	0.062193780621937804	0.4027687278665498	0.31311972969369734
NANOG.H12CORE.1.P.B	NANOG	Homeo domain factors	NK-related	0.5297165800661322	0.5065598067624156	0.11298870112988701	0.35466453354664534	0.3957346983748227	0.7068797263920017
ZN214.H12CORE.0.P.B	ZNF214	C2H2 zinc finger factors	More than 3 adjacent zinc fingers	0.5297047709022213	0.5094069124681329	0.12018798120187982	0.32066793320667936	0.4055324259721834	0.6814783911888634
DRGX.H12CORE.0.S.B	DRGX	Homeo domain factors	Paired-related HD	0.5296787907416167	0.526213626293729	0.1212878712128787	0.11088891110888911	0.4055324259721834	0.42784144045488504
LYL1.H12CORE.1.P.C	LYL1	Basic helix-loop-helix factors (bHLH)	Tal-related	0.5295937647614565	0.5100157602432036	0.11778822117788221	0.30246975302469753	0.4027687278665498	0.6560010665600106
GBX2.H12CORE.1.S.B	GBX2	Homeo domain factors	HOX-related	0.5295914029286736	0.5146498410524842	0.11998800119988001	0.2333766623337666	0.4055324259721834	0.5766481571020979
HXB4.H12CORE.0.P.B	HOXB4	Homeo domain factors	HOX-related	0.5295890410958904	0.5247930004246545	0.1207879212078792	0.12458754124587541	0.4055324259721834	0.4439007951056746
DLX1.H12CORE.0.S.B	DLX1	Homeo domain factors	NK-related	0.529546528105811	0.517531429175141	0.11538846115388461	0.1944805519448055	0.40121819143386867	0.5382431164149359
ZN540.H12CORE.0.P.C	ZNF540	C2H2 zinc finger factors	More than 3 adjacent zinc fingers	0.5294685876239973	0.5556790851754578	0.1222877712228777	0.0072992700729927005	0.4063214368218351	0.10639239106392391
ZN121.H12CORE.0.P.B	ZNF121	C2H2 zinc finger factors	More than 3 adjacent zinc fingers	0.5294071799716594	0.5206186933030831	0.12138786121387861	0.16348365163483652	0.4055324259721834	0.49147272772722733
TEAD1.H12CORE.0.PSM.A	TEAD1	TEA domain factors	TEF1-related	0.5293953708077479	0.5145600666648656	0.11698830116988301	0.23227677232276772	0.4027687278665498	0.5763985457124391
TBR1.H12CORE.0.PS.A	TBR1	T-Box factors	TBrain-related	0.5292843646669827	0.5036832221981731	0.1255874412558744	0.42305769423057693	0.41285348737853494	0.7698262960589187
TGIF1.H12CORE.1.S.B	TGIF1	Homeo domain factors	TALE-type HD	0.529274917335853	0.5083935950788048	0.12618738126187382	0.34166583341665835	0.41289884616980477	0.6924491539610084
BHA15.H12CORE.1.SM.B	BHLHA15	Basic helix-loop-helix factors (bHLH)	Tal-related	0.5291922531884754	0.5143985976992899	0.12288771122887711	0.23727627237276272	0.4067132277597928	0.5822953418943819
SOX21.H12CORE.0.S.B	SOX21	High-mobility group (HMG) domain factors	SOX-related	0.5291804440245654	0.49814273948850923	0.12168783121687832	0.5178482151784821	0.4055324259721834	0.8599021570800343
ZN560.H12CORE.0.P.C	ZNF560	C2H2 zinc finger factors	More than 3 adjacent zinc fingers	0.5291143127066623	0.5122201997421527	0.12018798120187982	0.2810718928107189	0.4055324259721834	0.6331170592368893
ZN250.H12CORE.1.M.C	ZNF250	C2H2 zinc finger factors	More than 3 adjacent zinc fingers	0.5291072272083156	0.526421833784331	0.13008699130086993	0.10528947105289471	0.4180746736016822	0.4177939348922251
ZN211.H12CORE.0.P.B	ZNF211	C2H2 zinc finger factors	Multiple dispersed zinc fingers	0.5290670760510172	0.5156369656268337	0.12088791120887911	0.21807819218078192	0.4055324259721834	0.5687447128303044
PITX1.H12CORE.0.PSM.A	PITX1	Homeo domain factors	Paired-related HD	0.52894426074634	0.523167869293363	0.12158784121587841	0.1284871512848715	0.4055324259721834	0.4482062432054667
BARX1.H12CORE.0.P.C	BARX1	Homeo domain factors	NK-related	0.5289418989135588	0.5060419918802376	0.12378762123787622	0.36776322367763226	0.4087540902660306	0.721035776857097
UNC4.H12CORE.0.S.B	UNCX	Homeo domain factors	Paired-related HD	0.5289418989135568	0.5266084603082821	0.1272872712728727	0.10728927107289271	0.4136836316368363	0.42070222325593526
PO3F3.H12CORE.0.P.C	POU3F3	Homeo domain factors	POU	0.5288119981105338	0.5128073249452229	0.12588741125887412	0.26647335266473354	0.41285348737853494	0.6196612222835688
GATA6.H12CORE.0.PSM.A	GATA6	Other C4 zinc finger-type factors	C4-GATA-related	0.5287812942843676	0.5221170329856114	0.12248775122487751	0.1464853514648535	0.4063214368218351	0.46456782893139253
PO6F2.H12CORE.0.S.B	POU6F2	Homeo domain factors	POU	0.5287505904581978	0.5236935776647834	0.13008699130086993	0.1322867713228677	0.4180746736016822	0.44862746283511185
NRL.H12CORE.0.SM.B	NRL	Basic leucine zipper factors (bZIP)	Maf-related	0.5287435049598487	0.5150414907253122	0.1292870712928707	0.23477652234776522	0.4180746736016822	0.5791154217911543
TBX5.H12CORE.1.P.B	TBX5	T-Box factors	TBX2-related	0.5287269721303743	0.5525131435096773	0.12038796120387961	0.008899110088991101	0.4055324259721834	0.12001323232162765
ZNF18.H12CORE.0.P.B	ZNF18	C2H2 zinc finger factors	More than 3 adjacent zinc fingers	0.5286939064714227	0.521425685364148	0.12918708129187081	0.1718828117188281	0.4180746736016822	0.5048537570485376
NFIL3.H12CORE.0.P.B	NFIL3	Basic leucine zipper factors (bZIP)	C/EBP-related	0.5285852621634398	0.5315588453983817	0.1257874212578742	0.0715928407159284	0.41285348737853494	0.3387162923051957
NRL.H12CORE.1.SM.B	NRL	Basic leucine zipper factors (bZIP)	Maf-related	0.5285829003306565	0.515024302338957	0.12668733126687332	0.22727727227277272	0.41298894941205655	0.570128403826284
BHE22.H12CORE.0.SM.B	BHLHE22	Basic helix-loop-helix factors (bHLH)	Tal-related	0.5284860651865851	0.5156918238871421	0.13338666133386662	0.22077792220777923	0.4221221203918995	0.5687447128303044
LHX6.H12CORE.0.P.B	LHX6	Homeo domain factors	HD-LIM	0.5282309872461028	0.5025608898981043	0.1314868513148685	0.43985601439856015	0.4206996151826059	0.7855349366053493
THB.H12CORE.1.PSM.A	THRB	Nuclear receptors with C4 zinc fingers	Thyroid hormone receptor-related	0.5281506849315079	0.5195401100749962	0.12988701129887012	0.22347765223477653	0.4180746736016822	0.5687447128303044
RARB.H12CORE.1.P.B	RARB	Nuclear receptors with C4 zinc fingers	Thyroid hormone receptor-related	0.5280396787907421	0.5239185606974001	0.1267873212678732	0.13138686131386862	0.41298894941205655	0.4482062432054667
TEAD4.H12CORE.0.PS.A	TEAD4	TEA domain factors	TEF1-related	0.5280325932923959	0.5156886159261843	0.1347865213478652	0.22097790220977903	0.4246658303601954	0.5687447128303044
ZN154.H12CORE.0.P.C	ZNF154	C2H2 zinc finger factors	More than 3 adjacent zinc fingers	0.5279168634860659	0.5202845398438416	0.1307869213078692	0.15948405159484053	0.4193900609939006	0.4844957609502208
ZFP14.H12CORE.0.P.C	ZFP14	C2H2 zinc finger factors	More than 3 adjacent zinc fingers	0.5279050543221544	0.5229226549977427	0.1327867213278672	0.13888611138886112	0.42205118695178934	0.4546295370462954
RELB.H12CORE.0.P.B	RELB	Rel homology region (RHR) factors	NFkappaB-related	0.5278885214926795	0.5347817161488188	0.13208679132086792	0.05269473052694731	0.42107180010475775	0.2913246843254606
TRPS1.H12CORE.0.P.B	TRPS1	Other C4 zinc finger-type factors	C4-GATA-related	0.5278365611714698	0.5191304479918148	0.13658634136586342	0.24237576242375763	0.4269228921263718	0.5890446308904463
LHX2.H12CORE.0.PS.A	LHX2	Homeo domain factors	HD-LIM	0.5278294756731233	0.5295372123921667	0.1404859514048595	0.08749125087491251	0.43040600398558865	0.3713231618014669
VSX1.H12CORE.1.SM.B	VSX1	Homeo domain factors	Paired-related HD	0.5277609825224381	0.5336655807502273	0.1336866313368663	0.05699430056994301	0.4221221203918995	0.30107241983382893
SOX7.H12CORE.1.SM.B	SOX7	High-mobility group (HMG) domain factors	SOX-related	0.5277444496929629	0.5046131482289955	0.1401859814018598	0.39876012398760124	0.43040600398558865	0.7434248823179698
OTX1.H12CORE.0.SM.B	OTX1	Homeo domain factors	Paired-related HD	0.5277019367028812	0.5255240077455777	0.13958604139586042	0.11988801119888011	0.43040600398558865	0.43503187369705243
ZN432.H12CORE.0.P.C	ZNF432	C2H2 zinc finger factors	More than 3 adjacent zinc fingers	0.5276712328767132	0.5236525163435299	0.1334866513348665	0.1304869513048695	0.4221221203918995	0.4482062432054667
ZN350.H12CORE.0.P.B	ZNF350	C2H2 zinc finger factors	More than 3 adjacent zinc fingers	0.5275885687293351	0.5423294765691176	0.1366863313668633	0.028697130286971302	0.4269228921263718	0.22144363103796572
ZN530.H12CORE.0.P.B	ZNF530	C2H2 zinc finger factors	More than 3 adjacent zinc fingers	0.5275720358998592	0.5223952914198323	0.1321867813218678	0.14238576142385762	0.42107180010475775	0.45483398679999554
PRRX1.H12CORE.1.S.B	PRRX1	Homeo domain factors	Paired-related HD	0.5275649504015123	0.536004887950952	0.1362863713628637	0.04789521047895211	0.4269228921263718	0.2803930133302459
OLIG2.H12CORE.0.P.B	OLIG2	Basic helix-loop-helix factors (bHLH)	Tal-related	0.5275413320736919	0.5237939961396361	0.1394860513948605	0.13068693130686931	0.43040600398558865	0.4482062432054667
HESX1.H12CORE.1.S.B	HESX1	Homeo domain factors	Paired-related HD	0.5272886159659909	0.5331193850070485	0.1401859814018598	0.0633936606339366	0.43040600398558865	0.31516302294685206
NR1H3.H12CORE.1.P.B	NR1H3	Nuclear receptors with C4 zinc fingers	Thyroid hormone receptor-related	0.5270878601794997	0.5076167496535213	0.135986401359864	0.34126587341265874	0.4269228921263718	0.6924491539610084
NOTO.H12CORE.0.SM.B	NOTO	Homeo domain factors	NK-related	0.5270217288615987	0.5172780156212461	0.1404859514048595	0.203979602039796	0.43040600398558865	0.5512033066356286
MSX1.H12CORE.1.S.C	MSX1	Homeo domain factors	NK-related	0.526979215871517	0.523368946765979	0.1384861513848615	0.1304869513048695	0.43040600398558865	0.4482062432054667
RFX3.H12CORE.2.S.B	RFX3	Fork head/winged helix factors	RFX	0.5267335852621648	0.5230163378267515	0.14388561143885611	0.13958604139586042	0.4361910447610701	0.4546295370462954
ZN135.H12CORE.0.P.C	ZNF135	C2H2 zinc finger factors	More than 3 adjacent zinc fingers	0.5267123287671247	0.51487104459172	0.14028597140285973	0.22747725227477253	0.43040600398558865	0.570128403826284
ZN730.H12CORE.0.P.C	ZNF730	C2H2 zinc finger factors	More than 3 adjacent zinc fingers	0.5267005196032112	0.5045706708119969	0.1377862213778622	0.37476252374762525	0.4294287633871602	0.7258823110977494
ZN714.H12CORE.0.P.C	ZNF714	C2H2 zinc finger factors	More than 3 adjacent zinc fingers	0.5266887104393035	0.5196532012799161	0.142985701429857	0.17938206179382063	0.43529191384658994	0.5144094286223552
ANDR.H12CORE.0.P.B	AR	Nuclear receptors with C4 zinc fingers	Steroid hormone receptors	0.52665328294757	0.5507861636390794	0.15358464153584642	0.008599140085991401	0.4495388189375789	0.11817675375319611
MAF.H12CORE.1.PSM.A	MAF	Basic leucine zipper factors (bZIP)	Maf-related	0.5265895134624493	0.5101362706878235	0.14458554144585542	0.30146985301469853	0.4373939964494117	0.6558039979134617
ZFP37.H12CORE.0.P.C	ZFP37	C2H2 zinc finger factors	More than 3 adjacent zinc fingers	0.5265162966462	0.515114392532481	0.1426857314268573	0.22257774222577742	0.43529191384658994	0.5687447128303044
DLX3.H12CORE.1.S.B	DLX3	Homeo domain factors	NK-related	0.5265044874822876	0.5216383602724691	0.14108589141085892	0.15258474152584742	0.4313282654785369	0.47350490757375874
ZN341.H12CORE.0.P.B	ZNF341	C2H2 zinc finger factors	Multiple dispersed zinc fingers	0.5264666981577715	0.5149691678373046	0.14628537146285372	0.22227777222277773	0.4388561143885612	0.5687447128303044
NANOG.H12CORE.0.P.B	NANOG	Homeo domain factors	NK-related	0.5264619744922066	0.5180774197202126	0.1461853814618538	0.20077992200779923	0.4388561143885612	0.5464374466508152
ZIK1.H12CORE.0.P.C	ZIK1	C2H2 zinc finger factors	More than 3 adjacent zinc fingers	0.5264005668398701	0.5360469248427171	0.15298470152984703	0.05499450054994501	0.4495388189375789	0.29664682785452795
HXA13.H12CORE.0.P.B	HOXA13	Homeo domain factors	HOX-related	0.5263840340103917	0.5186720688160197	0.146985301469853	0.19158084191580843	0.4400410581348504	0.5336894881940377
LHX3.H12CORE.0.P.B	LHX3	Homeo domain factors	HD-LIM	0.5263793103448283	0.5296989842183064	0.14388561143885611	0.07849215078492151	0.4361910447610701	0.3495807826624745
IRX3.H12CORE.2.S.C	IRX3	Homeo domain factors	TALE-type HD	0.5263391591875303	0.5376128092454886	0.1486851314868513	0.041495850414958506	0.4432905882965422	0.26262505328414526
TBP.H12CORE.0.P.B	TBP	TATA-binding proteins	TBP-related	0.5263320736891829	0.5204438060640856	0.15348465153484653	0.17048295170482952	0.4495388189375789	0.5033766561994106
ZNF35.H12CORE.1.P.C	ZNF35	C2H2 zinc finger factors	More than 3 adjacent zinc fingers	0.5263013698630156	0.521494314635328	0.1518848115188481	0.1553844615538446	0.4472852714728527	0.47706335749403783
FOXA3.H12CORE.1.M.C	FOXA3	Fork head/winged helix factors	FOX	0.5262730278696282	0.5107283505887672	0.15708429157084292	0.3017698230176982	0.45153910903730343	0.6558039979134617
NR2E1.H12CORE.0.SM.B	NR2E1	Nuclear receptors with C4 zinc fingers	RXR-related receptors	0.5262210675484185	0.5157235186403442	0.1498850114988501	0.22157784221577842	0.4443877333578118	0.5687447128303044
FOXG1.H12CORE.0.PSM.A	FOXG1	Fork head/winged helix factors	FOX	0.5262116202172901	0.511218611830071	0.15028497150284972	0.28857114288571145	0.4443877333578118	0.6376847766984405
SMAD4.H12CORE.0.P.B	SMAD4	SMAD/NF-1 DNA-binding domain factors	SMAD	0.526133679735475	0.5423372431668919	0.1486851314868513	0.0547945205479452	0.4432905882965422	0.29664682785452795
ZN160.H12CORE.0.P.C	ZNF160	C2H2 zinc finger factors	More than 3 adjacent zinc fingers	0.526065186584791	0.5185631771671231	0.14928507149285072	0.1822817718228177	0.44416156322512085	0.5167634513562396
ARI1A.H12CORE.0.P.C	ARID1A	ARID domain factors	ARID-related	0.5260203117619289	0.5405669872157272	0.15008499150084992	0.029097090290970903	0.4443877333578118	0.22163453757717014
TF7L1.H12CORE.1.P.C	TCF7L1	High-mobility group (HMG) domain factors	TCF7-related	0.5259754369390671	0.5077674924567739	0.1454854514548545	0.34006599340065996	0.4388561143885612	0.6924491539610084
PO3F3.H12CORE.2.S.B	POU3F3	Homeo domain factors	POU	0.5259352857817656	0.5251094623655328	0.15458454154584542	0.11898810118988101	0.4506373605063736	0.43503187369705243
ALX3.H12CORE.1.S.B	ALX3	Homeo domain factors	Paired-related HD	0.5259329239489843	0.5356675537372958	0.14608539146085392	0.04939506049395061	0.4388561143885612	0.28284552497131243
ZN675.H12CORE.0.P.C	ZNF675	C2H2 zinc finger factors	More than 3 adjacent zinc fingers	0.5257038261691083	0.5157655900064914	0.1591840815918408	0.23217678232176783	0.4539577662787081	0.5763985457124391
RXRB.H12CORE.0.P.C	RXRB	Nuclear receptors with C4 zinc fingers	RXR-related receptors	0.525694378837981	0.5239142247959899	0.15598440155984403	0.12958704129587043	0.45153910903730343	0.4482062432054667
NR1I3.H12CORE.1.PSM.A	NR1I3	Nuclear receptors with C4 zinc fingers	Thyroid hormone receptor-related	0.5256093528578207	0.5189951918689935	0.1563843615638436	0.17998200179982002	0.45153910903730343	0.5144094286223552
TFEB.H12CORE.1.P.C	TFEB	Basic helix-loop-helix factors (bHLH)	bHLH-ZIP	0.5255503070382636	0.495732287327808	0.15458454154584542	0.5641435856414359	0.4506373605063736	0.8961895889618958
PO4F1.H12CORE.1.SM.B	POU4F1	Homeo domain factors	POU	0.5254747283892333	0.5305713964380478	0.1508849115088491	0.08029197080291971	0.44524934009666517	0.35431594455233373
ZN684.H12CORE.1.M.C	ZNF684	C2H2 zinc finger factors	More than 3 adjacent zinc fingers	0.5254345772319325	0.5078635787067554	0.15528447155284472	0.3467653234676532	0.45153910903730343	0.6978833497403397
SNAI1.H12CORE.0.PSM.A	SNAI1	C2H2 zinc finger factors	More than 3 adjacent zinc fingers	0.5254062352385456	0.5118005418342907	0.15678432156784322	0.27487251274872515	0.45153910903730343	0.6295478942671772
GLI1.H12CORE.0.P.C	GLI1	C2H2 zinc finger factors	More than 3 adjacent zinc fingers	0.5251487954652826	0.506807952072828	0.15908409159084091	0.36296370362963704	0.4539577662787081	0.7164933301471494
FOXC1.H12CORE.1.S.C	FOXC1	Fork head/winged helix factors	FOX	0.5250425129900816	0.5179477819250063	0.1598840115988401	0.1964803519648035	0.4550544945505449	0.5400402816861171
HMX1.H12CORE.0.SM.B	HMX1	Homeo domain factors	NK-related	0.525037789324517	0.5356091459601859	0.1628837116288371	0.050794920507949204	0.4608650899615921	0.2885711428857114
IRX1.H12CORE.0.S.C	IRX1	Homeo domain factors	TALE-type HD	0.5249858290033078	0.546993516395724	0.16278372162783722	0.0187981201879812	0.4608650899615921	0.17060180774375394
GFI1B.H12CORE.0.PSM.A	GFI1B	C2H2 zinc finger factors	More than 3 adjacent zinc fingers	0.5249716580066152	0.5044865336605673	0.1635836416358364	0.40475952404759524	0.46160110551444855	0.751696258945534
ZN778.H12CORE.1.P.B	ZNF778	C2H2 zinc finger factors	Multiple dispersed zinc fingers	0.5249315068493183	0.5040642770024764	0.16618338166183383	0.41975802419758024	0.46563615483111886	0.7676943332282741
HXD13.H12CORE.0.PS.A	HOXD13	Homeo domain factors	HOX-related	0.5247945205479451	0.5268045531423278	0.16078392160783922	0.10288971102889712	0.45671495842541726	0.41013771551021694
ATF4.H12CORE.0.P.B	ATF4	Basic leucine zipper factors (bZIP)	ATF4-related	0.524695323571092	0.5087114473773182	0.1581841815818418	0.3231676832316768	0.45289637702896374	0.6837697461925362
FOXJ2.H12CORE.2.S.B	FOXJ2	Fork head/winged helix factors	FOX	0.5246835144071805	0.5329965221807644	0.16378362163783622	0.0613938606139386	0.46160110551444855	0.3113530752187939
MAFA.H12CORE.0.PSM.A	MAFA	Basic leucine zipper factors (bZIP)	Maf-related	0.524652810581013	0.5148696474159143	0.1556844315568443	0.22627737226277372	0.45153910903730343	0.570128403826284
HIC2.H12CORE.0.P.B	HIC2	C2H2 zinc finger factors	Multiple dispersed zinc fingers	0.5246173830892779	0.5016890971645588	0.15748425157484253	0.44885511448855114	0.45178881714214264	0.7937474634889452
ZN384.H12CORE.0.PSM.A	ZNF384	C2H2 zinc finger factors	More than 3 adjacent zinc fingers	0.5245465281058118	0.5118991859902522	0.1566843315668433	0.27847215278472154	0.45153910903730343	0.6298359192293937
ZSC31.H12CORE.1.SM.B	ZSCAN31	C2H2 zinc finger factors	More than 3 adjacent zinc fingers	0.5241922531884753	0.5321271570882141	0.17588241175882413	0.0704929507049295	0.4834253717485395	0.3346096311421489
ZBT45.H12CORE.0.SM.B	ZBTB45	C2H2 zinc finger factors	More than 3 adjacent zinc fingers	0.5241828058573483	0.5101231783770168	0.16468353164683533	0.29827017298270175	0.4632326241060105	0.6521270600212707
VSX2.H12CORE.1.S.B	VSX2	Homeo domain factors	Paired-related HD	0.5238568729333951	0.525232887980733	0.1715828417158284	0.1161883811618838	0.47705980847002005	0.43503187369705243
ZN75D.H12CORE.0.P.B	ZNF75D	C2H2 zinc finger factors	More than 3 adjacent zinc fingers	0.5238403401039204	0.5421849464106709	0.1705829417058294	0.029497050294970503	0.47703718000292994	0.22163453757717014
RORA.H12CORE.0.P.C	RORA	Nuclear receptors with C4 zinc fingers	Thyroid hormone receptor-related	0.5238379782711398	0.521762644020959	0.17118288171182883	0.15228477152284772	0.47705980847002005	0.47350490757375874
ZN320.H12CORE.1.P.B	ZNF320	C2H2 zinc finger factors	More than 3 adjacent zinc fingers	0.5237742087860191	0.5240029261380406	0.17268273172682733	0.1267873212678732	0.47882870062321975	0.44728527147285274
SRBP2.H12CORE.1.P.B	SREBF2	Basic helix-loop-helix factors (bHLH)	bHLH-ZIP	0.5237671232876722	0.5412520404205929	0.16598340165983402	0.027797220277972202	0.46563615483111886	0.21565262828555853
ZN266.H12CORE.0.P.B	ZNF266	C2H2 zinc finger factors	More than 3 adjacent zinc fingers	0.5237128011336821	0.5232226605281551	0.17398260173982602	0.1336866313368663	0.48095190480951905	0.44862746283511185
FOXD2.H12CORE.1.SM.B	FOXD2	Fork head/winged helix factors	FOX	0.5234010392064261	0.5303063718911554	0.1728827117288271	0.07489251074892511	0.47882870062321975	0.3430790254307903
ZN335.H12CORE.1.P.D	ZNF335	C2H2 zinc finger factors	Multiple dispersed zinc fingers	0.5233726972130376	0.5381341404623448	0.17648235176482352	0.12398760123987601	0.4835072469982603	0.442856704428567
ZN274.H12CORE.1.P.B	ZNF274	C2H2 zinc finger factors	More than 3 adjacent zinc fingers	0.523370335380255	0.5091781367355647	0.17918208179182082	0.32586741325867413	0.488770782657084	0.6854616287642372
SATB1.H12CORE.1.P.B	SATB1	Homeo domain factors	HD-CUT	0.5233443552196512	0.510663271475444	0.17588241175882413	0.3037696230376962	0.4834253717485395	0.6571807586857507
SNAI2.H12CORE.0.PSM.A	SNAI2	C2H2 zinc finger factors	More than 3 adjacent zinc fingers	0.5231506849315063	0.5129811574539314	0.17478252174782521	0.25637436256374363	0.4822393477669441	0.6059521707403728
PO2F1.H12CORE.0.PS.A	POU2F1	Homeo domain factors	POU	0.5229924421350981	0.5051766345486499	0.17898210178982102	0.39136086391360864	0.488770782657084	0.7372502958581426
ZN768.H12CORE.1.P.B	ZNF768	C2H2 zinc finger factors	More than 3 adjacent zinc fingers	0.5229286726499774	0.5267713052259027	0.18638136186381363	0.10968903109689031	0.5007084793379398	0.4254872899806793
ALX1.H12CORE.0.SM.B	ALX1	Homeo domain factors	Paired-related HD	0.5228341993386879	0.5221676029969868	0.1765823417658234	0.13878612138786123	0.4835072469982603	0.4546295370462954
MSX2.H12CORE.1.SM.B	MSX2	Homeo domain factors	NK-related	0.5227231931979227	0.5134929475794879	0.18198180181981802	0.24827517248275172	0.49360853388345377	0.5961082760276385
NDF2.H12CORE.1.S.B	NEUROD2	Basic helix-loop-helix factors (bHLH)	Tal-related	0.5226995748701005	0.5155009347972499	0.17128287171282872	0.2191780821917808	0.47705980847002005	0.5687447128303044
PAX3.H12CORE.2.P.C	PAX3	Paired box factors	PD+HD	0.5226688710439312	0.5198154963179118	0.18318168183181682	0.16848315168483152	0.495002185174741	0.5002493577802714
MCR.H12CORE.0.S.B	NR3C2	Nuclear receptors with C4 zinc fingers	Steroid hormone receptors	0.5226216343882861	0.548646417106484	0.1815818418158184	0.0131986801319868	0.49360853388345377	0.14879449555044494
CDX4.H12CORE.1.M.C	CDX4	Homeo domain factors	HOX-related	0.52256258856873	0.5203276629584555	0.1817818218178182	0.1633836616338366	0.49360853388345377	0.49147272772722733
RARA.H12CORE.1.P.B	RARA	Nuclear receptors with C4 zinc fingers	Thyroid hormone receptor-related	0.5225578649031648	0.5469410743078587	0.18238176182381763	0.014298570142985701	0.4937652576205795	0.15383388131775058
FOXC2.H12CORE.0.SM.B	FOXC2	Fork head/winged helix factors	FOX	0.5224610297590935	0.5303474438529685	0.1887811218878112	0.0822917708229177	0.5035326411905944	0.3576717629441875
ZF64B.H12CORE.0.P.B	ZFP64	C2H2 zinc finger factors	More than 3 adjacent zinc fingers	0.5223618327822399	0.534302616474472	0.18668133186681332	0.05369463053694631	0.5007084793379398	0.29460590062666736
GLI3.H12CORE.1.M.C	GLI3	C2H2 zinc finger factors	More than 3 adjacent zinc fingers	0.5223571091166745	0.5219919040839766	0.18848115188481152	0.15308469153084692	0.5035326411905944	0.4740369310708414
ZN211.H12CORE.1.P.C	ZNF211	C2H2 zinc finger factors	Multiple dispersed zinc fingers	0.522243741143128	0.4988223452507059	0.1865813418658134	0.49875012498750126	0.5007084793379398	0.8432427249078371
ALX4.H12CORE.0.S.B	ALX4	Homeo domain factors	Paired-related HD	0.5222413793103459	0.5195439194492454	0.1932806719328067	0.1795820417958204	0.5126911941158825	0.5144094286223552
PHX2A.H12CORE.0.PS.A	PHOX2A	Homeo domain factors	Paired-related HD	0.5222342938119986	0.5140712034148232	0.18848115188481152	0.24747525247475252	0.5035326411905944	0.5951779822017798
GSC2.H12CORE.0.SM.B	GSC2	Homeo domain factors	Paired-related HD	0.5222272083136523	0.5249688294611016	0.18638136186381363	0.1354864513548645	0.5007084793379398	0.45256238265062376
MEOX1.H12CORE.0.SM.B	MEOX1	Homeo domain factors	HOX-related	0.5221894189891387	0.49991473507807865	0.19008099190080993	0.4891510848915108	0.506064338215625	0.8338581726242961
NR2E1.H12CORE.1.S.B	NR2E1	Nuclear receptors with C4 zinc fingers	RXR-related receptors	0.5221776098252264	0.506530372414107	0.1912808719128087	0.36706329367063295	0.5083209911053094	0.7206426296145896
ZIC4.H12CORE.0.SM.B	ZIC4	C2H2 zinc finger factors	More than 3 adjacent zinc fingers	0.5218776570618802	0.5371475973324795	0.19488051194880512	0.0484951504849515	0.5136882297171743	0.28106829317068294
DUX4.H12CORE.0.P.B	DUX4	Homeo domain factors	Paired-related HD	0.521726499763818	0.5129632321400415	0.20227977202279773	0.2596740325967403	0.5259274072592741	0.609283949653815
LHX2.H12CORE.1.S.C	LHX2	Homeo domain factors	HD-LIM	0.5215777042985358	0.5161001825229594	0.19508049195080493	0.21787821217878212	0.5136882297171743	0.5687447128303044
ESX1.H12CORE.1.S.B	ESX1	Homeo domain factors	Paired-related HD	0.5215706188001902	0.5280143282465888	0.19488051194880512	0.0943905609439056	0.5136882297171743	0.3916322653448941
PO3F1.H12CORE.1.PS.A	POU3F1	Homeo domain factors	POU	0.5215588096362798	0.517970705036506	0.1942805719428057	0.18948105189481051	0.5136882297171743	0.5298859648918829
TCF21.H12CORE.1.SM.B	TCF21	Basic helix-loop-helix factors (bHLH)	Tal-related	0.5215281058101088	0.5170912967330062	0.19608039196080393	0.20807919208079192	0.5148192984694271	0.5570654437339198
FOXE1.H12CORE.0.SM.B	FOXE1	Fork head/winged helix factors	FOX	0.5213911195087396	0.523445048792271	0.19838016198380162	0.1334866513348665	0.5185916190989597	0.44862746283511185
HXC10.H12CORE.0.P.B	HOXC10	Homeo domain factors	HOX-related	0.5212730278696281	0.4975162078155512	0.19958004199580043	0.528047195280472	0.5207848112114648	0.8675190501427672
FOXE1.H12CORE.1.S.C	FOXE1	Fork head/winged helix factors	FOX	0.5211360415682563	0.5213462487326878	0.1962803719628037	0.1336866313368663	0.5148192984694271	0.44862746283511185
THA.H12CORE.1.PS.A	THRA	Nuclear receptors with C4 zinc fingers	Thyroid hormone receptor-related	0.5211195087387819	0.512590497764728	0.19658034196580343	0.41025897410258977	0.5148192984694271	0.7580072978617632
MEF2D.H12CORE.1.M.C	MEF2D	MADS box factors	Regulators of differentiation	0.5210557392536608	0.5052358345051052	0.20187981201879812	0.39036096390360964	0.5258349616301908	0.7372502958581426
ZNF81.H12CORE.0.P.C	ZNF81	C2H2 zinc finger factors	More than 3 adjacent zinc fingers	0.5208974964572526	0.5064730491476007	0.203979602039796	0.36836316368363164	0.5284426674029186	0.7212320830332164
LEF1.H12CORE.1.P.B	LEF1	High-mobility group (HMG) domain factors	TCF7-related	0.5207699574870112	0.502669939301945	0.2054794520547945	0.43575642435756423	0.531374281926646	0.7801445661885424
PBX1.H12CORE.0.P.B	PBX1	Homeo domain factors	TALE-type HD	0.5207605101558829	0.5089508403246066	0.2084791520847915	0.3247675232476752	0.5348999491585233	0.6854616287642372
ZN140.H12CORE.0.P.B	ZNF140	C2H2 zinc finger factors	More than 3 adjacent zinc fingers	0.5207510628247525	0.5057009623634842	0.20807919208079192	0.38476152384761525	0.5348999491585233	0.7344059244869164
SOX1.H12CORE.1.S.B	SOX1	High-mobility group (HMG) domain factors	SOX-related	0.5207368918280594	0.5053190282588855	0.2086791320867913	0.43145685431456854	0.5348999491585233	0.7766593664823044
ZBT12.H12CORE.0.P.B	ZBTB12	C2H2 zinc finger factors	More than 3 adjacent zinc fingers	0.5205148795465292	0.5292097470425726	0.202979702029797	0.0812918708129187	0.5267980396204983	0.35634163856341644
ESR1.H12CORE.1.P.B	ESR1	Nuclear receptors with C4 zinc fingers	Steroid hormone receptors	0.5204369390647152	0.5194454886674315	0.2091790820917908	0.17568243175682433	0.5348999491585233	0.5096351810602073
ZN492.H12CORE.0.P.C	ZNF492	C2H2 zinc finger factors	More than 3 adjacent zinc fingers	0.5203826169107224	0.5207798253911345	0.21407859214078592	0.16478352164783522	0.5415130991279156	0.4933249413647847
PO5F1.H12CORE.1.P.B	POU5F1	Homeo domain factors	POU	0.5203188474256037	0.4987103542351211	0.20687931206879312	0.5085491450854914	0.5340372939450241	0.8532981585562374
ZIC5.H12CORE.0.P.B	ZIC5	C2H2 zinc finger factors	More than 3 adjacent zinc fingers	0.5202290977798778	0.5476076052398482	0.21177882211778823	0.015198480151984802	0.5380226061900852	0.15768351736254946
MEIS1.H12CORE.0.P.B	MEIS1	Homeo domain factors	TALE-type HD	0.5201960321209277	0.4969695240709397	0.21787821217878212	0.5460453954604539	0.5460808085858081	0.8785817070466867
ONEC3.H12CORE.1.S.C	ONECUT3	Homeo domain factors	HD-CUT	0.520113367973548	0.5199988138332218	0.21787821217878212	0.17318268173182683	0.5460808085858081	0.5048537570485376
EMX1.H12CORE.0.SM.B	EMX1	Homeo domain factors	NK-related	0.5200779404818143	0.5063267830908901	0.21797820217978203	0.3705629437056294	0.5460808085858081	0.722596161436488
PO2F2.H12CORE.0.PSM.A	POU2F2	Homeo domain factors	POU	0.5200519603212115	0.5028644405690232	0.20997900209979	0.42215778422157785	0.5348999491585233	0.7691586901915869
ZN506.H12CORE.0.P.C	ZNF506	C2H2 zinc finger factors	More than 3 adjacent zinc fingers	0.5199811053377427	0.5221908819572566	0.20927907209279073	0.14108589141085892	0.5348999491585233	0.45483398679999554
IRX5.H12CORE.1.SM.B	IRX5	Homeo domain factors	TALE-type HD	0.519955125177138	0.5267744257143135	0.21307869213078692	0.11998800119988001	0.5403735549116441	0.43503187369705243
LHX6.H12CORE.1.S.B	LHX6	Homeo domain factors	HD-LIM	0.5196717052432698	0.5050706434891323	0.2166783321667833	0.39366063393660633	0.5456663757707999	0.7386671722438146
GCR.H12CORE.1.S.B	NR3C1	Nuclear receptors with C4 zinc fingers	Steroid hormone receptors	0.5195984884270205	0.5170139636197847	0.2166783321667833	0.20107989201079893	0.5456663757707999	0.5464374466508152
ZNF30.H12CORE.0.P.C	ZNF30	C2H2 zinc finger factors	More than 3 adjacent zinc fingers	0.5195890410958921	0.5239906284194723	0.22187781221877811	0.1307869213078692	0.5484828229505817	0.4482062432054667
ZNF12.H12CORE.2.S.C	ZNF12	C2H2 zinc finger factors	More than 3 adjacent zinc fingers	0.5195772319319807	0.5106292436240232	0.2206779322067793	0.3027697230276972	0.5484828229505817	0.6560010665600106
SOX14.H12CORE.0.SM.B	SOX14	High-mobility group (HMG) domain factors	SOX-related	0.5195654227680703	0.5116640710260952	0.2101789821017898	0.27747225277472254	0.5348999491585233	0.6295478942671772
NR1H4.H12CORE.1.P.B	NR1H4	Nuclear receptors with C4 zinc fingers	Thyroid hormone receptor-related	0.5195536136041593	0.5098605312865853	0.2191780821917808	0.3126687331266873	0.5481351344934831	0.668067808603755
MSX1.H12CORE.0.SM.B	MSX1	Homeo domain factors	NK-related	0.5195205479452063	0.50784046920763	0.20997900209979	0.33566643335666435	0.5348999491585233	0.690976653042911
ZSA5A.H12CORE.0.SM.B	ZSCAN5A	C2H2 zinc finger factors	More than 3 adjacent zinc fingers	0.5194378837978288	0.5085409682204577	0.21427857214278573	0.32936706329367066	0.5415130991279156	0.6866577411522916
ZN701.H12CORE.0.P.B	ZNF701	C2H2 zinc finger factors	More than 3 adjacent zinc fingers	0.5193953708077479	0.5113251162965385	0.22037796220377961	0.287971202879712	0.5484828229505817	0.6373350395021847
ZNF32.H12CORE.0.SM.B	ZNF32	C2H2 zinc finger factors	More than 3 adjacent zinc fingers	0.5193150684931525	0.5051981123368735	0.21977802219778023	0.38646135386461355	0.5484828229505817	0.7366760021487944
PO2F3.H12CORE.0.PS.A	POU2F3	Homeo domain factors	POU	0.5193032593292426	0.49409777822287554	0.22087791220877911	0.6018398160183982	0.5484828229505817	0.9258580538534634
GBX2.H12CORE.0.SM.B	GBX2	Homeo domain factors	HOX-related	0.5192465753424673	0.5107668226007283	0.22187781221877811	0.2927707229277072	0.5484828229505817	0.6420488650223124
MIXL1.H12CORE.1.S.B	MIXL1	Homeo domain factors	Paired-related HD	0.5192135096835162	0.5211757390806765	0.22197780221977803	0.14978502149785022	0.5484828229505817	0.46986910004651716
PAX4.H12CORE.0.SM.B	PAX4	Paired box factors	PD+HD	0.519130845536137	0.5066391240558334	0.22607739226077392	0.36536346365363465	0.5548502874670088	0.7186758163420716
HXD8.H12CORE.0.SM.B	HOXD8	Homeo domain factors	HOX-related	0.519012753897026	0.4922149692463455	0.23197680231976803	0.6332366763323668	0.5604939506049396	0.9459218674405853
ZBT40.H12CORE.0.P.B	ZBTB40	C2H2 zinc finger factors	More than 3 adjacent zinc fingers	0.5189773264052909	0.5120870743525303	0.22647735226477353	0.27507249275072493	0.5548502874670088	0.6295478942671772
IRX3.H12CORE.1.S.B	IRX3	Homeo domain factors	TALE-type HD	0.5189088332546067	0.5125599594005589	0.2268773122687731	0.28457154284571545	0.5548880705149823	0.63369866717032
ATF3.H12CORE.2.P.B	ATF3	Basic leucine zipper factors (bZIP)	Fos-related	0.5188852149267842	0.5077868870256502	0.22597740225977403	0.34136586341365865	0.5548502874670088	0.6924491539610084
PO3F2.H12CORE.2.SM.B	POU3F2	Homeo domain factors	POU	0.5188521492678343	0.5046154372705585	0.22757724227577242	0.38986101389861016	0.5556581397697793	0.7372502958581426
DLX2.H12CORE.1.S.B	DLX2	Homeo domain factors	NK-related	0.5186750118091641	0.5109625231399095	0.2293770622937706	0.28757124287571245	0.557952790579528	0.6373350395021847
OSR1.H12CORE.0.SM.B	OSR1	C2H2 zinc finger factors	Other with up to three adjacent zinc fingers	0.5185710911667455	0.5150512543735691	0.23227677232276772	0.22757724227577242	0.5604939506049396	0.570128403826284
HXA6.H12CORE.0.SM.B	HOXA6	Homeo domain factors	HOX-related	0.5184931506849315	0.4974193738933683	0.22557744225577442	0.5345465453454654	0.5548502874670088	0.8714003599640037
SHOX.H12CORE.1.S.B	SHOX	Homeo domain factors	Paired-related HD	0.5183821445441669	0.5252660803193407	0.22967703229677033	0.11638836116388361	0.557952790579528	0.43503187369705243
ZNF41.H12CORE.0.P.C	ZNF41	C2H2 zinc finger factors	More than 3 adjacent zinc fingers	0.5183419933868706	0.5080303937912517	0.22897710228977103	0.3350664933506649	0.557952790579528	0.690976653042911
Z705G.H12CORE.0.P.C	ZNF705G	C2H2 zinc finger factors	More than 3 adjacent zinc fingers	0.5183372697213051	0.5090280811049831	0.23977602239776022	0.3220677932206779	0.5728423846357086	0.682443209423551
NGN2.H12CORE.1.SM.B	NEUROG2	Basic helix-loop-helix factors (bHLH)	Tal-related	0.5182664147378366	0.49968825016432605	0.23157684231576842	0.48895110488951105	0.5604939506049396	0.8338581726242961
ZNF16.H12CORE.0.P.C	ZNF16	C2H2 zinc finger factors	More than 3 adjacent zinc fingers	0.5181813887576765	0.5144289825349201	0.22627737226277372	0.23247675232476753	0.5548502874670088	0.5763985457124391
PBX2.H12CORE.0.P.B	PBX2	Homeo domain factors	TALE-type HD	0.5180987246102995	0.501321775806552	0.23577642235776422	0.45035496450354967	0.5670422957704229	0.7940985169775705
ISL2.H12CORE.0.SM.B	ISL2	Homeo domain factors	HD-LIM	0.5180892772791695	0.5249210778492481	0.23157684231576842	0.11708829117088292	0.5604939506049396	0.43503187369705243
RXRA.H12CORE.2.SM.B	RXRA	Nuclear receptors with C4 zinc fingers	RXR-related receptors	0.5180727444496936	0.5089745913669232	0.2385761423857614	0.32756724327567244	0.5718693911339763	0.6860370566716913
PPARG.H12CORE.1.P.B	PPARG	Nuclear receptors with C4 zinc fingers	Thyroid hormone receptor-related	0.5178956069910271	0.4947586712859423	0.23977602239776022	0.5815418458154185	0.5728423846357086	0.9111453675479357
RX.H12CORE.0.SM.B	RAX	Homeo domain factors	Paired-related HD	0.5176570618800207	0.525280159932224	0.24297570242975702	0.11738826117388261	0.5785708557857085	0.43503187369705243
TEAD2.H12CORE.0.PSM.A	TEAD2	TEA domain factors	TEF1-related	0.5175791213982052	0.4982448318141524	0.2348765123487651	0.51994800519948	0.5658210472775761	0.8600940593225901
ZSCA4.H12CORE.0.SM.B	ZSCAN4	C2H2 zinc finger factors	More than 3 adjacent zinc fingers	0.5175696740670775	0.5225125306873002	0.2435756424357564	0.14208579142085792	0.5790439078003238	0.45483398679999554
DLX6.H12CORE.0.SM.B	DLX6	Homeo domain factors	NK-related	0.5175436939064718	0.506904558374502	0.23677632236776322	0.3601639836016398	0.5684995560344132	0.7138964674961075
SHOX.H12CORE.0.SM.B	SHOX	Homeo domain factors	Paired-related HD	0.517491733585262	0.5253425715218365	0.24467553244675533	0.1141885811418858	0.580701962698467	0.43503187369705243
MSX2.H12CORE.0.SM.B	MSX2	Homeo domain factors	NK-related	0.517465753424659	0.517036425233065	0.24187581241875813	0.20437956204379562	0.5769037972235834	0.5512517907087796
HXB1.H12CORE.0.SM.B	HOXB1	Homeo domain factors	HOX-related	0.5173405762872	0.5049271621793313	0.24647535246475352	0.39416058394160586	0.5816217397868056	0.7386671722438146
RAX2.H12CORE.0.S.B	RAX2	Homeo domain factors	Paired-related HD	0.5173264052905068	0.5203693203449582	0.24877512248775122	0.1705829417058294	0.5846620549671416	0.5033766561994106
TBX6.H12CORE.0.PSM.A	TBX6	T-Box factors	TBX6-related	0.5172153991497422	0.49534167169893656	0.24667533246675333	0.5693430656934306	0.5816217397868056	0.900835574337303
NFIB.H12CORE.1.PS.A	NFIB	SMAD/NF-1 DNA-binding domain factors	NF-1	0.5169721303731702	0.5132022400738592	0.24787521247875213	0.2666733326667333	0.5834974414467199	0.6196612222835688
ZNF12.H12CORE.1.M.C	ZNF12	C2H2 zinc finger factors	More than 3 adjacent zinc fingers	0.5169697685403895	0.5196758414502117	0.2516748325167483	0.17298270172982702	0.5905150948319802	0.5048537570485376
EMX2.H12CORE.0.S.B	EMX2	Homeo domain factors	NK-related	0.5168800188946622	0.5100691592416041	0.2526747325267473	0.30516948305169483	0.5918987646689877	0.6590982157389642
TBX5.H12CORE.0.PS.A	TBX5	T-Box factors	TBX2-related	0.5168634860651887	0.4959144852349877	0.24527547245275472	0.5605439456054394	0.5811699618215518	0.8927868802523721
RORG.H12CORE.1.PS.A	RORC	Nuclear receptors with C4 zinc fingers	Thyroid hormone receptor-related	0.5168469532357126	0.5099657711722878	0.253974602539746	0.31296870312968705	0.593018368066106	0.668067808603755
GATA4.H12CORE.0.PSM.A	GATA4	Other C4 zinc finger-type factors	C4-GATA-related	0.5166296646197446	0.5170753535153029	0.24647535246475352	0.21877812218778123	0.5816217397868056	0.5687447128303044
HXB3.H12CORE.0.S.B	HOXB3	Homeo domain factors	HOX-related	0.51650684931507	0.5055538605880782	0.25707429257074293	0.37566243375662434	0.5963958266552766	0.7266499891565803
HXB2.H12CORE.0.SM.B	HOXB2	Homeo domain factors	HOX-related	0.5164265470004743	0.4970734474819301	0.25707429257074293	0.5392460753924607	0.5963958266552766	0.873810262071436
ZN860.H12CORE.0.P.C	ZNF860	C2H2 zinc finger factors	More than 3 adjacent zinc fingers	0.5163627775153525	0.5162545076262127	0.2548745125487451	0.21977802219778023	0.593199873561031	0.5687447128303044
PRGR.H12CORE.1.P.B	PGR	Nuclear receptors with C4 zinc fingers	Steroid hormone receptors	0.5163486065186588	0.5264888233456959	0.25317468253174685	0.24127587241275872	0.5921086983684128	0.5890446308904463
ZN133.H12CORE.0.P.B	ZNF133	C2H2 zinc finger factors	More than 3 adjacent zinc fingers	0.5162281530467661	0.5085231393644238	0.26137386261373863	0.3351664833516648	0.6044270572942706	0.690976653042911
DLX5.H12CORE.0.PSM.A	DLX5	Homeo domain factors	NK-related	0.5159423712801144	0.511502469286608	0.25447455254474555	0.2765723427657234	0.593199873561031	0.6295478942671772
ZN561.H12CORE.0.P.C	ZNF561	C2H2 zinc finger factors	More than 3 adjacent zinc fingers	0.5159258384506396	0.5347071489461551	0.2623737626237376	0.055094490550944904	0.6052169902626963	0.29664682785452795
EVX2.H12CORE.0.SM.B	EVX2	Homeo domain factors	HOX-related	0.5158478979688246	0.5013829390540393	0.25977402259774024	0.45125487451254875	0.6016916767392282	0.7940985169775705
ZN736.H12CORE.0.P.C	ZNF736	C2H2 zinc finger factors	More than 3 adjacent zinc fingers	0.515741615493624	0.5191744659686686	0.266973302669733	0.17848215178482152	0.612468164948211	0.5140713473562823
RXRA.H12CORE.3.P.B	RXRA	Nuclear receptors with C4 zinc fingers	RXR-related receptors	0.5156542276806819	0.5065823159475544	0.272972702729727	0.36006399360063995	0.6193390094952769	0.7138964674961075
ZF64B.H12CORE.1.P.B	ZFP64	C2H2 zinc finger factors	More than 3 adjacent zinc fingers	0.5155999055266889	0.500742574331575	0.2682731726827317	0.47135286471352866	0.6134995058338856	0.8169846488405051
CUX1.H12CORE.0.PM.A	CUX1	Homeo domain factors	HD-CUT	0.5154534718941911	0.5171691351264198	0.2712728727127287	0.19718028197180282	0.6174239042972675	0.5409337393256872
ZEB1.H12CORE.0.P.B	ZEB1	Homeo domain factors	HD-ZF	0.5154062352385452	0.5140138465094084	0.26987301269873015	0.24547545245475452	0.6152081474317024	0.5933351388479243
LHX5.H12CORE.0.PSM.A	LHX5	Homeo domain factors	HD-LIM	0.5153660840812474	0.5150952956709252	0.2626737326267373	0.22747725227477253	0.6052169902626963	0.570128403826284
ZN799.H12CORE.0.P.C	ZNF799	C2H2 zinc finger factors	More than 3 adjacent zinc fingers	0.5153424657534255	0.4926355423867296	0.262973702629737	0.6255374462553744	0.6052169902626963	0.9422239404452039
LHX1.H12CORE.0.S.C	LHX1	Homeo domain factors	HD-LIM	0.5153401039206433	0.5003464203650746	0.2666733326667333	0.4774522547745225	0.612468164948211	0.8231345324248937
PKNX1.H12CORE.1.P.B	PKNOX1	Homeo domain factors	TALE-type HD	0.5152810581010885	0.5034642869422626	0.26807319268073193	0.41115888411158885	0.6134995058338856	0.7584666820674255
MEOX2.H12CORE.0.SM.B	MEOX2	Homeo domain factors	HOX-related	0.5151204534718972	0.4940072456653266	0.27487251274872515	0.6015398460153984	0.6216944136307373	0.9258580538534634
ITF2.H12CORE.0.S.B	TCF4	Basic helix-loop-helix factors (bHLH)	E2A	0.5150921114785073	0.522071526164065	0.276972302769723	0.15448455154484553	0.6217967627809536	0.47706335749403783
SPIB.H12CORE.2.SM.B	SPIB	Tryptophan cluster factors	Ets-related	0.5150259801606047	0.5236176169992953	0.2793720627937206	0.1327867213278672	0.6233848109796107	0.44862746283511185
VAX2.H12CORE.0.SM.B	VAX2	Homeo domain factors	NK-related	0.514981105337744	0.5013955208945267	0.28647135286471354	0.46085391460853914	0.6320767005868221	0.8060753924607539
GRHL2.H12CORE.1.P.B	GRHL2	Grainyhead domain factors	Grainyhead-related	0.5149716580066146	0.5144320577714283	0.2770722927707229	0.24197580241975802	0.6217967627809536	0.5890446308904463
FOXP3.H12CORE.0.P.B	FOXP3	Fork head/winged helix factors	FOX	0.5149078885214932	0.5213546123430951	0.271972802719728	0.1473852614738526	0.6180421327945945	0.4653052162032705
CUX2.H12CORE.0.P.C	CUX2	Homeo domain factors	HD-CUT	0.5149008030231468	0.5183671439476848	0.27817218278172184	0.1872812718728127	0.6232241892089861	0.5257721309581104
ZN224.H12CORE.0.P.B	ZNF224	C2H2 zinc finger factors	More than 3 adjacent zinc fingers	0.5148039678790741	0.49935641463387836	0.27677232276772323	0.48895110488951105	0.6217967627809536	0.8338581726242961
PIT1.H12CORE.1.S.B	POU1F1	Homeo domain factors	POU	0.5147732640529075	0.5159216588564788	0.26907309269073093	0.21137886211378862	0.61435517840621	0.5596691706976091
HME2.H12CORE.0.SM.B	EN2	Homeo domain factors	NK-related	0.5147307510628264	0.5111545565971066	0.27677232276772323	0.29117088291170884	0.6217967627809536	0.6404871707951156
GATA3.H12CORE.0.PS.A	GATA3	Other C4 zinc finger-type factors	C4-GATA-related	0.514726027397262	0.5095991302441025	0.27857214278572145	0.3367663233676632	0.6232241892089861	0.690976653042911
ZKSC5.H12CORE.0.P.C	ZKSCAN5	C2H2 zinc finger factors	Multiple dispersed zinc fingers	0.5146410014171007	0.5136333414204217	0.27977202279772023	0.2505749425057494	0.6233848109796107	0.5973803609738035
GATA1.H12CORE.1.PSM.A	GATA1	Other C4 zinc finger-type factors	C4-GATA-related	0.514591402928673	0.5243579995294267	0.273972602739726	0.12188781121887811	0.6206318143695835	0.43967618163556776
ZN674.H12CORE.0.P.C	ZNF674	C2H2 zinc finger factors	Multiple dispersed zinc fingers	0.5145748700991959	0.5297576329752165	0.2822717728227177	0.0781921807819218	0.6256807498973604	0.3495807826624745
HXB8.H12CORE.0.PSM.A	HOXB8	Homeo domain factors	HOX-related	0.5143575814832313	0.4912016046943404	0.2832716728327167	0.6457354264573543	0.625974002905988	0.9493167791163858
NKX32.H12CORE.1.S.B	NKX3-2	Homeo domain factors	NK-related	0.514331601322627	0.5249196604643794	0.2803719628037196	0.11848815118488151	0.6233848109796107	0.43503187369705243
FEZF1.H12CORE.0.P.B	FEZF1	C2H2 zinc finger factors	More than 3 adjacent zinc fingers	0.5142890883325473	0.5127812850852996	0.27687231276872315	0.263973602639736	0.6217967627809536	0.616302182382731
VAX1.H12CORE.0.SM.B	VAX1	Homeo domain factors	NK-related	0.5142867264997658	0.5018236084359385	0.28817118288171184	0.44815518448155184	0.6329239222196502	0.7937474634889452
HXA2.H12CORE.0.SM.B	HOXA2	Homeo domain factors	HOX-related	0.5142064241851689	0.5041262388694103	0.27997200279972	0.40755924407559246	0.6233848109796107	0.7549524893467008
PRRX1.H12CORE.0.S.B	PRRX1	Homeo domain factors	Paired-related HD	0.5140245630609375	0.5228479378474455	0.281971802819718	0.13988601139886012	0.6256807498973604	0.4546295370462954
EVX1.H12CORE.0.SM.B	EVX1	Homeo domain factors	HOX-related	0.513729333963158	0.500845377378546	0.2926707329267073	0.46315368463153683	0.6408556412947476	0.8091171512388712
GSX2.H12CORE.0.SM.B	GSX2	Homeo domain factors	HOX-related	0.5137128011336815	0.5032993342696231	0.28287171282871715	0.4166583341665833	0.625974002905988	0.7637247696550142
CDX2.H12CORE.0.PS.A	CDX2	Homeo domain factors	HOX-related	0.5136136041568277	0.5249097168749505	0.2880711928807119	0.11728827117288271	0.6329239222196502	0.43503187369705243
ZN627.H12CORE.0.P.C	ZNF627	C2H2 zinc finger factors	More than 3 adjacent zinc fingers	0.5135758148323107	0.512756813850201	0.28757124287571245	0.2635736426357364	0.6329239222196502	0.616302182382731
RORG.H12CORE.0.M.C	RORC	Nuclear receptors with C4 zinc fingers	Thyroid hormone receptor-related	0.513556920170052	0.5249037924914044	0.28927107289271076	0.11408859114088592	0.6343741005838627	0.43503187369705243
GBX1.H12CORE.1.S.B	GBX1	Homeo domain factors	HOX-related	0.5132498819083615	0.5059815050508637	0.3003699630036996	0.3778622137786221	0.6539640153631695	0.7279775360247687
FOXP2.H12CORE.0.P.B	FOXP2	Fork head/winged helix factors	FOX	0.5132427964100147	0.5034168976626188	0.29927007299270075	0.44795520447955206	0.6533233212230971	0.7937474634889452
Z585B.H12CORE.0.P.C	ZNF585B	C2H2 zinc finger factors	More than 3 adjacent zinc fingers	0.5132120925838465	0.5060163493554632	0.29487051294870514	0.3708629137086291	0.6446941669469417	0.722596161436488
ESX1.H12CORE.0.SM.B	ESX1	Homeo domain factors	Paired-related HD	0.5128814359943324	0.49800649732818614	0.31116888311168883	0.5294470552944706	0.6685516908249828	0.8681728418067285
PBX2.H12CORE.2.P.C	PBX2	Homeo domain factors	TALE-type HD	0.5126523382144548	0.4985361467807413	0.30046995300469953	0.5658434156584341	0.6539640153631695	0.8972659876869454
PRDM9.H12CORE.0.P.B	PRDM9	C2H2 zinc finger factors	Multiple dispersed zinc fingers	0.5125885687293339	0.5138982174525568	0.3096690330966903	0.24997500249975002	0.6685516908249828	0.5972084910714227
ZN682.H12CORE.1.P.B	ZNF682	C2H2 zinc finger factors	More than 3 adjacent zinc fingers	0.5125507794048196	0.5106145717709792	0.31226877312268775	0.2822717728227177	0.6685516908249828	0.6331170592368893
ZN616.H12CORE.0.P.C	ZNF616	C2H2 zinc finger factors	More than 3 adjacent zinc fingers	0.5125011809163917	0.5118366743146017	0.30996900309969005	0.2833716628337166	0.6685516908249828	0.6331170592368893
UNC4.H12CORE.1.S.B	UNCX	Homeo domain factors	Paired-related HD	0.5124964572508273	0.5243995630258651	0.3103689631036896	0.12238776122387761	0.6685516908249828	0.43967618163556776
GATA3.H12CORE.1.SM.B	GATA3	Other C4 zinc finger-type factors	C4-GATA-related	0.512432687765707	0.5078258911879013	0.31156884311568844	0.3457654234576542	0.6685516908249828	0.69764895018878
GLIS1.H12CORE.2.SM.B	GLIS1	C2H2 zinc finger factors	More than 3 adjacent zinc fingers	0.5124114312706658	0.5136794407600878	0.3106689331066893	0.2565743425657434	0.6685516908249828	0.6059521707403728
ESR2.H12CORE.0.P.B	ESR2	Nuclear receptors with C4 zinc fingers	Steroid hormone receptors	0.5123783656117162	0.5133194767220761	0.31216878312168783	0.2585741425857414	0.6685516908249828	0.6091013048532281
ZNF12.H12CORE.0.P.C	ZNF12	C2H2 zinc finger factors	More than 3 adjacent zinc fingers	0.5123783656117153	0.5029513267662893	0.3116688331166883	0.4273572642735726	0.6685516908249828	0.7719910111617123
FOSB.H12CORE.1.M.C	FOSB	Basic leucine zipper factors (bZIP)	Fos-related	0.5123405762872001	0.5145949347787964	0.30346965303469653	0.23227677232276772	0.6593742129546444	0.5763985457124391
ZN586.H12CORE.0.P.C	ZNF586	C2H2 zinc finger factors	More than 3 adjacent zinc fingers	0.5123145961265952	0.5083228153080107	0.3174682531746825	0.3434656534346565	0.6695265725226038	0.694146971857436
DLX4.H12CORE.0.SM.B	DLX4	Homeo domain factors	NK-related	0.5122697213037326	0.5085414509467509	0.30386961303869614	0.3270672932706729	0.6593742129546444	0.6859856165546235
PDX1.H12CORE.1.PSM.A	PDX1	Homeo domain factors	HOX-related	0.5121563533301855	0.49731397348433515	0.3210678932106789	0.5375462453754625	0.6695265725226038	0.8725300698276629
ZN615.H12CORE.0.P.C	ZNF615	C2H2 zinc finger factors	More than 3 adjacent zinc fingers	0.5120925838450654	0.503653796309335	0.31956804319568044	0.42145785421457854	0.6695265725226038	0.7691586901915869
DLX1.H12CORE.1.PSM.A	DLX1	Homeo domain factors	NK-related	0.5120524326877666	0.5087969989706332	0.31896810318968105	0.3297670232976702	0.6695265725226038	0.6866577411522916
ZN257.H12CORE.0.P.B	ZNF257	C2H2 zinc finger factors	More than 3 adjacent zinc fingers	0.5119839395370822	0.523719082207548	0.3177682231776822	0.1287871212878712	0.6695265725226038	0.4482062432054667
LHX4.H12CORE.0.SM.B	LHX4	Homeo domain factors	HD-LIM	0.5119697685403888	0.510936122386599	0.3200679932006799	0.300969903009699	0.6695265725226038	0.6558039979134617
SOX2.H12CORE.1.P.B	SOX2	High-mobility group (HMG) domain factors	SOX-related	0.5118965517241394	0.5119610894842455	0.3224677532246775	0.2772722727727227	0.6695265725226038	0.6295478942671772
ARX.H12CORE.0.S.B	ARX	Homeo domain factors	Paired-related HD	0.5118564005668402	0.5150652186026649	0.31466853314668536	0.22727727227277272	0.6695265725226038	0.570128403826284
NFIC.H12CORE.1.PSM.A	NFIC	SMAD/NF-1 DNA-binding domain factors	NF-1	0.5118422295701472	0.5134105016043662	0.32116788321167883	0.33806619338066196	0.6695265725226038	0.690976653042911
ZN443.H12CORE.0.P.C	ZNF443	C2H2 zinc finger factors	More than 3 adjacent zinc fingers	0.5118327822390181	0.5120645808370757	0.3210678932106789	0.2765723427657234	0.6695265725226038	0.6295478942671772
GSX1.H12CORE.0.SM.B	GSX1	Homeo domain factors	HOX-related	0.5118138875767599	0.505282654755064	0.3173682631736826	0.3925607439256074	0.6695265725226038	0.7385464843346173
BARX1.H12CORE.1.S.B	BARX1	Homeo domain factors	NK-related	0.5117949929145017	0.5056659939308319	0.3220677932206779	0.3832616738326167	0.6695265725226038	0.7334835481969044
GRHL1.H12CORE.0.PSM.A	GRHL1	Grainyhead domain factors	Grainyhead-related	0.5117619272555515	0.5186582461425282	0.32116788321167883	0.18488151184881513	0.6695265725226038	0.5216261576967303
MEIS2.H12CORE.0.P.C	MEIS2	Homeo domain factors	TALE-type HD	0.5117430325932932	0.4999523807524902	0.31926807319268075	0.48605139486051396	0.6695265725226038	0.8329835662514509
MNX1.H12CORE.0.SM.B	MNX1	Homeo domain factors	HOX-related	0.5117170524326905	0.5048412627085997	0.31866813318668136	0.39506049395060494	0.6695265725226038	0.7393933758375135
HXB13.H12CORE.0.PS.A	HOXB13	Homeo domain factors	HOX-related	0.5115895134624469	0.5075381068469271	0.32086791320867913	0.3491650834916508	0.6695265725226038	0.6997850214978503
TLX2.H12CORE.0.SM.B	TLX2	Homeo domain factors	NK-related	0.5115871516296653	0.5078208851252823	0.32756724327567244	0.3511648835116488	0.6762225065047144	0.7028168195663096
HXC11.H12CORE.1.S.B	HOXC11	Homeo domain factors	HOX-related	0.5114926783183751	0.511548677708009	0.3210678932106789	0.27277272272772723	0.6695265725226038	0.6295478942671772
ZN749.H12CORE.1.P.C	ZNF749	C2H2 zinc finger factors	More than 3 adjacent zinc fingers	0.5112706660368455	0.5220442122290825	0.3160683931606839	0.16568343165683433	0.6695265725226038	0.4939694047124214
RXRA.H12CORE.0.PS.A	RXRA	Nuclear receptors with C4 zinc fingers	RXR-related receptors	0.5112446858762411	0.4916004170234127	0.3223677632236776	0.6811318868113189	0.6695265725226038	0.9741063554695075
ZN684.H12CORE.0.P.C	ZNF684	C2H2 zinc finger factors	More than 3 adjacent zinc fingers	0.5112328767123294	0.5166330591602258	0.32186781321867813	0.20957904209579042	0.6695265725226038	0.5579751987900841
Z324A.H12CORE.0.P.B	ZNF324	C2H2 zinc finger factors	More than 3 adjacent zinc fingers	0.5112116202172894	0.4995079358574481	0.32586741325867413	0.4931506849315068	0.674643726445146	0.8362120309708159
HXB4.H12CORE.1.PSM.A	HOXB4	Homeo domain factors	HOX-related	0.5110935285781787	0.4942361015520243	0.3224677532246775	0.5857414258574143	0.6695265725226038	0.9127698461255387
ZN263.H12CORE.0.PM.A	ZNF263	C2H2 zinc finger factors	More than 3 adjacent zinc fingers	0.5110651865847899	0.5097457925073365	0.32926707329267074	0.41315868413158685	0.678760552516177	0.7604438535738264
PDX1.H12CORE.0.P.B	PDX1	Homeo domain factors	HOX-related	0.5110604629192278	0.5107262190831748	0.32656734326567344	0.29017098290170984	0.6751241781266	0.6402396457601947
ZNF28.H12CORE.0.P.C	ZNF28	C2H2 zinc finger factors	More than 3 adjacent zinc fingers	0.5109707132735012	0.5100214278859591	0.32356764323567644	0.2999700029997	0.6708449844670705	0.6548513076075145
SMAD2.H12CORE.0.P.B	SMAD2	SMAD/NF-1 DNA-binding domain factors	SMAD	0.510930562116203	0.5078053308486623	0.3331666833316668	0.3374662533746625	0.6828970512039705	0.690976653042911
ZN713.H12CORE.0.SM.B	ZNF713	C2H2 zinc finger factors	More than 3 adjacent zinc fingers	0.5107770429853582	0.5212483086242479	0.33386661333866613	0.1583841615838416	0.6833610255995677	0.4821695045685304
ZN37A.H12CORE.0.P.B	ZNF37A	C2H2 zinc finger factors	Multiple dispersed zinc fingers	0.5107132735002368	0.5191601815139696	0.3381661833816618	0.18038196180381963	0.6862658271987927	0.5144094286223552
FOXL2.H12CORE.0.PSM.A	FOXL2	Fork head/winged helix factors	FOX	0.5106471421823353	0.5128233151545714	0.3330666933306669	0.25907409259074093	0.6828970512039705	0.6091013048532281
BARH2.H12CORE.1.S.B	BARHL2	Homeo domain factors	NK-related	0.5106447803495523	0.5089003942233224	0.3421657834216578	0.32856714328567144	0.6867110229171798	0.6861394902477914
ARX.H12CORE.1.SM.B	ARX	Homeo domain factors	Paired-related HD	0.5106235238545117	0.5095078477810241	0.3321667833216678	0.30826917308269175	0.6827872768278727	0.6619530011284586
LBX2.H12CORE.1.S.B	LBX2	Homeo domain factors	NK-related	0.5106211620217288	0.528426757216685	0.33936606339366066	0.0917908209179082	0.6862658271987927	0.386163715989917
ZKSC8.H12CORE.0.P.B	ZKSCAN8	C2H2 zinc finger factors	More than 3 adjacent zinc fingers	0.5105762871988669	0.5366413778513287	0.3404659534046595	0.0435956404359564	0.6867110229171798	0.2688397826883978
ZN304.H12CORE.0.P.C	ZNF304	C2H2 zinc finger factors	Multiple dispersed zinc fingers	0.5105290505432215	0.5072219982209539	0.33166683331666835	0.3461653834616538	0.6827321547445827	0.69764895018878
ZFP91.H12CORE.0.P.C	ZFP91	C2H2 zinc finger factors	More than 3 adjacent zinc fingers	0.5105148795465295	0.48272771458776603	0.33786621337866213	0.7807219278072193	0.6862658271987927	1.0
PHX2B.H12CORE.1.SM.B	PHOX2B	Homeo domain factors	Paired-related HD	0.5104062352385469	0.5022153231298805	0.33936606339366066	0.44145585441455854	0.6862658271987927	0.7874175499631743
NR1H3.H12CORE.0.P.B	NR1H3	Nuclear receptors with C4 zinc fingers	Thyroid hormone receptor-related	0.5102739726027401	0.5339543875429302	0.34366563343665635	0.05729427057294271	0.6871026590287029	0.30107241983382893
HXA7.H12CORE.0.SM.B	HOXA7	Homeo domain factors	HOX-related	0.5102456306093534	0.48998321925200666	0.33866613338666135	0.6665333466653335	0.6862658271987927	0.9679036120532816
DMRTD.H12CORE.0.SM.B	DMRTC2	DM-type intertwined zinc finger factors	DMRT	0.5102125649504031	0.5024948374411748	0.3354664533546645	0.4316568343165683	0.6856630201002561	0.7766593664823044
ZN692.H12CORE.0.P.C	ZNF692	C2H2 zinc finger factors	More than 3 adjacent zinc fingers	0.5101747756258874	0.49579041900320053	0.34356564343565643	0.5617438256174383	0.6871026590287029	0.8937115108775782
ZN563.H12CORE.0.P.C	ZNF563	C2H2 zinc finger factors	More than 3 adjacent zinc fingers	0.5101251771374601	0.5078994992713304	0.34756524347565243	0.34766523347665235	0.6905095204765238	0.6983501927971321
ALX4.H12CORE.1.SM.B	ALX4	Homeo domain factors	Paired-related HD	0.5101204534718949	0.5062703602490318	0.34166583341665835	0.37246275372462756	0.6867110229171798	0.7233671794110911
GCR.H12CORE.0.PS.A	NR3C1	Nuclear receptors with C4 zinc fingers	Steroid hormone receptors	0.5101062824752031	0.5424878317325489	0.33796620337966204	0.0268973102689731	0.6862658271987927	0.21443546253109494
FOXO1.H12CORE.0.PS.A	FOXO1	Fork head/winged helix factors	FOX	0.5100732168162508	0.4996978686647295	0.33956604339566043	0.4737526247375263	0.6862658271987927	0.8177332984404909
PO4F1.H12CORE.0.S.B	POU4F1	Homeo domain factors	POU	0.5100330656589507	0.5192075711324959	0.3511648835116488	0.1730826917308269	0.6932023623903	0.5048537570485376
ZN331.H12CORE.0.P.B	ZNF331	C2H2 zinc finger factors	More than 3 adjacent zinc fingers	0.5099692961738302	0.5142017802800898	0.34206579342065796	0.24547545245475452	0.6867110229171798	0.5933351388479243
HXB7.H12CORE.1.SM.B	HOXB7	Homeo domain factors	HOX-related	0.5099574870099203	0.4915689733291762	0.3371662833716628	0.64003599640036	0.6862658271987927	0.9488183625169311
PO3F4.H12CORE.0.SM.B	POU3F4	Homeo domain factors	POU	0.5099504015115756	0.49877112741307467	0.34426557344265574	0.5072492750724927	0.6871026590287029	0.8532981585562374
SALL1.H12CORE.0.P.C	SALL1	C2H2 zinc finger factors	Multiple dispersed zinc fingers	0.5098795465281053	0.5080239330839383	0.34096590340965904	0.3364663533646635	0.6867110229171798	0.690976653042911
PRDM5.H12CORE.1.P.B	PRDM5	C2H2 zinc finger factors	More than 3 adjacent zinc fingers	0.5097378365611736	0.5219650842016526	0.35626437356264373	0.1521847815218478	0.6975434071246879	0.47350490757375874
NKX21.H12CORE.0.P.B	NKX2-1	Homeo domain factors	NK-related	0.5096929617383101	0.5107228609745658	0.34426557344265574	0.28617138286171384	0.6871026590287029	0.6362793612780479
ZN260.H12CORE.0.P.C	ZNF260	C2H2 zinc finger factors	More than 3 adjacent zinc fingers	0.5096905999055262	0.5146205262256222	0.34966503349665035	0.23317668233176683	0.6911871826515978	0.5766481571020979
VSX2.H12CORE.0.PSM.A	VSX2	Homeo domain factors	Paired-related HD	0.50961029759093	0.5023361627486752	0.3491650834916508	0.43525647435256476	0.6911457002447903	0.7801445661885424
TLX3.H12CORE.0.SM.B	TLX3	Homeo domain factors	NK-related	0.5096008502598027	0.49808269770628005	0.3471652834716528	0.5215478452154785	0.6905095204765238	0.8604427228510027
ZN805.H12CORE.0.P.C	ZNF805	C2H2 zinc finger factors	More than 3 adjacent zinc fingers	0.5095701464336332	0.4974155895693869	0.34596540345965404	0.5333466653334666	0.6895415430832608	0.8714003599640037
GATA1.H12CORE.0.P.B	GATA1	Other C4 zinc finger-type factors	C4-GATA-related	0.5095323571091172	0.5209916474982249	0.34796520347965204	0.15128487151284872	0.6905095204765238	0.47350490757375874
HMX3.H12CORE.0.S.B	HMX3	Homeo domain factors	NK-related	0.5095252716107715	0.5308190241486213	0.36226377362263773	0.07749225077492251	0.698859124782709	0.3495807826624745
ZN584.H12CORE.1.P.C	ZNF584	C2H2 zinc finger factors	More than 3 adjacent zinc fingers	0.5094378837978283	0.5104540728990004	0.36006399360063995	0.3063693630636936	0.698859124782709	0.6598372998521043
GATA5.H12CORE.0.SM.B	GATA5	Other C4 zinc finger-type factors	C4-GATA-related	0.5093930089749652	0.5061808736078646	0.34836516348365165	0.3655634436556344	0.6905095204765238	0.7186758163420716
SHOX2.H12CORE.1.S.C	SHOX2	Homeo domain factors	Paired-related HD	0.5093434104865388	0.5236029031223028	0.36176382361763826	0.13018698130186981	0.698859124782709	0.4482062432054667
ZN449.H12CORE.0.P.B	ZNF449	C2H2 zinc finger factors	More than 3 adjacent zinc fingers	0.5092961738308941	0.5050639292893088	0.3531646835316468	0.3762623737626237	0.6933559705253964	0.7268361517261929
VSX1.H12CORE.0.SM.B	VSX1	Homeo domain factors	Paired-related HD	0.509253660840813	0.502334859925751	0.35306469353064696	0.44455554444555545	0.6933559705253964	0.7909909378975789
ZIC1.H12CORE.2.S.B	ZIC1	C2H2 zinc finger factors	More than 3 adjacent zinc fingers	0.5091450165328295	0.5241204903200656	0.35996400359964004	0.12308769123087691	0.698859124782709	0.44073334602023667
ZBT26.H12CORE.1.SM.B	ZBTB26	C2H2 zinc finger factors	More than 3 adjacent zinc fingers	0.5091166745394436	0.5226992028607872	0.3521647835216478	0.1381861813818618	0.6933559705253964	0.4546295370462954
CDX4.H12CORE.0.S.C	CDX4	Homeo domain factors	HOX-related	0.5091119508738791	0.5254754398439686	0.35256474352564743	0.10918908109189081	0.6933559705253964	0.4254872899806793
RXRA.H12CORE.1.S.C	RXRA	Nuclear receptors with C4 zinc fingers	RXR-related receptors	0.508948984411904	0.5153567884588365	0.35696430356964304	0.22717728227177283	0.697966788686985	0.570128403826284
ZN281.H12CORE.1.SM.B	ZNF281	C2H2 zinc finger factors	More than 3 adjacent zinc fingers	0.5089182805857366	0.4997224050705991	0.3595640435956404	0.49905009499050096	0.698859124782709	0.8432427249078371
GRHL1.H12CORE.1.PS.A	GRHL1	Grainyhead domain factors	Grainyhead-related	0.5088710439300907	0.5254271022046515	0.3551644835516448	0.10938906109389061	0.6963347143546514	0.4254872899806793
HXD3.H12CORE.0.SM.B	HOXD3	Homeo domain factors	HOX-related	0.5088639584317436	0.5006067800958925	0.3681631836816318	0.47235276472352766	0.7027488796694967	0.8169846488405051
ZN468.H12CORE.0.P.C	ZNF468	C2H2 zinc finger factors	More than 3 adjacent zinc fingers	0.5088545111006132	0.509252056620299	0.36676332366763326	0.33796620337966204	0.7027488796694967	0.690976653042911
ISX.H12CORE.0.SM.B	ISX	Homeo domain factors	Paired-related HD	0.508819083608881	0.516265463033094	0.36196380361963804	0.21097890210978903	0.698859124782709	0.5596691706976091
NFIL3.H12CORE.1.S.B	NFIL3	Basic leucine zipper factors (bZIP)	C/EBP-related	0.5088001889466234	0.4970447765551555	0.36126387361263873	0.5405459454054594	0.698859124782709	0.8744482054036747
ZN716.H12CORE.1.P.C	ZNF716	C2H2 zinc finger factors	More than 3 adjacent zinc fingers	0.5087931034482766	0.5048727266653606	0.3621637836216378	0.3872612738726127	0.698859124782709	0.7372269369369131
ZN251.H12CORE.0.P.C	ZNF251	C2H2 zinc finger factors	Multiple dispersed zinc fingers	0.5087671232876728	0.5086033441918653	0.36866313368663134	0.3281671832816718	0.7027488796694967	0.6861394902477914
FOXK1.H12CORE.0.PS.A	FOXK1	Fork head/winged helix factors	FOX	0.5086868209730764	0.5056665465477026	0.36146385361463856	0.37846215378462156	0.698859124782709	0.7281611838816119
ZN669.H12CORE.0.P.B	ZNF669	C2H2 zinc finger factors	More than 3 adjacent zinc fingers	0.5086702881436009	0.5310589641688369	0.36406359364063595	0.07779222077792221	0.700678400868302	0.3495807826624745
NFAT5.H12CORE.1.PS.A	NFAT5	Rel homology region (RHR) factors	NFAT-related	0.5086490316485605	0.4853510743544215	0.35836416358364165	0.7468253174682532	0.698859124782709	1.0
OTX1.H12CORE.1.S.B	OTX1	Homeo domain factors	Paired-related HD	0.5086466698157776	0.512020404988857	0.36466353364663534	0.27577242275772423	0.700678400868302	0.6295478942671772
ZN296.H12CORE.0.S.C	ZNF296	C2H2 zinc finger factors	Multiple dispersed zinc fingers	0.5085923476617856	0.5059033932419906	0.3681631836816318	0.37976202379762025	0.7027488796694967	0.7292944907636896
ZN264.H12CORE.0.P.B	ZNF264	C2H2 zinc finger factors	More than 3 adjacent zinc fingers	0.5085616438356182	0.5155117746993988	0.36826317368263173	0.21837816218378162	0.7027488796694967	0.5687447128303044
BARH1.H12CORE.1.S.B	BARHL1	Homeo domain factors	NK-related	0.5084222957014652	0.5032262510631301	0.37236276372362764	0.42475752424757524	0.706999300069993	0.7712752594087325
ZN880.H12CORE.0.P.C	ZNF880	C2H2 zinc finger factors	More than 3 adjacent zinc fingers	0.5083845063769504	0.5014371761413562	0.36676332366763326	0.45735426457354267	0.7027488796694967	0.80092500458692
ZIC3.H12CORE.1.S.B	ZIC3	C2H2 zinc finger factors	More than 3 adjacent zinc fingers	0.508252243741145	0.5257677255135004	0.38416158384161586	0.1146885311468853	0.721803600889911	0.43503187369705243
LHX9.H12CORE.0.PS.A	LHX9	Homeo domain factors	HD-LIM	0.5082026452527179	0.5147905876899964	0.37546245375462456	0.23557644235576441	0.7108380905028763	0.5800919056305612
PHX2A.H12CORE.1.SM.B	PHOX2A	Homeo domain factors	Paired-related HD	0.5081530467642904	0.5022585214385128	0.3721627837216278	0.45035496450354967	0.706999300069993	0.7940985169775705
MYBA.H12CORE.1.PS.A	MYBL1	Tryptophan cluster factors	Myb/SANT domain	0.5081459612659438	0.4969106456988769	0.36426357364263573	0.5461453854614539	0.700678400868302	0.8785817070466867
TBX3.H12CORE.0.PSM.A	TBX3	T-Box factors	TBX2-related	0.5081081719414282	0.4986903325493941	0.37416258374162586	0.5101489851014899	0.7094830595784049	0.8543312722092061
SOX17.H12CORE.1.P.B	SOX17	High-mobility group (HMG) domain factors	SOX-related	0.5080491261218716	0.531643376090472	0.37636236376362364	0.0690930906909309	0.7108519514540692	0.32999967329999674
VENTX.H12CORE.0.SM.B	VENTX	Homeo domain factors	NK-related	0.507869626830421	0.48978747157093977	0.3721627837216278	0.6716328367163283	0.706999300069993	0.9698876112388761
VENTX.H12CORE.1.S.C	VENTX	Homeo domain factors	NK-related	0.507801133679738	0.4913829554735662	0.37976202379762025	0.6434356564343565	0.7154002615404256	0.9493167791163858
HNF6.H12CORE.3.M.B	ONECUT1	Homeo domain factors	HD-CUT	0.5077326405290532	0.5167083837079465	0.3822617738226177	0.21437856214378562	0.7191704558357723	0.5663274623177535
PO5F1.H12CORE.0.P.B	POU5F1	Homeo domain factors	POU	0.5075885687293336	0.5024902042539838	0.37916208379162086	0.43475652434756523	0.7152037737402731	0.7801445661885424
MEIS1.H12CORE.1.PS.A	MEIS1	Homeo domain factors	TALE-type HD	0.5074940954180449	0.4987630955432985	0.38616138386161386	0.5125487451254874	0.7227378429472229	0.8550379644116513
ZIC1.H12CORE.0.P.B	ZIC1	C2H2 zinc finger factors	More than 3 adjacent zinc fingers	0.5073311289560701	0.5349381554197102	0.3758624137586241	0.05699430056994301	0.7108380905028763	0.30107241983382893
ZN765.H12CORE.0.P.C	ZNF765	C2H2 zinc finger factors	More than 3 adjacent zinc fingers	0.5071374586679264	0.49150014981229007	0.38546145385461456	0.6483351664833517	0.7227378429472229	0.9497945636908389
ZN322.H12CORE.0.P.C	ZNF322	C2H2 zinc finger factors	More than 3 adjacent zinc fingers	0.5071114785073234	0.4975185622274929	0.3932606739326067	0.5345465453454654	0.733343052791495	0.8714003599640037
HXD11.H12CORE.1.SM.B	HOXD11	Homeo domain factors	HOX-related	0.5071020311761939	0.52020827817772	0.4022597740225977	0.17378262173782622	0.7413293153443276	0.5055812967090387
ZSC29.H12CORE.1.M.C	ZSCAN29	C2H2 zinc finger factors	More than 3 adjacent zinc fingers	0.5069933868682106	0.5110136596563054	0.38586141385861417	0.2873712628737126	0.7227378429472229	0.6373350395021847
ALX3.H12CORE.0.SM.B	ALX3	Homeo domain factors	Paired-related HD	0.5068493150684941	0.5028546207328777	0.39076092390760925	0.43055694430556946	0.7303989808273059	0.7766170882911709
HXA5.H12CORE.0.SM.B	HOXA5	Homeo domain factors	HOX-related	0.5067926310817199	0.48918557802530777	0.40215978402159785	0.6843315668433156	0.7413293153443276	0.9761331559151778
ISL1.H12CORE.0.PSM.A	ISL1	Homeo domain factors	HD-LIM	0.5066509211147866	0.5063167546212494	0.39386061393860616	0.3625637436256374	0.733343052791495	0.7164933301471494
NR2F6.H12CORE.0.P.C	NR2F6	Nuclear receptors with C4 zinc fingers	RXR-related receptors	0.5064478034955106	0.500627001576236	0.39366063393660633	0.46605339466053397	0.733343052791495	0.8122162421439015
ZNF8.H12CORE.1.P.B	ZNF8	C2H2 zinc finger factors	Multiple dispersed zinc fingers	0.5064289088332553	0.49627527150334483	0.40115988401159886	0.5583441655834417	0.7413293153443276	0.8922376865303503
ZN768.H12CORE.0.P.B	ZNF768	C2H2 zinc finger factors	More than 3 adjacent zinc fingers	0.5064194615021267	0.5155755438138182	0.39876012398760124	0.22757724227577242	0.7405545159769737	0.570128403826284
PBX1.H12CORE.2.P.B	PBX1	Homeo domain factors	TALE-type HD	0.5064029286726517	0.49816855709238	0.4082591740825917	0.5318468153184681	0.7426090515164293	0.8701303339053849
GLI2.H12CORE.0.PSM.A	GLI2	C2H2 zinc finger factors	More than 3 adjacent zinc fingers	0.5063958431743052	0.4862624723991838	0.40315968403159685	0.7390260973902609	0.7420400817061151	1.0
ZF69B.H12CORE.0.P.C	ZFP69B	C2H2 zinc finger factors	More than 3 adjacent zinc fingers	0.5063037316957978	0.5090336702167977	0.40175982401759824	0.32556744325567444	0.7413293153443276	0.6854616287642372
HXC4.H12CORE.0.SM.B	HOXC4	Homeo domain factors	HOX-related	0.5062895606991031	0.4939837190077645	0.4016598340165983	0.5941405859414058	0.7413293153443276	0.9179281215347415
ZN417.H12CORE.0.P.C	ZNF417	C2H2 zinc finger factors	Multiple dispersed zinc fingers	0.5062423240434594	0.4965283591860781	0.40555944405559446	0.5514448555144486	0.7426090515164293	0.8851333998969402
LBX2.H12CORE.0.S.B	LBX2	Homeo domain factors	NK-related	0.5061903637222492	0.527489523663945	0.40545945405459455	0.09569043095690431	0.7426090515164293	0.393096201743462
BSH.H12CORE.0.SM.B	BSX	Homeo domain factors	NK-related	0.5061880018894673	0.49773126038813625	0.39776022397760225	0.5196480351964804	0.7396494886593815	0.8600940593225901
GBX1.H12CORE.0.S.B	GBX1	Homeo domain factors	HOX-related	0.5061691072272085	0.5062028426393496	0.4056594340565943	0.37106289371062895	0.7426090515164293	0.722596161436488
RBAK.H12CORE.0.P.C	RBAK	C2H2 zinc finger factors	More than 3 adjacent zinc fingers	0.5061549362305159	0.5293585610346428	0.4082591740825917	0.0832916708329167	0.7426090515164293	0.36028193587826846
ZN449.H12CORE.1.S.C	ZNF449	C2H2 zinc finger factors	More than 3 adjacent zinc fingers	0.5060604629192265	0.5053505441588946	0.39986001399860016	0.38436156384361564	0.7413293153443276	0.7344059244869164
HNF4A.H12CORE.0.PSM.A	HNF4A	Nuclear receptors with C4 zinc fingers	RXR-related receptors	0.5060014170996703	0.510888202290884	0.41105889411058893	0.29087091290870914	0.7432783630272768	0.6404871707951156
FOXI1.H12CORE.0.SM.B	FOXI1	Fork head/winged helix factors	FOX	0.5059919697685406	0.4870668007846859	0.40745925407459255	0.728027197280272	0.7426090515164293	1.0
ZN502.H12CORE.0.P.C	ZNF502	C2H2 zinc finger factors	More than 3 adjacent zinc fingers	0.5059376476145493	0.5037679104368092	0.40635936406359363	0.41625837416258377	0.7426090515164293	0.7637247696550142
HXB5.H12CORE.0.SM.B	HOXB5	Homeo domain factors	HOX-related	0.5059282002834218	0.49047087467050815	0.40755924407559246	0.6674332566743326	0.7426090515164293	0.9679459189759416
DRGX.H12CORE.1.SM.B	DRGX	Homeo domain factors	Paired-related HD	0.5056991025035437	0.506660360300974	0.40755924407559246	0.3611638836116388	0.7426090515164293	0.7148964115934086
LHX8.H12CORE.0.S.B	LHX8	Homeo domain factors	HD-LIM	0.5056920170051966	0.5064740758202666	0.41005899410058994	0.36926307369263073	0.7426090515164293	0.7220143839274609
HXB9.H12CORE.0.S.C	HOXB9	Homeo domain factors	HOX-related	0.505689655172416	0.5142730857864533	0.42015798420157985	0.25917408259174085	0.7522183265544413	0.6091013048532281
TBX4.H12CORE.1.S.B	TBX4	T-Box factors	TBX2-related	0.5055668398677384	0.5099867714581987	0.41015898410158985	0.30556944305569445	0.7426090515164293	0.6590982157389642
GATA2.H12CORE.1.P.B	GATA2	Other C4 zinc finger-type factors	C4-GATA-related	0.5055573925366088	0.515720819420589	0.41645835416458354	0.22207779222077792	0.7493134726427607	0.5687447128303044
HNF6.H12CORE.2.S.B	ONECUT1	Homeo domain factors	HD-CUT	0.5055550307038267	0.5134610699563062	0.41155884411558846	0.2525747425257474	0.7432783630272768	0.6004371556254589
CEBPB.H12CORE.1.SM.B	CEBPB	Basic leucine zipper factors (bZIP)	C/EBP-related	0.5055054322153997	0.5141110335860529	0.40995900409959	0.24327567243275672	0.7426090515164293	0.5899946139839797
ZN189.H12CORE.1.P.B	ZNF189	C2H2 zinc finger factors	More than 3 adjacent zinc fingers	0.5054841757203589	0.49555543054331874	0.4146585341465853	0.5645435456454354	0.7470065727509646	0.8961895889618958
HXA1.H12CORE.0.SM.B	HOXA1	Homeo domain factors	HOX-related	0.5052432687765732	0.4962073135644785	0.40985901409859016	0.5511448855114488	0.7426090515164293	0.8851333998969402
TBX19.H12CORE.0.PS.A	TBX19	T-Box factors	Brachyury-related	0.5051700519603229	0.4886051223580096	0.42415758424157585	0.6955304469553044	0.7528405831003615	0.9848018125016766
SPI1.H12CORE.0.P.B	SPI1	Tryptophan cluster factors	Ets-related	0.5051676901275408	0.522835479666394	0.4176582341765823	0.13908609139086092	0.7496030247721496	0.4546295370462954
SOX9.H12CORE.1.PS.A	SOX9	High-mobility group (HMG) domain factors	SOX-related	0.5050283419933881	0.49490108574296543	0.41375862413758624	0.5718428157184282	0.7463171182881712	0.9037997624114916
SOX18.H12CORE.0.SM.B	SOX18	High-mobility group (HMG) domain factors	SOX-related	0.5050118091639124	0.5007209281296284	0.4176582341765823	0.47225277472252775	0.7496030247721496	0.8169846488405051
PRRX2.H12CORE.0.SM.B	PRRX2	Homeo domain factors	Paired-related HD	0.5049480396787934	0.49613313441392015	0.4223577642235776	0.5567443255674432	0.7528405831003615	0.8916560064304335
OLIG1.H12CORE.0.S.B	OLIG1	Basic helix-loop-helix factors (bHLH)	Tal-related	0.5047449220595194	0.5042515680710847	0.42415758424157585	0.41155884411558846	0.7528405831003615	0.7584666820674255
HMX2.H12CORE.0.SM.B	HMX2	Homeo domain factors	NK-related	0.5047213037316977	0.5165342039964764	0.42175782421757824	0.21107889211078892	0.7528405831003615	0.5596691706976091
MGAP.H12CORE.1.S.B	MGA	Basic helix-loop-helix factors (bHLH)	bHLH-ZIP	0.5046291922531893	0.5114083061957385	0.42325767423257676	0.28247175282471754	0.7528405831003615	0.6331170592368893
Z780A.H12CORE.0.P.C	ZNF780A	C2H2 zinc finger factors	More than 3 adjacent zinc fingers	0.50450401511573	0.49282496646655555	0.4326567343265673	0.6180381961803819	0.7641660558546348	0.9361187441465277
HXD1.H12CORE.0.SM.B	HOXD1	Homeo domain factors	HOX-related	0.5044780349551272	0.5059610107591833	0.42205779422057793	0.37246275372462756	0.7528405831003615	0.7233671794110911
NFKB1.H12CORE.0.PS.A	NFKB1	Rel homology region (RHR) factors	NFkappaB-related	0.5044756731223448	0.5265265335483431	0.41915808419158085	0.10188981101889812	0.7513603919111194	0.40727700083177276
ZN524.H12CORE.0.S.B	ZNF524	C2H2 zinc finger factors	More than 3 adjacent zinc fingers	0.5044496929617387	0.5076909557402723	0.42675732426757323	0.33666633336666335	0.7546701212231718	0.690976653042911
ANDR.H12CORE.1.S.C	AR	Nuclear receptors with C4 zinc fingers	Steroid hormone receptors	0.5043434104865376	0.4969846247092728	0.42415758424157585	0.5834416558344165	0.7528405831003615	0.9117288271172883
ONEC2.H12CORE.1.PM.A	ONECUT2	Homeo domain factors	HD-CUT	0.5042961738308952	0.5226787414714379	0.42515748425157485	0.14058594140585942	0.7534716467003607	0.45483398679999554
TBX19.H12CORE.1.SM.B	TBX19	T-Box factors	Brachyury-related	0.5042465753424662	0.4934424071404625	0.42555744425557446	0.6058394160583942	0.7534716467003607	0.9300279546513435
SMAD4.H12CORE.1.P.B	SMAD4	SMAD/NF-1 DNA-binding domain factors	SMAD	0.5040977798771855	0.5186561536194243	0.43715628437156284	0.18768123187681232	0.7683514230793729	0.5258718788315343
ZN394.H12CORE.0.P.C	ZNF394	C2H2 zinc finger factors	More than 3 adjacent zinc fingers	0.504074161549361	0.5147930400943056	0.43585641435856415	0.24197580241975802	0.7682898376828984	0.5890446308904463
HXC12.H12CORE.0.SM.B	HOXC12	Homeo domain factors	HOX-related	0.5038639584317436	0.4970402023372386	0.44155584441555845	0.5412458754124587	0.7723213133232131	0.8745999980069181
SRY.H12CORE.0.S.B	SRY	High-mobility group (HMG) domain factors	SOX-related	0.5038545111006151	0.48064931340523137	0.4360563943605639	0.8142185781421858	0.7682898376828984	1.0
SOX15.H12CORE.0.P.B	SOX15	High-mobility group (HMG) domain factors	SOX-related	0.5036395843174314	0.5008673154306295	0.43855614438556145	0.5601439856014399	0.7697565194936817	0.8927868802523721
ZN793.H12CORE.1.P.C	ZNF793	C2H2 zinc finger factors	More than 3 adjacent zinc fingers	0.5036206896551744	0.48279630939335727	0.4390560943905609	0.7813218678132187	0.7697565194936817	1.0
GFI1.H12CORE.0.PSM.A	GFI1	C2H2 zinc finger factors	More than 3 adjacent zinc fingers	0.5035970713273511	0.4921514785301274	0.43955604439556045	0.6296370362963704	0.7697565194936817	0.9430146104560528
TBX18.H12CORE.0.M.C	TBX18	T-Box factors	TBX1-related	0.5035710911667463	0.4971367312787073	0.44495550444955506	0.5362463753624638	0.7761448492831876	0.8714003599640037
PO2F3.H12CORE.1.S.C	POU2F3	Homeo domain factors	POU	0.5035120453471903	0.4912849072710062	0.43685631436856315	0.644035596440356	0.7683514230793729	0.9493167791163858
ZSC31.H12CORE.0.P.C	ZSCAN31	C2H2 zinc finger factors	More than 3 adjacent zinc fingers	0.5034766178554566	0.5085987984255006	0.44885511448855114	0.33036696330366966	0.7792112875043431	0.6869157464656993
MESP2.H12CORE.0.S.C	MESP2	Basic helix-loop-helix factors (bHLH)	Tal-related	0.5034152102031181	0.49388063989548947	0.4497550244975502	0.5987401259874012	0.7792112875043431	0.9240449217110374
TBX20.H12CORE.1.M.C	TBX20	T-Box factors	TBX1-related	0.5033183750590462	0.4972694745061835	0.44595540445955406	0.5353464653534646	0.7762528934078848	0.8714003599640037
ZN189.H12CORE.0.P.B	ZNF189	C2H2 zinc finger factors	More than 3 adjacent zinc fingers	0.5032404345772322	0.4953841640542706	0.45965403459654036	0.5808419158084192	0.7865615097258047	0.9110379179473358
PPARA.H12CORE.1.P.B	PPARA	Nuclear receptors with C4 zinc fingers	Thyroid hormone receptor-related	0.5031931979215879	0.49429603436717784	0.45035496450354967	0.6164383561643836	0.7792112875043431	0.9361187441465277
ZN708.H12CORE.0.P.B	ZNF708	C2H2 zinc finger factors	More than 3 adjacent zinc fingers	0.5031931979215877	0.5119159499267802	0.4453554644535546	0.2772722727727227	0.7761448492831876	0.6295478942671772
COT2.H12CORE.1.P.B	NR2F2	Nuclear receptors with C4 zinc fingers	RXR-related receptors	0.5031813887576769	0.49864952010976016	0.45465453454654536	0.5123487651234877	0.7852100094650033	0.8550379644116513
TFCP2.H12CORE.1.SM.B	TFCP2	Grainyhead domain factors	CP2-related	0.5031459612659436	0.48986242527600793	0.45035496450354967	0.6696330366963303	0.7792112875043431	0.9691880360609877
NR2C2.H12CORE.1.PS.A	NR2C2	Nuclear receptors with C4 zinc fingers	RXR-related receptors	0.5031412376003789	0.5006954029906382	0.44425557444255576	0.47115288471152883	0.7761026560782178	0.8169846488405051
MYT1L.H12CORE.0.P.C	MYT1L	C2HC zinc finger factors	MYT	0.5030066131317911	0.5182702125029237	0.45035496450354967	0.28357164283571645	0.7792112875043431	0.6331170592368893
SRY.H12CORE.1.S.B	SRY	High-mobility group (HMG) domain factors	SOX-related	0.5029711856400562	0.4888443416231167	0.4587541245875412	0.6935306469353064	0.7865615097258047	0.9840361096633699
WT1.H12CORE.0.P.B	WT1	C2H2 zinc finger factors	More than 3 adjacent zinc fingers	0.5029074161549368	0.5092759885778342	0.45815418458154183	0.33486651334866513	0.7865615097258047	0.690976653042911
ZN263.H12CORE.1.P.B	ZNF263	C2H2 zinc finger factors	More than 3 adjacent zinc fingers	0.50287907416155	0.49999009357568797	0.45525447455254475	0.48585141485851413	0.7852100094650033	0.8329835662514509
ZN574.H12CORE.0.P.B	ZNF574	C2H2 zinc finger factors	Multiple dispersed zinc fingers	0.5028223901747755	0.5150790616839785	0.45545445455454453	0.2263773622637736	0.7852100094650033	0.570128403826284
ZN749.H12CORE.0.P.C	ZNF749	C2H2 zinc finger factors	More than 3 adjacent zinc fingers	0.5027231931979229	0.5086017424861667	0.46385361463853614	0.33186681331866813	0.7896572371064781	0.6890414555666736
GLIS1.H12CORE.0.P.B	GLIS1	C2H2 zinc finger factors	More than 3 adjacent zinc fingers	0.5027042985356646	0.51304783767181	0.46165383461653836	0.2643735626437356	0.7883627021913193	0.616302182382731
ZN701.H12CORE.1.P.B	ZNF701	C2H2 zinc finger factors	More than 3 adjacent zinc fingers	0.5025932923948997	0.48762463241137005	0.46795320467953205	0.7132286771322868	0.7944193815912527	0.9905572484137534
E2F8.H12CORE.1.SM.B	E2F8	Fork head/winged helix factors	E2F	0.5025932923948989	0.5053595993364706	0.45965403459654036	0.3912608739126087	0.7865615097258047	0.7372502958581426
FOXJ2.H12CORE.0.PSM.A	FOXJ2	Fork head/winged helix factors	FOX	0.5023783656117159	0.4920011143072706	0.45755424457554245	0.6281371862813718	0.7865615097258047	0.9430146104560528
THA.H12CORE.2.S.B	THRA	Nuclear receptors with C4 zinc fingers	Thyroid hormone receptor-related	0.5023122342938131	0.49992455664316876	0.45785421457854214	0.49105089491050896	0.7865615097258047	0.8355972185800288
CDX1.H12CORE.0.M.B	CDX1	Homeo domain factors	HOX-related	0.5021091166745402	0.5072541570777472	0.46005399460054	0.34796520347965204	0.7865615097258047	0.6983501927971321
MEIS2.H12CORE.2.SM.B	MEIS2	Homeo domain factors	TALE-type HD	0.502012281530468	0.49827274477251315	0.46715328467153283	0.5203479652034797	0.7939955121095664	0.8600940593225901
NR1D1.H12CORE.1.SM.B	NR1D1	Nuclear receptors with C4 zinc fingers	Thyroid hormone receptor-related	0.5020051960321203	0.5167805477070816	0.4697530246975302	0.20627937206279373	0.7956028340827889	0.5532734830606159
ZN577.H12CORE.0.P.B	ZNF577	C2H2 zinc finger factors	More than 3 adjacent zinc fingers	0.5019981105337752	0.5164566721026003	0.47335266473352666	0.21557844215578442	0.7998218913471651	0.5676636715890455
ONEC2.H12CORE.2.S.B	ONECUT2	Homeo domain factors	HD-CUT	0.5019957487009924	0.5097930573415191	0.46335366463353667	0.31186881311868814	0.7896572371064781	0.6676953966324436
ZN766.H12CORE.1.P.B	ZNF766	C2H2 zinc finger factors	More than 3 adjacent zinc fingers	0.5019319792158727	0.4978206309574081	0.46405359464053597	0.5221477852214779	0.7896572371064781	0.8604427228510027
BARH2.H12CORE.2.S.C	BARHL2	Homeo domain factors	NK-related	0.5018375059045831	0.5089402431383268	0.47595240475952405	0.32186781321867813	0.802841328016731	0.682443209423551
HXC9.H12CORE.1.S.C	HOXC9	Homeo domain factors	HOX-related	0.5017926310817199	0.5087177681890087	0.4687531246875312	0.3254674532546745	0.7948422549049442	0.6854616287642372
MZF1.H12CORE.0.P.B	MZF1	C2H2 zinc finger factors	More than 3 adjacent zinc fingers	0.5017028814359953	0.5116076979332669	0.47625237476252374	0.29177082291770823	0.802841328016731	0.6408299809288478
ZN557.H12CORE.0.P.C	ZNF557	C2H2 zinc finger factors	More than 3 adjacent zinc fingers	0.5016769012753906	0.5037370450128862	0.48155184481551844	0.42215778422157785	0.808838069681404	0.7691586901915869
ZN316.H12CORE.0.P.C	ZNF316	C2H2 zinc finger factors	Multiple dispersed zinc fingers	0.5014855928200297	0.5196045492175302	0.47035296470352966	0.1668833116688331	0.7956850270424306	0.4965208633775797
ZBT7A.H12CORE.0.P.B	ZBTB7A	C2H2 zinc finger factors	More than 3 adjacent zinc fingers	0.5012187057156361	0.4892252126419959	0.47685231476852313	0.7018298170182982	0.8029146910279801	0.9861153125193809
MLX.H12CORE.0.PM.A	MLX	Basic helix-loop-helix factors (bHLH)	bHLH-ZIP	0.5012116202172892	0.4862120441665335	0.48205179482051796	0.7696230376962304	0.808838069681404	1.0
ZN563.H12CORE.1.P.C	ZNF563	C2H2 zinc finger factors	More than 3 adjacent zinc fingers	0.5011927255550331	0.4949349002357035	0.4781521847815218	0.5746425357464253	0.8041650380416504	0.906397229129546
CDX1.H12CORE.1.S.B	CDX1	Homeo domain factors	HOX-related	0.5008195559754374	0.5119306765435719	0.48805119488051196	0.2833716628337166	0.8151132803386328	0.6331170592368893
PAX3.H12CORE.0.PS.A	PAX3	Paired box factors	PD+HD	0.5007652338214479	0.4944570045330344	0.49455054494550543	0.5921407859214078	0.8202717659268556	0.9177864168470371
OZF.H12CORE.0.P.B	ZNF146	C2H2 zinc finger factors	More than 3 adjacent zinc fingers	0.5007416154936254	0.5273241530497911	0.48585141485851413	0.10128987101289871	0.8136568013732269	0.4060035663100357
ONEC3.H12CORE.2.M.C	ONECUT3	Homeo domain factors	HD-CUT	0.5006376948512058	0.5164180973476007	0.4894510548945106	0.21737826217378262	0.8155633628323081	0.5687447128303044
NFIA.H12CORE.0.P.B	NFIA	SMAD/NF-1 DNA-binding domain factors	NF-1	0.5005550307038269	0.505908075166422	0.48775122487751227	0.38846115388461155	0.8151132803386328	0.7372502958581426
ZN708.H12CORE.1.P.B	ZNF708	C2H2 zinc finger factors	More than 3 adjacent zinc fingers	0.5005408597071348	0.5302048744248109	0.49165083491650835	0.0765923407659234	0.8182839155530813	0.3486522010259542
ZN320.H12CORE.0.P.B	ZNF320	C2H2 zinc finger factors	More than 3 adjacent zinc fingers	0.5005054322154004	0.5118161279120796	0.49725027497250274	0.28377162283771623	0.8222459540987482	0.6331170592368893
BARH2.H12CORE.0.SM.B	BARHL2	Homeo domain factors	NK-related	0.5004534718941915	0.5110327391659086	0.48605139486051396	0.28387161283871615	0.8136568013732269	0.6331170592368893
TBX15.H12CORE.0.SM.B	TBX15	T-Box factors	TBX1-related	0.5004274917335865	0.4939573611111361	0.49745025497450257	0.6000399960003999	0.8222459540987482	0.9250616605006166
ZN623.H12CORE.0.P.C	ZNF623	C2H2 zinc finger factors	More than 3 adjacent zinc fingers	0.5002598016060471	0.4979789151331711	0.49565043495650435	0.5223477652234777	0.8211522131368952	0.8604427228510027
GCM1.H12CORE.0.S.B	GCM1	GCM domain factors	GCM	0.5002078412848391	0.48661493658156235	0.5069493050694931	0.7332266773322668	0.8308294028712906	1.0
PRD15.H12CORE.0.P.B	PRDM15	C2H2 zinc finger factors	Multiple dispersed zinc fingers	0.5000708549834676	0.4942568522064187	0.49925007499250074	0.5842415758424158	0.8242767256455132	0.9117288271172883
GLIS2.H12CORE.0.SM.B	GLIS2	C2H2 zinc finger factors	More than 3 adjacent zinc fingers	0.4999834671705255	0.4905489930377729	0.48875112488751127	0.646035396460354	0.8153385817487616	0.9493167791163858
CEBPD.H12CORE.1.SM.B	CEBPD	Basic leucine zipper factors (bZIP)	C/EBP-related	0.49984411903637166	0.5013869086308731	0.49245075492450757	0.44865513448655137	0.8186710130830236	0.7937474634889452
VEZF1.H12CORE.1.P.B	VEZF1	C2H2 zinc finger factors	Multiple dispersed zinc fingers	0.4997661785545589	0.4961170624881819	0.5053494650534947	0.5580441955804419	0.8300934411678287	0.8922376865303503
RFX6.H12CORE.0.P.C	RFX6	Fork head/winged helix factors	RFX	0.499692961738312	0.48209052767823823	0.5090490950904909	0.7964203579642036	0.8328320229201568	1.0
ZN483.H12CORE.0.P.C	ZNF483	C2H2 zinc finger factors	More than 3 adjacent zinc fingers	0.49951818611242343	0.48618692180570455	0.5011498850114988	0.7307269273072693	0.8264677532246776	1.0
TF2LX.H12CORE.0.SM.B	TGIF2LX	Homeo domain factors	TALE-type HD	0.49949692961738323	0.5181032170441867	0.49455054494550543	0.23787621237876214	0.8202717659268556	0.5827765271011099
ZBT43.H12CORE.0.S.C	ZBTB43	C2H2 zinc finger factors	Other with up to three adjacent zinc fingers	0.49946386395843295	0.491291484661974	0.5181481851814819	0.6478352164783522	0.8419908009199081	0.9497945636908389
NR1I2.H12CORE.0.M.C	NR1I2	Nuclear receptors with C4 zinc fingers	Thyroid hormone receptor-related	0.49945441662730483	0.48772134903055614	0.5042495750424958	0.7094290570942906	0.8300934411678287	0.9873195901239191
COT2.H12CORE.0.P.B	NR2F2	Nuclear receptors with C4 zinc fingers	RXR-related receptors	0.49944733112895673	0.4996100056047722	0.5052494750524947	0.48865113488651135	0.8300934411678287	0.8338581726242961
SOX9.H12CORE.0.PS.A	SOX9	High-mobility group (HMG) domain factors	SOX-related	0.49933868682097327	0.5048468675949584	0.5103489651034897	0.3972602739726027	0.83401308793243	0.7425200558857439
NR1H2.H12CORE.1.P.C	NR1H2	Nuclear receptors with C4 zinc fingers	Thyroid hormone receptor-related	0.4993316013226275	0.5121092383940532	0.5072492750724927	0.27347265273472654	0.8308294028712906	0.6295478942671772
SOX10.H12CORE.1.PSM.A	SOX10	High-mobility group (HMG) domain factors	SOX-related	0.49928436466698217	0.4949988009030882	0.518048195180482	0.5793420657934206	0.8419908009199081	0.9096742121217692
FER3L.H12CORE.0.SM.B	FERD3L	Basic helix-loop-helix factors (bHLH)	Tal-related	0.4992229570146447	0.4987030805435327	0.5056494350564944	0.5025497450254974	0.8300934411678287	0.847172058495085
GLI3.H12CORE.0.PS.A	GLI3	C2H2 zinc finger factors	More than 3 adjacent zinc fingers	0.4991851676901281	0.4819310586526031	0.5176482351764824	0.8027197280271973	0.8419908009199081	1.0
HME1.H12CORE.0.PSM.A	EN1	Homeo domain factors	NK-related	0.49912376003779135	0.5039104543827426	0.5161483851614839	0.4082591740825917	0.8415843161446568	0.7552794720527947
HXA4.H12CORE.0.SM.B	HOXA4	Homeo domain factors	HOX-related	0.4989773264052921	0.49174556036464406	0.521947805219478	0.634936506349365	0.8472111169085565	0.9465014242377415
ZN789.H12CORE.0.P.C	ZNF789	C2H2 zinc finger factors	More than 3 adjacent zinc fingers	0.4987765706188002	0.5148224572882344	0.5137486251374862	0.22187781221877811	0.8386190792685436	0.5687447128303044
ZSC23.H12CORE.0.M.C	ZSCAN23	C2H2 zinc finger factors	More than 3 adjacent zinc fingers	0.49865847897968973	0.4898455235301718	0.5234476552344766	0.6742325767423257	0.8486909735992693	0.9700075854827278
VDR.H12CORE.1.PS.A	VDR	Nuclear receptors with C4 zinc fingers	Thyroid hormone receptor-related	0.49864903164856	0.5029311793853631	0.5249475052494751	0.44375562443755623	0.8501675085016752	0.7905424272387576
MCR.H12CORE.1.SM.B	NR3C2	Nuclear receptors with C4 zinc fingers	Steroid hormone receptors	0.49850732168162554	0.49228788221193953	0.5311468853114688	0.6187381261873812	0.8563630787759212	0.9361187441465277
MEIS3.H12CORE.0.SM.B	MEIS3	Homeo domain factors	TALE-type HD	0.4984718941898917	0.4888730907711705	0.5257474252574742	0.7128287171282872	0.8503638997802347	0.9905572484137534
ZN205.H12CORE.0.P.C	ZNF205	C2H2 zinc finger factors	More than 3 adjacent zinc fingers	0.49822862541331964	0.49262860985810547	0.5376462353764624	0.6278372162783722	0.8629850029457566	0.9430146104560528
FOXK2.H12CORE.0.P.B	FOXK2	Fork head/winged helix factors	FOX	0.49813651393481306	0.4872151423291777	0.5343465653434657	0.7208279172082792	0.8588044313608728	0.998102011467118
CEBPG.H12CORE.1.SM.B	CEBPG	Basic leucine zipper factors (bZIP)	C/EBP-related	0.4980514879546546	0.5106004710772745	0.5262473752624738	0.29687031296870314	0.8503638997802347	0.6500513833290419
JDP2.H12CORE.0.SM.B	JDP2	Basic leucine zipper factors (bZIP)	Fos-related	0.49788615965989685	0.49777034039105145	0.527947205279472	0.5264473552644735	0.8521563950987451	0.8662069938958213
TFEB.H12CORE.0.SM.B	TFEB	Basic helix-loop-helix factors (bHLH)	bHLH-ZIP	0.4975484175720362	0.47912673457919663	0.5447455254474552	0.8338166183381662	0.867943007023801	1.0
ERF.H12CORE.0.PS.A	ERF	Tryptophan cluster factors	Ets-related	0.49753660840812447	0.5144800244519588	0.5400459954004599	0.24247575242475752	0.8658737459587375	0.5890446308904463
RXRB.H12CORE.1.SM.B	RXRB	Nuclear receptors with C4 zinc fingers	RXR-related receptors	0.49748228625413254	0.48816626345820424	0.5420457954204579	0.7055294470552945	0.867943007023801	0.9873195901239191
RXRG.H12CORE.1.SM.B	RXRG	Nuclear receptors with C4 zinc fingers	RXR-related receptors	0.49745394426074613	0.49506385335407416	0.5426457354264573	0.583941605839416	0.867943007023801	0.9117288271172883
ZN510.H12CORE.0.P.C	ZNF510	C2H2 zinc finger factors	Multiple dispersed zinc fingers	0.49732640529050703	0.4792727342861088	0.5481451854814519	0.833916608339166	0.8705911306361184	1.0
SOX11.H12CORE.1.S.B	SOX11	High-mobility group (HMG) domain factors	SOX-related	0.49731931979216004	0.48523863999884836	0.534046595340466	0.7433256674332567	0.8588044313608728	1.0
ZBT7C.H12CORE.0.S.B	ZBTB7C	C2H2 zinc finger factors	More than 3 adjacent zinc fingers	0.49722720831365175	0.5046542606921247	0.5344465553444655	0.39006099390060994	0.8588044313608728	0.7372502958581426
HXD10.H12CORE.0.SM.B	HOXD10	Homeo domain factors	HOX-related	0.49718469532357057	0.4974840773720659	0.5557444255574443	0.5395460453954605	0.8708776627760217	0.873810262071436
FOSB.H12CORE.2.M.C	FOSB	Basic leucine zipper factors (bZIP)	Fos-related	0.4971232876712333	0.4996597031463771	0.5432456754324567	0.49225077492250774	0.867943007023801	0.8358378279819078
OVOL1.H12CORE.0.SM.B	OVOL1	C2H2 zinc finger factors	More than 3 adjacent zinc fingers	0.49711384034010464	0.48517044101263224	0.5449455054494551	0.7544245575442455	0.867943007023801	1.0
MBNL2.H12CORE.0.S.C	MBNL2	Uncharacterized	Unannotated	0.496936702881438	0.5043231279726771	0.5442455754424558	0.40345965403459655	0.867943007023801	0.7502477844999006
HXD11.H12CORE.0.PS.A	HOXD11	Homeo domain factors	HOX-related	0.49693434104865464	0.5056573993765968	0.5518448155184481	0.38966103389661033	0.8705911306361184	0.7372502958581426
RFX2.H12CORE.1.PSM.A	RFX2	Fork head/winged helix factors	RFX	0.49686112423240575	0.4865397465110114	0.553044695530447	0.7325267473252675	0.8705911306361184	1.0
HSFY1.H12CORE.0.S.B	HSFY1	Heat shock factors	HSF	0.4968375059045819	0.5025363855285091	0.5514448555144486	0.43775622437756223	0.8705911306361184	0.782753694890734
ZNF26.H12CORE.1.P.B	ZNF26	C2H2 zinc finger factors	More than 3 adjacent zinc fingers	0.49683042040623693	0.48045683772322634	0.5540445955404459	0.8183181681831817	0.8708776627760217	1.0
PO5F1.H12CORE.2.SM.B	POU5F1	Homeo domain factors	POU	0.4968256967406721	0.4926914308921162	0.5496450354964504	0.6203379662033797	0.8705911306361184	0.9363469510789506
LHX9.H12CORE.1.M.B	LHX9	Homeo domain factors	HD-LIM	0.49680444024563253	0.5013257645328959	0.5503449655034497	0.4557544245575442	0.8705911306361184	0.7990931162047828
PRDM6.H12CORE.0.P.B	PRDM6	C2H2 zinc finger factors	More than 3 adjacent zinc fingers	0.49679735474728576	0.4781758183666003	0.5516448355164484	0.839016098390161	0.8705911306361184	1.0
ZN436.H12CORE.0.P.C	ZNF436	C2H2 zinc finger factors	More than 3 adjacent zinc fingers	0.4967028814359944	0.4865931092527456	0.5484451554844516	0.7236276372362763	0.8705911306361184	1.0
HXA10.H12CORE.0.S.B	HOXA10	Homeo domain factors	HOX-related	0.49665328294756794	0.5129000354616087	0.5528447155284472	0.27577242275772423	0.8705911306361184	0.6295478942671772
NR5A2.H12CORE.0.PSM.A	NR5A2	Nuclear receptors with C4 zinc fingers	FTZF1-related (NR5A)	0.49655880963627985	0.5044708256019964	0.5547445255474452	0.40255974402559747	0.8708776627760217	0.7495402717792737
ZIC5.H12CORE.2.S.C	ZIC5	C2H2 zinc finger factors	More than 3 adjacent zinc fingers	0.4964572508266428	0.5066156024921841	0.5532446755324467	0.35426457354264573	0.8705911306361184	0.7068797263920017
ZN343.H12CORE.0.PSM.A	ZNF343	C2H2 zinc finger factors	More than 3 adjacent zinc fingers	0.4964525271610778	0.5044108254775618	0.5584441555844416	0.39776022397760225	0.8721157105068715	0.7425200558857439
NKX22.H12CORE.0.P.B	NKX2-2	Homeo domain factors	NK-related	0.4963982050070859	0.49362520865471066	0.5531446855314468	0.593940605939406	0.8705911306361184	0.9179281215347415
TAL1.H12CORE.0.P.B	TAL1	Basic helix-loop-helix factors (bHLH)	Tal-related	0.49633679735474634	0.5098660587557263	0.5564443555644436	0.31396860313968605	0.8708776627760217	0.6690764551863397
THB.H12CORE.2.SM.B	THRB	Nuclear receptors with C4 zinc fingers	Thyroid hormone receptor-related	0.4961620217288621	0.49475863195320113	0.5637436256374363	0.58994100589941	0.8784903367114693	0.9153600768955361
NR1H2.H12CORE.0.P.C	NR1H2	Nuclear receptors with C4 zinc fingers	Thyroid hormone receptor-related	0.49615965989608013	0.48182807815371703	0.5673432656734326	0.7996200379962004	0.8807625689043999	1.0
ZN479.H12CORE.0.P.C	ZNF479	C2H2 zinc finger factors	More than 3 adjacent zinc fingers	0.49609589041095875	0.4929001018402233	0.5676432356764324	0.6178382161783822	0.8807625689043999	0.9361187441465277
HXD4.H12CORE.0.SM.B	HOXD4	Homeo domain factors	HOX-related	0.496053377420879	0.4892892593133722	0.5578442155784421	0.679032096790321	0.8721157105068715	0.9740350691842433
ARNT2.H12CORE.2.S.C	ARNT2	Basic helix-loop-helix factors (bHLH)	PAS	0.49605101558809717	0.47869160932501625	0.5595440455954405	0.8396160383961604	0.8728887111288871	1.0
ZN548.H12CORE.0.P.B	ZNF548	C2H2 zinc finger factors	More than 3 adjacent zinc fingers	0.495888049126122	0.5036158294191789	0.5558444155584441	0.40705929407059294	0.8708776627760217	0.7549524893467008
USF1.H12CORE.0.PSM.A	USF1	Basic helix-loop-helix factors (bHLH)	bHLH-ZIP	0.4958856872933413	0.4791445387752102	0.5780421957804219	0.8394160583941606	0.8924101172770423	1.0
ATF2.H12CORE.1.P.B	ATF2	Basic leucine zipper factors (bZIP)	Jun-related	0.4958691544638634	0.5137036272609165	0.5651434856514349	0.2562743725627437	0.8797217365642077	0.6059521707403728
HNF4G.H12CORE.0.P.B	HNF4G	Nuclear receptors with C4 zinc fingers	RXR-related receptors	0.4955172413793116	0.5039290248222366	0.5712428757124287	0.41705829417058293	0.8844457828895221	0.7637247696550142
ZNF10.H12CORE.0.P.C	ZNF10	C2H2 zinc finger factors	More than 3 adjacent zinc fingers	0.4952952290977807	0.49396359125960215	0.5664433556644336	0.5933406659334066	0.8807625689043999	0.9179281215347415
SOX8.H12CORE.1.PS.A	SOX8	High-mobility group (HMG) domain factors	SOX-related	0.4950826641473789	0.48815049639735014	0.5712428757124287	0.6968303169683032	0.8844457828895221	0.9848018125016766
KLF17.H12CORE.0.M.C	KLF17	C2H2 zinc finger factors	Three-zinc finger Kruppel-related	0.49505668398677505	0.5166649659334981	0.5795420457954205	0.20557944205579443	0.8934606539346066	0.5524229699935035
MYBA.H12CORE.0.P.B	MYBL1	Tryptophan cluster factors	Myb/SANT domain	0.49491261218705773	0.5056206076035782	0.5826417358264173	0.3812618738126187	0.8963241202532198	0.730625343840118
RFX5.H12CORE.1.PSM.A	RFX5	Fork head/winged helix factors	RFX	0.49481105337742176	0.49997690297715985	0.5768423157684232	0.48335166483351666	0.8921580510759214	0.8303291099461482
REST.H12CORE.0.P.B	REST	C2H2 zinc finger factors	Multiple dispersed zinc fingers	0.49477562588568896	0.5264271893876363	0.5843415658434157	0.10638936106389361	0.8970466300827544	0.4194531366535478
ZN143.H12CORE.0.P.B	ZNF143	C2H2 zinc finger factors	More than 3 adjacent zinc fingers	0.49477090222012404	0.47101787350110846	0.5976402359764024	0.919008099190081	0.9025394531676538	1.0
ZN527.H12CORE.0.P.C	ZNF527	C2H2 zinc finger factors	More than 3 adjacent zinc fingers	0.49476381672177616	0.5007790627552691	0.5898410158984102	0.4821517848215178	0.8997257779507463	0.8292550959445176
HXC13.H12CORE.0.SM.B	HOXC13	Homeo domain factors	HOX-related	0.4947449220595168	0.4874545302947158	0.5782421757824218	0.704029597040296	0.8924101172770423	0.9873195901239191
PO2F2.H12CORE.2.S.B	POU2F2	Homeo domain factors	POU	0.4945441662730302	0.49285659805873877	0.5861413858614138	0.619038096190381	0.8970466300827544	0.9361187441465277
THB.H12CORE.0.P.B	THRB	Nuclear receptors with C4 zinc fingers	Thyroid hormone receptor-related	0.49449220595181986	0.5175019408533506	0.6007399260073992	0.20067993200679932	0.9036991202024439	0.5464374466508152
SOX3.H12CORE.0.PM.A	SOX3	High-mobility group (HMG) domain factors	SOX-related	0.49445441662730344	0.4914898794255811	0.5866413358664133	0.6437356264373563	0.8970466300827544	0.9493167791163858
JUND.H12CORE.1.SM.B	JUND	Basic leucine zipper factors (bZIP)	Jun-related	0.49437175247992543	0.5071338877389208	0.585041495850415	0.3585641435856414	0.8970466300827544	0.7126832771268328
PKNX2.H12CORE.0.SM.B	PKNOX2	Homeo domain factors	TALE-type HD	0.4943174303259336	0.4884481745637361	0.5921407859214078	0.6993300669933007	0.9022799937535285	0.9848018125016766
ZFP41.H12CORE.0.SM.B	ZFP41	C2H2 zinc finger factors	More than 3 adjacent zinc fingers	0.49429617383089375	0.48700003205194237	0.5951404859514049	0.7246275372462754	0.9025394531676538	1.0
NGN1.H12CORE.0.SM.B	NEUROG1	Basic helix-loop-helix factors (bHLH)	Tal-related	0.49427019367028796	0.484944141333071	0.5886411358864113	0.7583241675832417	0.8988456709884566	1.0
NR1D2.H12CORE.1.SM.B	NR1D2	Nuclear receptors with C4 zinc fingers	Thyroid hormone receptor-related	0.49419933868682214	0.5015419466966015	0.5806419358064193	0.4550544945505449	0.8942009747797898	0.79901206959596
ZNF74.H12CORE.0.P.C	ZNF74	C2H2 zinc finger factors	More than 3 adjacent zinc fingers	0.49418989135569275	0.49022870777262795	0.595040495950405	0.669033096690331	0.9025394531676538	0.9691880360609877
CEBPE.H12CORE.1.SM.B	CEBPE	Basic leucine zipper factors (bZIP)	C/EBP-related	0.49414737836561184	0.519282382986716	0.5852414758524147	0.1723827617238276	0.8970466300827544	0.5048537570485376
ZN671.H12CORE.0.P.C	ZNF671	C2H2 zinc finger factors	Multiple dispersed zinc fingers	0.49412848370335477	0.49516243456626013	0.5948405159484051	0.5782421757824218	0.9025394531676538	0.9090934043850517
ZN707.H12CORE.0.P.B	ZNF707	C2H2 zinc finger factors	More than 3 adjacent zinc fingers	0.494034010392064	0.4977117667915694	0.5965403459654035	0.5284471552844715	0.9025394531676538	0.8675190501427672
SPI1.H12CORE.1.S.B	SPI1	Tryptophan cluster factors	Ets-related	0.4939631554085998	0.49480208096536593	0.5868413158684131	0.5747425257474252	0.8970466300827544	0.906397229129546
PO3F1.H12CORE.3.M.C	POU3F1	Homeo domain factors	POU	0.4936939064714243	0.4901041566644426	0.5954404559544045	0.6667333266673333	0.9025394531676538	0.9679036120532816
ZN100.H12CORE.0.P.B	ZNF100	C2H2 zinc finger factors	More than 3 adjacent zinc fingers	0.4936466698157769	0.49186378305868833	0.6153384661533846	0.646035396460354	0.9178827984970098	0.9493167791163858
TBXT.H12CORE.1.PSM.A	TBXT	T-Box factors	Brachyury-related	0.49359707132735237	0.47871514566597845	0.6018398160183982	0.8429157084291571	0.9036991202024439	1.0
BARH1.H12CORE.0.SM.B	BARHL1	Homeo domain factors	NK-related	0.49346717052432887	0.5049098951253945	0.5942405759424058	0.39386061393860616	0.9025394531676538	0.7386671722438146
SOX12.H12CORE.0.SM.B	SOX12	High-mobility group (HMG) domain factors	SOX-related	0.4934104865375542	0.4836962254234711	0.5974402559744025	0.7726227377262274	0.9025394531676538	1.0
ATF7.H12CORE.0.PSM.A	ATF7	Basic leucine zipper factors (bZIP)	Jun-related	0.4933797827113833	0.49848713170628467	0.6015398460153984	0.5117488251174882	0.9036991202024439	0.8550379644116513
SOX30.H12CORE.0.P.C	SOX30	High-mobility group (HMG) domain factors	SOX-related	0.49330420406235354	0.493080887241362	0.597940205979402	0.6058394160583942	0.9025394531676538	0.9300279546513435
ZN441.H12CORE.1.P.C	ZNF441	C2H2 zinc finger factors	More than 3 adjacent zinc fingers	0.49330184222957124	0.5047458469022196	0.5994400559944005	0.39106089391060894	0.9029144058454279	0.7372502958581426
ZN467.H12CORE.0.P.C	ZNF467	C2H2 zinc finger factors	Multiple dispersed zinc fingers	0.4932309872461049	0.4840601364910394	0.6104389561043896	0.7686231376862314	0.9137587278616537	1.0
TGIF2.H12CORE.0.S.B	TGIF2	Homeo domain factors	TALE-type HD	0.49322153991497475	0.49223854837827913	0.5989401059894011	0.6306369363063694	0.9029144058454279	0.9430146104560528
ZN75A.H12CORE.0.SM.B	ZNF75A	C2H2 zinc finger factors	More than 3 adjacent zinc fingers	0.4930892772791718	0.47910979888739397	0.6177382261773823	0.8424157584241576	0.9195602089275609	1.0
THA.H12CORE.0.P.B	THRA	Nuclear receptors with C4 zinc fingers	Thyroid hormone receptor-related	0.4929948039678798	0.5120133999316285	0.6181381861813818	0.27917208279172084	0.9195602089275609	0.6304308536282522
HXC10.H12CORE.2.SM.B	HOXC10	Homeo domain factors	HOX-related	0.49288379782711467	0.49447084167734173	0.6153384661533846	0.5885411458854115	0.9178827984970098	0.9153600768955361
HXD13.H12CORE.1.SM.B	HOXD13	Homeo domain factors	HOX-related	0.49287198866320286	0.48886657035297343	0.6096390360963904	0.6894310568943106	0.9135089606304168	0.9801468129049165
ZBT24.H12CORE.0.P.B	ZBTB24	C2H2 zinc finger factors	More than 3 adjacent zinc fingers	0.4928058573453005	0.5157771032584375	0.6157384261573843	0.22327767223277672	0.9178827984970098	0.5687447128303044
PKNX1.H12CORE.3.SM.B	PKNOX1	Homeo domain factors	TALE-type HD	0.49273264052905197	0.4895100394266929	0.6093390660933906	0.6796320367963203	0.9135089606304168	0.9740350691842433
ZN891.H12CORE.0.P.C	ZNF891	C2H2 zinc finger factors	More than 3 adjacent zinc fingers	0.4925271610769958	0.5039048118251328	0.6115388461153884	0.41615838416158385	0.9144565336212492	0.7637247696550142
ZN383.H12CORE.0.P.C	ZNF383	C2H2 zinc finger factors	More than 3 adjacent zinc fingers	0.4922319319792179	0.492734644279262	0.6197380261973803	0.6183381661833817	0.9209907021656227	0.9361187441465277
ZKSC1.H12CORE.0.P.B	ZKSCAN1	C2H2 zinc finger factors	More than 3 adjacent zinc fingers	0.49216816249409634	0.49580150719485894	0.6256374362563744	0.5692430756924307	0.9268940662401932	0.900835574337303
KLF3.H12CORE.1.M.C	KLF3	C2H2 zinc finger factors	Three-zinc finger Kruppel-related	0.49200283419933866	0.5014006195880018	0.6245375462453755	0.4510548945105489	0.9262154976691437	0.7940985169775705
THB.H12CORE.3.S.C	THRB	Nuclear receptors with C4 zinc fingers	Thyroid hormone receptor-related	0.4918445914029287	0.48295796866330304	0.6292370762923708	0.7851214878512148	0.9312708729127088	1.0
KLF5.H12CORE.0.PM.A	KLF5	C2H2 zinc finger factors	Three-zinc finger Kruppel-related	0.49179499291450274	0.4912780798044386	0.6227377262273772	0.6395360463953604	0.9244964392449643	0.9488183625169311
DBP.H12CORE.0.SM.B	DBP	Basic leucine zipper factors (bZIP)	C/EBP-related	0.49167453944260836	0.5175526569880309	0.6326367363263674	0.19488051194880512	0.935343043564496	0.5382431164149359
EHF.H12CORE.0.P.B	EHF	Tryptophan cluster factors	Ets-related	0.49156353330184394	0.49323929960645374	0.6333366663333667	0.6153384661533846	0.9354194570307556	0.9361187441465277
COT1.H12CORE.1.PSM.A	NR2F1	Nuclear receptors with C4 zinc fingers	RXR-related receptors	0.4910581010864454	0.48991127769472376	0.6342365763423657	0.6642335766423357	0.9357907767505457	0.9662188015069461
ZN565.H12CORE.0.P.C	ZNF565	C2H2 zinc finger factors	More than 3 adjacent zinc fingers	0.49094945677846047	0.4973499746332767	0.6415358464153584	0.5315468453154685	0.9436658780605119	0.8701303339053849
ZN239.H12CORE.0.P.C	ZNF239	C2H2 zinc finger factors	More than 3 adjacent zinc fingers	0.4907982994803972	0.4943037337044208	0.6372362763723628	0.5887411258874112	0.939256329729642	0.9153600768955361
FOXO3.H12CORE.0.PS.A	FOXO3	Fork head/winged helix factors	FOX	0.49077940481814025	0.48763487747572615	0.6427357264273572	0.7252274772522748	0.9444680786503834	1.0
ESR2.H12CORE.1.P.B	ESR2	Nuclear receptors with C4 zinc fingers	Steroid hormone receptors	0.49077940481813886	0.5038384598316274	0.6491350864913509	0.7204279572042795	0.9500019572079303	0.998102011467118
TGIF1.H12CORE.0.PSM.A	TGIF1	Homeo domain factors	TALE-type HD	0.49071799716580083	0.499558118556197	0.6476352364763523	0.6112388761123888	0.948769183995306	0.9353315993957338
PRD14.H12CORE.0.P.B	PRDM14	C2H2 zinc finger factors	More than 3 adjacent zinc fingers	0.49040387340576347	0.49993570974389556	0.6519348065193481	0.49235076492350766	0.9514969635493477	0.8358378279819078
FOXO4.H12CORE.0.SM.B	FOXO4	Fork head/winged helix factors	FOX	0.4903991497401985	0.48442520797641553	0.6401359864013598	0.7550244975502449	0.9425675799766962	1.0
VDR.H12CORE.0.PS.A	VDR	Nuclear receptors with C4 zinc fingers	Thyroid hormone receptor-related	0.4903070382616924	0.4863955753236119	0.6473352664733527	0.7288271172882712	0.948769183995306	1.0
ZNF76.H12CORE.1.SM.B	ZNF76	C2H2 zinc finger factors	More than 3 adjacent zinc fingers	0.49026216343882933	0.47165165097506534	0.655034496550345	0.9122087791220878	0.9536148589549862	1.0
SPIB.H12CORE.1.S.C	SPIB	Tryptophan cluster factors	Ets-related	0.4901228153046776	0.5028457664754933	0.6543345665433457	0.4333566643335666	0.9536148589549862	0.778746782855961
DPF1.H12CORE.0.SM.B	DPF1	Uncharacterized	Unannotated	0.49010864430798484	0.501615691260167	0.6521347865213478	0.45515448455154484	0.9514969635493477	0.79901206959596
ZN770.H12CORE.0.P.B	ZNF770	C2H2 zinc finger factors	Multiple dispersed zinc fingers	0.4900684931506859	0.4930088098095048	0.6595340465953404	0.5844415558444156	0.9536148589549862	0.9117288271172883
TGIF2.H12CORE.1.PSM.A	TGIF2	Homeo domain factors	TALE-type HD	0.48995748700992037	0.4930444151658123	0.6504349565043496	0.6136386361363864	0.9509398604212528	0.9361187441465277
HXC8.H12CORE.0.SM.B	HOXC8	Homeo domain factors	HOX-related	0.48990080302314704	0.47487130194640503	0.6474352564743525	0.8782121787821218	0.948769183995306	1.0
FOXO6.H12CORE.0.S.B	FOXO6	Fork head/winged helix factors	FOX	0.4898889938592349	0.48574365219737625	0.6584341565843416	0.7413258674132587	0.9536148589549862	1.0
P5F1B.H12CORE.0.S.B	POU5F1B	Homeo domain factors	POU	0.4898464808691556	0.488246803698287	0.6579342065793421	0.6992300769923008	0.9536148589549862	0.9848018125016766
HINFP.H12CORE.0.P.B	HINFP	C2H2 zinc finger factors	Multiple dispersed zinc fingers	0.48983939537080856	0.5004766577553218	0.6567343265673433	0.4727527247275273	0.9536148589549862	0.8169846488405051
HSF5.H12CORE.0.M.C	HSF5	Heat shock factors	HSF	0.4897165800661324	0.4776207816891301	0.6564343565643436	0.8543145685431457	0.9536148589549862	1.0
ZN681.H12CORE.0.P.C	ZNF681	C2H2 zinc finger factors	More than 3 adjacent zinc fingers	0.4895914029286738	0.5010663541138233	0.6614338566143385	0.46955304469553044	0.9554044595540445	0.816517263936257
ZN485.H12CORE.0.P.C	ZNF485	C2H2 zinc finger factors	More than 3 adjacent zinc fingers	0.4895606991025043	0.4954990000991062	0.6645335466453355	0.5783421657834217	0.9579238486919005	0.9090934043850517
HSFY1.H12CORE.2.M.B	HSFY1	Heat shock factors	HSF	0.48950637694851273	0.4998163933946742	0.658934106589341	0.48055194480551944	0.9536148589549862	0.8274898047188122
PRDM5.H12CORE.0.P.B	PRDM5	C2H2 zinc finger factors	More than 3 adjacent zinc fingers	0.4893788379782719	0.5031164741817189	0.6658334166583342	0.42545745425457454	0.9579238486919005	0.7712752594087325
CUX2.H12CORE.2.S.C	CUX2	Homeo domain factors	HD-CUT	0.489107227208314	0.5183207109958675	0.6674332566743326	0.19018098190180982	0.9583146162995642	0.5308146167975079
TFEC.H12CORE.0.M.B	TFEC	Basic helix-loop-helix factors (bHLH)	bHLH-ZIP	0.48907888521492787	0.46823904015137	0.676032396760324	0.9392060793920608	0.9638446588412025	1.0
NFAT5.H12CORE.0.SM.B	NFAT5	Rel homology region (RHR) factors	NFAT-related	0.4888828530940015	0.47915775272122657	0.672932706729327	0.8387161283871613	0.9604766526314727	1.0
ZN416.H12CORE.0.P.C	ZNF416	C2H2 zinc finger factors	More than 3 adjacent zinc fingers	0.48884742560226807	0.5089381190261761	0.6584341565843416	0.3143685631436856	0.9536148589549862	0.6690764551863397
NR2F6.H12CORE.2.SM.B	NR2F6	Nuclear receptors with C4 zinc fingers	RXR-related receptors	0.488809636277752	0.4843887234021161	0.6712328767123288	0.7637236276372362	0.9599494956351738	1.0
ZNF2.H12CORE.0.P.B	ZNF2	C2H2 zinc finger factors	More than 3 adjacent zinc fingers	0.4887765706188008	0.49713319320864635	0.6671332866713329	0.5357464253574643	0.9583146162995642	0.8714003599640037
TFCP2.H12CORE.2.S.C	TFCP2	Grainyhead domain factors	CP2-related	0.48869863013698617	0.49941774786612475	0.6702329767023297	0.4894510548945106	0.9594704220054184	0.8338581726242961
DLX3.H12CORE.0.SM.B	DLX3	Homeo domain factors	NK-related	0.48869626830420465	0.5007201987150159	0.6697330266973303	0.46435356464353567	0.9594704220054184	0.8102323987673785
SMAD3.H12CORE.0.S.B	SMAD3	SMAD/NF-1 DNA-binding domain factors	SMAD	0.4886773736419455	0.48848601068781095	0.6782321767823217	0.6953304669533047	0.9638446588412025	0.9848018125016766
SIX6.H12CORE.0.SM.B	SIX6	Homeo domain factors	HD-SINE	0.4886395843174308	0.4695474103934098	0.6656334366563343	0.928007199280072	0.9579238486919005	1.0
HXB6.H12CORE.0.SM.B	HOXB6	Homeo domain factors	HOX-related	0.48862777515352035	0.47188282554926575	0.6686331366863314	0.9109089091090891	0.9590831175331771	1.0
SRBP1.H12CORE.0.P.B	SREBF1	Basic helix-loop-helix factors (bHLH)	bHLH-ZIP	0.4885380255077941	0.49306848985055596	0.672932706729327	0.5896410358964104	0.9604766526314727	0.9153600768955361
FOS.H12CORE.1.S.C	FOS	Basic leucine zipper factors (bZIP)	Fos-related	0.4885214926783197	0.48977352612730624	0.6775322467753224	0.6756324367563243	0.9638446588412025	0.9710533926687013
SIX2.H12CORE.2.SM.B	SIX2	Homeo domain factors	HD-SINE	0.48851204534719034	0.47435078897202393	0.6647335266473353	0.8847115288471152	0.9579238486919005	1.0
MSGN1.H12CORE.0.PSM.A	MSGN1	Basic helix-loop-helix factors (bHLH)	Tal-related	0.48845299952763455	0.47800936526107046	0.6821317868213179	0.8518148185181482	0.9659628737813167	1.0
CLOCK.H12CORE.1.PS.A	CLOCK	Basic helix-loop-helix factors (bHLH)	PAS	0.48831365139348226	0.4929822452653443	0.678032196780322	0.6176382361763824	0.9638446588412025	0.9361187441465277
ZN140.H12CORE.1.SM.B	ZNF140	C2H2 zinc finger factors	More than 3 adjacent zinc fingers	0.4880207841284852	0.48728032067234855	0.6786321367863214	0.7095290470952905	0.9638446588412025	0.9873195901239191
LBX2.H12CORE.2.M.C	LBX2	Homeo domain factors	NK-related	0.48801606046291934	0.5101266481188661	0.6798320167983202	0.31026897310268975	0.964599410265463	0.6652572484207746
CTCF.H12CORE.0.P.B	CTCF	C2H2 zinc finger factors	More than 3 adjacent zinc fingers	0.48788379782711533	0.5086069425831059	0.6947305269473053	0.34226577342265774	0.979000146860314	0.6926921613588991
HXC10.H12CORE.1.S.B	HOXC10	Homeo domain factors	HOX-related	0.48785545583372786	0.5016611973009064	0.681031896810319	0.44665533446655337	0.9653526788774952	0.7937474634889452
KLF4.H12CORE.0.PSM.A	KLF4	C2H2 zinc finger factors	Three-zinc finger Kruppel-related	0.48783183750590503	0.4855770678375733	0.688031196880312	0.7299270072992701	0.972408439861205	1.0
NFAC1.H12CORE.1.PS.A	NFATC1	Rel homology region (RHR) factors	NFAT-related	0.48766650921114874	0.49141346546014125	0.6841315868413159	0.6357364263573643	0.9678449802078617	0.9467158547303165
RUNX3.H12CORE.0.P.B	RUNX3	Runt domain factors	Runt-related	0.48735947094945786	0.48124323589367796	0.6927307269273073	0.8115188481151885	0.9771363039649116	1.0
HXA13.H12CORE.1.SM.B	HOXA13	Homeo domain factors	HOX-related	0.4873500236183274	0.4818838740997858	0.7006299370062994	0.8026197380261973	0.9806669865443272	1.0
SOX4.H12CORE.0.PSM.A	SOX4	High-mobility group (HMG) domain factors	SOX-related	0.4872957014643373	0.490609954911804	0.6905309469053095	0.66003399660034	0.9749864543878294	0.9630223024209207
OLIG3.H12CORE.0.SM.B	OLIG3	Basic helix-loop-helix factors (bHLH)	Tal-related	0.4871445441662743	0.4982525455446956	0.702029797020298	0.5195480451954805	0.9806669865443272	0.8600940593225901
HMBX1.H12CORE.0.PSM.A	HMBOX1	Homeo domain factors	POU	0.4870973075106285	0.4881784970021163	0.6974302569743026	0.7045295470452955	0.9804956213239435	0.9873195901239191
ERR1.H12CORE.0.PSM.A	ESRRA	Nuclear receptors with C4 zinc fingers	Steroid hormone receptors	0.48685640056684115	0.48827020341136956	0.6959304069593041	0.6995300469953005	0.9797342216997812	0.9848018125016766
SIX4.H12CORE.1.M.C	SIX4	Homeo domain factors	HD-SINE	0.48675011809163976	0.47676345158031685	0.6978302169783022	0.8684131586841316	0.9804956213239435	1.0
NR1I2.H12CORE.1.S.C	NR1I2	Nuclear receptors with C4 zinc fingers	Thyroid hormone receptor-related	0.48658715162966415	0.4931895232615295	0.7005299470052995	0.6087391260873912	0.9806669865443272	0.9329547936926053
ZN484.H12CORE.0.P.C	ZNF484	C2H2 zinc finger factors	More than 3 adjacent zinc fingers	0.48654700047236715	0.47600619609161554	0.7012298770122988	0.8741125887411259	0.9806669865443272	1.0
TFE3.H12CORE.0.PSM.A	TFE3	Basic helix-loop-helix factors (bHLH)	bHLH-ZIP	0.4864950401511583	0.4681010114806187	0.7008299170082992	0.9405059494050595	0.9806669865443272	1.0
ZN480.H12CORE.1.P.C	ZNF480	C2H2 zinc finger factors	More than 3 adjacent zinc fingers	0.4864383561643836	0.49192335559102157	0.7044295570442956	0.6194380561943805	0.9821177302559599	0.9361187441465277
GRHL2.H12CORE.0.P.B	GRHL2	Grainyhead domain factors	Grainyhead-related	0.4863958431743048	0.506196207619527	0.7039296070392961	0.36536346365363465	0.9821177302559599	0.7186758163420716
TF2LY.H12CORE.0.SM.B	TGIF2LY	Homeo domain factors	TALE-type HD	0.4862777515351922	0.49266164625380665	0.7017298270172982	0.6148385161483851	0.9806669865443272	0.9361187441465277
TF2LX.H12CORE.1.SM.B	TGIF2LX	Homeo domain factors	TALE-type HD	0.48620925838450757	0.4882197258882397	0.7125287471252875	0.7016298370162983	0.991233535605977	0.9861153125193809
MTF1.H12CORE.0.SM.B	MTF1	C2H2 zinc finger factors	More than 3 adjacent zinc fingers	0.4860510155880992	0.470307161637528	0.7130286971302869	0.922107789221078	0.991233535605977	1.0
PKNX1.H12CORE.2.SM.B	PKNOX1	Homeo domain factors	TALE-type HD	0.4859659896079357	0.4906456773038162	0.7123287671232876	0.6721327867213278	0.991233535605977	0.9698876112388761
SIX3.H12CORE.0.SM.B	SIX3	Homeo domain factors	HD-SINE	0.48565895134624576	0.46815050927872653	0.7145285471452855	0.9413058694130587	0.9923625539274753	1.0
HXA11.H12CORE.1.SM.B	HOXA11	Homeo domain factors	HOX-related	0.48556920170052	0.48113937501343673	0.7164283571642835	0.8098190180981902	0.9930894518617301	1.0
RARG.H12CORE.2.SM.B	RARG	Nuclear receptors with C4 zinc fingers	Thyroid hormone receptor-related	0.4852810581010871	0.4894245176526432	0.7182281771822818	0.6717328267173283	0.9936752249990726	0.9698876112388761
NR4A1.H12CORE.0.PSM.A	NR4A1	Nuclear receptors with C4 zinc fingers	NGFI (NR4A)	0.4852645252716118	0.4786948738868352	0.7158284171582842	0.8441155884411559	0.9930894518617301	1.0
NR4A2.H12CORE.0.SM.B	NR4A2	Nuclear receptors with C4 zinc fingers	NGFI (NR4A)	0.485148795465282	0.48229098846835666	0.7174282571742826	0.798020197980202	0.9935210893497982	1.0
TZAP.H12CORE.0.P.B	ZBTB48	C2H2 zinc finger factors	More than 3 adjacent zinc fingers	0.48499291450165444	0.4780242811298511	0.7288271172882712	0.8471152884711529	1.0	1.0
RUNX1.H12CORE.0.P.B	RUNX1	Runt domain factors	Runt-related	0.4848205007085507	0.4783241332049711	0.7265273472652735	0.849015098490151	1.0	1.0
HXB13.H12CORE.1.SM.B	HOXB13	Homeo domain factors	HOX-related	0.4848157770429857	0.4833632865963361	0.7265273472652735	0.7766223377662234	1.0	1.0
E2F6.H12CORE.0.P.B	E2F6	Fork head/winged helix factors	E2F	0.48474256022673456	0.4760973765669746	0.7293270672932707	0.8728127187281272	1.0	1.0
ZN711.H12CORE.0.P.C	ZNF711	C2H2 zinc finger factors	Multiple dispersed zinc fingers	0.48470949456778445	0.49231623811825426	0.7302269773022698	0.6301369863013698	1.0	0.9430146104560528
NKX31.H12CORE.0.PSM.A	NKX3-1	Homeo domain factors	NK-related	0.4845606991025034	0.4987460206754755	0.7267273272672733	0.5103489651034897	1.0	0.8543312722092061
ZN148.H12CORE.0.P.B	ZNF148	C2H2 zinc finger factors	More than 3 adjacent zinc fingers	0.48436702881435967	0.4617422276381723	0.7371262873712628	0.9696030396960303	1.0	1.0
SOX2.H12CORE.0.P.B	SOX2	High-mobility group (HMG) domain factors	SOX-related	0.4842914501653286	0.5005651766466501	0.7287271272872713	0.46965303469653036	1.0	0.816517263936257
AP2E.H12CORE.0.SM.B	TFAP2E	Basic helix-span-helix factors (bHSH)	AP-2	0.48417572035899903	0.5056125431368585	0.7321267873212679	0.38006199380061995	1.0	0.7292944907636896
SOX10.H12CORE.0.PSM.A	SOX10	High-mobility group (HMG) domain factors	SOX-related	0.48386395843174357	0.48503079150890166	0.7377262273772622	0.7533246675332467	1.0	1.0
NDF1.H12CORE.1.S.C	NEUROD1	Basic helix-loop-helix factors (bHLH)	Tal-related	0.48382616910722875	0.490939867811576	0.7415258474152585	0.6519348065193481	1.0	0.9540993162347052
ERR3.H12CORE.0.PSM.A	ESRRG	Nuclear receptors with C4 zinc fingers	Steroid hormone receptors	0.48380963627775275	0.4953061330947044	0.7366263373662634	0.5762423757624238	1.0	0.9077704674947352
HXD9.H12CORE.0.SM.B	HOXD9	Homeo domain factors	HOX-related	0.4837978271138402	0.4908748697359826	0.7476252374762524	0.6538346165383462	1.0	0.9559101840575821
ZN875.H12CORE.0.P.C	ZNF875	C2H2 zinc finger factors	More than 3 adjacent zinc fingers	0.4836159659896084	0.47110201014009084	0.736026397360264	0.9113088691130887	1.0	1.0
E2F8.H12CORE.0.P.C	E2F8	Fork head/winged helix factors	E2F	0.4836065186584796	0.4825769774630341	0.7508249175082492	0.7971202879712029	1.0	1.0
NKX25.H12CORE.0.PSM.A	NKX2-5	Homeo domain factors	NK-related	0.4835640056683999	0.49071567602390087	0.7449255074492551	0.6574342565743425	1.0	0.960200032628316
ZN580.H12CORE.0.SM.B	ZNF580	C2H2 zinc finger factors	Other with up to three adjacent zinc fingers	0.4835096835144076	0.46999924071430293	0.7485251474852515	0.9254074592540746	1.0	1.0
UBIP1.H12CORE.0.SM.B	UBP1	Grainyhead domain factors	CP2-related	0.48349078885215013	0.47245177026003415	0.7339266073392661	0.9057094290570943	1.0	1.0
ARNT2.H12CORE.0.P.B	ARNT2	Basic helix-loop-helix factors (bHLH)	PAS	0.48347661785545704	0.48112573472850917	0.7383261673832616	0.8082191780821918	1.0	1.0
ZN816.H12CORE.0.P.B	ZNF816	C2H2 zinc finger factors	More than 3 adjacent zinc fingers	0.48285781766650926	0.5079237926128277	0.7513248675132487	0.34106589341065896	1.0	0.6924491539610084
ZN223.H12CORE.0.P.C	ZNF223	C2H2 zinc finger factors	More than 3 adjacent zinc fingers	0.4827373641946164	0.5134754349248558	0.7546245375462454	0.24967503249675033	1.0	0.5972084910714227
NKX23.H12CORE.0.SM.B	NKX2-3	Homeo domain factors	NK-related	0.48270429853566554	0.4987703317145955	0.7552244775522448	0.5074492550744926	1.0	0.8532981585562374
HLF.H12CORE.1.SM.B	HLF	Basic leucine zipper factors (bZIP)	C/EBP-related	0.48268304204062457	0.5029742475230656	0.7559244075592441	0.42745725427457254	1.0	0.7719910111617123
NKX28.H12CORE.0.SM.B	NKX2-8	Homeo domain factors	NK-related	0.48241615493623013	0.48839101504323684	0.7556244375562444	0.696930306969303	1.0	0.9848018125016766
NFKB2.H12CORE.0.PSM.A	NFKB2	Rel homology region (RHR) factors	NFkappaB-related	0.482413793103449	0.4966528245933101	0.7590240975902409	0.5453454654534546	1.0	0.8785817070466867
ZN793.H12CORE.0.P.B	ZNF793	C2H2 zinc finger factors	More than 3 adjacent zinc fingers	0.4824043457723214	0.46999456259635697	0.7523247675232477	0.9213078692130787	1.0	1.0
MYBA.H12CORE.2.S.B	MYBL1	Tryptophan cluster factors	Myb/SANT domain	0.4823878129428451	0.48085251782503585	0.7563243675632437	0.8141185881411859	1.0	1.0
ZN165.H12CORE.0.P.C	ZNF165	C2H2 zinc finger factors	More than 3 adjacent zinc fingers	0.48228153046764405	0.508308498583092	0.7683231676832317	0.3387661233876612	1.0	0.6914278869142788
CREB5.H12CORE.1.SM.B	CREB5	Basic leucine zipper factors (bZIP)	Jun-related	0.48223429381199795	0.4964378557848625	0.7617238276172382	0.5535446455354465	1.0	0.8875165816751658
NR2C1.H12CORE.1.PM.A	NR2C1	Nuclear receptors with C4 zinc fingers	RXR-related receptors	0.4822083136513947	0.4986305119829999	0.7594240575942406	0.5083491650834917	1.0	0.8532981585562374
ELF3.H12CORE.1.PM.A	ELF3	Tryptophan cluster factors	Ets-related	0.48189891355692027	0.4986478500054411	0.766023397660234	0.5168483151684832	1.0	0.859230551599218
SMAD5.H12CORE.0.M.C	SMAD5	SMAD/NF-1 DNA-binding domain factors	SMAD	0.48187765706188035	0.4874569556853261	0.7721227877212279	0.7193280671932807	1.0	0.9980676932306769
E2F7.H12CORE.1.P.B	E2F7	Fork head/winged helix factors	E2F	0.48180444024563296	0.48167798139836765	0.7688231176882312	0.8052194780521947	1.0	1.0
ZN274.H12CORE.0.SM.B	ZNF274	C2H2 zinc finger factors	More than 3 adjacent zinc fingers	0.4817831837505911	0.48261191142607845	0.7666233376662334	0.7868213178682132	1.0	1.0
ZN662.H12CORE.0.P.C	ZNF662	C2H2 zinc finger factors	More than 3 adjacent zinc fingers	0.4816273027869636	0.48149133124368293	0.7684231576842315	0.8096190380961904	1.0	1.0
SRBP1.H12CORE.1.S.C	SREBF1	Basic helix-loop-helix factors (bHLH)	bHLH-ZIP	0.4814123760037804	0.47924164447137035	0.7674232576742326	0.8314168583141686	1.0	1.0
ZBED5.H12CORE.0.P.C	ZBED5	C2H2 zinc finger factors	BED zinc finger	0.48138403401039376	0.4714097098254808	0.7666233376662334	0.9142085791420858	1.0	1.0
USF2.H12CORE.0.PSM.A	USF2	Basic helix-loop-helix factors (bHLH)	bHLH-ZIP	0.48136986301370055	0.4725845564703297	0.7718228177182281	0.9065093490650935	1.0	1.0
ZBTB6.H12CORE.0.P.B	ZBTB6	C2H2 zinc finger factors	More than 3 adjacent zinc fingers	0.4812730278696282	0.47081082687187487	0.7672232776722328	0.9147085291470853	1.0	1.0
SOX30.H12CORE.1.SM.B	SOX30	High-mobility group (HMG) domain factors	SOX-related	0.4811691072272091	0.48861164844532995	0.7761223877612239	0.6859314068593141	1.0	0.9761331559151778
ZN611.H12CORE.1.P.C	ZNF611	C2H2 zinc finger factors	More than 3 adjacent zinc fingers	0.4809589041095882	0.4891141751424074	0.773022697730227	0.6858314168583142	1.0	0.9761331559151778
RUNX2.H12CORE.0.P.B	RUNX2	Runt domain factors	Runt-related	0.48086443079830005	0.4761287593830371	0.7768223177682232	0.8726127387261274	1.0	1.0
TFEC.H12CORE.1.SM.B	TFEC	Basic helix-loop-helix factors (bHLH)	bHLH-ZIP	0.4807723193197926	0.4724384464091345	0.7768223177682232	0.9032096790320968	1.0	1.0
P73.H12CORE.0.PS.A	TP73	p53 domain factors	p53-related	0.48073925366084197	0.48255160878489556	0.7775222477752225	0.78002199780022	1.0	1.0
ZBT20.H12CORE.0.SM.B	ZBTB20	C2H2 zinc finger factors	More than 3 adjacent zinc fingers	0.4807392536608409	0.49152797036452883	0.7722227777222278	0.6416358364163584	1.0	0.9493167791163858
TEF.H12CORE.0.SM.B	TEF	Basic leucine zipper factors (bZIP)	C/EBP-related	0.4805880963627785	0.4914732474379357	0.7878212178782121	0.6404359564043596	1.0	0.9488183625169311
FOXJ3.H12CORE.0.SM.B	FOXJ3	Fork head/winged helix factors	FOX	0.4805408597071337	0.48154741351949	0.7813218678132187	0.8061193880611939	1.0	1.0
PO2F2.H12CORE.1.M.C	POU2F2	Homeo domain factors	POU	0.48053849787435093	0.48835781710382	0.7853214678532147	0.7081291870812919	1.0	0.9873195901239191
RFX5.H12CORE.0.P.B	RFX5	Fork head/winged helix factors	RFX	0.48053141237600394	0.4930695214038634	0.7805219478052194	0.609039096090391	1.0	0.9329547936926053
MAZ.H12CORE.0.P.B	MAZ	C2H2 zinc finger factors	Multiple dispersed zinc fingers	0.480406235238546	0.47750446597608154	0.7871212878712128	0.8589141085891411	1.0	1.0
RFX2.H12CORE.0.PS.A	RFX2	Fork head/winged helix factors	RFX	0.480344827586208	0.47597604711855784	0.7836216378362164	0.8729127087291271	1.0	1.0
MEIS3.H12CORE.1.S.B	MEIS3	Homeo domain factors	TALE-type HD	0.47999527633443606	0.49184973599465126	0.7846215378462154	0.6345365463453655	1.0	0.9465014242377415
SOX10.H12CORE.2.S.C	SOX10	High-mobility group (HMG) domain factors	SOX-related	0.47989844119036446	0.47252543912300565	0.7885211478852114	0.9093090690930907	1.0	1.0
HSF1.H12CORE.2.P.B	HSF1	Heat shock factors	HSF	0.4797827113840367	0.4754634200642069	0.7852214778522147	0.8762123787621238	1.0	1.0
AHRR.H12CORE.0.P.C	AHRR	Basic helix-loop-helix factors (bHLH)	PAS	0.47977798771847113	0.47137765375742124	0.7963203679632037	0.918008199180082	1.0	1.0
TF2LY.H12CORE.1.SM.B	TGIF2LY	Homeo domain factors	TALE-type HD	0.479728389230043	0.4855236472969645	0.7945205479452054	0.7513248675132487	1.0	1.0
ZN816.H12CORE.1.P.C	ZNF816	C2H2 zinc finger factors	More than 3 adjacent zinc fingers	0.4797213037316951	0.4920270197443898	0.7901209879012099	0.6403359664033597	1.0	0.9488183625169311
ZN573.H12CORE.0.P.C	ZNF573	C2H2 zinc finger factors	More than 3 adjacent zinc fingers	0.4796433632498835	0.48899913856476507	0.7883211678832117	0.6854314568543146	1.0	0.9761331559151778
MITF.H12CORE.0.P.B	MITF	Basic helix-loop-helix factors (bHLH)	bHLH-ZIP	0.47957250826641673	0.4647461502083645	0.7872212778722127	0.9585041495850415	1.0	1.0
ZN444.H12CORE.0.S.C	ZNF444	C2H2 zinc finger factors	More than 3 adjacent zinc fingers	0.4791190363722254	0.47304444963239356	0.7964203579642036	0.8971102889711029	1.0	1.0
SOX13.H12CORE.0.P.B	SOX13	High-mobility group (HMG) domain factors	SOX-related	0.4790883325460557	0.4922929868786111	0.7994200579942006	0.6283371662833717	1.0	0.9430146104560528
SOX17.H12CORE.0.PS.A	SOX17	High-mobility group (HMG) domain factors	SOX-related	0.47881672177609863	0.5072288716648272	0.7989201079892011	0.3524647535246475	1.0	0.7044413287203135
SUH.H12CORE.0.P.B	RBPJ	Rel homology region (RHR) factors	CSL-related	0.4787907416154946	0.4745792255379732	0.8046195380461953	0.887011298870113	1.0	1.0
CTCFL.H12CORE.0.P.B	CTCFL	C2H2 zinc finger factors	More than 3 adjacent zinc fingers	0.47873878129428454	0.49887769249103614	0.7981201879812019	0.5000499950005	1.0	0.8439440266499666
ZN174.H12CORE.0.M.C	ZNF174	C2H2 zinc finger factors	Other with up to three adjacent zinc fingers	0.47869863013698727	0.48778601659423526	0.7986201379862014	0.7056294370562943	1.0	0.9873195901239191
ZN770.H12CORE.1.P.B	ZNF770	C2H2 zinc finger factors	Multiple dispersed zinc fingers	0.47869626830420514	0.49106699095159095	0.7945205479452054	0.6387361263873612	1.0	0.9488183625169311
ZN534.H12CORE.1.P.C	ZNF534	C2H2 zinc finger factors	More than 3 adjacent zinc fingers	0.47857817666509184	0.4794836007975002	0.7996200379962004	0.8268173182681732	1.0	1.0
CDX2.H12CORE.1.M.C	CDX2	Homeo domain factors	HOX-related	0.4784529995276327	0.4691128761446665	0.8083191680831917	0.934006599340066	1.0	1.0
ATF3.H12CORE.3.SM.B	ATF3	Basic leucine zipper factors (bZIP)	Fos-related	0.47842938119981065	0.49034886365297664	0.808019198080192	0.674032596740326	1.0	0.9700075854827278
RUNX3.H12CORE.1.S.B	RUNX3	Runt domain factors	Runt-related	0.4784081247047707	0.49230138317244143	0.8077192280771923	0.6295370462953704	1.0	0.9430146104560528
ZN682.H12CORE.0.P.B	ZNF682	C2H2 zinc finger factors	More than 3 adjacent zinc fingers	0.47833018422295753	0.48976782810848063	0.809019098090191	0.6797320267973203	1.0	0.9740350691842433
RARG.H12CORE.3.S.B	RARG	Nuclear receptors with C4 zinc fingers	Thyroid hormone receptor-related	0.4781270666036853	0.4860773581509457	0.8071192880711929	0.7404259574042595	1.0	1.0
ZN669.H12CORE.1.P.C	ZNF669	C2H2 zinc finger factors	More than 3 adjacent zinc fingers	0.4773901747756254	0.4905501856670641	0.8216178382161784	0.6641335866413358	1.0	0.9662188015069461
ZN284.H12CORE.0.P.C	ZNF284	C2H2 zinc finger factors	More than 3 adjacent zinc fingers	0.47730278696268424	0.47684778307687775	0.815918408159184	0.8544145585441456	1.0	1.0
MEIS2.H12CORE.1.PSM.A	MEIS2	Homeo domain factors	TALE-type HD	0.47721776098252233	0.48103969534323504	0.8143185681431857	0.8044195580441956	1.0	1.0
ZN425.H12CORE.0.P.C	ZNF425	C2H2 zinc finger factors	More than 3 adjacent zinc fingers	0.4771823334907894	0.5006350010901879	0.8145185481451854	0.5162483751624838	1.0	0.8592230742323692
NFAC1.H12CORE.2.SM.B	NFATC1	Rel homology region (RHR) factors	NFAT-related	0.4770193670288156	0.4776597946746115	0.8178182181781822	0.853014698530147	1.0	1.0
NKX32.H12CORE.0.PSM.A	NKX3-2	Homeo domain factors	NK-related	0.47701464336325033	0.4935327830842927	0.8201179882011799	0.6195380461953804	1.0	0.9361187441465277
OSR2.H12CORE.0.PSM.A	OSR2	C2H2 zinc finger factors	More than 3 adjacent zinc fingers	0.4768115257439774	0.4825079682798668	0.8234176582341766	0.7914208579142086	1.0	1.0
ATF4.H12CORE.2.SM.B	ATF4	Basic leucine zipper factors (bZIP)	ATF4-related	0.4764926783183769	0.49165439011414847	0.8274172582741726	0.647035296470353	1.0	0.9497945636908389
ZN132.H12CORE.0.P.C	ZNF132	C2H2 zinc finger factors	Multiple dispersed zinc fingers	0.47630609352857994	0.4845128547467218	0.8311168883111689	0.7591240875912408	1.0	1.0
TF2L1.H12CORE.0.PSM.A	TFCP2L1	Grainyhead domain factors	CP2-related	0.47609352857817805	0.46905092964550815	0.825917408259174	0.9321067893210679	1.0	1.0
FLI1.H12CORE.1.P.B	FLI1	Tryptophan cluster factors	Ets-related	0.4758431743032596	0.49954366767169983	0.8306169383061693	0.49755024497550243	1.0	0.8426819289901996
SOX7.H12CORE.0.PS.A	SOX7	High-mobility group (HMG) domain factors	SOX-related	0.47567076051015716	0.47711726574366	0.837916208379162	0.8624137586241376	1.0	1.0
ZN580.H12CORE.1.SM.B	ZNF580	C2H2 zinc finger factors	Other with up to three adjacent zinc fingers	0.4756683986773732	0.4693114888469801	0.8389161083891611	0.9327067293270673	1.0	1.0
PBX3.H12CORE.1.P.B	PBX3	Homeo domain factors	TALE-type HD	0.47554085970713306	0.4771592414126579	0.8325167483251675	0.8595140485951405	1.0	1.0
ERR2.H12CORE.0.PSM.A	ESRRB	Nuclear receptors with C4 zinc fingers	Steroid hormone receptors	0.47535191308455466	0.4820009096327387	0.8388161183881612	0.795020497950205	1.0	1.0
KLF3.H12CORE.0.PS.A	KLF3	C2H2 zinc finger factors	Three-zinc finger Kruppel-related	0.47530703826169196	0.4817968053467835	0.8347165283471653	0.7971202879712029	1.0	1.0
ZN740.H12CORE.1.S.C	ZNF740	C2H2 zinc finger factors	Other with up to three adjacent zinc fingers	0.47517241379310277	0.47982113691202743	0.836016398360164	0.8246175382461753	1.0	1.0
ZSC22.H12CORE.0.P.C	ZSCAN22	C2H2 zinc finger factors	More than 3 adjacent zinc fingers	0.4750165328294758	0.4649490790594593	0.8376162383761624	0.9566043395660434	1.0	1.0
ZN341.H12CORE.1.P.B	ZNF341	C2H2 zinc finger factors	Multiple dispersed zinc fingers	0.4749976381672194	0.4876843945777418	0.8388161183881612	0.7067293270672933	1.0	0.9873195901239191
AP2C.H12CORE.0.PSM.A	TFAP2C	Basic helix-span-helix factors (bHSH)	AP-2	0.4748748228625435	0.4894325452258262	0.8461153884611539	0.6917308269173083	1.0	0.9824484087024368
FOS.H12CORE.2.S.C	FOS	Basic leucine zipper factors (bZIP)	Fos-related	0.47485356636750314	0.47765471830650036	0.8353164683531646	0.8465153484651535	1.0	1.0
PKNX2.H12CORE.1.SM.B	PKNOX2	Homeo domain factors	TALE-type HD	0.47446150212564986	0.4853507442376078	0.8458154184581542	0.7463253674632536	1.0	1.0
LHX6.H12CORE.2.M.C	LHX6	Homeo domain factors	HD-LIM	0.4744284364666978	0.477648559065363	0.8447155284471553	0.8517148285171483	1.0	1.0
LHX8.H12CORE.1.M.C	LHX8	Homeo domain factors	HD-LIM	0.4741166745394426	0.4823027660394041	0.8486151384861513	0.7863213678632137	1.0	1.0
P63.H12CORE.0.PS.A	TP63	p53 domain factors	p53-related	0.47411431270666143	0.47516916456537267	0.8504149585041496	0.8831116888311169	1.0	1.0
ZBT7B.H12CORE.0.SM.B	ZBTB7B	C2H2 zinc finger factors	More than 3 adjacent zinc fingers	0.47408833254605626	0.4966191356571634	0.8521147885211479	0.5594440555944405	1.0	0.8927868802523721
KLF8.H12CORE.1.P.C	KLF8	C2H2 zinc finger factors	Three-zinc finger Kruppel-related	0.47404581955597613	0.46727530287964836	0.849015098490151	0.9421057894210579	1.0	1.0
ZN337.H12CORE.0.P.C	ZNF337	C2H2 zinc finger factors	More than 3 adjacent zinc fingers	0.47400330656589484	0.4756989271943783	0.8522147785221478	0.8753124687531247	1.0	1.0
ZN740.H12CORE.0.P.C	ZNF740	C2H2 zinc finger factors	Other with up to three adjacent zinc fingers	0.47390174775625926	0.4877164126262039	0.8524147585241476	0.7083291670832916	1.0	0.9873195901239191
LHX1.H12CORE.1.M.C	LHX1	Homeo domain factors	HD-LIM	0.4735427491733579	0.47962801573014846	0.8485151484851515	0.8291170882911709	1.0	1.0
ZBT17.H12CORE.0.P.B	ZBTB17	C2H2 zinc finger factors	Multiple dispersed zinc fingers	0.4735262163438844	0.464299264271244	0.8487151284871512	0.9579042095790421	1.0	1.0
ZN429.H12CORE.0.P.C	ZNF429	C2H2 zinc finger factors	More than 3 adjacent zinc fingers	0.4735144071799711	0.48615600510461104	0.8505149485051495	0.7352264773522648	1.0	1.0
ATF4.H12CORE.1.S.B	ATF4	Basic leucine zipper factors (bZIP)	ATF4-related	0.4735002361832809	0.45650875317000844	0.8609139086091391	0.987001299870013	1.0	1.0
MYBB.H12CORE.1.S.B	MYBL2	Tryptophan cluster factors	Myb/SANT domain	0.4732900330656597	0.4707779175512478	0.8531146885311469	0.9255074492550744	1.0	1.0
RXRB.H12CORE.2.PS.A	RXRB	Nuclear receptors with C4 zinc fingers	RXR-related receptors	0.4732711384034008	0.4700737929677963	0.8563143685631437	0.9262073792620737	1.0	1.0
RFX4.H12CORE.0.SM.B	RFX4	Fork head/winged helix factors	RFX	0.4730703826169115	0.4717506031910616	0.8546145385461453	0.9098090190980902	1.0	1.0
BHE41.H12CORE.0.PSM.A	BHLHE41	Basic helix-loop-helix factors (bHLH)	Hairy-related	0.4729948039678795	0.47322667781767996	0.8632136786321368	0.8965103489651035	1.0	1.0
NFAC4.H12CORE.1.SM.B	NFATC4	Rel homology region (RHR) factors	NFAT-related	0.4729877184695336	0.4739842932872813	0.8637136286371363	0.8968103189681031	1.0	1.0
SIX1.H12CORE.1.SM.B	SIX1	Homeo domain factors	HD-SINE	0.47291450165328297	0.4656506655711215	0.8592140785921408	0.9508049195080492	1.0	1.0
P53.H12CORE.0.P.B	TP53	p53 domain factors	p53-related	0.47258856872933414	0.4752989616688495	0.8562143785621438	0.8714128587141285	1.0	1.0
P63.H12CORE.1.PS.A	TP63	p53 domain factors	p53-related	0.4721988663202652	0.4761556995411274	0.8703129687031297	0.8722127787221278	1.0	1.0
ZN431.H12CORE.0.P.C	ZNF431	C2H2 zinc finger factors	More than 3 adjacent zinc fingers	0.47199811053377494	0.48687711308747816	0.8713128687131287	0.7214278572142786	1.0	0.998102011467118
YBOX1.H12CORE.0.SM.B	YBX1	Cold-shock domain factors	Dbp	0.47196976854038825	0.485690241112962	0.8754124587541245	0.7425257474252575	1.0	1.0
NFAC3.H12CORE.0.SM.B	NFATC3	Rel homology region (RHR) factors	NFAT-related	0.471702881435996	0.46954024370868874	0.8624137586241376	0.9258074192580742	1.0	1.0
ZN177.H12CORE.0.SM.B	ZNF177	C2H2 zinc finger factors	More than 3 adjacent zinc fingers	0.47126594237128144	0.4885755682789233	0.8779122087791221	0.698930106989301	1.0	0.9848018125016766
CREM.H12CORE.1.P.C	CREM	Basic leucine zipper factors (bZIP)	CREB-related	0.4709400094473324	0.45899861390458463	0.8788121187881212	0.9818018198180182	1.0	1.0
NFYB.H12CORE.0.P.B	NFYB	Heteromeric CCAAT-binding factors	Heteromeric CCAAT-binding	0.47050307038261696	0.4714247862176837	0.8802119788021198	0.9127087291270873	1.0	1.0
PATZ1.H12CORE.1.P.C	PATZ1	C2H2 zinc finger factors	Multiple dispersed zinc fingers	0.4704888993859245	0.45957040363733415	0.8774122587741225	0.9891010898910109	1.0	1.0
BMAL1.H12CORE.0.PSM.A	ARNTL	Basic helix-loop-helix factors (bHLH)	PAS	0.4701913084553621	0.4737574275065917	0.8863113688631137	0.9497050294970503	1.0	1.0
KLF6.H12CORE.1.SM.B	KLF6	C2H2 zinc finger factors	Three-zinc finger Kruppel-related	0.47001889466225893	0.48179243314482884	0.881011898810119	0.8004199580041996	1.0	1.0
P53.H12CORE.1.S.C	TP53	p53 domain factors	p53-related	0.469988190836088	0.48891052952046316	0.8791120887911209	0.6804319568043196	1.0	0.9740707476871361
RORB.H12CORE.0.SM.B	RORB	Nuclear receptors with C4 zinc fingers	Thyroid hormone receptor-related	0.4699433160132275	0.48419223166833725	0.8795120487951205	0.7619238076192381	1.0	1.0
SOX11.H12CORE.0.P.B	SOX11	High-mobility group (HMG) domain factors	SOX-related	0.4699409541804445	0.48915218801188487	0.8817118288171183	0.6851314868513149	1.0	0.9761331559151778
GLIS3.H12CORE.1.S.C	GLIS3	C2H2 zinc finger factors	More than 3 adjacent zinc fingers	0.46970949456778466	0.4747677411926228	0.8881111888811118	0.8872112788721128	1.0	1.0
MAX.H12CORE.1.M.C	MAX	Basic helix-loop-helix factors (bHLH)	bHLH-ZIP	0.46950637694851255	0.49267705995673	0.8887111288871112	0.6224377562243776	1.0	0.9385346731784502
ZN784.H12CORE.0.SM.B	ZNF784	C2H2 zinc finger factors	Multiple dispersed zinc fingers	0.46898441190363843	0.47441451753994573	0.8938106189381062	0.8911108889111089	1.0	1.0
ZN254.H12CORE.0.P.C	ZNF254	C2H2 zinc finger factors	More than 3 adjacent zinc fingers	0.46877893245158253	0.47355749705552164	0.8945105489451055	0.8954104589541045	1.0	1.0
HXD12.H12CORE.0.SM.B	HOXD12	Homeo domain factors	HOX-related	0.46860179499291527	0.47574000834345137	0.8977102289771023	0.8793120687931207	1.0	1.0
SIX2.H12CORE.1.M.C	SIX2	Homeo domain factors	HD-SINE	0.46858998582900296	0.4677519186356668	0.8937106289371063	0.9424057594240576	1.0	1.0
ATF2.H12CORE.0.PSM.A	ATF2	Basic leucine zipper factors (bZIP)	Jun-related	0.46858053849787384	0.486034260416211	0.8962103789621038	0.7339266073392661	1.0	1.0
SOX6.H12CORE.0.P.B	SOX6	High-mobility group (HMG) domain factors	SOX-related	0.468549834671706	0.4872353996010163	0.8941105889411058	0.7076292370762923	1.0	0.9873195901239191
BHE23.H12CORE.0.SM.B	BHLHE23	Basic helix-loop-helix factors (bHLH)	Tal-related	0.46841993386868236	0.4852230985360427	0.889011098890111	0.7504249575042495	1.0	1.0
MLXPL.H12CORE.0.S.B	MLXIPL	Basic helix-loop-helix factors (bHLH)	bHLH-ZIP	0.4683419933868683	0.46929728006246435	0.8948105189481051	0.9298070192980702	1.0	1.0
KLF15.H12CORE.1.P.C	KLF15	C2H2 zinc finger factors	Three-zinc finger Kruppel-related	0.4681743032593286	0.4616327445936963	0.8938106189381062	0.969003099690031	1.0	1.0
HSFY1.H12CORE.1.S.B	HSFY1	Heat shock factors	HSF	0.46816013226263653	0.4776722792405785	0.8961103889611038	0.8538146185381462	1.0	1.0
BHE40.H12CORE.1.S.C	BHLHE40	Basic helix-loop-helix factors (bHLH)	Hairy-related	0.4680727444496941	0.4719631175797034	0.8956104389561044	0.9081091890810918	1.0	1.0
ZN333.H12CORE.0.P.C	ZNF333	C2H2 zinc finger factors	More than 3 adjacent zinc fingers	0.46800188946622656	0.4784319308770419	0.8929107089291071	0.8389161083891611	1.0	1.0
ELF5.H12CORE.0.PSM.A	ELF5	Tryptophan cluster factors	Ets-related	0.46787435049598636	0.4791778962187105	0.9009099090090991	0.8356164383561644	1.0	1.0
NFAC2.H12CORE.2.S.C	NFATC2	Rel homology region (RHR) factors	NFAT-related	0.4676523382144567	0.4691277359018888	0.8976102389761024	0.9295070492950704	1.0	1.0
ETV6.H12CORE.1.P.B	ETV6	Tryptophan cluster factors	Ets-related	0.4674539442607467	0.48471868330746837	0.9071092890710929	0.763023697630237	1.0	1.0
PROX1.H12CORE.0.SM.B	PROX1	Homeo domain factors	HD-PROS	0.4674421350968367	0.4713553527096918	0.8992100789921008	0.9091090890910909	1.0	1.0
PAX3.H12CORE.1.SM.B	PAX3	Paired box factors	PD+HD	0.4671303731695801	0.4692000961281286	0.9068093190680931	0.9336066393360664	1.0	1.0
ZN282.H12CORE.0.P.B	ZNF282	C2H2 zinc finger factors	More than 3 adjacent zinc fingers	0.4671114785073232	0.4719576964193647	0.905009499050095	0.92010798920108	1.0	1.0
VEZF1.H12CORE.0.P.C	VEZF1	C2H2 zinc finger factors	Multiple dispersed zinc fingers	0.4670713273500241	0.4690097190043856	0.9056094390560944	0.9643035696430357	1.0	1.0
ZN283.H12CORE.0.P.C	ZNF283	C2H2 zinc finger factors	More than 3 adjacent zinc fingers	0.4670028341993389	0.4700600617078906	0.9028097190280971	0.9237076292370763	1.0	1.0
NR2F6.H12CORE.1.PSM.A	NR2F6	Nuclear receptors with C4 zinc fingers	RXR-related receptors	0.46677609825224453	0.47691136704089543	0.9042095790420958	0.8645135486451355	1.0	1.0
E2F3.H12CORE.0.P.B	E2F3	Fork head/winged helix factors	E2F	0.4667430325932927	0.4667449781126821	0.9082091790820918	0.9467053294670533	1.0	1.0
RFX5.H12CORE.2.S.B	RFX5	Fork head/winged helix factors	RFX	0.4666674539442605	0.4802527654451773	0.9127087291270873	0.8247175282471753	1.0	1.0
HXB9.H12CORE.1.M.C	HOXB9	Homeo domain factors	HOX-related	0.46651157298063306	0.47484193291619703	0.908009199080092	0.8862113788621138	1.0	1.0
KLF1.H12CORE.0.P.B	KLF1	C2H2 zinc finger factors	Three-zinc finger Kruppel-related	0.4662848370335392	0.4826425341952846	0.9118088191180882	0.791920807919208	1.0	1.0
PKNX1.H12CORE.0.P.B	PKNOX1	Homeo domain factors	TALE-type HD	0.4661856400566865	0.4783654580540376	0.9076092390760924	0.8445155484451555	1.0	1.0
MYBB.H12CORE.0.S.B	MYBL2	Tryptophan cluster factors	Myb/SANT domain	0.46617383089277276	0.466286282789296	0.9118088191180882	0.9484051594840516	1.0	1.0
IRX3.H12CORE.0.M.C	IRX3	Homeo domain factors	TALE-type HD	0.4661384034010394	0.46759388637045113	0.913008699130087	0.945005499450055	1.0	1.0
ZN141.H12CORE.0.P.C	ZNF141	C2H2 zinc finger factors	More than 3 adjacent zinc fingers	0.4660888049126137	0.47571629190413095	0.9075092490750925	0.8740125987401259	1.0	1.0
ZN281.H12CORE.0.P.B	ZNF281	C2H2 zinc finger factors	More than 3 adjacent zinc fingers	0.4660533774208784	0.4595274653913484	0.9114088591140886	0.979002099790021	1.0	1.0
RFX1.H12CORE.0.PM.A	RFX1	Fork head/winged helix factors	RFX	0.4659163911195085	0.47538810403738885	0.913008699130087	0.8822117788221178	1.0	1.0
NR1H4.H12CORE.2.P.B	NR1H4	Nuclear receptors with C4 zinc fingers	Thyroid hormone receptor-related	0.46572980632971217	0.47254892010740185	0.9094090590940906	0.9291070892910709	1.0	1.0
NFAC2.H12CORE.4.M.B	NFATC2	Rel homology region (RHR) factors	NFAT-related	0.4657156353330191	0.4637366423830897	0.9135086491350864	0.9597040295970403	1.0	1.0
ZN587.H12CORE.0.P.C	ZNF587	C2H2 zinc finger factors	Multiple dispersed zinc fingers	0.4655880963627777	0.47181263628143605	0.9177082291770823	0.913008699130087	1.0	1.0
ZN276.H12CORE.0.SM.B	ZNF276	C2H2 zinc finger factors	More than 3 adjacent zinc fingers	0.46545111006140816	0.4663939238919741	0.9146085391460854	0.9487051294870513	1.0	1.0
SP5.H12CORE.1.P.B	SP5	C2H2 zinc finger factors	Three-zinc finger Kruppel-related	0.4651676901275394	0.46478921988775485	0.9187081291870813	0.958004199580042	1.0	1.0
RFX3.H12CORE.0.PSM.A	RFX3	Fork head/winged helix factors	RFX	0.4648700991969776	0.4694160959056651	0.9199080091990801	0.9346065393460654	1.0	1.0
MXI1.H12CORE.0.P.B	MXI1	Basic helix-loop-helix factors (bHLH)	bHLH-ZIP	0.4648417572035903	0.48929526391531414	0.9225077492250775	0.6734326567343266	1.0	0.9700075854827278
HXC9.H12CORE.2.M.C	HOXC9	Homeo domain factors	HOX-related	0.46452527161077056	0.47746188516366356	0.922007799220078	0.8563143685631437	1.0	1.0
WT1.H12CORE.1.P.B	WT1	C2H2 zinc finger factors	More than 3 adjacent zinc fingers	0.46418516769012874	0.4671129684322136	0.922107789221078	0.946005399460054	1.0	1.0
P73.H12CORE.1.P.B	TP73	p53 domain factors	p53-related	0.4641780821917809	0.47502826777858037	0.9199080091990801	0.8829117088291171	1.0	1.0
ATF3.H12CORE.1.P.B	ATF3	Basic leucine zipper factors (bZIP)	Fos-related	0.4640151157298066	0.4594592756939176	0.9259074092590741	0.9773022697730227	1.0	1.0
HXA10.H12CORE.1.M.B	HOXA10	Homeo domain factors	HOX-related	0.4639914974019848	0.47070060202024466	0.9236076392360764	0.9188081191880811	1.0	1.0
ETV7.H12CORE.0.SM.B	ETV7	Tryptophan cluster factors	Ets-related	0.46397260273972835	0.45695054974795923	0.9237076292370763	0.9836016398360165	1.0	1.0
PBX3.H12CORE.0.P.B	PBX3	Homeo domain factors	TALE-type HD	0.46379546528105986	0.48222623950883653	0.9251074892510749	0.784021597840216	1.0	1.0
BATF3.H12CORE.2.SM.B	BATF3	Basic leucine zipper factors (bZIP)	B-ATF-related	0.4633845063769502	0.47396840299542736	0.9291070892910709	0.8924107589241076	1.0	1.0
SRBP2.H12CORE.0.S.B	SREBF2	Basic helix-loop-helix factors (bHLH)	bHLH-ZIP	0.4632427964100155	0.46822616509649406	0.930906909309069	0.9395060493950604	1.0	1.0
E2F4.H12CORE.0.P.B	E2F4	Fork head/winged helix factors	E2F	0.46323098724610295	0.4787851625381058	0.9299070092990701	0.8439156084391561	1.0	1.0
ZN430.H12CORE.0.P.C	ZNF430	C2H2 zinc finger factors	More than 3 adjacent zinc fingers	0.46307746811525846	0.46894147646547535	0.9287071292870713	0.9324067593240676	1.0	1.0
KLF7.H12CORE.0.P.B	KLF7	C2H2 zinc finger factors	Three-zinc finger Kruppel-related	0.4627397260273971	0.4785219301503277	0.928007199280072	0.9777022297770223	1.0	1.0
AP2A.H12CORE.0.PSM.A	TFAP2A	Basic helix-span-helix factors (bHSH)	AP-2	0.462600377893246	0.49040881720801066	0.931006899310069	0.6618338166183382	1.0	0.9646729266467292
RUNX3.H12CORE.2.S.B	RUNX3	Runt domain factors	Runt-related	0.46254605573925395	0.4690263718628485	0.936006399360064	0.9359064093590641	1.0	1.0
SP4.H12CORE.2.P.B	SP4	C2H2 zinc finger factors	Three-zinc finger Kruppel-related	0.4618989135569208	0.45775480515274025	0.9364063593640636	0.9837016298370163	1.0	1.0
ZN611.H12CORE.0.P.C	ZNF611	C2H2 zinc finger factors	More than 3 adjacent zinc fingers	0.46133443552196507	0.4831999701481036	0.9363063693630637	0.7827217278272173	1.0	1.0
NFYA.H12CORE.0.P.B	NFYA	Heteromeric CCAAT-binding factors	Heteromeric CCAAT-binding	0.46128483703353745	0.468087969768918	0.9381061893810619	0.9378062193780622	1.0	1.0
PATZ1.H12CORE.0.P.B	PATZ1	C2H2 zinc finger factors	Multiple dispersed zinc fingers	0.461072272083138	0.4551330772133265	0.9344065593440656	0.9875012498750125	1.0	1.0
NFAC2.H12CORE.3.M.C	NFATC2	Rel homology region (RHR) factors	NFAT-related	0.46088096362777603	0.4662472569740967	0.9416058394160584	0.9486051394860514	1.0	1.0
MAZ.H12CORE.1.P.B	MAZ	C2H2 zinc finger factors	Multiple dispersed zinc fingers	0.4608620689655183	0.4573338070119703	0.9405059494050595	0.9828017198280172	1.0	1.0
JUN.H12CORE.1.S.C	JUN	Basic leucine zipper factors (bZIP)	Jun-related	0.4608384506376952	0.4703210076901642	0.9412058794120588	0.9225077492250775	1.0	1.0
RFX3.H12CORE.1.PS.A	RFX3	Fork head/winged helix factors	RFX	0.4607794048181399	0.4679694154841459	0.9403059694030597	0.9376062393760624	1.0	1.0
HEY2.H12CORE.0.S.B	HEY2	Basic helix-loop-helix factors (bHLH)	Hairy-related	0.46065422768068154	0.4759284693411048	0.9384061593840616	0.8741125887411259	1.0	1.0
MLX.H12CORE.1.SM.B	MLX	Basic helix-loop-helix factors (bHLH)	bHLH-ZIP	0.4599834671705254	0.4680838577477784	0.9487051294870513	0.9435056494350565	1.0	1.0
NPAS2.H12CORE.1.M.C	NPAS2	Basic helix-loop-helix factors (bHLH)	PAS	0.4596433632498824	0.4705125192840876	0.9453054694530547	0.9223077692230777	1.0	1.0
NFYC.H12CORE.0.P.B	NFYC	Heteromeric CCAAT-binding factors	Heteromeric CCAAT-binding	0.45957250826641505	0.467018161768614	0.9464053594640536	0.9482051794820517	1.0	1.0
HXC11.H12CORE.0.SM.B	HOXC11	Homeo domain factors	HOX-related	0.45955833726972195	0.463806683481653	0.9417058294170583	0.9584041595840416	1.0	1.0
HOMEZ.H12CORE.0.S.B	HOMEZ	Homeo domain factors	HD-ZF	0.45905762871988853	0.4656092266579952	0.9441055894410559	0.9517048295170483	1.0	1.0
KLF2.H12CORE.0.S.C	KLF2	C2H2 zinc finger factors	Three-zinc finger Kruppel-related	0.45897968823807495	0.4782373054889541	0.9515048495150485	0.8466153384661533	1.0	1.0
RUNX2.H12CORE.1.S.B	RUNX2	Runt domain factors	Runt-related	0.4588427019367036	0.46713460300473475	0.9508049195080492	0.9435056494350565	1.0	1.0
KLF9.H12CORE.0.P.B	KLF9	C2H2 zinc finger factors	Three-zinc finger Kruppel-related	0.4586820973075131	0.45284472545994814	0.9487051294870513	0.9906009399060094	1.0	1.0
KLF6.H12CORE.0.P.B	KLF6	C2H2 zinc finger factors	Three-zinc finger Kruppel-related	0.458464808691544	0.4648958616654043	0.9487051294870513	0.9565043495650435	1.0	1.0
KLF12.H12CORE.1.PSM.A	KLF12	C2H2 zinc finger factors	Three-zinc finger Kruppel-related	0.4584435521965043	0.46915636850056813	0.9538046195380462	0.9371062893710629	1.0	1.0
ZN778.H12CORE.0.P.C	ZNF778	C2H2 zinc finger factors	Multiple dispersed zinc fingers	0.4584057628719879	0.47402338098837515	0.9506049395060494	0.8897110288971103	1.0	1.0
KLF10.H12CORE.0.P.C	KLF10	C2H2 zinc finger factors	Three-zinc finger Kruppel-related	0.45801133679735595	0.4568435382681036	0.9527047295270473	0.9846015398460154	1.0	1.0
ETV2.H12CORE.1.PM.A	ETV2	Tryptophan cluster factors	Ets-related	0.4579097779877194	0.48147768146002384	0.9519048095190481	0.8053194680531947	1.0	1.0
KLF10.H12CORE.1.PSM.A	KLF10	C2H2 zinc finger factors	Three-zinc finger Kruppel-related	0.4577987718469551	0.4594891136425292	0.9518048195180482	0.9777022297770223	1.0	1.0
ZNF76.H12CORE.0.P.B	ZNF76	C2H2 zinc finger factors	More than 3 adjacent zinc fingers	0.45754605573925444	0.44786364230661535	0.9539046095390461	0.9955004499550045	1.0	1.0
ZN222.H12CORE.0.P.C	ZNF222	C2H2 zinc finger factors	More than 3 adjacent zinc fingers	0.45731459612659403	0.46515584669034493	0.954904509549045	0.9554044595540446	1.0	1.0
ZNF8.H12CORE.0.P.C	ZNF8	C2H2 zinc finger factors	Multiple dispersed zinc fingers	0.4569721303731704	0.45294553054881287	0.9591040895910409	0.9915008499150085	1.0	1.0
CREB3.H12CORE.0.SM.B	CREB3	Basic leucine zipper factors (bZIP)	CREB-related	0.4569721303731704	0.4711745173126463	0.9556044395560443	0.9158084191580842	1.0	1.0
LRRF1.H12CORE.0.P.B	LRRFIP1	Leucine-rich repeat flightless-interacting proteins	LRRFIP	0.4566981577704308	0.4796444466020111	0.9578042195780422	0.825917408259174	1.0	1.0
NFIX.H12CORE.1.S.B	NFIX	SMAD/NF-1 DNA-binding domain factors	NF-1	0.45664619744922047	0.46642767455653183	0.9585041495850415	0.9641035896410359	1.0	1.0
ELF4.H12CORE.1.M.B	ELF4	Tryptophan cluster factors	Ets-related	0.45645725082664335	0.4760521533386626	0.960903909609039	0.8673132686731326	1.0	1.0
KLF13.H12CORE.0.PSM.A	KLF13	C2H2 zinc finger factors	Three-zinc finger Kruppel-related	0.45632735002361813	0.4617369269064194	0.9596040395960403	0.9701029897010299	1.0	1.0
NR1H4.H12CORE.0.P.B	NR1H4	Nuclear receptors with C4 zinc fingers	Thyroid hormone receptor-related	0.45630609352857954	0.4574072839771094	0.9579042095790421	0.9811018898110189	1.0	1.0
TFCP2.H12CORE.0.SM.B	TFCP2	Grainyhead domain factors	CP2-related	0.45608880491261267	0.46741849531060603	0.9573042695730427	0.9408059194080592	1.0	1.0
XBP1.H12CORE.1.M.B	XBP1	Basic leucine zipper factors (bZIP)	XBP1-related	0.456039206424186	0.46421537317223033	0.9562043795620438	0.9582041795820418	1.0	1.0
MGAP.H12CORE.0.P.C	MGA	Basic helix-loop-helix factors (bHLH)	bHLH-ZIP	0.45581483230987413	0.49755194637745703	0.9583041695830417	0.5431456854314568	1.0	0.8766881701091634
IRX5.H12CORE.0.M.C	IRX5	Homeo domain factors	TALE-type HD	0.4550732168162498	0.4638280501110598	0.9637036296370363	0.9614038596140386	1.0	1.0
RARB.H12CORE.0.SM.B	RARB	Nuclear receptors with C4 zinc fingers	Thyroid hormone receptor-related	0.4546905999055273	0.46166964931703164	0.964003599640036	0.9688031196880312	1.0	1.0
ZN267.H12CORE.0.P.C	ZNF267	C2H2 zinc finger factors	More than 3 adjacent zinc fingers	0.45455361360415836	0.48013178196510303	0.9625037496250375	0.8245175482451755	1.0	1.0
RFX1.H12CORE.1.PSM.A	RFX1	Fork head/winged helix factors	RFX	0.45446386395843047	0.4599773276666732	0.9632036796320368	0.9763023697630236	1.0	1.0
HSF5.H12CORE.1.S.C	HSF5	Heat shock factors	HSF	0.4544119036372236	0.46045433726222584	0.9632036796320368	0.9706029397060294	1.0	1.0
ZN610.H12CORE.0.P.B	ZNF610	C2H2 zinc finger factors	More than 3 adjacent zinc fingers	0.45436702881436	0.45993237097967615	0.9644035596440356	0.9755024497550245	1.0	1.0
DMRT1.H12CORE.1.M.C	DMRT1	DM-type intertwined zinc finger factors	DMRT	0.45407888521492656	0.464290788478506	0.9639036096390361	0.9596040395960403	1.0	1.0
SOX5.H12CORE.0.P.B	SOX5	High-mobility group (HMG) domain factors	SOX-related	0.45406235238545145	0.4624096635231951	0.9672032796720328	0.9692030796920308	1.0	1.0
COT1.H12CORE.0.PSM.A	NR2F1	Nuclear receptors with C4 zinc fingers	RXR-related receptors	0.45383089277279187	0.4691080505275617	0.9713028697130287	0.9364063593640636	1.0	1.0
HINFP.H12CORE.1.P.B	HINFP	C2H2 zinc finger factors	Multiple dispersed zinc fingers	0.4536419461502131	0.4779864891147245	0.9718028197180282	0.8981101889811018	1.0	1.0
NR2F6.H12CORE.3.SM.B	NR2F6	Nuclear receptors with C4 zinc fingers	RXR-related receptors	0.4535592820028343	0.4654798038042432	0.9702029797020298	0.9557044295570443	1.0	1.0
JUNB.H12CORE.1.S.C	JUNB	Basic leucine zipper factors (bZIP)	Jun-related	0.4533750590458196	0.4673690069231261	0.9717028297170283	0.9501049895010499	1.0	1.0
KLF8.H12CORE.0.P.C	KLF8	C2H2 zinc finger factors	Three-zinc finger Kruppel-related	0.45242324043457827	0.45432841184186745	0.9727027297270273	0.9893010698930107	1.0	1.0
RARG.H12CORE.1.PSM.A	RARG	Nuclear receptors with C4 zinc fingers	Thyroid hormone receptor-related	0.45227680680207966	0.4748051852612673	0.9738026197380262	0.8879112088791121	1.0	1.0
ZN610.H12CORE.1.P.C	ZNF610	C2H2 zinc finger factors	More than 3 adjacent zinc fingers	0.4522106754841763	0.4633488466780924	0.974002599740026	0.9627037296270373	1.0	1.0
CR3L2.H12CORE.0.PS.A	CREB3L2	Basic leucine zipper factors (bZIP)	CREB-related	0.451995748700993	0.4826283507791308	0.9694030596940306	0.7916208379162084	1.0	1.0
PAX8.H12CORE.0.PSM.A	PAX8	Paired box factors	PD	0.4519839395370813	0.45970958885318214	0.9697030296970303	0.9735026497350265	1.0	1.0
PBX1.H12CORE.1.P.B	PBX1	Homeo domain factors	TALE-type HD	0.4516391119508738	0.48165232204480324	0.9755024497550245	0.8264173582641736	1.0	1.0
MAX.H12CORE.2.S.C	MAX	Basic helix-loop-helix factors (bHLH)	bHLH-ZIP	0.4515304676428907	0.4555612496610483	0.9742025797420258	0.9891010898910109	1.0	1.0
ZN566.H12CORE.0.P.C	ZNF566	C2H2 zinc finger factors	More than 3 adjacent zinc fingers	0.4512966461974507	0.4524253694676675	0.974002599740026	0.9923007699230078	1.0	1.0
NPAS2.H12CORE.2.S.B	NPAS2	Basic helix-loop-helix factors (bHLH)	PAS	0.45128956069910225	0.45570511058329205	0.9725027497250275	0.9863013698630136	1.0	1.0
KLF13.H12CORE.1.P.C	KLF13	C2H2 zinc finger factors	Three-zinc finger Kruppel-related	0.4512517713745864	0.45635571802392794	0.9736026397360263	0.9846015398460154	1.0	1.0
CR3L4.H12CORE.0.M.C	CREB3L4	Basic leucine zipper factors (bZIP)	CREB-related	0.45122579121398204	0.4675181220682643	0.9734026597340266	0.9432056794320568	1.0	1.0
ZN460.H12CORE.0.S.C	ZNF460	C2H2 zinc finger factors	More than 3 adjacent zinc fingers	0.45038734057628843	0.4756355719322347	0.9774022597740226	0.8774122587741225	1.0	1.0
TF7L1.H12CORE.2.S.C	TCF7L1	High-mobility group (HMG) domain factors	TCF7-related	0.450207841284838	0.47296648516379836	0.9786021397860214	0.9041095890410958	1.0	1.0
KLF15.H12CORE.0.S.B	KLF15	C2H2 zinc finger factors	Three-zinc finger Kruppel-related	0.4498748228625429	0.4590011065247097	0.9739026097390261	0.9791020897910209	1.0	1.0
KLF14.H12CORE.1.P.C	KLF14	C2H2 zinc finger factors	Three-zinc finger Kruppel-related	0.4498559282002841	0.4535167044584984	0.9762023797620238	0.9905009499050095	1.0	1.0
KLF9.H12CORE.1.P.B	KLF9	C2H2 zinc finger factors	Three-zinc finger Kruppel-related	0.44982758620689733	0.4510208389257358	0.977002299770023	0.9935006499350065	1.0	1.0
AP2B.H12CORE.0.SM.B	TFAP2B	Basic helix-span-helix factors (bHSH)	AP-2	0.44941426547000485	0.47778288175156847	0.9781021897810219	0.8539146085391461	1.0	1.0
E2F1.H12CORE.0.P.B	E2F1	Fork head/winged helix factors	E2F	0.4493221539914981	0.45719444487029126	0.9822017798220178	0.984001599840016	1.0	1.0
PAX2.H12CORE.0.SM.B	PAX2	Paired box factors	PD	0.44902928672649894	0.458215772077087	0.9809019098090191	0.9844015598440156	1.0	1.0
RUNX2.H12CORE.2.M.C	RUNX2	Runt domain factors	Runt-related	0.4488072744449697	0.4654999711973959	0.982001799820018	0.9542045795420458	1.0	1.0
ZN776.H12CORE.0.P.C	ZNF776	C2H2 zinc finger factors	More than 3 adjacent zinc fingers	0.4486183278223902	0.45931881132075814	0.981001899810019	0.978002199780022	1.0	1.0
ZN335.H12CORE.0.P.B	ZNF335	C2H2 zinc finger factors	Multiple dispersed zinc fingers	0.44830420406235216	0.4659255617302488	0.9781021897810219	0.949005099490051	1.0	1.0
HXA9.H12CORE.1.SM.B	HOXA9	Homeo domain factors	HOX-related	0.44823571091166853	0.4641639277332369	0.982001799820018	0.9626037396260374	1.0	1.0
KLF11.H12CORE.1.SM.B	KLF11	C2H2 zinc finger factors	Three-zinc finger Kruppel-related	0.44806329711856474	0.45042831460893457	0.9846015398460154	0.9953004699530047	1.0	1.0
SP4.H12CORE.1.S.B	SP4	C2H2 zinc finger factors	Three-zinc finger Kruppel-related	0.4474704770902225	0.45965499499214374	0.9846015398460154	0.9789021097890211	1.0	1.0
SP1.H12CORE.1.SM.B	SP1	C2H2 zinc finger factors	Three-zinc finger Kruppel-related	0.44735474728389396	0.4499936913795042	0.9829017098290171	0.9942005799420058	1.0	1.0
SP9.H12CORE.1.S.C	SP9	C2H2 zinc finger factors	Three-zinc finger Kruppel-related	0.4472673594709506	0.4586823718015708	0.9802019798020198	0.9795020497950205	1.0	1.0
CLOCK.H12CORE.0.M.C	CLOCK	Basic helix-loop-helix factors (bHLH)	PAS	0.44714926783183834	0.4670783893899966	0.9811018898110189	0.948005199480052	1.0	1.0
ZFX.H12CORE.0.P.B	ZFX	C2H2 zinc finger factors	More than 3 adjacent zinc fingers	0.4470477090222024	0.4530989359567957	0.9816018398160185	0.9899010098990101	1.0	1.0
MNT.H12CORE.0.PS.A	MNT	Basic helix-loop-helix factors (bHLH)	bHLH-ZIP	0.44696268304204156	0.4919360835636791	0.9836016398360165	0.6454354564543545	1.0	0.9493167791163858
ZN180.H12CORE.0.P.C	ZNF180	C2H2 zinc finger factors	More than 3 adjacent zinc fingers	0.44669815777043054	0.4661956182139109	0.9822017798220178	0.9503049695030497	1.0	1.0
ZN213.H12CORE.0.P.C	ZNF213	C2H2 zinc finger factors	More than 3 adjacent zinc fingers	0.44667690127539056	0.4595077429115314	0.9823017698230176	0.9775022497750225	1.0	1.0
ZBT7A.H12CORE.1.SM.B	ZBTB7A	C2H2 zinc finger factors	More than 3 adjacent zinc fingers	0.44664147378365704	0.46518637655714806	0.983001699830017	0.9537046295370463	1.0	1.0
NFAC1.H12CORE.3.SM.B	NFATC1	Rel homology region (RHR) factors	NFAT-related	0.446041568256969	0.45939371991694883	0.9826017398260174	0.9757024297570243	1.0	1.0
ELF3.H12CORE.0.S.B	ELF3	Tryptophan cluster factors	Ets-related	0.4459919697685412	0.44263625733178563	0.9856014398560144	0.9987001299870013	1.0	1.0
CENPB.H12CORE.0.S.B	CENPB	Uncharacterized	Unannotated	0.44598960793576015	0.4602098672664322	0.9828017198280172	0.9764023597640236	1.0	1.0
ZN543.H12CORE.0.P.C	ZNF543	C2H2 zinc finger factors	More than 3 adjacent zinc fingers	0.44574870099197045	0.44987503503176524	0.9847015298470153	0.9946005399460054	1.0	1.0
SP1.H12CORE.2.P.B	SP1	C2H2 zinc finger factors	Three-zinc finger Kruppel-related	0.4451700519603215	0.4479374391161297	0.985001499850015	0.9963003699630038	1.0	1.0
ATF6B.H12CORE.0.SM.B	ATF6B	Basic leucine zipper factors (bZIP)	CREB-related	0.44497638167217907	0.4659190594386325	0.9852014798520148	0.9521047895210479	1.0	1.0
HEY1.H12CORE.0.S.B	HEY1	Basic helix-loop-helix factors (bHLH)	Hairy-related	0.4448937175248006	0.463699779062731	0.9839016098390161	0.9606039396060394	1.0	1.0
OVOL2.H12CORE.0.PSM.A	OVOL2	C2H2 zinc finger factors	More than 3 adjacent zinc fingers	0.4448512045347192	0.45796024802401525	0.9874012598740126	0.983001699830017	1.0	1.0
GCM2.H12CORE.0.SM.B	GCM2	GCM domain factors	GCM	0.4447921587151633	0.46465313255326557	0.9879012098790121	0.9582041795820418	1.0	1.0
KLF16.H12CORE.1.P.B	KLF16	C2H2 zinc finger factors	Three-zinc finger Kruppel-related	0.4445606991025038	0.448997839628576	0.9853014698530147	0.9956004399560044	1.0	1.0
ELF2.H12CORE.1.M.B	ELF2	Tryptophan cluster factors	Ets-related	0.4442938119981124	0.45388921042999514	0.9888011198880112	0.991000899910009	1.0	1.0
XBP1.H12CORE.0.PS.A	XBP1	Basic leucine zipper factors (bZIP)	XBP1-related	0.44416627302787093	0.46443456569022595	0.9855014498550145	0.958904109589041	1.0	1.0
PBX2.H12CORE.1.P.C	PBX2	Homeo domain factors	TALE-type HD	0.443840340103921	0.48480537431093834	0.9869013098690131	0.8015198480151985	1.0	1.0
ETS2.H12CORE.1.P.B	ETS2	Tryptophan cluster factors	Ets-related	0.4438190836088813	0.44310222700664925	0.987001299870013	0.9983001699830018	1.0	1.0
ZN441.H12CORE.0.P.C	ZNF441	C2H2 zinc finger factors	More than 3 adjacent zinc fingers	0.4437128011336801	0.4630945306022743	0.9871012898710129	0.9635036496350365	1.0	1.0
EGR2.H12CORE.0.PSM.A	EGR2	C2H2 zinc finger factors	Three-zinc finger Kruppel-related	0.4435403873405758	0.45084396299326296	0.9886011398860114	0.9945005499450055	1.0	1.0
KLF12.H12CORE.0.P.C	KLF12	C2H2 zinc finger factors	Three-zinc finger Kruppel-related	0.44262871988663344	0.4471031108829511	0.9893010698930107	0.9972002799720028	1.0	1.0
KLF16.H12CORE.0.SM.B	KLF16	C2H2 zinc finger factors	Three-zinc finger Kruppel-related	0.4422508266414743	0.4629135129806376	0.9907009299070093	0.9662033796620338	1.0	1.0
HIF1A.H12CORE.1.P.B	HIF1A	Basic helix-loop-helix factors (bHLH)	PAS	0.4421327350023629	0.4590893636249183	0.9886011398860114	0.9788021197880212	1.0	1.0
ATF1.H12CORE.0.P.B	ATF1	Basic leucine zipper factors (bZIP)	CREB-related	0.44208077468115353	0.4521907163497173	0.9906009399060094	0.993000699930007	1.0	1.0
NR2C2.H12CORE.0.SM.B	NR2C2	Nuclear receptors with C4 zinc fingers	RXR-related receptors	0.4413556920170046	0.46745159881034887	0.9892010798920108	0.9391060893910609	1.0	1.0
E2F4.H12CORE.1.P.B	E2F4	Fork head/winged helix factors	E2F	0.4410155880963641	0.4532699411713957	0.9907009299070093	0.9907009299070093	1.0	1.0
SP3.H12CORE.0.P.B	SP3	C2H2 zinc finger factors	Three-zinc finger Kruppel-related	0.44099669343410597	0.4453851746215697	0.9906009399060094	0.9974002599740026	1.0	1.0
CR3L1.H12CORE.0.PSM.A	CREB3L1	Basic leucine zipper factors (bZIP)	CREB-related	0.44027633443552183	0.45970058676902875	0.9915008499150085	0.9806019398060194	1.0	1.0
MAD4.H12CORE.0.P.C	MXD4	Basic helix-loop-helix factors (bHLH)	bHLH-ZIP	0.4400803023145965	0.48130302730433816	0.9909009099090091	0.8467153284671532	1.0	1.0
SP5.H12CORE.0.P.B	SP5	C2H2 zinc finger factors	Three-zinc finger Kruppel-related	0.439421350968352	0.45404998540508773	0.9922007799220078	0.9899010098990101	1.0	1.0
ZN454.H12CORE.0.P.B	ZNF454	C2H2 zinc finger factors	More than 3 adjacent zinc fingers	0.4393528578176667	0.4544408541766455	0.9913008699130087	0.9877012298770123	1.0	1.0
SP4.H12CORE.0.P.C	SP4	C2H2 zinc finger factors	Three-zinc finger Kruppel-related	0.43928672649976347	0.4466127755510675	0.9938006199380062	0.9975002499750025	1.0	1.0
TFDP1.H12CORE.0.P.B	TFDP1	Fork head/winged helix factors	E2F	0.43903401039206474	0.4542801011428867	0.9922007799220078	0.9896010398960104	1.0	1.0
NPAS2.H12CORE.0.M.B	NPAS2	Basic helix-loop-helix factors (bHLH)	PAS	0.4388615965989609	0.456372161400285	0.9927007299270073	0.9853014698530147	1.0	1.0
ZN480.H12CORE.0.P.C	ZNF480	C2H2 zinc finger factors	More than 3 adjacent zinc fingers	0.43874822862541296	0.4610198369079591	0.992000799920008	0.9726027397260274	1.0	1.0
THAP1.H12CORE.0.P.B	THAP1	C2CH THAP-type zinc finger factors	THAP	0.4384600850259801	0.4525894751058884	0.9924007599240076	0.9921007899210079	1.0	1.0
ATF6A.H12CORE.0.SM.B	ATF6	Basic leucine zipper factors (bZIP)	CREB-related	0.4379522909777994	0.461334647522157	0.9939006099390061	0.9731026897310269	1.0	1.0
NPAS4.H12CORE.0.P.B	NPAS4	Basic helix-loop-helix factors (bHLH)	PAS	0.4379357581483246	0.4676260382594654	0.9928007199280072	0.9396060393960604	1.0	1.0
SP3.H12CORE.1.S.B	SP3	C2H2 zinc finger factors	Three-zinc finger Kruppel-related	0.4377468115257443	0.4573324350905406	0.994000599940006	0.9808019198080192	1.0	1.0
ZFP42.H12CORE.0.PM.A	ZFP42	C2H2 zinc finger factors	More than 3 adjacent zinc fingers	0.43770902220123	0.44598583461397906	0.9921007899210079	0.9967003299670033	1.0	1.0
KLF11.H12CORE.0.P.B	KLF11	C2H2 zinc finger factors	Three-zinc finger Kruppel-related	0.437607463391592	0.4465823698026498	0.9925007499250075	0.9967003299670033	1.0	1.0
CREB1.H12CORE.0.PSM.A	CREB1	Basic leucine zipper factors (bZIP)	CREB-related	0.4373712801133692	0.4460475461120933	0.9936006399360064	0.9975002499750025	1.0	1.0
RARA.H12CORE.0.PSM.A	RARA	Nuclear receptors with C4 zinc fingers	Thyroid hormone receptor-related	0.4372295701464345	0.468079945493862	0.9942005799420058	0.939006099390061	1.0	1.0
SP1.H12CORE.0.P.B	SP1	C2H2 zinc finger factors	Three-zinc finger Kruppel-related	0.43688946622579233	0.4485197850333378	0.9945005499450055	0.996000399960004	1.0	1.0
ZN273.H12CORE.0.P.C	ZNF273	C2H2 zinc finger factors	More than 3 adjacent zinc fingers	0.4366839867737366	0.45199174648152635	0.9953004699530047	0.9934006599340066	1.0	1.0
ZFP57.H12CORE.0.P.B	ZFP57	C2H2 zinc finger factors	Multiple dispersed zinc fingers	0.4362470477090228	0.4520613506626774	0.9944005599440056	0.991000899910009	1.0	1.0
ARNT.H12CORE.1.P.B	ARNT	Basic helix-loop-helix factors (bHLH)	PAS	0.4361691072272082	0.4510954934155994	0.9946005399460054	0.9931006899310069	1.0	1.0
E2F7.H12CORE.0.S.C	E2F7	Fork head/winged helix factors	E2F	0.43575106282475334	0.449401083194302	0.9945005499450055	0.9951004899510049	1.0	1.0
SP8.H12CORE.0.SM.B	SP8	C2H2 zinc finger factors	Three-zinc finger Kruppel-related	0.4354723665564489	0.4571425660631647	0.9961003899610039	0.9843015698430156	1.0	1.0
TYY1.H12CORE.1.S.B	YY1	C2H2 zinc finger factors	More than 3 adjacent zinc fingers	0.43521965044874916	0.43842323016730556	0.9943005699430058	0.9996000399960004	1.0	1.0
BHE40.H12CORE.0.PSM.A	BHLHE40	Basic helix-loop-helix factors (bHLH)	Hairy-related	0.435016532829476	0.4545805778718372	0.9957004299570043	0.9883011698830118	1.0	1.0
SP2.H12CORE.0.P.D	SP2	C2H2 zinc finger factors	Three-zinc finger Kruppel-related	0.43487482286254187	0.44647331974588006	0.9957004299570043	0.998000199980002	1.0	1.0
MYCN.H12CORE.0.PS.A	MYCN	Basic helix-loop-helix factors (bHLH)	bHLH-ZIP	0.43440009447331235	0.4662811479094506	0.9962003799620038	0.9538046195380462	1.0	1.0
E2F2.H12CORE.0.S.B	E2F2	Fork head/winged helix factors	E2F	0.43367028814360103	0.4440130514713395	0.9957004299570043	0.9974002599740026	1.0	1.0
TYY2.H12CORE.1.SM.B	YY2	C2H2 zinc finger factors	More than 3 adjacent zinc fingers	0.43339631554085944	0.4427484307712995	0.9957004299570043	0.9983001699830018	1.0	1.0
CR3L4.H12CORE.1.S.C	CREB3L4	Basic leucine zipper factors (bZIP)	CREB-related	0.43283656117147074	0.46005281381746593	0.9964003599640036	0.978002199780022	1.0	1.0
ZN534.H12CORE.0.P.C	ZNF534	C2H2 zinc finger factors	More than 3 adjacent zinc fingers	0.4322437411431286	0.4360126071075612	0.9963003699630038	0.9995000499950005	1.0	1.0
HIF3A.H12CORE.0.P.C	HIF3A	Basic helix-loop-helix factors (bHLH)	PAS	0.43198157770429807	0.4506964030108781	0.9971002899710029	0.994000599940006	1.0	1.0
ERG.H12CORE.0.P.B	ERG	Tryptophan cluster factors	Ets-related	0.4318375059045822	0.43089547548605495	0.9962003799620038	0.9999000099990001	1.0	1.0
HIF1A.H12CORE.0.P.B	HIF1A	Basic helix-loop-helix factors (bHLH)	PAS	0.43166509211148013	0.45049578604527307	0.9969003099690031	0.9943005699430058	1.0	1.0
NR2C1.H12CORE.0.S.C	NR2C1	Nuclear receptors with C4 zinc fingers	RXR-related receptors	0.4314666981577714	0.4652388493471461	0.9971002899710029	0.956004399560044	1.0	1.0
ZBT37.H12CORE.0.M.C	ZBTB37	C2H2 zinc finger factors	Other with up to three adjacent zinc fingers	0.4314289088332554	0.4441636161696553	0.9966003399660034	0.9985001499850015	1.0	1.0
KLF14.H12CORE.0.PSM.A	KLF14	C2H2 zinc finger factors	Three-zinc finger Kruppel-related	0.4312068965517236	0.4457923704624003	0.9967003299670033	0.997000299970003	1.0	1.0
ZBTB2.H12CORE.0.SM.B	ZBTB2	C2H2 zinc finger factors	Multiple dispersed zinc fingers	0.43094000944733174	0.44846526576214774	0.997000299970003	0.9948005199480052	1.0	1.0
PAX5.H12CORE.0.PS.A	PAX5	Paired box factors	PD	0.4304983467170526	0.4518847703075176	0.9973002699730027	0.9906009399060094	1.0	1.0
ETV1.H12CORE.1.PM.A	ETV1	Tryptophan cluster factors	Ets-related	0.42958904109589036	0.45396379635761464	0.9973002699730027	0.9895010498950105	1.0	1.0
TYY2.H12CORE.0.PS.A	YY2	C2H2 zinc finger factors	More than 3 adjacent zinc fingers	0.42950637694851274	0.437311539047567	0.998000199980002	0.9996000399960004	1.0	1.0
HES5.H12CORE.0.SM.B	HES5	Basic helix-loop-helix factors (bHLH)	Hairy-related	0.4295063769485126	0.45701351656884337	0.9978002199780022	0.9842015798420158	1.0	1.0
E4F1.H12CORE.0.P.B	E4F1	C2H2 zinc finger factors	Multiple dispersed zinc fingers	0.4290292867265002	0.4412125399527162	0.9971002899710029	0.9987001299870013	1.0	1.0
CREM.H12CORE.0.PSM.A	CREM	Basic leucine zipper factors (bZIP)	CREB-related	0.4289584317430324	0.44131151222650283	0.9985001499850015	0.9992000799920008	1.0	1.0
HIF3A.H12CORE.1.P.C	HIF3A	Basic helix-loop-helix factors (bHLH)	PAS	0.42872224846480916	0.45786226054489043	0.998000199980002	0.9835016498350165	1.0	1.0
AHR.H12CORE.0.P.B	AHR	Basic helix-loop-helix factors (bHLH)	PAS	0.4283301842229577	0.44980889907665145	0.9981001899810019	0.994000599940006	1.0	1.0
ETV3.H12CORE.0.SM.B	ETV3	Tryptophan cluster factors	Ets-related	0.4282829475673139	0.43971582494417605	0.9981001899810019	0.9993000699930007	1.0	1.0
EGR3.H12CORE.0.PSM.A	EGR3	C2H2 zinc finger factors	Three-zinc finger Kruppel-related	0.4281152574397724	0.4429434729450916	0.9984001599840016	0.9987001299870013	1.0	1.0
TYY1.H12CORE.0.PSM.A	YY1	C2H2 zinc finger factors	More than 3 adjacent zinc fingers	0.4280184222957013	0.43693453528498133	0.9982001799820018	0.9996000399960004	1.0	1.0
ETV4.H12CORE.0.P.B	ETV4	Tryptophan cluster factors	Ets-related	0.42771374586679367	0.44509866862524883	0.9986001399860014	0.998000199980002	1.0	1.0
ZBED1.H12CORE.0.S.B	ZBED1	C2H2 zinc finger factors	BED zinc finger	0.42764761454889055	0.45253316946986066	0.998000199980002	0.9918008199180082	1.0	1.0
RFX7.H12CORE.0.SM.B	RFX7	Fork head/winged helix factors	RFX	0.42709730751062847	0.45485197956614803	0.9988001199880012	0.9876012398760124	1.0	1.0
ELF4.H12CORE.0.PS.A	ELF4	Tryptophan cluster factors	Ets-related	0.4269697685403873	0.4306796224939874	0.9975002499750025	0.9998000199980002	1.0	1.0
EPAS1.H12CORE.0.P.B	EPAS1	Basic helix-loop-helix factors (bHLH)	PAS	0.4264383561643834	0.44382103190527283	0.9989001099890011	0.9987001299870013	1.0	1.0
ZSC29.H12CORE.0.P.B	ZSCAN29	C2H2 zinc finger factors	More than 3 adjacent zinc fingers	0.42642418516769065	0.4641925538075471	0.9989001099890011	0.9645035496450355	1.0	1.0
ATF1.H12CORE.1.P.B	ATF1	Basic leucine zipper factors (bZIP)	CREB-related	0.4253212092583857	0.43722769648704773	0.9993000699930007	0.9996000399960004	1.0	1.0
ELF5.H12CORE.1.S.B	ELF5	Tryptophan cluster factors	Ets-related	0.4243363249881915	0.4368409888132118	0.9993000699930007	0.9997000299970003	1.0	1.0
HES7.H12CORE.0.S.B	HES7	Basic helix-loop-helix factors (bHLH)	Hairy-related	0.4242418516769021	0.4554131454319345	0.9982001799820018	0.9857014298570143	1.0	1.0
ZNF44.H12CORE.0.P.C	ZNF44	C2H2 zinc finger factors	More than 3 adjacent zinc fingers	0.4241048653755321	0.44583899025320234	0.9987001299870013	0.9965003499650035	1.0	1.0
EGR1.H12CORE.0.PS.A	EGR1	C2H2 zinc finger factors	Three-zinc finger Kruppel-related	0.42393481341520906	0.4411421623119427	0.999000099990001	0.9989001099890011	1.0	1.0
ELF1.H12CORE.0.PSM.A	ELF1	Tryptophan cluster factors	Ets-related	0.4238072744449699	0.4277122441225703	0.999000099990001	1.0	1.0	1.0
E2F4.H12CORE.2.S.B	E2F4	Fork head/winged helix factors	E2F	0.423752952290979	0.4358208189235669	0.9983001699830018	0.9991000899910009	1.0	1.0
ARNT.H12CORE.0.P.B	ARNT	Basic helix-loop-helix factors (bHLH)	PAS	0.4235049598488432	0.4505653029557901	0.9989001099890011	0.9946005399460054	1.0	1.0
MYC.H12CORE.0.P.B	MYC	Basic helix-loop-helix factors (bHLH)	bHLH-ZIP	0.42346008502598015	0.46509236600567266	0.9985001499850015	0.953004699530047	1.0	1.0
ETV5.H12CORE.1.PM.A	ETV5	Tryptophan cluster factors	Ets-related	0.4231128956069928	0.427495794322616	0.9981001899810019	1.0	1.0	1.0
PAX1.H12CORE.0.SM.B	PAX1	Paired box factors	PD	0.42252007557864973	0.43981230864109566	0.9989001099890011	0.9994000599940006	1.0	1.0
EGR4.H12CORE.0.S.B	EGR4	C2H2 zinc finger factors	Three-zinc finger Kruppel-related	0.42224374114312735	0.45386140409700537	0.999000099990001	0.9886011398860114	1.0	1.0
ZBT14.H12CORE.0.P.C	ZBTB14	C2H2 zinc finger factors	More than 3 adjacent zinc fingers	0.42207368918280685	0.44920323483953367	0.999000099990001	0.9947005299470053	1.0	1.0
SP2.H12CORE.1.P.B	SP2	C2H2 zinc finger factors	Three-zinc finger Kruppel-related	0.42190836088805145	0.4322228832989679	0.9992000799920008	1.0	1.0	1.0
NPAS3.H12CORE.0.P.C	NPAS3	Basic helix-loop-helix factors (bHLH)	PAS	0.42161076995748736	0.4443955342488869	0.9991000899910009	0.9982001799820018	1.0	1.0
FLI1.H12CORE.0.PSM.A	FLI1	Tryptophan cluster factors	Ets-related	0.4215777042985368	0.42702318717864357	0.999000099990001	1.0	1.0	1.0
KAISO.H12CORE.0.P.B	ZBTB33	C2H2 zinc finger factors	Other with up to three adjacent zinc fingers	0.42062824752007694	0.4471288961755265	0.9994000599940006	0.9969003099690031	1.0	1.0
PAX9.H12CORE.0.SM.B	PAX9	Paired box factors	PD	0.4203873405762878	0.445386289326141	0.9994000599940006	0.9966003399660034	1.0	1.0
GMEB1.H12CORE.1.P.C	GMEB1	SAND domain factors	GMEB	0.42022909777987727	0.44372738131403117	0.9991000899910009	0.9983001699830018	1.0	1.0
KMT2A.H12CORE.0.P.B	KMT2A	CXXC zinc finger factors	CpG-binding	0.41877184695323644	0.43566770932626603	0.9996000399960004	0.9994000599940006	1.0	1.0
TAF1.H12CORE.0.P.B	TAF1	High-mobility group (HMG) domain factors	TCF7-related	0.4182994803967885	0.4287970991195099	0.9999000099990001	1.0	1.0	1.0
SOLH2.H12CORE.0.S.C	SOHLH2	Basic helix-loop-helix factors (bHLH)	PAS	0.41817430325932964	0.4559876633645181	0.9995000499950005	0.9869013098690131	1.0	1.0
ELF2.H12CORE.0.PS.A	ELF2	Tryptophan cluster factors	Ets-related	0.4176641473783665	0.4241983747508676	0.9994000599940006	1.0	1.0	1.0
ETS1.H12CORE.1.P.B	ETS1	Tryptophan cluster factors	Ets-related	0.41734057628720045	0.430579889584966	0.9997000299970003	1.0	1.0	1.0
MAX.H12CORE.0.PS.A	MAX	Basic helix-loop-helix factors (bHLH)	bHLH-ZIP	0.41675720358998697	0.46344306979442323	0.9997000299970003	0.9617038296170383	1.0	1.0
ZN704.H12CORE.0.SM.B	ZN704	Uncharacterized	Unannotated	0.4167194142654699	0.44512358878165753	0.9992000799920008	0.9971002899710029	1.0	1.0
ZN519.H12CORE.0.P.C	ZNF519	C2H2 zinc finger factors	Multiple dispersed zinc fingers	0.4164572508266414	0.43571101765962955	0.9997000299970003	0.9997000299970003	1.0	1.0
ETV2.H12CORE.0.S.B	ETV2	Tryptophan cluster factors	Ets-related	0.41620689655172494	0.42185507839977066	0.9998000199980002	1.0	1.0	1.0
ETV6.H12CORE.0.PS.A	ETV6	Tryptophan cluster factors	Ets-related	0.4156353330184233	0.42321229326524307	0.9998000199980002	1.0	1.0	1.0
RFX1.H12CORE.2.S.C	RFX1	Fork head/winged helix factors	RFX	0.41503778932451635	0.4398842166908119	0.9999000099990001	0.9992000799920008	1.0	1.0
KAISO.H12CORE.1.P.B	ZBTB33	C2H2 zinc finger factors	Other with up to three adjacent zinc fingers	0.41313651393481354	0.4415255406794063	0.9998000199980002	0.9987001299870013	1.0	1.0
GABPA.H12CORE.0.PSM.A	GABPA	Tryptophan cluster factors	Ets-related	0.412987718469533	0.4232063729781934	0.9995000499950005	1.0	1.0	1.0
GMEB2.H12CORE.0.P.C	GMEB2	SAND domain factors	GMEB	0.41260746339159327	0.44146136761637844	0.9995000499950005	0.9983001699830018	1.0	1.0
ZN454.H12CORE.1.SM.B	ZNF454	C2H2 zinc finger factors	More than 3 adjacent zinc fingers	0.4124752007557873	0.43161245867568077	0.9996000399960004	0.9998000199980002	1.0	1.0
E2F3.H12CORE.1.SM.B	E2F3	Fork head/winged helix factors	E2F	0.4119272555503079	0.43265310412621105	0.9998000199980002	0.9999000099990001	1.0	1.0
HES2.H12CORE.0.S.C	HES2	Basic helix-loop-helix factors (bHLH)	Hairy-related	0.4113745866792634	0.44686227133433243	0.9998000199980002	0.9964003599640036	1.0	1.0
HES1.H12CORE.0.S.C	HES1	Basic helix-loop-helix factors (bHLH)	Hairy-related	0.4095961265942374	0.42721640401127375	1.0	1.0	1.0	1.0
KMT2B.H12CORE.0.P.B	KMT2B	CXXC zinc finger factors	CpG-binding	0.40950401511573004	0.44377583578817964	0.9999000099990001	0.9999000099990001	1.0	1.0
HES1.H12CORE.1.S.C	HES1	Basic helix-loop-helix factors (bHLH)	Hairy-related	0.4087033538025504	0.44231100582836097	1.0	0.9987001299870013	1.0	1.0
ZN100.H12CORE.1.P.B	ZNF100	C2H2 zinc finger factors	More than 3 adjacent zinc fingers	0.4075814832309882	0.4332695196259045	0.9999000099990001	0.9999000099990001	1.0	1.0
NRF1.H12CORE.0.PS.A	NRF1	Uncharacterized	NRF	0.40731223429381214	0.42441823441395127	0.9999000099990001	1.0	1.0	1.0
GMEB2.H12CORE.2.SM.B	GMEB2	SAND domain factors	GMEB	0.40729333963155484	0.4390874205792741	0.9999000099990001	0.9996000399960004	1.0	1.0
ERG.H12CORE.1.SM.B	ERG	Tryptophan cluster factors	Ets-related	0.40722012281530634	0.4211841635351173	1.0	1.0	1.0	1.0
GMEB1.H12CORE.2.SM.B	GMEB1	SAND domain factors	GMEB	0.40696976854038913	0.43802319727351663	1.0	0.9993000699930007	1.0	1.0
PAX6.H12CORE.0.PSM.A	PAX6	Paired box factors	PD+HD	0.4065139348134162	0.44095260281377424	0.9999000099990001	0.9991000899910009	1.0	1.0
ETV4.H12CORE.1.SM.B	ETV4	Tryptophan cluster factors	Ets-related	0.4042985356636754	0.41786460392066616	1.0	1.0	1.0	1.0
ELK3.H12CORE.0.PSM.A	ELK3	Tryptophan cluster factors	Ets-related	0.40061880018894797	0.41442473599992335	1.0	1.0	1.0	1.0
GMEB2.H12CORE.1.P.C	GMEB2	SAND domain factors	GMEB	0.40028814359943427	0.43494629458868156	0.9999000099990001	0.9998000199980002	1.0	1.0
ARNT2.H12CORE.1.P.B	ARNT2	Basic helix-loop-helix factors (bHLH)	PAS	0.40023618327822463	0.4250743950193592	1.0	1.0	1.0	1.0
GMEB1.H12CORE.0.P.C	GMEB1	SAND domain factors	GMEB	0.39967642890883415	0.4430449457401435	0.9999000099990001	0.9984001599840016	1.0	1.0
SPDEF.H12CORE.1.SM.B	SPDEF	Tryptophan cluster factors	Ets-related	0.3995488899385935	0.4212682564497727	1.0	1.0	1.0	1.0
ZN407.H12CORE.0.P.B	ZNF407	C2H2 zinc finger factors	Multiple dispersed zinc fingers	0.3988946622579126	0.4250859943915586	1.0	0.9998000199980002	1.0	1.0
HINFP.H12CORE.2.S.B	HINFP	C2H2 zinc finger factors	Multiple dispersed zinc fingers	0.3970925838450649	0.46375986011325915	1.0	0.9598040195980402	1.0	1.0
ETV1.H12CORE.0.PSM.A	ETV1	Tryptophan cluster factors	Ets-related	0.3962021728861609	0.4144285823099166	1.0	1.0	1.0	1.0
FEV.H12CORE.0.S.B	FEV	Tryptophan cluster factors	Ets-related	0.3959730751062829	0.41260588432490447	1.0	1.0	1.0	1.0
MYCN.H12CORE.1.M.C	MYCN	Basic helix-loop-helix factors (bHLH)	bHLH-ZIP	0.39388993859234794	0.4323975951330849	1.0	0.9999000099990001	1.0	1.0
E2F1.H12CORE.1.S.B	E2F1	Fork head/winged helix factors	E2F	0.3925413320736898	0.4272845968147628	1.0	1.0	1.0	1.0
SPDEF.H12CORE.0.PSM.A	SPDEF	Tryptophan cluster factors	Ets-related	0.3896740670760512	0.4158967379951082	1.0	1.0	1.0	1.0
ELK1.H12CORE.0.PSM.A	ELK1	Tryptophan cluster factors	Ets-related	0.3883207368918291	0.4097710631765759	1.0	1.0	1.0	1.0
ETS2.H12CORE.0.S.C	ETS2	Tryptophan cluster factors	Ets-related	0.38793103448275945	0.40999630521079145	1.0	1.0	1.0	1.0
ETS1.H12CORE.0.S.B	ETS1	Tryptophan cluster factors	Ets-related	0.38780585734529943	0.4104428984102185	1.0	1.0	1.0	1.0
ELK4.H12CORE.0.PSM.A	ELK4	Tryptophan cluster factors	Ets-related	0.38552905054322145	0.4078744917513192	1.0	1.0	1.0	1.0
ZBT14.H12CORE.1.S.B	ZBTB14	C2H2 zinc finger factors	More than 3 adjacent zinc fingers	0.3839584317430336	0.4220119860429286	1.0	1.0	1.0	1.0
ETV5.H12CORE.0.PS.A	ETV5	Tryptophan cluster factors	Ets-related	0.37687765706188053	0.4036170544344508	1.0	1.0	1.0	1.0
